{
  "checkpoint": {
    "missing_keys": 0,
    "unexpected_keys": 0,
    "epoch": 18,
    "selection_metric": "topk_precision",
    "selection_value": 0.38645562969571223
  },
  "metrics": {
    "pairs": 69461,
    "positives": 1465,
    "density": 0.02109097191229611,
    "topk_precision_mean": 0.3471364438952993,
    "topk_precision_std": 0.25288405802236164,
    "threshold_precision": 0.33465871438038436,
    "threshold_recall": 0.3447098976109215,
    "auprc": 0.28468780101035457,
    "auroc": 0.8827573776172739,
    "positive_probability_mean": 0.4286356568336487,
    "negative_probability_mean": 0.2201426923274994
  },
  "example": {
    "pdb_id": "3f4h",
    "ligand_resname": "RS3",
    "rna_len": 54,
    "atom_count": 29,
    "positive_contacts": 23,
    "contact_rows": 5,
    "contact_cols": 16,
    "topk_hits": 10,
    "example_topk_precision": 0.43478260869565216,
    "dataset_index": 206
  }
}