entry_id,label_base,prediction_base,label_model,prediction_model,label,abs_error_base,abs_error_model,absolute_error_improvement,max_rna_global_identity,max_ligand_tanimoto,pair_min_similarity,setting,split,run_seed,model
1327,6.272784233093262,6.176354885101318,6.272784233093262,5.718300819396973,6.272784233093262,0.09642934799194336,0.5544834136962891,-0.4580540657043457,0.8333333333333334,0.1666666666666666,0.1666666666666666,cold_rna,split2026,1,Contact500 pretraining without SCA
1288,6.588380336761475,5.864509105682373,6.588380336761475,5.792685508728027,6.588380336761475,0.7238712310791016,0.7956948280334473,-0.0718235969543457,0.4907407407407407,0.1777777777777777,0.1777777777777777,cold_rna,split2026,1,Contact500 pretraining without SCA
963,5.853871822357178,6.495835304260254,5.853871822357178,6.554150104522705,5.853871822357178,0.6419634819030762,0.7002782821655273,-0.05831480026245117,0.5084745762711864,0.3260869565217391,0.3260869565217391,cold_rna,split2026,1,Contact500 pretraining without SCA
1017,5.022276401519775,5.094340801239014,5.022276401519775,4.519274711608887,5.022276401519775,0.07206439971923828,0.5030016899108887,-0.4309372901916504,0.5833333333333333,0.1632653061224489,0.1632653061224489,cold_rna,split2026,1,Contact500 pretraining without SCA
1174,4.71669864654541,6.001644134521484,4.71669864654541,5.908207416534424,4.71669864654541,1.2849454879760742,1.1915087699890137,0.09343671798706055,0.5806451612903225,0.2424242424242424,0.2424242424242424,cold_rna,split2026,1,Contact500 pretraining without SCA
1889,6.494850158691406,8.078697204589844,6.494850158691406,7.634372234344482,6.494850158691406,1.5838470458984375,1.1395220756530762,0.44432497024536133,0.8266666666666667,1.0,0.8266666666666667,cold_rna,split2026,1,Contact500 pretraining without SCA
1846,6.619788646697998,6.367283821105957,6.619788646697998,6.752788543701172,6.619788646697998,0.252504825592041,0.13299989700317383,0.11950492858886719,0.5319148936170213,0.1739130434782608,0.1739130434782608,cold_rna,split2026,1,Contact500 pretraining without SCA
457,5.337242126464844,10.797483444213867,5.337242126464844,16.227500915527344,5.337242126464844,5.460241317749023,10.8902587890625,-5.430017471313477,0.3052208835341365,0.2407407407407407,0.2407407407407407,cold_rna,split2026,1,Contact500 pretraining without SCA
1042,5.031517028808594,5.028923034667969,5.031517028808594,5.055397987365723,5.031517028808594,0.002593994140625,0.023880958557128906,-0.021286964416503906,0.6111111111111112,0.1909090909090909,0.1909090909090909,cold_rna,split2026,1,Contact500 pretraining without SCA
1434,4.698969841003418,7.432378768920898,4.698969841003418,7.171015739440918,4.698969841003418,2.7334089279174805,2.4720458984375,0.26136302947998047,0.5254237288135593,0.1720430107526881,0.1720430107526881,cold_rna,split2026,1,Contact500 pretraining without SCA
1268,4.0,6.527204036712647,4.0,6.746798515319824,4.0,2.5272040367126474,2.746798515319824,-0.21959447860717685,0.56,0.1891891891891892,0.1891891891891892,cold_rna,split2026,1,Contact500 pretraining without SCA
1397,4.560667514801025,5.169386386871338,4.560667514801025,5.229824542999268,4.560667514801025,0.6087188720703125,0.6691570281982422,-0.06043815612792969,0.5074626865671642,0.3737373737373737,0.3737373737373737,cold_rna,split2026,1,Contact500 pretraining without SCA
1867,5.387216091156006,6.6430864334106445,5.387216091156006,6.065738201141357,5.387216091156006,1.2558703422546387,0.6785221099853516,0.5773482322692871,0.5357142857142857,0.180722891566265,0.180722891566265,cold_rna,split2026,1,Contact500 pretraining without SCA
2101,8.42021656036377,9.516374588012695,8.42021656036377,10.307080268859863,8.42021656036377,1.0961580276489258,1.8868637084960938,-0.790705680847168,0.1366931308249913,0.1666666666666666,0.1366931308249913,cold_rna,split2026,1,Contact500 pretraining without SCA
1894,3.823908805847168,7.319632053375244,3.823908805847168,7.112756252288818,3.823908805847168,3.495723247528076,3.2888474464416504,0.20687580108642578,0.8266666666666667,0.3518518518518518,0.3518518518518518,cold_rna,split2026,1,Contact500 pretraining without SCA
1854,5.638272285461426,6.822086811065674,5.638272285461426,7.486097812652588,5.638272285461426,1.183814525604248,1.847825527191162,-0.6640110015869141,0.5319148936170213,0.225,0.225,cold_rna,split2026,1,Contact500 pretraining without SCA
1945,6.2441253662109375,6.546682357788086,6.2441253662109375,7.38046407699585,6.2441253662109375,0.30255699157714844,1.136338710784912,-0.8337817192077637,0.5357142857142857,0.238095238095238,0.238095238095238,cold_rna,split2026,1,Contact500 pretraining without SCA
1382,3.314258337020874,6.606955528259277,3.314258337020874,6.032504081726074,3.314258337020874,3.2926971912384033,2.7182457447052,0.5744514465332031,0.5074626865671642,0.4805194805194805,0.4805194805194805,cold_rna,split2026,1,Contact500 pretraining without SCA
778,5.958607196807861,6.711853504180908,5.958607196807861,6.157160758972168,5.958607196807861,0.7532463073730469,0.19855356216430664,0.5546927452087402,0.5714285714285714,0.1755725190839694,0.1755725190839694,cold_rna,split2026,1,Contact500 pretraining without SCA
1392,4.79587984085083,5.201595306396484,4.79587984085083,5.441534042358398,4.79587984085083,0.4057154655456543,0.6456542015075684,-0.23993873596191406,0.5074626865671642,0.3854166666666667,0.3854166666666667,cold_rna,split2026,1,Contact500 pretraining without SCA
2063,6.200659275054932,5.589332103729248,6.200659275054932,6.252909660339356,6.200659275054932,0.6113271713256836,0.052250385284424716,0.5590767860412589,0.7142857142857143,0.25,0.25,cold_rna,split2026,1,Contact500 pretraining without SCA
1003,4.356547355651856,7.226070880889893,4.356547355651856,7.5788726806640625,4.356547355651856,2.869523525238036,3.222325325012206,-0.3528017997741699,0.5084745762711864,0.2,0.2,cold_rna,split2026,1,Contact500 pretraining without SCA
1963,5.79587984085083,6.1710591316223145,5.79587984085083,6.212175369262695,5.79587984085083,0.3751792907714844,0.41629552841186523,-0.04111623764038086,0.6071428571428572,0.238095238095238,0.238095238095238,cold_rna,split2026,1,Contact500 pretraining without SCA
1427,5.12493896484375,6.676278591156006,5.12493896484375,6.610589504241943,5.12493896484375,1.5513396263122559,1.4856505393981934,0.0656890869140625,0.5434782608695652,0.205607476635514,0.205607476635514,cold_rna,split2026,1,Contact500 pretraining without SCA
1208,6.721246242523193,7.526108264923096,6.721246242523193,7.3293375968933105,6.721246242523193,0.8048620223999023,0.6080913543701172,0.19677066802978516,0.5454545454545454,0.2894736842105263,0.2894736842105263,cold_rna,split2026,1,Contact500 pretraining without SCA
396,8.886056900024414,9.744908332824709,8.886056900024414,8.892767906188965,8.886056900024414,0.8588514328002947,0.006711006164550781,0.852140426635744,0.1366931308249913,0.1550387596899224,0.1366931308249913,cold_rna,split2026,1,Contact500 pretraining without SCA
997,5.7695512771606445,6.516436576843262,5.7695512771606445,6.655906677246094,5.7695512771606445,0.7468852996826172,0.8863554000854492,-0.13947010040283203,0.5084745762711864,0.1917808219178082,0.1917808219178082,cold_rna,split2026,1,Contact500 pretraining without SCA
1000,4.954677104949951,6.6024909019470215,4.954677104949951,7.606548309326172,4.954677104949951,1.6478137969970703,2.6518712043762207,-1.0040574073791504,0.5084745762711864,0.2765957446808511,0.2765957446808511,cold_rna,split2026,1,Contact500 pretraining without SCA
1420,6.823908805847168,5.674686431884766,6.823908805847168,5.877425670623779,6.823908805847168,1.1492223739624023,0.9464831352233887,0.20273923873901367,0.5074626865671642,0.26,0.26,cold_rna,split2026,1,Contact500 pretraining without SCA
2379,6.481485843658447,5.532658576965332,6.481485843658447,5.58289909362793,6.481485843658447,0.9488272666931152,0.8985867500305176,0.050240516662597656,0.5909090909090908,0.1858407079646017,0.1858407079646017,cold_rna,split2026,1,Contact500 pretraining without SCA
2062,5.241845607757568,5.404335975646973,5.241845607757568,6.001932144165039,5.241845607757568,0.1624903678894043,0.7600865364074707,-0.5975961685180664,0.7142857142857143,0.2741935483870967,0.2741935483870967,cold_rna,split2026,1,Contact500 pretraining without SCA
1004,4.292429924011231,7.618117332458496,4.292429924011231,7.554882049560547,4.292429924011231,3.3256874084472647,3.2624521255493155,0.06323528289794922,0.5084745762711864,0.2054794520547945,0.2054794520547945,cold_rna,split2026,1,Contact500 pretraining without SCA
404,6.0,7.83583402633667,6.0,7.72004222869873,6.0,1.83583402633667,1.7200422286987296,0.11579179763794034,0.1363636363636363,0.2023809523809523,0.1363636363636363,cold_rna,split2026,1,Contact500 pretraining without SCA
2178,4.853871822357178,6.220461845397949,4.853871822357178,5.207189559936523,4.853871822357178,1.3665900230407715,0.3533177375793457,1.0132722854614258,0.5555555555555556,0.7551020408163265,0.5555555555555556,cold_rna,split2026,1,Contact500 pretraining without SCA
782,4.721246242523193,5.494452953338623,4.721246242523193,5.57692813873291,4.721246242523193,0.7732067108154297,0.8556818962097168,-0.08247518539428711,0.5862068965517242,0.2886597938144329,0.2886597938144329,cold_rna,split2026,1,Contact500 pretraining without SCA
1866,5.318758964538574,6.758790016174316,5.318758964538574,6.470553874969482,5.318758964538574,1.4400310516357422,1.1517949104309082,0.288236141204834,0.5357142857142857,0.225,0.225,cold_rna,split2026,1,Contact500 pretraining without SCA
1953,5.677780628204346,6.557066917419434,5.677780628204346,6.629034042358398,5.677780628204346,0.8792862892150879,0.9512534141540527,-0.07196712493896484,0.5357142857142857,0.238095238095238,0.238095238095238,cold_rna,split2026,1,Contact500 pretraining without SCA
1269,4.494850158691406,6.907801628112793,4.494850158691406,7.687172889709473,4.494850158691406,2.4129514694213867,3.1923227310180664,-0.7793712615966797,0.54,0.1891891891891892,0.1891891891891892,cold_rna,split2026,1,Contact500 pretraining without SCA
2288,5.301030158996582,8.008886337280273,5.301030158996582,8.038080215454102,5.301030158996582,2.7078561782836914,2.7370500564575195,-0.029193878173828125,0.1366931308249913,0.2,0.1366931308249913,cold_rna,split2026,1,Contact500 pretraining without SCA
1893,5.06048059463501,7.452424049377441,5.06048059463501,7.199005603790283,5.06048059463501,2.3919434547424316,2.1385250091552734,0.2534184455871582,0.8266666666666667,0.3928571428571428,0.3928571428571428,cold_rna,split2026,1,Contact500 pretraining without SCA
1384,3.22402572631836,6.658080577850342,3.22402572631836,6.0505876541137695,3.22402572631836,3.434054851531982,2.8265619277954097,0.6074929237365723,0.5074626865671642,0.5,0.5,cold_rna,split2026,1,Contact500 pretraining without SCA
1860,5.853871822357178,7.123995780944824,5.853871822357178,6.556488037109375,5.853871822357178,1.2701239585876465,0.7026162147521973,0.5675077438354492,0.5357142857142857,0.2317073170731707,0.2317073170731707,cold_rna,split2026,1,Contact500 pretraining without SCA
786,5.30980396270752,5.461945533752441,5.30980396270752,5.672126770019531,5.30980396270752,0.152141571044921,0.36232280731201083,-0.21018123626708984,0.5555555555555556,0.1981132075471698,0.1981132075471698,cold_rna,split2026,1,Contact500 pretraining without SCA
1025,3.218963146209717,5.269183158874512,3.218963146209717,3.838008165359497,3.218963146209717,2.050220012664795,0.6190450191497803,1.4311749935150146,0.5833333333333333,0.4098360655737705,0.4098360655737705,cold_rna,split2026,1,Contact500 pretraining without SCA
966,3.869666337966919,6.885039329528809,3.869666337966919,7.824356555938721,3.869666337966919,3.0153729915618896,3.9546902179718018,-0.9393172264099121,0.5084745762711864,0.3333333333333333,0.3333333333333333,cold_rna,split2026,1,Contact500 pretraining without SCA
1837,5.221848964691162,6.61792516708374,5.221848964691162,6.470117568969727,5.221848964691162,1.3960762023925781,1.2482686042785645,0.14780759811401367,0.5357142857142857,0.1578947368421052,0.1578947368421052,cold_rna,split2026,1,Contact500 pretraining without SCA
1948,6.180456161499023,6.492434978485107,6.180456161499023,7.478355884552002,6.180456161499023,0.311978816986084,1.2978997230529785,-0.9859209060668945,0.5294117647058824,0.238095238095238,0.238095238095238,cold_rna,split2026,1,Contact500 pretraining without SCA
964,4.0087738037109375,6.931363105773926,4.0087738037109375,7.143582344055176,4.0087738037109375,2.9225893020629883,3.1348085403442383,-0.21221923828125,0.5084745762711864,0.1714285714285714,0.1714285714285714,cold_rna,split2026,1,Contact500 pretraining without SCA
931,1.787812352180481,5.331552505493164,1.787812352180481,5.963016986846924,1.787812352180481,3.543740153312683,4.175204634666443,-0.6314644813537598,0.5405405405405406,0.5161290322580645,0.5161290322580645,cold_rna,split2026,1,Contact500 pretraining without SCA
390,3.318758726119995,8.431571006774902,3.318758726119995,8.474677085876465,3.318758726119995,5.112812280654907,5.15591835975647,-0.0431060791015625,0.1366931308249913,0.3837209302325581,0.1366931308249913,cold_rna,split2026,1,Contact500 pretraining without SCA
2400,5.214670181274414,4.905826568603516,5.214670181274414,4.514618396759033,5.214670181274414,0.30884361267089844,0.7000517845153809,-0.3912081718444824,0.5833333333333333,0.1311475409836065,0.1311475409836065,cold_rna,split2026,1,Contact500 pretraining without SCA
1043,5.148741722106934,5.094640731811523,5.148741722106934,5.2574567794799805,5.148741722106934,0.054100990295410156,0.10871505737304688,-0.05461406707763672,0.6111111111111112,0.1818181818181818,0.1818181818181818,cold_rna,split2026,1,Contact500 pretraining without SCA
995,5.0,6.226995944976807,5.0,6.093804836273193,5.0,1.2269959449768066,1.0938048362731934,0.13319110870361328,0.5084745762711864,0.2,0.2,cold_rna,split2026,1,Contact500 pretraining without SCA
1318,4.7798919677734375,6.176353931427002,4.7798919677734375,5.718300819396973,4.7798919677734375,1.3964619636535645,0.9384088516235352,0.4580531120300293,0.8333333333333334,0.1666666666666666,0.1666666666666666,cold_rna,split2026,1,Contact500 pretraining without SCA
1399,4.471083164215088,5.093865394592285,4.471083164215088,5.5013957023620605,4.471083164215088,0.6227822303771973,1.0303125381469727,-0.4075303077697754,0.5074626865671642,0.3854166666666667,0.3854166666666667,cold_rna,split2026,1,Contact500 pretraining without SCA
965,3.9281179904937744,6.726269721984863,3.9281179904937744,6.713180541992188,3.9281179904937744,2.798151731491089,2.785062551498414,0.013089179992674893,0.5084745762711864,0.3571428571428571,0.3571428571428571,cold_rna,split2026,1,Contact500 pretraining without SCA
932,5.6575775146484375,5.7489423751831055,5.6575775146484375,4.965551853179932,5.6575775146484375,0.09136486053466797,0.6920256614685059,-0.6006608009338379,0.5405405405405406,0.6862745098039216,0.5405405405405406,cold_rna,split2026,1,Contact500 pretraining without SCA
1862,5.823908805847168,6.41929292678833,5.823908805847168,5.759467601776123,5.823908805847168,0.5953841209411621,0.06444120407104492,0.5309429168701172,0.5357142857142857,0.2131147540983606,0.2131147540983606,cold_rna,split2026,1,Contact500 pretraining without SCA
2174,5.744727611541748,6.2198405265808105,5.744727611541748,5.189951419830322,5.744727611541748,0.4751129150390625,0.5547761917114258,-0.07966327667236328,0.5555555555555556,0.8085106382978723,0.5555555555555556,cold_rna,split2026,1,Contact500 pretraining without SCA
1393,4.279840469360352,5.243741989135742,4.279840469360352,5.523623943328857,4.279840469360352,0.9639015197753906,1.2437834739685059,-0.27988195419311523,0.5074626865671642,0.3663366336633663,0.3663366336633663,cold_rna,split2026,1,Contact500 pretraining without SCA
1864,5.721246242523193,6.0241312980651855,5.721246242523193,5.269664764404297,5.721246242523193,0.3028850555419922,0.4515814781188965,-0.1486964225769043,0.5357142857142857,0.2,0.2,cold_rna,split2026,1,Contact500 pretraining without SCA
1001,4.879426002502441,6.804502010345459,4.879426002502441,6.68548059463501,4.879426002502441,1.9250760078430176,1.8060545921325684,0.11902141571044922,0.5084745762711864,0.2087912087912088,0.2087912087912088,cold_rna,split2026,1,Contact500 pretraining without SCA
1060,5.397940158843994,8.34834098815918,5.397940158843994,7.42249870300293,5.397940158843994,2.9504008293151855,2.0245585441589355,0.92584228515625,0.525,0.2148148148148148,0.2148148148148148,cold_rna,split2026,1,Contact500 pretraining without SCA
1064,5.92081880569458,8.235017776489258,5.92081880569458,7.539164543151855,5.92081880569458,2.3141989707946777,1.6183457374572745,0.6958532333374032,0.5423728813559322,0.2148148148148148,0.2148148148148148,cold_rna,split2026,1,Contact500 pretraining without SCA
1306,7.08092212677002,5.288981914520264,7.08092212677002,5.205061912536621,7.08092212677002,1.7919402122497567,1.8758602142333993,-0.08392000198364258,0.5714285714285714,0.1929824561403508,0.1929824561403508,cold_rna,split2026,1,Contact500 pretraining without SCA
781,5.886056423187256,5.497687339782715,5.886056423187256,5.640241622924805,5.886056423187256,0.388369083404541,0.24581480026245117,0.14255428314208984,0.5714285714285714,0.1981132075471698,0.1981132075471698,cold_rna,split2026,1,Contact500 pretraining without SCA
1292,8.236572265625,6.771439552307129,8.236572265625,6.432655811309815,8.236572265625,1.465132713317871,1.8039164543151847,-0.33878374099731356,0.5357142857142857,1.0,0.5357142857142857,cold_rna,split2026,1,Contact500 pretraining without SCA
996,4.1674909591674805,6.348293304443359,4.1674909591674805,6.29059362411499,4.1674909591674805,2.180802345275879,2.1231026649475098,0.05769968032836914,0.5084745762711864,0.2553191489361702,0.2553191489361702,cold_rna,split2026,1,Contact500 pretraining without SCA
1387,4.856985092163086,5.620951175689697,4.856985092163086,5.399023532867432,4.856985092163086,0.7639660835266113,0.5420384407043457,0.22192764282226562,0.5074626865671642,0.425287356321839,0.425287356321839,cold_rna,split2026,1,Contact500 pretraining without SCA
1835,5.397940158843994,6.736632347106934,5.397940158843994,6.677191257476807,5.397940158843994,1.3386921882629395,1.2792510986328125,0.05944108963012695,0.5357142857142857,0.1578947368421052,0.1578947368421052,cold_rna,split2026,1,Contact500 pretraining without SCA
1024,5.12493896484375,5.279737949371338,5.12493896484375,4.697220802307129,5.12493896484375,0.1547989845275879,0.4277181625366211,-0.2729191780090332,0.5833333333333333,0.2087912087912088,0.2087912087912088,cold_rna,split2026,1,Contact500 pretraining without SCA
1426,4.92081880569458,6.152813911437988,4.92081880569458,5.772738933563232,4.92081880569458,1.2319951057434082,0.8519201278686523,0.38007497787475586,0.5357142857142857,0.205607476635514,0.205607476635514,cold_rna,split2026,1,Contact500 pretraining without SCA
2181,5.096909999847412,6.219233512878418,5.096909999847412,5.1276726722717285,5.096909999847412,1.1223235130310059,0.030762672424316406,1.0915608406066895,0.5555555555555556,0.6,0.5555555555555556,cold_rna,split2026,1,Contact500 pretraining without SCA
2179,6.0,6.219752788543701,6.0,5.1851487159729,6.0,0.21975278854370117,0.8148512840270996,-0.5950984954833984,0.5555555555555556,0.8297872340425532,0.5555555555555556,cold_rna,split2026,1,Contact500 pretraining without SCA
1892,5.853871822357178,7.523574352264404,5.853871822357178,7.186950206756592,5.853871822357178,1.6697025299072266,1.333078384399414,0.3366241455078125,0.8266666666666667,0.3157894736842105,0.3157894736842105,cold_rna,split2026,1,Contact500 pretraining without SCA
289,5.698969841003418,7.629742622375488,5.698969841003418,6.445414066314697,5.698969841003418,1.9307727813720703,0.7464442253112793,1.184328556060791,0.1366931308249913,0.1486486486486486,0.1366931308249913,cold_rna,split2026,1,Contact500 pretraining without SCA
1836,5.92081880569458,6.7462663650512695,5.92081880569458,6.563477039337158,5.92081880569458,0.8254475593566895,0.6426582336425781,0.18278932571411133,0.5535714285714286,0.1578947368421052,0.1578947368421052,cold_rna,split2026,1,Contact500 pretraining without SCA
934,5.318758964538574,5.823521137237549,5.318758964538574,5.378654003143311,5.318758964538574,0.5047621726989746,0.059895038604737216,0.4448671340942374,0.5405405405405406,0.7272727272727273,0.5405405405405406,cold_rna,split2026,1,Contact500 pretraining without SCA
2392,5.823908805847168,6.425462245941162,5.823908805847168,6.30898904800415,5.823908805847168,0.6015534400939941,0.4850802421569824,0.11647319793701172,0.5084745762711864,0.1311475409836065,0.1311475409836065,cold_rna,split2026,1,Contact500 pretraining without SCA
1221,4.301030158996582,5.602782249450684,4.301030158996582,4.110362529754639,4.301030158996582,1.3017520904541016,0.19066762924194336,1.1110844612121582,0.6071428571428572,0.1746031746031746,0.1746031746031746,cold_rna,split2026,1,Contact500 pretraining without SCA
1888,6.853871822357178,14.024409294128418,6.853871822357178,8.734461784362793,6.853871822357178,7.17053747177124,1.8805899620056152,5.289947509765625,0.4039900249376559,0.3137254901960784,0.3137254901960784,cold_rna,split2026,1,Contact500 pretraining without SCA
1388,4.705533981323242,6.603032112121582,4.705533981323242,6.386561393737793,4.705533981323242,1.8974981307983398,1.6810274124145508,0.21647071838378906,0.5074626865671642,0.4021739130434782,0.4021739130434782,cold_rna,split2026,1,Contact500 pretraining without SCA
1957,6.97469425201416,6.283640861511231,6.97469425201416,7.034221649169922,6.97469425201416,0.6910533905029288,0.05952739715576172,0.6315259933471671,0.6521739130434783,0.238095238095238,0.238095238095238,cold_rna,split2026,1,Contact500 pretraining without SCA
419,8.12493896484375,8.321995735168457,8.12493896484375,8.076507568359375,8.12493896484375,0.19705677032470703,0.048431396484375,0.14862537384033203,0.1366931308249913,0.1530612244897959,0.1366931308249913,cold_rna,split2026,1,Contact500 pretraining without SCA
2402,3.462180852890014,5.407104015350342,3.462180852890014,4.873143196105957,3.462180852890014,1.9449231624603276,1.4109623432159428,0.5339608192443848,0.5833333333333333,0.1714285714285714,0.1714285714285714,cold_rna,split2026,1,Contact500 pretraining without SCA
2105,8.088842391967773,9.748730659484863,8.088842391967773,9.731009483337402,8.088842391967773,1.6598882675170898,1.642167091369629,0.017721176147460938,0.1366931308249913,0.1746031746031746,0.1366931308249913,cold_rna,split2026,1,Contact500 pretraining without SCA
1421,6.275723934173584,4.664339065551758,6.275723934173584,4.972217082977295,6.275723934173584,1.6113848686218262,1.303506851196289,0.3078780174255371,0.5074626865671642,0.8571428571428571,0.5074626865671642,cold_rna,split2026,1,Contact500 pretraining without SCA
1285,4.12493896484375,4.681354999542236,4.12493896484375,5.704220294952393,4.12493896484375,0.5564160346984863,1.5792813301086426,-1.0228652954101562,0.4819277108433735,0.2222222222222222,0.2222222222222222,cold_rna,split2026,1,Contact500 pretraining without SCA
400,8.560667037963867,10.115521430969238,8.560667037963867,9.751418113708496,8.560667037963867,1.554854393005371,1.190751075744629,0.3641033172607422,0.1366931308249913,0.1773049645390071,0.1366931308249913,cold_rna,split2026,1,Contact500 pretraining without SCA
1958,7.036211967468262,6.3386549949646,7.036211967468262,7.012183666229248,7.036211967468262,0.6975569725036621,0.024028301239013672,0.6735286712646484,0.5757575757575757,0.238095238095238,0.238095238095238,cold_rna,split2026,1,Contact500 pretraining without SCA
734,4.958607196807861,5.950340270996094,4.958607196807861,5.773823261260986,4.958607196807861,0.9917330741882324,0.815216064453125,0.17651700973510742,0.5084745762711864,0.2602739726027397,0.2602739726027397,cold_rna,split2026,1,Contact500 pretraining without SCA
933,5.853871822357178,5.857222557067871,5.853871822357178,6.569876670837402,5.853871822357178,0.0033507347106933594,0.7160048484802246,-0.7126541137695312,0.5405405405405406,0.6724137931034483,0.5405405405405406,cold_rna,split2026,1,Contact500 pretraining without SCA
1863,5.886056423187256,6.705076694488525,5.886056423187256,6.24714469909668,5.886056423187256,0.8190202713012695,0.36108827590942383,0.4579319953918457,0.5357142857142857,0.1166666666666666,0.1166666666666666,cold_rna,split2026,1,Contact500 pretraining without SCA
1175,5.585026741027832,6.112807273864746,5.585026741027832,5.889293670654297,5.585026741027832,0.5277805328369141,0.30426692962646484,0.22351360321044922,0.5806451612903225,0.2361111111111111,0.2361111111111111,cold_rna,split2026,1,Contact500 pretraining without SCA
1283,4.886056423187256,4.857801914215088,4.886056423187256,5.916816711425781,4.886056423187256,0.02825450897216797,1.0307602882385254,-1.0025057792663574,0.4819277108433735,0.2222222222222222,0.2222222222222222,cold_rna,split2026,1,Contact500 pretraining without SCA
2403,5.522878646850586,5.614388942718506,5.522878646850586,4.199055671691895,5.522878646850586,0.09151029586791992,1.3238229751586905,-1.2323126792907706,0.5833333333333333,0.0,0.0,cold_rna,split2026,1,Contact500 pretraining without SCA
783,4.1674909591674805,5.163742065429688,4.1674909591674805,5.819584369659424,4.1674909591674805,0.9962511062622079,1.6520934104919434,-0.6558423042297354,0.5862068965517242,0.2962962962962963,0.2962962962962963,cold_rna,split2026,1,Contact500 pretraining without SCA
394,5.744727611541748,9.773985862731934,5.744727611541748,8.927650451660156,5.744727611541748,4.0292582511901855,3.182922840118408,0.8463354110717773,0.1366931308249913,0.1932773109243697,0.1366931308249913,cold_rna,split2026,1,Contact500 pretraining without SCA
785,5.301030158996582,5.450016021728516,5.301030158996582,5.69198751449585,5.301030158996582,0.1489858627319336,0.3909573554992676,-0.24197149276733398,0.5555555555555556,0.2745098039215686,0.2745098039215686,cold_rna,split2026,1,Contact500 pretraining without SCA
408,3.324221611022949,7.97415828704834,3.324221611022949,8.148406982421875,3.324221611022949,4.649936676025391,4.824185371398926,-0.17424869537353516,0.1363636363636363,0.1976744186046511,0.1363636363636363,cold_rna,split2026,1,Contact500 pretraining without SCA
1850,5.853871822357178,6.482630729675293,5.853871822357178,6.57347583770752,5.853871822357178,0.6287589073181152,0.7196040153503427,-0.09084510803222745,0.5319148936170213,0.2131147540983606,0.2131147540983606,cold_rna,split2026,1,Contact500 pretraining without SCA
1891,5.638272285461426,7.7180376052856445,5.638272285461426,7.370655536651611,5.638272285461426,2.0797653198242188,1.7323832511901855,0.3473820686340332,0.8266666666666667,0.6938775510204082,0.6938775510204082,cold_rna,split2026,1,Contact500 pretraining without SCA
1383,2.978810787200928,6.63224983215332,2.978810787200928,7.293907165527344,2.978810787200928,3.653439044952392,4.315096378326416,-0.6616573333740239,0.5074626865671642,0.5,0.5,cold_rna,split2026,1,Contact500 pretraining without SCA
2410,4.102373123168945,5.358454704284668,4.102373123168945,5.197721481323242,4.102373123168945,1.2560815811157227,1.0953483581542969,0.16073322296142578,0.625,0.1714285714285714,0.1714285714285714,cold_rna,split2026,1,Contact500 pretraining without SCA
405,3.709965467453003,8.146930694580078,3.709965467453003,8.618781089782715,3.709965467453003,4.436965227127075,4.908815622329712,-0.4718503952026367,0.1363636363636363,0.2068965517241379,0.1363636363636363,cold_rna,split2026,1,Contact500 pretraining without SCA
959,6.455932140350342,6.681758403778076,6.455932140350342,7.235178470611572,6.455932140350342,0.22582626342773438,0.7792463302612305,-0.5534200668334961,0.5084745762711864,0.1341463414634146,0.1341463414634146,cold_rna,split2026,1,Contact500 pretraining without SCA
1391,4.829738140106201,5.81862211227417,4.829738140106201,5.397191047668457,4.829738140106201,0.9888839721679688,0.5674529075622559,0.4214310646057129,0.5074626865671642,0.4157303370786517,0.4157303370786517,cold_rna,split2026,1,Contact500 pretraining without SCA
2407,2.3098039627075195,5.4071044921875,2.3098039627075195,4.873143196105957,2.3098039627075195,3.0973005294799805,2.5633392333984375,0.533961296081543,0.5833333333333333,0.1714285714285714,0.1714285714285714,cold_rna,split2026,1,Contact500 pretraining without SCA
999,4.958607196807861,7.519063472747803,4.958607196807861,8.612410545349121,4.958607196807861,2.5604562759399414,3.6538033485412598,-1.0933470726013184,0.5084745762711864,0.1967213114754098,0.1967213114754098,cold_rna,split2026,1,Contact500 pretraining without SCA
1045,5.327902317047119,5.095866680145264,5.327902317047119,5.02199125289917,5.327902317047119,0.23203563690185547,0.3059110641479492,-0.07387542724609375,0.6111111111111112,0.1637931034482758,0.1637931034482758,cold_rna,split2026,1,Contact500 pretraining without SCA
1949,6.92081880569458,6.62037467956543,6.92081880569458,7.530731678009033,6.92081880569458,0.3004441261291504,0.6099128723144531,-0.30946874618530273,0.5319148936170213,0.238095238095238,0.238095238095238,cold_rna,split2026,1,Contact500 pretraining without SCA
1118,7.173925399780273,8.353238105773926,7.173925399780273,9.316615104675291,7.173925399780273,1.1793127059936523,2.1426897048950178,-0.9633769989013654,0.36,0.1785714285714285,0.1785714285714285,cold_rna,split2026,1,Contact500 pretraining without SCA
1843,5.537601947784424,6.775705337524414,5.537601947784424,6.720427989959717,5.537601947784424,1.2381033897399902,1.182826042175293,0.055277347564697266,0.5531914893617021,0.1578947368421052,0.1578947368421052,cold_rna,split2026,1,Contact500 pretraining without SCA
1390,4.336298942565918,6.629171371459961,4.336298942565918,6.435714244842529,4.336298942565918,2.292872428894043,2.0994153022766113,0.19345712661743164,0.5074626865671642,0.3894736842105263,0.3894736842105263,cold_rna,split2026,1,Contact500 pretraining without SCA
1122,7.221848964691162,6.303239345550537,7.221848964691162,6.366159915924072,7.221848964691162,0.918609619140625,0.8556890487670898,0.06292057037353516,0.5833333333333333,0.1801801801801801,0.1801801801801801,cold_rna,split2026,1,Contact500 pretraining without SCA
1861,5.30980396270752,6.465785503387451,5.30980396270752,5.606001377105713,5.30980396270752,1.1559815406799308,0.29619741439819247,0.8597841262817383,0.5357142857142857,0.2207792207792207,0.2207792207792207,cold_rna,split2026,1,Contact500 pretraining without SCA
780,4.6575775146484375,5.186540126800537,4.6575775146484375,5.8010759353637695,4.6575775146484375,0.5289626121520996,1.143498420715332,-0.6145358085632324,0.5714285714285714,0.2962962962962963,0.2962962962962963,cold_rna,split2026,1,Contact500 pretraining without SCA
1947,6.356547355651856,6.570791244506836,6.356547355651856,6.9014997482299805,6.356547355651856,0.21424388885497958,0.5449523925781241,-0.33070850372314453,0.5357142857142857,0.238095238095238,0.238095238095238,cold_rna,split2026,1,Contact500 pretraining without SCA
1433,4.744727611541748,7.10908842086792,4.744727611541748,7.876636028289795,4.744727611541748,2.364360809326172,3.131908416748047,-0.767547607421875,0.5254237288135593,0.1758241758241758,0.1758241758241758,cold_rna,split2026,1,Contact500 pretraining without SCA
969,6.173925399780273,7.008162021636963,6.173925399780273,6.829318046569824,6.173925399780273,0.8342366218566895,0.6553926467895508,0.17884397506713867,0.5084745762711864,0.2435897435897435,0.2435897435897435,cold_rna,split2026,1,Contact500 pretraining without SCA
1220,4.522878646850586,5.669744968414307,4.522878646850586,6.086273670196533,4.522878646850586,1.1468663215637207,1.5633950233459473,-0.41652870178222656,0.6190476190476191,0.1746031746031746,0.1746031746031746,cold_rna,split2026,1,Contact500 pretraining without SCA
1840,5.92081880569458,6.563691139221191,5.92081880569458,6.606153964996338,5.92081880569458,0.6428723335266113,0.6853351593017578,-0.042462825775146484,0.5294117647058824,0.1578947368421052,0.1578947368421052,cold_rna,split2026,1,Contact500 pretraining without SCA
1294,7.2441253662109375,6.771439552307129,7.2441253662109375,6.432655334472656,7.2441253662109375,0.4726858139038086,0.8114700317382812,-0.33878421783447266,0.5357142857142857,1.0,0.5357142857142857,cold_rna,split2026,1,Contact500 pretraining without SCA
935,5.096909999847412,5.58828067779541,5.096909999847412,6.731740474700928,5.096909999847412,0.49137067794799805,1.6348304748535156,-1.1434597969055176,0.5405405405405406,1.0,0.5405405405405406,cold_rna,split2026,1,Contact500 pretraining without SCA
1396,4.568636417388916,5.234234809875488,4.568636417388916,5.517851829528809,4.568636417388916,0.6655983924865723,0.9492154121398926,-0.2836170196533203,0.5074626865671642,0.3663366336633663,0.3663366336633663,cold_rna,split2026,1,Contact500 pretraining without SCA
1402,4.630784034729004,5.120872974395752,4.630784034729004,5.369822025299072,4.630784034729004,0.49008893966674805,0.7390379905700684,-0.2489490509033203,0.5074626865671642,0.3663366336633663,0.3663366336633663,cold_rna,split2026,1,Contact500 pretraining without SCA
1385,3.838632106781006,6.267387390136719,3.838632106781006,6.494513988494873,3.838632106781006,2.428755283355713,2.655881881713867,-0.2271265983581543,0.5074626865671642,0.4512195121951219,0.4512195121951219,cold_rna,split2026,1,Contact500 pretraining without SCA
1287,6.387216091156006,6.100168228149414,6.387216091156006,5.840973377227783,6.387216091156006,0.2870478630065918,0.5462427139282227,-0.25919485092163086,0.4907407407407407,0.1739130434782608,0.1739130434782608,cold_rna,split2026,1,Contact500 pretraining without SCA
968,3.804100275039673,6.789596557617188,3.804100275039673,7.29703426361084,3.804100275039673,2.9854962825775155,3.492933988571167,-0.5074377059936515,0.5084745762711864,0.1891891891891892,0.1891891891891892,cold_rna,split2026,1,Contact500 pretraining without SCA
764,6.886056423187256,7.217705726623535,6.886056423187256,5.8275556564331055,6.886056423187256,0.3316493034362793,1.0585007667541504,-0.7268514633178711,0.5686274509803921,0.2473118279569892,0.2473118279569892,cold_rna,split2026,1,Contact500 pretraining without SCA
1812,6.86966609954834,5.911531448364258,6.86966609954834,6.083295822143555,6.86966609954834,0.958134651184082,0.7863702774047852,0.17176437377929688,0.55,0.5,0.5,cold_rna,split2026,1,Contact500 pretraining without SCA
2391,5.853871822357178,6.811115741729736,5.853871822357178,7.611963748931885,5.853871822357178,0.9572439193725586,1.758091926574707,-0.8008480072021484,0.5084745762711864,0.1791044776119403,0.1791044776119403,cold_rna,split2026,1,Contact500 pretraining without SCA
1018,4.9281182289123535,5.521938800811768,4.9281182289123535,5.416230201721191,4.9281182289123535,0.5938205718994141,0.4881119728088379,0.10570859909057617,0.5833333333333333,0.1585365853658536,0.1585365853658536,cold_rna,split2026,1,Contact500 pretraining without SCA
2107,8.113509178161621,9.50539493560791,8.113509178161621,9.162921905517578,8.113509178161621,1.391885757446289,1.049412727355957,0.34247303009033203,0.1366931308249913,0.1743119266055046,0.1366931308249913,cold_rna,split2026,1,Contact500 pretraining without SCA
2180,6.376750946044922,6.219233512878418,6.376750946044922,5.1276726722717285,6.376750946044922,0.1575174331665039,1.2490782737731934,-1.0915608406066895,0.5555555555555556,0.6,0.5555555555555556,cold_rna,split2026,1,Contact500 pretraining without SCA
1404,3.494849920272827,5.255084991455078,3.494849920272827,6.108847141265869,3.494849920272827,1.760235071182251,2.613997220993042,-0.853762149810791,0.5074626865671642,0.3478260869565217,0.3478260869565217,cold_rna,split2026,1,Contact500 pretraining without SCA
1020,5.698969841003418,4.994166374206543,5.698969841003418,4.72904634475708,5.698969841003418,0.704803466796875,0.9699234962463379,-0.2651200294494629,0.5833333333333333,0.1917808219178082,0.1917808219178082,cold_rna,split2026,1,Contact500 pretraining without SCA
2412,4.15490198135376,4.405462741851807,4.15490198135376,4.261840343475342,4.15490198135376,0.2505607604980469,0.10693836212158203,0.14362239837646484,0.625,0.2602739726027397,0.2602739726027397,cold_rna,split2026,1,Contact500 pretraining without SCA
1432,7.221848964691162,6.139345645904541,7.221848964691162,6.1045427322387695,7.221848964691162,1.082503318786621,1.1173062324523926,-0.034802913665771484,0.5254237288135593,0.205607476635514,0.205607476635514,cold_rna,split2026,1,Contact500 pretraining without SCA
1887,7.0,13.745146751403809,7.0,8.016273498535156,7.0,6.745146751403809,1.0162734985351562,5.728873252868652,0.4039900249376559,0.2207792207792207,0.2207792207792207,cold_rna,split2026,1,Contact500 pretraining without SCA
990,3.7878124713897705,6.62733793258667,3.7878124713897705,6.974695205688477,3.7878124713897705,2.8395254611968994,3.186882734298706,-0.34735727310180664,0.5084745762711864,0.2079207920792079,0.2079207920792079,cold_rna,split2026,1,Contact500 pretraining without SCA
1219,5.337242126464844,6.355639457702637,5.337242126464844,4.601016998291016,5.337242126464844,1.018397331237793,0.7362251281738281,0.28217220306396484,0.5686274509803921,0.1746031746031746,0.1746031746031746,cold_rna,split2026,1,Contact500 pretraining without SCA
1044,5.193819999694824,5.112360954284668,5.193819999694824,5.211654186248779,5.193819999694824,0.08145904541015625,0.017834186553955078,0.06362485885620117,0.6111111111111112,0.1764705882352941,0.1764705882352941,cold_rna,split2026,1,Contact500 pretraining without SCA
1061,5.92081880569458,8.154850959777832,5.92081880569458,7.414941787719727,5.92081880569458,2.234032154083252,1.4941229820251465,0.7399091720581055,0.525,0.2148148148148148,0.2148148148148148,cold_rna,split2026,1,Contact500 pretraining without SCA
1381,2.130768299102783,6.310363292694092,2.130768299102783,5.808059215545654,2.130768299102783,4.179594993591309,3.677290916442871,0.5023040771484375,0.5074626865671642,1.0,0.5074626865671642,cold_rna,split2026,1,Contact500 pretraining without SCA
2171,4.721246242523193,6.396701335906982,4.721246242523193,5.806888580322266,4.721246242523193,1.675455093383789,1.0856423377990723,0.5898127555847168,0.5555555555555556,0.5873015873015873,0.5555555555555556,cold_rna,split2026,1,Contact500 pretraining without SCA
2184,5.7695512771606445,6.219753265380859,5.7695512771606445,5.1851487159729,5.7695512771606445,0.45020198822021484,0.5844025611877441,-0.1342005729675293,0.5555555555555556,0.8297872340425532,0.5555555555555556,cold_rna,split2026,1,Contact500 pretraining without SCA
957,5.896196365356445,7.829202175140381,5.896196365356445,8.637349128723145,5.896196365356445,1.9330058097839355,2.741152763366699,-0.8081469535827637,0.5084745762711864,0.175,0.175,cold_rna,split2026,1,Contact500 pretraining without SCA
1839,5.958607196807861,6.642021656036377,5.958607196807861,6.025083541870117,5.958607196807861,0.6834144592285156,0.06647634506225586,0.6169381141662598,0.5357142857142857,0.1578947368421052,0.1578947368421052,cold_rna,split2026,1,Contact500 pretraining without SCA
2398,6.06048059463501,5.614388942718506,6.06048059463501,4.199055671691895,6.06048059463501,0.4460916519165039,1.8614249229431143,-1.4153332710266104,0.5833333333333333,0.0,0.0,cold_rna,split2026,1,Contact500 pretraining without SCA
1400,4.392544746398926,5.093425750732422,4.392544746398926,5.501377582550049,4.392544746398926,0.7008810043334961,1.108832836151123,-0.40795183181762695,0.5074626865671642,0.3936170212765957,0.3936170212765957,cold_rna,split2026,1,Contact500 pretraining without SCA
290,7.229147911071777,9.09283447265625,7.229147911071777,8.710151672363281,7.229147911071777,1.8636865615844727,1.481003761291504,0.38268280029296875,0.1366931308249913,0.1603053435114503,0.1366931308249913,cold_rna,split2026,1,Contact500 pretraining without SCA
420,7.954677104949951,8.362589836120605,7.954677104949951,7.864713668823242,7.954677104949951,0.4079127311706543,0.08996343612670898,0.3179492950439453,0.1366931308249913,0.1530612244897959,0.1366931308249913,cold_rna,split2026,1,Contact500 pretraining without SCA
403,5.096909999847412,8.648885726928711,5.096909999847412,8.195250511169434,5.096909999847412,3.551975727081299,3.0983405113220215,0.45363521575927734,0.1366931308249913,0.174757281553398,0.1366931308249913,cold_rna,split2026,1,Contact500 pretraining without SCA
1890,4.387216091156006,7.706669807434082,4.387216091156006,7.101253986358643,4.387216091156006,3.319453716278076,2.7140378952026367,0.6054158210754395,0.8266666666666667,0.0,0.0,cold_rna,split2026,1,Contact500 pretraining without SCA
1386,4.79587984085083,5.25743293762207,4.79587984085083,5.327147960662842,4.79587984085083,0.46155309677124023,0.5312681198120117,-0.06971502304077148,0.5074626865671642,0.3854166666666667,0.3854166666666667,cold_rna,split2026,1,Contact500 pretraining without SCA
2406,3.5590908527374268,4.453561305999756,3.5590908527374268,3.939761161804199,3.5590908527374268,0.8944704532623291,0.38067030906677246,0.5138001441955566,0.5833333333333333,0.2602739726027397,0.2602739726027397,cold_rna,split2026,1,Contact500 pretraining without SCA
1063,4.698969841003418,8.25298023223877,4.698969841003418,7.350703716278076,4.698969841003418,3.5540103912353516,2.651733875274658,0.9022765159606934,0.5434782608695652,0.2148148148148148,0.2148148148148148,cold_rna,split2026,1,Contact500 pretraining without SCA
1847,5.958607196807861,6.057363986968994,5.958607196807861,5.582409858703613,5.958607196807861,0.09875679016113281,0.37619733810424805,-0.27744054794311523,0.5319148936170213,1.0,0.5319148936170213,cold_rna,split2026,1,Contact500 pretraining without SCA
1260,3.6777806282043457,7.205151081085205,3.6777806282043457,6.288750648498535,3.6777806282043457,3.5273704528808594,2.6109700202941895,0.9164004325866699,0.5454545454545454,0.217391304347826,0.217391304347826,cold_rna,split2026,1,Contact500 pretraining without SCA
939,2.207608222961426,5.734067916870117,2.207608222961426,5.901169300079346,2.207608222961426,3.5264596939086914,3.69356107711792,-0.16710138320922852,0.5405405405405406,0.4745762711864407,0.4745762711864407,cold_rna,split2026,1,Contact500 pretraining without SCA
1842,5.79587984085083,6.685781955718994,5.79587984085083,6.512115478515625,5.79587984085083,0.8899021148681641,0.7162356376647949,0.17366647720336914,0.5535714285714286,0.1578947368421052,0.1578947368421052,cold_rna,split2026,1,Contact500 pretraining without SCA
1885,6.721246242523193,11.317323684692385,6.721246242523193,8.325509071350098,6.721246242523193,4.596077442169191,1.6042628288269043,2.991814613342287,0.4435897435897435,0.3137254901960784,0.3137254901960784,cold_rna,split2026,1,Contact500 pretraining without SCA
1016,5.6575775146484375,5.141661643981934,5.6575775146484375,5.311478614807129,5.6575775146484375,0.5159158706665039,0.3460988998413086,0.1698169708251953,0.5833333333333333,0.2075471698113207,0.2075471698113207,cold_rna,split2026,1,Contact500 pretraining without SCA
1389,4.723538398742676,5.488467693328857,4.723538398742676,5.643941879272461,4.723538398742676,0.7649292945861816,0.9204034805297852,-0.15547418594360352,0.5074626865671642,0.4065934065934066,0.4065934065934066,cold_rna,split2026,1,Contact500 pretraining without SCA
2401,4.161150932312012,4.453561782836914,4.161150932312012,3.939761161804199,4.161150932312012,0.29241085052490234,0.2213897705078125,0.07102108001708984,0.5833333333333333,0.2602739726027397,0.2602739726027397,cold_rna,split2026,1,Contact500 pretraining without SCA
1022,5.050610065460205,5.998572826385498,5.050610065460205,5.708086967468262,5.050610065460205,0.947962760925293,0.6574769020080566,0.29048585891723633,0.5833333333333333,0.1967213114754098,0.1967213114754098,cold_rna,split2026,1,Contact500 pretraining without SCA
1853,5.853871822357178,6.916088581085205,5.853871822357178,7.775120735168457,5.853871822357178,1.0622167587280273,1.9212489128112793,-0.859032154083252,0.5319148936170213,0.1864406779661017,0.1864406779661017,cold_rna,split2026,1,Contact500 pretraining without SCA
991,4.958607196807861,6.617929935455322,4.958607196807861,6.505674362182617,4.958607196807861,1.659322738647461,1.5470671653747559,0.11225557327270508,0.5084745762711864,0.2093023255813953,0.2093023255813953,cold_rna,split2026,1,Contact500 pretraining without SCA
1023,4.853871822357178,5.084129810333252,4.853871822357178,5.291483879089356,4.853871822357178,0.23025798797607422,0.4376120567321786,-0.2073540687561044,0.5833333333333333,0.2765957446808511,0.2765957446808511,cold_rna,split2026,1,Contact500 pretraining without SCA
1826,7.193819999694824,8.242593765258789,7.193819999694824,8.216008186340332,7.193819999694824,1.0487737655639648,1.0221881866455078,0.02658557891845703,0.525,0.1511254019292604,0.1511254019292604,cold_rna,split2026,1,Contact500 pretraining without SCA
1179,5.30980396270752,5.591803073883057,5.30980396270752,5.902462959289551,5.30980396270752,0.2819991111755362,0.5926589965820304,-0.31065988540649414,0.5806451612903225,0.2105263157894736,0.2105263157894736,cold_rna,split2026,1,Contact500 pretraining without SCA
770,7.301030158996582,7.614843845367432,7.301030158996582,6.775077819824219,7.301030158996582,0.3138136863708496,0.5259523391723633,-0.21213865280151367,0.5686274509803921,0.3645833333333333,0.3645833333333333,cold_rna,split2026,1,Contact500 pretraining without SCA
1844,5.431798458099365,6.608556747436523,5.431798458099365,6.065710544586182,5.431798458099365,1.1767582893371582,0.6339120864868164,0.5428462028503418,0.5490196078431373,0.1578947368421052,0.1578947368421052,cold_rna,split2026,1,Contact500 pretraining without SCA
1178,0.1549019664525985,5.591803073883057,0.1549019664525985,5.902462959289551,0.1549019664525985,5.436901107430458,5.747560992836952,-0.31065988540649414,0.5806451612903225,0.2105263157894736,0.2105263157894736,cold_rna,split2026,1,Contact500 pretraining without SCA
2173,4.958607196807861,5.663142204284668,4.958607196807861,4.814182281494141,4.958607196807861,0.7045350074768066,0.1444249153137207,0.5601100921630859,0.5555555555555556,0.7555555555555555,0.5555555555555556,cold_rna,split2026,1,Contact500 pretraining without SCA
765,7.0,7.819182395935059,7.0,6.640874862670898,7.0,0.8191823959350586,0.35912513732910156,0.46005725860595703,0.5686274509803921,0.2276422764227642,0.2276422764227642,cold_rna,split2026,1,Contact500 pretraining without SCA
2404,5.638272285461426,5.28627872467041,5.638272285461426,5.351646900177002,5.638272285461426,0.3519935607910156,0.28662538528442383,0.0653681755065918,0.5833333333333333,0.1791044776119403,0.1791044776119403,cold_rna,split2026,1,Contact500 pretraining without SCA
1960,7.537601947784424,7.504207611083984,7.537601947784424,6.169242858886719,7.537601947784424,0.03339433670043945,1.368359088897705,-1.3349647521972656,0.515527950310559,0.238095238095238,0.238095238095238,cold_rna,split2026,1,Contact500 pretraining without SCA
941,1.6946486234664917,5.766840934753418,1.6946486234664917,5.102756500244141,1.6946486234664917,4.072192311286926,3.408107876777649,0.6640844345092773,0.5405405405405406,0.6862745098039216,0.5405405405405406,cold_rna,split2026,1,Contact500 pretraining without SCA
1886,7.148741722106934,13.53588581085205,7.148741722106934,8.420211791992188,7.148741722106934,6.387144088745117,1.271470069885254,5.115674018859863,0.4039900249376559,0.1739130434782608,0.1739130434782608,cold_rna,split2026,1,Contact500 pretraining without SCA
1065,5.823908805847168,8.250707626342773,5.823908805847168,7.210454940795898,5.823908805847168,2.4267988204956055,1.3865461349487305,1.040252685546875,0.5434782608695652,0.2148148148148148,0.2148148148148148,cold_rna,split2026,1,Contact500 pretraining without SCA
1848,5.455932140350342,7.187215805053711,5.455932140350342,7.760542869567871,5.455932140350342,1.7312836647033691,2.3046107292175293,-0.5733270645141602,0.5319148936170213,0.2317073170731707,0.2317073170731707,cold_rna,split2026,1,Contact500 pretraining without SCA
994,5.301030158996582,7.046473503112793,5.301030158996582,7.853332042694092,5.301030158996582,1.745443344116211,2.5523018836975098,-0.8068585395812988,0.5084745762711864,0.1585365853658536,0.1585365853658536,cold_rna,split2026,1,Contact500 pretraining without SCA
1865,6.15490198135376,6.85280179977417,6.15490198135376,6.746050357818604,6.15490198135376,0.6978998184204102,0.5911483764648446,0.10675144195556552,0.5357142857142857,0.1864406779661017,0.1864406779661017,cold_rna,split2026,1,Contact500 pretraining without SCA
1859,6.431798458099365,5.99414587020874,6.431798458099365,4.8849263191223145,6.431798458099365,0.437652587890625,1.5468721389770508,-1.1092195510864258,0.5357142857142857,1.0,0.5357142857142857,cold_rna,split2026,1,Contact500 pretraining without SCA
751,6.013228416442871,5.019047737121582,6.013228416442871,6.190866947174072,6.013228416442871,0.9941806793212891,0.17763853073120117,0.8165421485900879,0.4779116465863453,0.1944444444444444,0.1944444444444444,cold_rna,split2026,1,Contact500 pretraining without SCA
1298,3.694648742675781,6.580966472625732,3.694648742675781,5.949045658111572,3.694648742675781,2.8863177299499516,2.2543969154357915,0.6319208145141602,0.5333333333333333,1.0,0.5333333333333333,cold_rna,split2026,1,Contact500 pretraining without SCA
1403,3.681936740875244,5.194521903991699,3.681936740875244,5.453377723693848,3.681936740875244,1.512585163116455,1.7714409828186035,-0.25885581970214844,0.5074626865671642,0.4666666666666667,0.4666666666666667,cold_rna,split2026,1,Contact500 pretraining without SCA
1849,6.481485843658447,6.529119491577148,6.481485843658447,6.337572574615479,6.481485843658447,0.04763364791870117,0.14391326904296786,-0.09627962112426669,0.5319148936170213,0.2207792207792207,0.2207792207792207,cold_rna,split2026,1,Contact500 pretraining without SCA
962,4.958607196807861,5.950340270996094,4.958607196807861,5.773823261260986,4.958607196807861,0.9917330741882324,0.815216064453125,0.17651700973510742,0.5084745762711864,0.2602739726027397,0.2602739726027397,cold_rna,split2026,1,Contact500 pretraining without SCA
779,4.677780628204346,5.5171074867248535,4.677780628204346,5.558270454406738,4.677780628204346,0.8393268585205078,0.8804898262023926,-0.041162967681884766,0.5714285714285714,0.2886597938144329,0.2886597938144329,cold_rna,split2026,1,Contact500 pretraining without SCA
1319,0.4672456085681915,6.098853588104248,0.4672456085681915,5.186770439147949,0.4672456085681915,5.6316079795360565,4.719524830579758,0.9120831489562988,0.6071428571428572,0.1666666666666666,0.1666666666666666,cold_rna,split2026,1,Contact500 pretraining without SCA
1267,4.522878646850586,6.470478534698486,4.522878646850586,6.588042736053467,4.522878646850586,1.9475998878479004,2.065164089202881,-0.11756420135498047,0.56,0.1891891891891892,0.1891891891891892,cold_rna,split2026,1,Contact500 pretraining without SCA
1270,4.397940158843994,6.4301838874816895,4.397940158843994,7.304465293884277,4.397940158843994,2.0322437286376953,2.906525135040283,-0.8742814064025879,0.54,0.1891891891891892,0.1891891891891892,cold_rna,split2026,1,Contact500 pretraining without SCA
2066,5.866461277008057,5.502064228057861,5.866461277008057,6.073692321777344,5.866461277008057,0.3643970489501953,0.2072310447692871,0.1571660041809082,0.7142857142857143,0.2758620689655172,0.2758620689655172,cold_rna,split2026,1,Contact500 pretraining without SCA
1173,5.468521118164063,5.608533382415772,5.468521118164063,5.187549114227295,5.468521118164063,0.14001226425170898,0.28097200393676847,-0.14095973968505948,0.5806451612903225,0.2166666666666666,0.2166666666666666,cold_rna,split2026,1,Contact500 pretraining without SCA
1019,3.552841901779175,4.709514617919922,3.552841901779175,4.469244003295898,3.552841901779175,1.156672716140747,0.9164021015167236,0.24027061462402344,0.5833333333333333,0.2,0.2,cold_rna,split2026,1,Contact500 pretraining without SCA
1395,4.647817611694336,5.224534511566162,4.647817611694336,5.460505962371826,4.647817611694336,0.5767168998718262,0.8126883506774902,-0.23597145080566406,0.5074626865671642,0.3627450980392157,0.3627450980392157,cold_rna,split2026,1,Contact500 pretraining without SCA
1868,5.267606258392334,6.733974456787109,5.267606258392334,6.095785617828369,5.267606258392334,1.4663681983947754,0.8281793594360352,0.6381888389587402,0.5357142857142857,0.3137254901960784,0.3137254901960784,cold_rna,split2026,1,Contact500 pretraining without SCA
2172,5.552842140197754,6.372650623321533,5.552842140197754,5.237570285797119,5.552842140197754,0.8198084831237793,0.31527185440063477,0.5045366287231445,0.5555555555555556,1.0,0.5555555555555556,cold_rna,split2026,1,Contact500 pretraining without SCA
1855,5.275723934173584,6.706382751464844,5.275723934173584,6.986782073974609,5.275723934173584,1.4306588172912598,1.7110581398010254,-0.2803993225097656,0.5319148936170213,0.180722891566265,0.180722891566265,cold_rna,split2026,1,Contact500 pretraining without SCA
1944,5.978810787200928,6.675053119659424,5.978810787200928,7.47222375869751,5.978810787200928,0.6962423324584961,1.493412971496582,-0.7971706390380859,0.5535714285714286,0.238095238095238,0.238095238095238,cold_rna,split2026,1,Contact500 pretraining without SCA
1301,7.017728805541992,5.300262451171875,7.017728805541992,5.240386962890625,7.017728805541992,1.7174663543701172,1.7773418426513672,-0.05987548828125,0.5714285714285714,0.1929824561403508,0.1929824561403508,cold_rna,split2026,1,Contact500 pretraining without SCA
789,5.552842140197754,5.285738468170166,5.552842140197754,5.684516429901123,5.552842140197754,0.2671036720275879,0.13167428970336914,0.13542938232421875,0.5714285714285714,0.1981132075471698,0.1981132075471698,cold_rna,split2026,1,Contact500 pretraining without SCA
1326,7.23173189163208,6.176354885101318,7.23173189163208,5.718300819396973,7.23173189163208,1.0553770065307617,1.5134310722351074,-0.4580540657043457,0.8333333333333334,0.1666666666666666,0.1666666666666666,cold_rna,split2026,1,Contact500 pretraining without SCA
391,8.698969841003418,8.525404930114746,8.698969841003418,8.529521942138672,8.698969841003418,0.17356491088867188,0.1694478988647461,0.004117012023925781,0.1366931308249913,0.16,0.1366931308249913,cold_rna,split2026,1,Contact500 pretraining without SCA
1297,6.602059841156006,6.771440029144287,6.602059841156006,6.432655334472656,6.602059841156006,0.16938018798828125,0.1694045066833496,-2.4318695068359375e-05,0.5357142857142857,1.0,0.5357142857142857,cold_rna,split2026,1,Contact500 pretraining without SCA
958,6.537601947784424,6.663237571716309,6.537601947784424,6.518787860870361,6.537601947784424,0.12563562393188477,0.0188140869140625,0.10682153701782227,0.5084745762711864,0.2727272727272727,0.2727272727272727,cold_rna,split2026,1,Contact500 pretraining without SCA
1207,7.15490198135376,6.979659080505371,7.15490198135376,5.6251373291015625,7.15490198135376,0.17524290084838867,1.5297646522521973,-1.3545217514038086,0.5686274509803921,0.2894736842105263,0.2894736842105263,cold_rna,split2026,1,Contact500 pretraining without SCA
1325,5.148741722106934,6.0817742347717285,5.148741722106934,5.933652877807617,5.148741722106934,0.9330325126647949,0.7849111557006836,0.14812135696411133,0.5454545454545454,0.1666666666666666,0.1666666666666666,cold_rna,split2026,1,Contact500 pretraining without SCA
2292,6.397940158843994,9.88994026184082,6.397940158843994,9.072565078735352,6.397940158843994,3.492000102996826,2.6746249198913574,0.8173751831054688,0.1366931308249913,0.1693548387096774,0.1366931308249913,cold_rna,split2026,1,Contact500 pretraining without SCA
1422,5.93930196762085,5.839040756225586,5.93930196762085,6.083056926727295,5.93930196762085,0.10026121139526367,0.1437549591064453,-0.04349374771118164,0.5074626865671642,0.1666666666666666,0.1666666666666666,cold_rna,split2026,1,Contact500 pretraining without SCA
2399,5.522878646850586,5.28627872467041,5.522878646850586,5.351646900177002,5.522878646850586,0.23659992218017578,0.17123174667358398,0.0653681755065918,0.5833333333333333,0.1791044776119403,0.1791044776119403,cold_rna,split2026,1,Contact500 pretraining without SCA
1954,6.92081880569458,6.469193458557129,6.92081880569458,6.99300479888916,6.92081880569458,0.45162534713745117,0.07218599319458008,0.3794393539428711,0.6428571428571428,0.238095238095238,0.238095238095238,cold_rna,split2026,1,Contact500 pretraining without SCA
2177,5.275723934173584,6.219515800476074,5.275723934173584,5.066643714904785,5.275723934173584,0.9437918663024902,0.20908021926879883,0.7347116470336914,0.5555555555555556,0.7254901960784313,0.5555555555555556,cold_rna,split2026,1,Contact500 pretraining without SCA
1066,4.301030158996582,7.263338565826416,4.301030158996582,6.217642784118652,4.301030158996582,2.962308406829834,1.9166126251220703,1.0456957817077637,0.6071428571428572,0.2148148148148148,0.2148148148148148,cold_rna,split2026,1,Contact500 pretraining without SCA
1841,6.468521118164063,6.691610336303711,6.468521118164063,6.567941188812256,6.468521118164063,0.22308921813964755,0.09942007064819247,0.12366914749145508,0.5319148936170213,0.1578947368421052,0.1578947368421052,cold_rna,split2026,1,Contact500 pretraining without SCA
937,2.6382720470428467,5.740589618682861,2.6382720470428467,5.716493129730225,2.6382720470428467,3.1023175716400146,3.078221082687378,0.02409648895263672,0.5405405405405406,0.6595744680851063,0.5405405405405406,cold_rna,split2026,1,Contact500 pretraining without SCA
1895,5.251811981201172,7.408140182495117,5.251811981201172,7.277496814727783,5.251811981201172,2.1563282012939453,2.0256848335266113,0.13064336776733398,0.8266666666666667,0.3050847457627119,0.3050847457627119,cold_rna,split2026,1,Contact500 pretraining without SCA
1295,7.136677265167236,6.580966472625732,7.136677265167236,5.949045658111572,7.136677265167236,0.5557107925415039,1.187631607055664,-0.6319208145141602,0.5333333333333333,1.0,0.5333333333333333,cold_rna,split2026,1,Contact500 pretraining without SCA
1101,7.065501689910889,4.862154006958008,7.065501689910889,5.255518913269043,7.065501689910889,2.203347682952881,1.8099827766418457,0.39336490631103516,0.5833333333333333,0.1650485436893204,0.1650485436893204,cold_rna,split2026,1,Contact500 pretraining without SCA
788,5.79587984085083,5.442315101623535,5.79587984085083,5.63273811340332,5.79587984085083,0.3535647392272949,0.16314172744750977,0.19042301177978516,0.5714285714285714,0.1981132075471698,0.1981132075471698,cold_rna,split2026,1,Contact500 pretraining without SCA
967,3.7878124713897705,7.297922611236572,3.7878124713897705,8.1497163772583,3.7878124713897705,3.5101101398468018,4.36190390586853,-0.8517937660217285,0.5084745762711864,0.1506849315068493,0.1506849315068493,cold_rna,split2026,1,Contact500 pretraining without SCA
1192,7.221848964691162,6.844147682189941,7.221848964691162,6.043166160583496,7.221848964691162,0.3777012825012207,1.178682804107666,-0.8009815216064453,0.5217391304347826,0.2045454545454545,0.2045454545454545,cold_rna,split2026,1,Contact500 pretraining without SCA
2106,7.713318824768066,9.567275047302246,7.713318824768066,9.08666706085205,7.713318824768066,1.8539562225341797,1.3733482360839844,0.4806079864501953,0.1366931308249913,0.1666666666666666,0.1366931308249913,cold_rna,split2026,1,Contact500 pretraining without SCA
2175,6.207608222961426,6.219706535339356,6.207608222961426,5.186763286590576,6.207608222961426,0.012098312377930576,1.0208449363708496,-1.008746623992919,0.5555555555555556,0.8913043478260869,0.5555555555555556,cold_rna,split2026,1,Contact500 pretraining without SCA
769,6.0,7.066617965698242,6.0,6.16013765335083,6.0,1.0666179656982422,0.16013765335083008,0.9064803123474121,0.5686274509803921,0.6140350877192983,0.5686274509803921,cold_rna,split2026,1,Contact500 pretraining without SCA
749,4.522878646850586,4.964545249938965,4.522878646850586,6.1578545570373535,4.522878646850586,0.4416666030883789,1.6349759101867676,-1.1933093070983887,0.4779116465863453,0.1714285714285714,0.1714285714285714,cold_rna,split2026,1,Contact500 pretraining without SCA
1883,7.055517196655273,10.841360092163086,7.055517196655273,8.046954154968262,7.055517196655273,3.7858428955078125,0.9914369583129883,2.794405937194824,0.4435897435897435,0.1739130434782608,0.1739130434782608,cold_rna,split2026,1,Contact500 pretraining without SCA
747,6.443697452545166,4.720953464508057,6.443697452545166,5.92157506942749,6.443697452545166,1.7227439880371094,0.5221223831176758,1.2006216049194336,0.4779116465863453,0.64,0.4779116465863453,cold_rna,split2026,1,Contact500 pretraining without SCA
310,4.522878646850586,10.590373992919922,4.522878646850586,10.972759246826172,4.522878646850586,6.067495346069336,6.449880599975586,-0.38238525390625,0.1363636363636363,0.1461988304093567,0.1363636363636363,cold_rna,split2026,1,Contact500 pretraining without SCA
407,4.026872158050537,7.97415828704834,4.026872158050537,8.148406982421875,4.026872158050537,3.9472861289978027,4.121534824371338,-0.17424869537353516,0.1363636363636363,0.1976744186046511,0.1363636363636363,cold_rna,split2026,1,Contact500 pretraining without SCA
1851,6.408935546875,6.768398284912109,6.408935546875,7.240739345550537,6.408935546875,0.3594627380371094,0.8318037986755371,-0.47234106063842773,0.5319148936170213,0.1166666666666666,0.1166666666666666,cold_rna,split2026,1,Contact500 pretraining without SCA
1955,6.886056423187256,6.449563503265381,6.886056423187256,7.041684150695801,6.886056423187256,0.436492919921875,0.15562772750854492,0.2808651924133301,0.6875,0.238095238095238,0.238095238095238,cold_rna,split2026,1,Contact500 pretraining without SCA
2393,4.494850158691406,6.617828369140625,4.494850158691406,7.296677112579346,4.494850158691406,2.1229782104492188,2.8018269538879395,-0.6788487434387207,0.5084745762711864,0.203125,0.203125,cold_rna,split2026,1,Contact500 pretraining without SCA
1856,6.443697452545166,6.797272682189941,6.443697452545166,7.107870101928711,6.443697452545166,0.3535752296447754,0.6641726493835449,-0.31059741973876953,0.5319148936170213,0.3137254901960784,0.3137254901960784,cold_rna,split2026,1,Contact500 pretraining without SCA
288,5.243896484375,5.957178115844727,5.243896484375,5.301492691040039,5.243896484375,0.7132816314697266,0.05759620666503906,0.6556854248046875,0.5181818181818182,1.0,0.5181818181818182,cold_rna,split2026,1,Contact500 pretraining without SCA
2104,8.170696258544922,9.25766372680664,8.170696258544922,9.16610336303711,8.170696258544922,1.0869674682617188,0.9954071044921875,0.09156036376953125,0.1366931308249913,0.1891891891891892,0.1366931308249913,cold_rna,split2026,1,Contact500 pretraining without SCA
1858,5.443697452545166,6.303704261779785,5.443697452545166,5.913856983184815,5.443697452545166,0.8600068092346191,0.4701595306396493,0.3898472785949698,0.5357142857142857,0.1739130434782608,0.1739130434782608,cold_rna,split2026,1,Contact500 pretraining without SCA
1946,6.107905387878418,6.560657501220703,6.107905387878418,6.985227584838867,6.107905387878418,0.45275211334228516,0.8773221969604492,-0.42457008361816406,0.5384615384615384,0.238095238095238,0.238095238095238,cold_rna,split2026,1,Contact500 pretraining without SCA
1825,7.07572078704834,8.260493278503418,7.07572078704834,8.653054237365723,7.07572078704834,1.1847724914550781,1.5773334503173828,-0.3925609588623047,0.525,0.3402777777777778,0.3402777777777778,cold_rna,split2026,1,Contact500 pretraining without SCA
750,5.602059841156006,4.88904333114624,5.602059841156006,5.45667839050293,5.602059841156006,0.7130165100097656,0.14538145065307617,0.5676350593566895,0.4779116465863453,0.2162162162162162,0.2162162162162162,cold_rna,split2026,1,Contact500 pretraining without SCA
1002,4.481485843658447,7.310941219329834,4.481485843658447,8.302024841308594,4.481485843658447,2.8294553756713867,3.8205389976501465,-0.9910836219787598,0.5084745762711864,0.1851851851851851,0.1851851851851851,cold_rna,split2026,1,Contact500 pretraining without SCA
787,4.92081880569458,5.305257797241211,4.92081880569458,5.723921775817871,4.92081880569458,0.38443899154663086,0.803102970123291,-0.41866397857666016,0.5555555555555556,0.1981132075471698,0.1981132075471698,cold_rna,split2026,1,Contact500 pretraining without SCA
1293,7.386157989501953,6.771439552307129,7.386157989501953,6.432655334472656,7.386157989501953,0.6147184371948242,0.9535026550292969,-0.33878421783447266,0.5357142857142857,1.0,0.5357142857142857,cold_rna,split2026,1,Contact500 pretraining without SCA
1956,6.92081880569458,6.33165979385376,6.92081880569458,7.057474136352539,6.92081880569458,0.5891590118408203,0.13665533065795898,0.45250368118286133,0.6956521739130435,0.238095238095238,0.238095238095238,cold_rna,split2026,1,Contact500 pretraining without SCA
1943,6.12493896484375,6.6654205322265625,6.12493896484375,7.515029907226562,6.12493896484375,0.5404815673828125,1.3900909423828116,-0.8496093749999991,0.5357142857142857,0.238095238095238,0.238095238095238,cold_rna,split2026,1,Contact500 pretraining without SCA
1398,4.586700439453125,5.210608959197998,4.586700439453125,5.234439373016357,4.586700439453125,0.623908519744873,0.6477389335632324,-0.023830413818359375,0.5074626865671642,0.37,0.37,cold_rna,split2026,1,Contact500 pretraining without SCA
1950,6.251811981201172,6.614555358886719,6.251811981201172,7.460194110870361,6.251811981201172,0.3627433776855469,1.2083821296691895,-0.8456387519836426,0.5535714285714286,0.238095238095238,0.238095238095238,cold_rna,split2026,1,Contact500 pretraining without SCA
784,4.698969841003418,5.481470108032227,4.698969841003418,5.59011697769165,4.698969841003418,0.7825002670288086,0.8911471366882324,-0.10864686965942383,0.5555555555555556,0.2886597938144329,0.2886597938144329,cold_rna,split2026,1,Contact500 pretraining without SCA
955,6.327902317047119,6.87056827545166,6.327902317047119,8.031359672546387,6.327902317047119,0.542665958404541,1.7034573554992676,-1.1607913970947266,0.5084745762711864,0.1739130434782608,0.1739130434782608,cold_rna,split2026,1,Contact500 pretraining without SCA
746,5.15490198135376,4.787220001220703,5.15490198135376,6.073146820068359,5.15490198135376,0.36768198013305664,0.9182448387145996,-0.550562858581543,0.4779116465863453,0.5333333333333333,0.4779116465863453,cold_rna,split2026,1,Contact500 pretraining without SCA
748,4.886056423187256,4.672173023223877,4.886056423187256,5.858901500701904,4.886056423187256,0.2138833999633789,0.9728450775146484,-0.7589616775512695,0.4779116465863453,0.3666666666666666,0.3666666666666666,cold_rna,split2026,1,Contact500 pretraining without SCA
1291,7.195860385894775,6.771440029144287,7.195860385894775,6.432655811309815,7.195860385894775,0.4244203567504883,0.76320457458496,-0.33878421783447177,0.5357142857142857,1.0,0.5357142857142857,cold_rna,split2026,1,Contact500 pretraining without SCA
401,5.096909999847412,7.915040016174316,5.096909999847412,6.943007469177246,5.096909999847412,2.8181300163269043,1.846097469329834,0.9720325469970703,0.1366931308249913,0.1827956989247312,0.1366931308249913,cold_rna,split2026,1,Contact500 pretraining without SCA
2390,6.173925399780273,7.138551235198975,6.173925399780273,6.083733081817627,6.173925399780273,0.9646258354187012,0.09019231796264648,0.8744335174560547,0.5084745762711864,0.0,0.0,cold_rna,split2026,1,Contact500 pretraining without SCA
1109,7.065501689910889,4.810097694396973,7.065501689910889,4.849447250366211,7.065501689910889,2.255403995513916,2.2160544395446777,0.03934955596923828,0.5833333333333333,0.2307692307692307,0.2307692307692307,cold_rna,split2026,1,Contact500 pretraining without SCA
998,5.346787452697754,7.297913551330566,5.346787452697754,8.149537086486816,5.346787452697754,1.9511260986328125,2.8027496337890625,-0.85162353515625,0.5084745762711864,0.1506849315068493,0.1506849315068493,cold_rna,split2026,1,Contact500 pretraining without SCA
1821,7.698969841003418,7.663193702697754,7.698969841003418,7.752098083496094,7.698969841003418,0.03577613830566406,0.05312824249267578,-0.01735210418701172,0.525,0.2016129032258064,0.2016129032258064,cold_rna,split2026,1,Contact500 pretraining without SCA
1425,5.045757293701172,6.578396320343018,5.045757293701172,7.028263092041016,5.045757293701172,1.5326390266418457,1.9825057983398438,-0.44986677169799805,0.5423728813559322,0.205607476635514,0.205607476635514,cold_rna,split2026,1,Contact500 pretraining without SCA
1405,3.1687703132629395,4.529583930969238,3.1687703132629395,5.769842147827148,3.1687703132629395,1.3608136177062988,2.601071834564209,-1.2402582168579102,0.5074626865671642,0.2989690721649484,0.2989690721649484,cold_rna,split2026,1,Contact500 pretraining without SCA
1401,4.490797519683838,5.121140480041504,4.490797519683838,5.369828224182129,4.490797519683838,0.630342960357666,0.879030704498291,-0.248687744140625,0.5074626865671642,0.37,0.37,cold_rna,split2026,1,Contact500 pretraining without SCA
1952,6.130768299102783,6.537301063537598,6.130768299102783,6.948451519012451,6.130768299102783,0.40653276443481445,0.817683219909668,-0.4111504554748535,0.5490196078431373,0.238095238095238,0.238095238095238,cold_rna,split2026,1,Contact500 pretraining without SCA
993,5.455932140350342,6.618648052215576,5.455932140350342,6.355060577392578,5.455932140350342,1.1627159118652344,0.8991284370422363,0.26358747482299805,0.5084745762711864,0.1632653061224489,0.1632653061224489,cold_rna,split2026,1,Contact500 pretraining without SCA
936,2.853872060775757,5.676316261291504,2.853872060775757,6.678607940673828,2.853872060775757,2.822444200515747,3.8247358798980713,-1.0022916793823242,0.5405405405405406,0.64,0.5405405405405406,cold_rna,split2026,1,Contact500 pretraining without SCA
992,5.958607196807861,6.665949821472168,5.958607196807861,7.4757256507873535,5.958607196807861,0.7073426246643066,1.5171184539794922,-0.8097758293151855,0.5084745762711864,0.2075471698113207,0.2075471698113207,cold_rna,split2026,1,Contact500 pretraining without SCA
1394,4.300162315368652,5.047828197479248,4.300162315368652,5.436514854431152,4.300162315368652,0.7476658821105957,1.1363525390625,-0.3886866569519043,0.5074626865671642,0.3627450980392157,0.3627450980392157,cold_rna,split2026,1,Contact500 pretraining without SCA
2183,5.602059841156006,6.219755172729492,5.602059841156006,5.187551498413086,5.602059841156006,0.6176953315734863,0.4145083427429199,0.2031869888305664,0.5555555555555556,0.7551020408163265,0.5555555555555556,cold_rna,split2026,1,Contact500 pretraining without SCA
1852,6.568636417388916,6.087393283843994,6.568636417388916,5.928715705871582,6.568636417388916,0.4812431335449219,0.639920711517334,-0.1586775779724121,0.5319148936170213,0.2,0.2,cold_rna,split2026,1,Contact500 pretraining without SCA
940,1.889410257339477,5.853907585144043,1.889410257339477,5.521583557128906,1.889410257339477,3.964497327804566,3.632173299789429,0.3323240280151367,0.5405405405405406,0.7321428571428571,0.5405405405405406,cold_rna,split2026,1,Contact500 pretraining without SCA
2176,5.30980396270752,5.663006782531738,5.30980396270752,4.816696643829346,5.30980396270752,0.35320281982421786,0.4931073188781747,-0.13990449905395685,0.5555555555555556,0.8809523809523809,0.5555555555555556,cold_rna,split2026,1,Contact500 pretraining without SCA
1005,4.045757293701172,6.79401445388794,4.045757293701172,5.659990310668945,4.045757293701172,2.7482571601867685,1.6142330169677734,1.134024143218995,0.5084745762711864,0.4098360655737705,0.4098360655737705,cold_rna,split2026,1,Contact500 pretraining without SCA
1263,4.673664093017578,6.419705390930176,4.673664093017578,5.4926276206970215,4.673664093017578,1.7460412979125977,0.8189635276794434,0.9270777702331543,0.6071428571428572,0.2653061224489796,0.2653061224489796,cold_rna,split2026,1,Contact500 pretraining without SCA
1021,5.387216091156006,5.77532434463501,5.387216091156006,5.524637222290039,5.387216091156006,0.3881082534790039,0.1374211311340332,0.2506871223449707,0.5833333333333333,0.1506849315068493,0.1506849315068493,cold_rna,split2026,1,Contact500 pretraining without SCA
961,5.823908805847168,6.508414268493652,5.823908805847168,6.520389080047607,5.823908805847168,0.6845054626464844,0.6964802742004395,-0.011974811553955078,0.5084745762711864,0.1290322580645161,0.1290322580645161,cold_rna,split2026,1,Contact500 pretraining without SCA
406,3.11861538887024,8.162338256835938,3.11861538887024,8.68577766418457,3.11861538887024,5.043722867965697,5.56716227531433,-0.5234394073486328,0.1363636363636363,0.2068965517241379,0.1363636363636363,cold_rna,split2026,1,Contact500 pretraining without SCA
938,2.537601947784424,6.537071228027344,2.537601947784424,6.206405162811279,2.537601947784424,3.99946928024292,3.6688032150268555,0.33066606521606445,0.5405405405405406,1.0,0.5405405405405406,cold_rna,split2026,1,Contact500 pretraining without SCA
1176,5.744727611541748,5.909782409667969,5.744727611541748,6.038322925567627,5.744727611541748,0.1650547981262207,0.2935953140258789,-0.1285405158996582,0.5806451612903225,0.2191780821917808,0.2191780821917808,cold_rna,split2026,1,Contact500 pretraining without SCA
2182,6.173925399780273,6.219755172729492,6.173925399780273,5.187551498413086,6.173925399780273,0.04582977294921875,0.9863739013671875,-0.9405441284179688,0.5555555555555556,0.7551020408163265,0.5555555555555556,cold_rna,split2026,1,Contact500 pretraining without SCA
1296,8.769551277160645,6.771440029144287,8.769551277160645,6.432655334472656,8.769551277160645,1.9981112480163574,2.3368959426879883,-0.33878469467163086,0.5357142857142857,1.0,0.5357142857142857,cold_rna,split2026,1,Contact500 pretraining without SCA
2170,4.92081880569458,5.663809299468994,4.92081880569458,5.396299839019775,4.92081880569458,0.7429904937744141,0.4754810333251953,0.26750946044921875,0.5555555555555556,1.0,0.5555555555555556,cold_rna,split2026,1,Contact500 pretraining without SCA
2064,5.295849323272705,5.401213645935059,5.295849323272705,5.996632099151611,5.295849323272705,0.10536432266235352,0.7007827758789062,-0.5954184532165527,0.7142857142857143,0.2615384615384615,0.2615384615384615,cold_rna,split2026,1,Contact500 pretraining without SCA
1884,6.958607196807861,11.03963565826416,6.958607196807861,7.612382411956787,6.958607196807861,4.081028461456299,0.6537752151489258,3.427253246307373,0.4435897435897435,0.2207792207792207,0.2207792207792207,cold_rna,split2026,1,Contact500 pretraining without SCA
735,4.0087738037109375,6.931363582611084,4.0087738037109375,7.143582344055176,4.0087738037109375,2.9225897789001465,3.1348085403442383,-0.2122187614440918,0.5084745762711864,0.1714285714285714,0.1714285714285714,cold_rna,split2026,1,Contact500 pretraining without SCA
1845,5.552842140197754,6.6283159255981445,5.552842140197754,5.753211975097656,5.552842140197754,1.0754737854003906,0.20036983489990234,0.8751039505004883,0.5357142857142857,0.1578947368421052,0.1578947368421052,cold_rna,split2026,1,Contact500 pretraining without SCA
1951,6.065501689910889,6.704500675201416,6.065501689910889,7.60900068283081,6.065501689910889,0.6389989852905273,1.543498992919921,-0.9045000076293936,0.5531914893617021,0.238095238095238,0.238095238095238,cold_rna,split2026,1,Contact500 pretraining without SCA
1838,5.337242126464844,6.631908416748047,5.337242126464844,6.111653804779053,5.337242126464844,1.2946662902832031,0.774411678314209,0.5202546119689941,0.5384615384615384,0.1578947368421052,0.1578947368421052,cold_rna,split2026,1,Contact500 pretraining without SCA
960,4.494850158691406,6.758808612823486,4.494850158691406,7.039955139160156,4.494850158691406,2.26395845413208,2.54510498046875,-0.2811465263366699,0.5084745762711864,0.2321428571428571,0.2321428571428571,cold_rna,split2026,1,Contact500 pretraining without SCA
1896,6.221848964691162,7.572053909301758,6.221848964691162,7.290486812591553,6.221848964691162,1.3502049446105957,1.0686378479003906,0.2815670967102051,0.8266666666666667,0.3,0.3,cold_rna,split2026,1,Contact500 pretraining without SCA
1280,5.602059841156006,5.0596699714660645,5.602059841156006,6.292725086212158,5.602059841156006,0.5423898696899414,0.6906652450561523,-0.14827537536621094,0.4819277108433735,0.2162162162162162,0.2162162162162162,cold_rna,split2026,1,Contact500 pretraining without SCA
1282,4.619788646697998,4.882054328918457,4.619788646697998,6.076957702636719,4.619788646697998,0.262265682220459,1.4571690559387207,-1.1949033737182617,0.4819277108433735,0.2162162162162162,0.2162162162162162,cold_rna,split2026,1,Contact500 pretraining without SCA
1062,6.045757293701172,7.793049335479736,6.045757293701172,6.466348171234131,6.045757293701172,1.7472920417785645,0.420590877532959,1.3267011642456055,0.55,0.2148148148148148,0.2148148148148148,cold_rna,split2026,1,Contact500 pretraining without SCA
956,6.481485843658447,7.925434112548828,6.481485843658447,8.493605613708496,6.481485843658447,1.4439482688903809,2.012119770050049,-0.568171501159668,0.5084745762711864,0.1721311475409836,0.1721311475409836,cold_rna,split2026,1,Contact500 pretraining without SCA
2405,5.107905387878418,4.905826568603516,5.107905387878418,4.514618873596191,5.107905387878418,0.20207881927490234,0.5932865142822266,-0.3912076950073242,0.5833333333333333,0.1311475409836065,0.1311475409836065,cold_rna,split2026,1,Contact500 pretraining without SCA
416,5.744727611541748,4.720953464508057,5.744727611541748,5.92157506942749,5.744727611541748,1.0237741470336914,0.1768474578857422,0.8469266891479492,0.4779116465863453,0.64,0.4779116465863453,cold_rna,split2026,1,Contact500 pretraining without SCA
1114,7.647817611694336,6.277909278869629,7.647817611694336,6.360079765319824,7.647817611694336,1.369908332824707,1.2877378463745117,0.08217048645019531,0.5833333333333333,0.1785714285714285,0.1785714285714285,cold_rna,split2026,1,Contact500 pretraining without SCA
1327,6.272784233093262,6.176354885101318,6.272784233093262,5.103826522827148,6.272784233093262,0.09642934799194336,1.1689577102661133,-1.07252836227417,0.8333333333333334,0.1666666666666666,0.1666666666666666,cold_rna,split2026,1,StructRSMA: Contact500 pretraining plus SCA
1288,6.588380336761475,5.864509105682373,6.588380336761475,5.412188529968262,6.588380336761475,0.7238712310791016,1.176191806793213,-0.45232057571411133,0.4907407407407407,0.1777777777777777,0.1777777777777777,cold_rna,split2026,1,StructRSMA: Contact500 pretraining plus SCA
963,5.853871822357178,6.495835304260254,5.853871822357178,4.686748504638672,5.853871822357178,0.6419634819030762,1.1671233177185059,-0.5251598358154297,0.5084745762711864,0.3260869565217391,0.3260869565217391,cold_rna,split2026,1,StructRSMA: Contact500 pretraining plus SCA
1017,5.022276401519775,5.094340801239014,5.022276401519775,4.11942720413208,5.022276401519775,0.07206439971923828,0.9028491973876953,-0.830784797668457,0.5833333333333333,0.1632653061224489,0.1632653061224489,cold_rna,split2026,1,StructRSMA: Contact500 pretraining plus SCA
1174,4.71669864654541,6.001644134521484,4.71669864654541,5.4439568519592285,4.71669864654541,1.2849454879760742,0.7272582054138184,0.5576872825622559,0.5806451612903225,0.2424242424242424,0.2424242424242424,cold_rna,split2026,1,StructRSMA: Contact500 pretraining plus SCA
1889,6.494850158691406,8.078697204589844,6.494850158691406,5.13462495803833,6.494850158691406,1.5838470458984375,1.3602252006530762,0.22362184524536133,0.8266666666666667,1.0,0.8266666666666667,cold_rna,split2026,1,StructRSMA: Contact500 pretraining plus SCA
1846,6.619788646697998,6.367283821105957,6.619788646697998,5.267983913421631,6.619788646697998,0.252504825592041,1.3518047332763672,-1.0992999076843262,0.5319148936170213,0.1739130434782608,0.1739130434782608,cold_rna,split2026,1,StructRSMA: Contact500 pretraining plus SCA
457,5.337242126464844,10.797483444213867,5.337242126464844,5.414339065551758,5.337242126464844,5.460241317749023,0.07709693908691406,5.383144378662109,0.3052208835341365,0.2407407407407407,0.2407407407407407,cold_rna,split2026,1,StructRSMA: Contact500 pretraining plus SCA
1042,5.031517028808594,5.028923034667969,5.031517028808594,5.616526126861572,5.031517028808594,0.002593994140625,0.5850090980529785,-0.5824151039123535,0.6111111111111112,0.1909090909090909,0.1909090909090909,cold_rna,split2026,1,StructRSMA: Contact500 pretraining plus SCA
1434,4.698969841003418,7.432378768920898,4.698969841003418,5.291125774383545,4.698969841003418,2.7334089279174805,0.592155933380127,2.1412529945373535,0.5254237288135593,0.1720430107526881,0.1720430107526881,cold_rna,split2026,1,StructRSMA: Contact500 pretraining plus SCA
1268,4.0,6.527204036712647,4.0,6.008485794067383,4.0,2.5272040367126474,2.008485794067383,0.5187182426452646,0.56,0.1891891891891892,0.1891891891891892,cold_rna,split2026,1,StructRSMA: Contact500 pretraining plus SCA
1397,4.560667514801025,5.169386386871338,4.560667514801025,5.371201515197754,4.560667514801025,0.6087188720703125,0.8105340003967285,-0.20181512832641602,0.5074626865671642,0.3737373737373737,0.3737373737373737,cold_rna,split2026,1,StructRSMA: Contact500 pretraining plus SCA
1867,5.387216091156006,6.6430864334106445,5.387216091156006,5.318146228790283,5.387216091156006,1.2558703422546387,0.06906986236572266,1.186800479888916,0.5357142857142857,0.180722891566265,0.180722891566265,cold_rna,split2026,1,StructRSMA: Contact500 pretraining plus SCA
2101,8.42021656036377,9.516374588012695,8.42021656036377,6.534177303314209,8.42021656036377,1.0961580276489258,1.8860392570495605,-0.7898812294006348,0.1366931308249913,0.1666666666666666,0.1366931308249913,cold_rna,split2026,1,StructRSMA: Contact500 pretraining plus SCA
1894,3.823908805847168,7.319632053375244,3.823908805847168,4.974494934082031,3.823908805847168,3.495723247528076,1.1505861282348633,2.345137119293213,0.8266666666666667,0.3518518518518518,0.3518518518518518,cold_rna,split2026,1,StructRSMA: Contact500 pretraining plus SCA
1854,5.638272285461426,6.822086811065674,5.638272285461426,5.923399925231934,5.638272285461426,1.183814525604248,0.2851276397705078,0.8986868858337402,0.5319148936170213,0.225,0.225,cold_rna,split2026,1,StructRSMA: Contact500 pretraining plus SCA
1945,6.2441253662109375,6.546682357788086,6.2441253662109375,6.236941337585449,6.2441253662109375,0.30255699157714844,0.007184028625488281,0.29537296295166016,0.5357142857142857,0.238095238095238,0.238095238095238,cold_rna,split2026,1,StructRSMA: Contact500 pretraining plus SCA
1382,3.314258337020874,6.606955528259277,3.314258337020874,5.0893096923828125,3.314258337020874,3.2926971912384033,1.7750513553619385,1.5176458358764648,0.5074626865671642,0.4805194805194805,0.4805194805194805,cold_rna,split2026,1,StructRSMA: Contact500 pretraining plus SCA
778,5.958607196807861,6.711853504180908,5.958607196807861,5.483202934265137,5.958607196807861,0.7532463073730469,0.4754042625427246,0.27784204483032227,0.5714285714285714,0.1755725190839694,0.1755725190839694,cold_rna,split2026,1,StructRSMA: Contact500 pretraining plus SCA
1392,4.79587984085083,5.201595306396484,4.79587984085083,5.338249206542969,4.79587984085083,0.4057154655456543,0.5423693656921387,-0.13665390014648438,0.5074626865671642,0.3854166666666667,0.3854166666666667,cold_rna,split2026,1,StructRSMA: Contact500 pretraining plus SCA
2063,6.200659275054932,5.589332103729248,6.200659275054932,5.525990962982178,6.200659275054932,0.6113271713256836,0.6746683120727539,-0.06334114074707031,0.7142857142857143,0.25,0.25,cold_rna,split2026,1,StructRSMA: Contact500 pretraining plus SCA
1003,4.356547355651856,7.226070880889893,4.356547355651856,4.845449447631836,4.356547355651856,2.869523525238036,0.4889020919799796,2.3806214332580566,0.5084745762711864,0.2,0.2,cold_rna,split2026,1,StructRSMA: Contact500 pretraining plus SCA
1963,5.79587984085083,6.1710591316223145,5.79587984085083,5.015568733215332,5.79587984085083,0.3751792907714844,0.780311107635498,-0.40513181686401367,0.6071428571428572,0.238095238095238,0.238095238095238,cold_rna,split2026,1,StructRSMA: Contact500 pretraining plus SCA
1427,5.12493896484375,6.676278591156006,5.12493896484375,5.64688777923584,5.12493896484375,1.5513396263122559,0.5219488143920898,1.029390811920166,0.5434782608695652,0.205607476635514,0.205607476635514,cold_rna,split2026,1,StructRSMA: Contact500 pretraining plus SCA
1208,6.721246242523193,7.526108264923096,6.721246242523193,5.763398170471191,6.721246242523193,0.8048620223999023,0.957848072052002,-0.1529860496520996,0.5454545454545454,0.2894736842105263,0.2894736842105263,cold_rna,split2026,1,StructRSMA: Contact500 pretraining plus SCA
396,8.886056900024414,9.744908332824709,8.886056900024414,6.593502998352051,8.886056900024414,0.8588514328002947,2.2925539016723633,-1.4337024688720685,0.1366931308249913,0.1550387596899224,0.1366931308249913,cold_rna,split2026,1,StructRSMA: Contact500 pretraining plus SCA
997,5.7695512771606445,6.516436576843262,5.7695512771606445,4.498320579528809,5.7695512771606445,0.7468852996826172,1.271230697631836,-0.5243453979492188,0.5084745762711864,0.1917808219178082,0.1917808219178082,cold_rna,split2026,1,StructRSMA: Contact500 pretraining plus SCA
1000,4.954677104949951,6.6024909019470215,4.954677104949951,4.606682300567627,4.954677104949951,1.6478137969970703,0.3479948043823242,1.299818992614746,0.5084745762711864,0.2765957446808511,0.2765957446808511,cold_rna,split2026,1,StructRSMA: Contact500 pretraining plus SCA
1420,6.823908805847168,5.674686431884766,6.823908805847168,4.325207710266113,6.823908805847168,1.1492223739624023,2.4987010955810547,-1.3494787216186523,0.5074626865671642,0.26,0.26,cold_rna,split2026,1,StructRSMA: Contact500 pretraining plus SCA
2379,6.481485843658447,5.532658576965332,6.481485843658447,5.803384780883789,6.481485843658447,0.9488272666931152,0.6781010627746582,0.27072620391845703,0.5909090909090908,0.1858407079646017,0.1858407079646017,cold_rna,split2026,1,StructRSMA: Contact500 pretraining plus SCA
2062,5.241845607757568,5.404335975646973,5.241845607757568,5.420576095581055,5.241845607757568,0.1624903678894043,0.17873048782348633,-0.01624011993408203,0.7142857142857143,0.2741935483870967,0.2741935483870967,cold_rna,split2026,1,StructRSMA: Contact500 pretraining plus SCA
1004,4.292429924011231,7.618117332458496,4.292429924011231,5.490606307983398,4.292429924011231,3.3256874084472647,1.198176383972167,2.1275110244750977,0.5084745762711864,0.2054794520547945,0.2054794520547945,cold_rna,split2026,1,StructRSMA: Contact500 pretraining plus SCA
404,6.0,7.83583402633667,6.0,5.346430778503418,6.0,1.83583402633667,0.653569221496582,1.182264804840088,0.1363636363636363,0.2023809523809523,0.1363636363636363,cold_rna,split2026,1,StructRSMA: Contact500 pretraining plus SCA
2178,4.853871822357178,6.220461845397949,4.853871822357178,5.204519271850586,4.853871822357178,1.3665900230407715,0.3506474494934082,1.0159425735473633,0.5555555555555556,0.7551020408163265,0.5555555555555556,cold_rna,split2026,1,StructRSMA: Contact500 pretraining plus SCA
782,4.721246242523193,5.494452953338623,4.721246242523193,5.405525207519531,4.721246242523193,0.7732067108154297,0.6842789649963379,0.0889277458190918,0.5862068965517242,0.2886597938144329,0.2886597938144329,cold_rna,split2026,1,StructRSMA: Contact500 pretraining plus SCA
1866,5.318758964538574,6.758790016174316,5.318758964538574,5.787724018096924,5.318758964538574,1.4400310516357422,0.4689650535583496,0.9710659980773926,0.5357142857142857,0.225,0.225,cold_rna,split2026,1,StructRSMA: Contact500 pretraining plus SCA
1953,5.677780628204346,6.557066917419434,5.677780628204346,5.748199939727783,5.677780628204346,0.8792862892150879,0.0704193115234375,0.8088669776916504,0.5357142857142857,0.238095238095238,0.238095238095238,cold_rna,split2026,1,StructRSMA: Contact500 pretraining plus SCA
1269,4.494850158691406,6.907801628112793,4.494850158691406,5.896670818328857,4.494850158691406,2.4129514694213867,1.4018206596374512,1.0111308097839355,0.54,0.1891891891891892,0.1891891891891892,cold_rna,split2026,1,StructRSMA: Contact500 pretraining plus SCA
2288,5.301030158996582,8.008886337280273,5.301030158996582,5.70275354385376,5.301030158996582,2.7078561782836914,0.40172338485717773,2.3061327934265137,0.1366931308249913,0.2,0.1366931308249913,cold_rna,split2026,1,StructRSMA: Contact500 pretraining plus SCA
1893,5.06048059463501,7.452424049377441,5.06048059463501,4.787805080413818,5.06048059463501,2.3919434547424316,0.2726755142211914,2.1192679405212402,0.8266666666666667,0.3928571428571428,0.3928571428571428,cold_rna,split2026,1,StructRSMA: Contact500 pretraining plus SCA
1384,3.22402572631836,6.658080577850342,3.22402572631836,5.127218246459961,3.22402572631836,3.434054851531982,1.9031925201416011,1.5308623313903809,0.5074626865671642,0.5,0.5,cold_rna,split2026,1,StructRSMA: Contact500 pretraining plus SCA
1860,5.853871822357178,7.123995780944824,5.853871822357178,5.1281046867370605,5.853871822357178,1.2701239585876465,0.7257671356201172,0.5443568229675293,0.5357142857142857,0.2317073170731707,0.2317073170731707,cold_rna,split2026,1,StructRSMA: Contact500 pretraining plus SCA
786,5.30980396270752,5.461945533752441,5.30980396270752,5.5094523429870605,5.30980396270752,0.152141571044921,0.19964838027954013,-0.04750680923461914,0.5555555555555556,0.1981132075471698,0.1981132075471698,cold_rna,split2026,1,StructRSMA: Contact500 pretraining plus SCA
1025,3.218963146209717,5.269183158874512,3.218963146209717,4.291774749755859,3.218963146209717,2.050220012664795,1.0728116035461426,0.9774084091186523,0.5833333333333333,0.4098360655737705,0.4098360655737705,cold_rna,split2026,1,StructRSMA: Contact500 pretraining plus SCA
966,3.869666337966919,6.885039329528809,3.869666337966919,5.3238677978515625,3.869666337966919,3.0153729915618896,1.4542014598846436,1.561171531677246,0.5084745762711864,0.3333333333333333,0.3333333333333333,cold_rna,split2026,1,StructRSMA: Contact500 pretraining plus SCA
1837,5.221848964691162,6.61792516708374,5.221848964691162,5.526201248168945,5.221848964691162,1.3960762023925781,0.3043522834777832,1.091723918914795,0.5357142857142857,0.1578947368421052,0.1578947368421052,cold_rna,split2026,1,StructRSMA: Contact500 pretraining plus SCA
1948,6.180456161499023,6.492434978485107,6.180456161499023,6.018877506256104,6.180456161499023,0.311978816986084,0.16157865524291903,0.15040016174316495,0.5294117647058824,0.238095238095238,0.238095238095238,cold_rna,split2026,1,StructRSMA: Contact500 pretraining plus SCA
964,4.0087738037109375,6.931363105773926,4.0087738037109375,4.608387470245361,4.0087738037109375,2.9225893020629883,0.5996136665344238,2.3229756355285645,0.5084745762711864,0.1714285714285714,0.1714285714285714,cold_rna,split2026,1,StructRSMA: Contact500 pretraining plus SCA
931,1.787812352180481,5.331552505493164,1.787812352180481,5.34179162979126,1.787812352180481,3.543740153312683,3.553979277610779,-0.010239124298095703,0.5405405405405406,0.5161290322580645,0.5161290322580645,cold_rna,split2026,1,StructRSMA: Contact500 pretraining plus SCA
390,3.318758726119995,8.431571006774902,3.318758726119995,6.39294958114624,3.318758726119995,5.112812280654907,3.074190855026245,2.038621425628662,0.1366931308249913,0.3837209302325581,0.1366931308249913,cold_rna,split2026,1,StructRSMA: Contact500 pretraining plus SCA
2400,5.214670181274414,4.905826568603516,5.214670181274414,4.218471527099609,5.214670181274414,0.30884361267089844,0.9961986541748047,-0.6873550415039062,0.5833333333333333,0.1311475409836065,0.1311475409836065,cold_rna,split2026,1,StructRSMA: Contact500 pretraining plus SCA
1043,5.148741722106934,5.094640731811523,5.148741722106934,5.566105365753174,5.148741722106934,0.054100990295410156,0.41736364364624023,-0.3632626533508301,0.6111111111111112,0.1818181818181818,0.1818181818181818,cold_rna,split2026,1,StructRSMA: Contact500 pretraining plus SCA
995,5.0,6.226995944976807,5.0,4.353157997131348,5.0,1.2269959449768066,0.6468420028686523,0.5801539421081543,0.5084745762711864,0.2,0.2,cold_rna,split2026,1,StructRSMA: Contact500 pretraining plus SCA
1318,4.7798919677734375,6.176353931427002,4.7798919677734375,5.10382604598999,4.7798919677734375,1.3964619636535645,0.32393407821655273,1.0725278854370117,0.8333333333333334,0.1666666666666666,0.1666666666666666,cold_rna,split2026,1,StructRSMA: Contact500 pretraining plus SCA
1399,4.471083164215088,5.093865394592285,4.471083164215088,5.461550235748291,4.471083164215088,0.6227822303771973,0.9904670715332031,-0.36768484115600586,0.5074626865671642,0.3854166666666667,0.3854166666666667,cold_rna,split2026,1,StructRSMA: Contact500 pretraining plus SCA
965,3.9281179904937744,6.726269721984863,3.9281179904937744,4.806991100311279,3.9281179904937744,2.798151731491089,0.8788731098175049,1.919278621673584,0.5084745762711864,0.3571428571428571,0.3571428571428571,cold_rna,split2026,1,StructRSMA: Contact500 pretraining plus SCA
932,5.6575775146484375,5.7489423751831055,5.6575775146484375,4.505216598510742,5.6575775146484375,0.09136486053466797,1.1523609161376953,-1.0609960556030273,0.5405405405405406,0.6862745098039216,0.5405405405405406,cold_rna,split2026,1,StructRSMA: Contact500 pretraining plus SCA
1862,5.823908805847168,6.41929292678833,5.823908805847168,4.811914920806885,5.823908805847168,0.5953841209411621,1.0119938850402832,-0.4166097640991211,0.5357142857142857,0.2131147540983606,0.2131147540983606,cold_rna,split2026,1,StructRSMA: Contact500 pretraining plus SCA
2174,5.744727611541748,6.2198405265808105,5.744727611541748,5.162839412689209,5.744727611541748,0.4751129150390625,0.5818881988525391,-0.10677528381347656,0.5555555555555556,0.8085106382978723,0.5555555555555556,cold_rna,split2026,1,StructRSMA: Contact500 pretraining plus SCA
1393,4.279840469360352,5.243741989135742,4.279840469360352,5.477683067321777,4.279840469360352,0.9639015197753906,1.1978425979614258,-0.23394107818603516,0.5074626865671642,0.3663366336633663,0.3663366336633663,cold_rna,split2026,1,StructRSMA: Contact500 pretraining plus SCA
1864,5.721246242523193,6.0241312980651855,5.721246242523193,4.70956563949585,5.721246242523193,0.3028850555419922,1.0116806030273438,-0.7087955474853516,0.5357142857142857,0.2,0.2,cold_rna,split2026,1,StructRSMA: Contact500 pretraining plus SCA
1001,4.879426002502441,6.804502010345459,4.879426002502441,4.65210485458374,4.879426002502441,1.9250760078430176,0.22732114791870117,1.6977548599243164,0.5084745762711864,0.2087912087912088,0.2087912087912088,cold_rna,split2026,1,StructRSMA: Contact500 pretraining plus SCA
1060,5.397940158843994,8.34834098815918,5.397940158843994,6.113137722015381,5.397940158843994,2.9504008293151855,0.7151975631713867,2.235203266143799,0.525,0.2148148148148148,0.2148148148148148,cold_rna,split2026,1,StructRSMA: Contact500 pretraining plus SCA
1064,5.92081880569458,8.235017776489258,5.92081880569458,6.5196685791015625,5.92081880569458,2.3141989707946777,0.5988497734069824,1.7153491973876953,0.5423728813559322,0.2148148148148148,0.2148148148148148,cold_rna,split2026,1,StructRSMA: Contact500 pretraining plus SCA
1306,7.08092212677002,5.288981914520264,7.08092212677002,5.8718461990356445,7.08092212677002,1.7919402122497567,1.2090759277343759,0.5828642845153809,0.5714285714285714,0.1929824561403508,0.1929824561403508,cold_rna,split2026,1,StructRSMA: Contact500 pretraining plus SCA
781,5.886056423187256,5.497687339782715,5.886056423187256,5.486543655395508,5.886056423187256,0.388369083404541,0.39951276779174805,-0.011143684387207031,0.5714285714285714,0.1981132075471698,0.1981132075471698,cold_rna,split2026,1,StructRSMA: Contact500 pretraining plus SCA
1292,8.236572265625,6.771439552307129,8.236572265625,5.6553449630737305,8.236572265625,1.465132713317871,2.5812273025512695,-1.1160945892333984,0.5357142857142857,1.0,0.5357142857142857,cold_rna,split2026,1,StructRSMA: Contact500 pretraining plus SCA
996,4.1674909591674805,6.348293304443359,4.1674909591674805,4.4518232345581055,4.1674909591674805,2.180802345275879,0.284332275390625,1.896470069885254,0.5084745762711864,0.2553191489361702,0.2553191489361702,cold_rna,split2026,1,StructRSMA: Contact500 pretraining plus SCA
1387,4.856985092163086,5.620951175689697,4.856985092163086,5.378913402557373,4.856985092163086,0.7639660835266113,0.5219283103942871,0.24203777313232422,0.5074626865671642,0.425287356321839,0.425287356321839,cold_rna,split2026,1,StructRSMA: Contact500 pretraining plus SCA
1835,5.397940158843994,6.736632347106934,5.397940158843994,5.212967395782471,5.397940158843994,1.3386921882629395,0.18497276306152344,1.153719425201416,0.5357142857142857,0.1578947368421052,0.1578947368421052,cold_rna,split2026,1,StructRSMA: Contact500 pretraining plus SCA
1024,5.12493896484375,5.279737949371338,5.12493896484375,4.485030174255371,5.12493896484375,0.1547989845275879,0.6399087905883789,-0.485109806060791,0.5833333333333333,0.2087912087912088,0.2087912087912088,cold_rna,split2026,1,StructRSMA: Contact500 pretraining plus SCA
1426,4.92081880569458,6.152813911437988,4.92081880569458,5.517454147338867,4.92081880569458,1.2319951057434082,0.5966353416442871,0.6353597640991211,0.5357142857142857,0.205607476635514,0.205607476635514,cold_rna,split2026,1,StructRSMA: Contact500 pretraining plus SCA
2181,5.096909999847412,6.219233512878418,5.096909999847412,5.070265293121338,5.096909999847412,1.1223235130310059,0.02664470672607422,1.0956788063049316,0.5555555555555556,0.6,0.5555555555555556,cold_rna,split2026,1,StructRSMA: Contact500 pretraining plus SCA
2179,6.0,6.219752788543701,6.0,5.161477088928223,6.0,0.21975278854370117,0.8385229110717773,-0.6187701225280762,0.5555555555555556,0.8297872340425532,0.5555555555555556,cold_rna,split2026,1,StructRSMA: Contact500 pretraining plus SCA
1892,5.853871822357178,7.523574352264404,5.853871822357178,4.949405193328857,5.853871822357178,1.6697025299072266,0.9044666290283203,0.7652359008789062,0.8266666666666667,0.3157894736842105,0.3157894736842105,cold_rna,split2026,1,StructRSMA: Contact500 pretraining plus SCA
289,5.698969841003418,7.629742622375488,5.698969841003418,5.331433296203613,5.698969841003418,1.9307727813720703,0.3675365447998047,1.5632362365722656,0.1366931308249913,0.1486486486486486,0.1366931308249913,cold_rna,split2026,1,StructRSMA: Contact500 pretraining plus SCA
1836,5.92081880569458,6.7462663650512695,5.92081880569458,5.086859703063965,5.92081880569458,0.8254475593566895,0.8339591026306152,-0.008511543273925781,0.5535714285714286,0.1578947368421052,0.1578947368421052,cold_rna,split2026,1,StructRSMA: Contact500 pretraining plus SCA
934,5.318758964538574,5.823521137237549,5.318758964538574,4.645852088928223,5.318758964538574,0.5047621726989746,0.6729068756103516,-0.16814470291137695,0.5405405405405406,0.7272727272727273,0.5405405405405406,cold_rna,split2026,1,StructRSMA: Contact500 pretraining plus SCA
2392,5.823908805847168,6.425462245941162,5.823908805847168,4.750475883483887,5.823908805847168,0.6015534400939941,1.0734329223632812,-0.4718794822692871,0.5084745762711864,0.1311475409836065,0.1311475409836065,cold_rna,split2026,1,StructRSMA: Contact500 pretraining plus SCA
1221,4.301030158996582,5.602782249450684,4.301030158996582,4.743809700012207,4.301030158996582,1.3017520904541016,0.442779541015625,0.8589725494384766,0.6071428571428572,0.1746031746031746,0.1746031746031746,cold_rna,split2026,1,StructRSMA: Contact500 pretraining plus SCA
1888,6.853871822357178,14.024409294128418,6.853871822357178,7.54262113571167,6.853871822357178,7.17053747177124,0.6887493133544922,6.481788158416748,0.4039900249376559,0.3137254901960784,0.3137254901960784,cold_rna,split2026,1,StructRSMA: Contact500 pretraining plus SCA
1388,4.705533981323242,6.603032112121582,4.705533981323242,5.2761640548706055,4.705533981323242,1.8974981307983398,0.5706300735473633,1.3268680572509766,0.5074626865671642,0.4021739130434782,0.4021739130434782,cold_rna,split2026,1,StructRSMA: Contact500 pretraining plus SCA
1957,6.97469425201416,6.283640861511231,6.97469425201416,6.209442138671875,6.97469425201416,0.6910533905029288,0.7652521133422852,-0.07419872283935636,0.6521739130434783,0.238095238095238,0.238095238095238,cold_rna,split2026,1,StructRSMA: Contact500 pretraining plus SCA
419,8.12493896484375,8.321995735168457,8.12493896484375,6.239339828491211,8.12493896484375,0.19705677032470703,1.885599136352539,-1.688542366027832,0.1366931308249913,0.1530612244897959,0.1366931308249913,cold_rna,split2026,1,StructRSMA: Contact500 pretraining plus SCA
2402,3.462180852890014,5.407104015350342,3.462180852890014,4.372467041015625,3.462180852890014,1.9449231624603276,0.9102861881256108,1.0346369743347168,0.5833333333333333,0.1714285714285714,0.1714285714285714,cold_rna,split2026,1,StructRSMA: Contact500 pretraining plus SCA
2105,8.088842391967773,9.748730659484863,8.088842391967773,6.6947126388549805,8.088842391967773,1.6598882675170898,1.394129753112793,0.2657585144042969,0.1366931308249913,0.1746031746031746,0.1366931308249913,cold_rna,split2026,1,StructRSMA: Contact500 pretraining plus SCA
1421,6.275723934173584,4.664339065551758,6.275723934173584,3.985924005508423,6.275723934173584,1.6113848686218262,2.289799928665161,-0.678415060043335,0.5074626865671642,0.8571428571428571,0.5074626865671642,cold_rna,split2026,1,StructRSMA: Contact500 pretraining plus SCA
1285,4.12493896484375,4.681354999542236,4.12493896484375,4.593177795410156,4.12493896484375,0.5564160346984863,0.46823883056640625,0.08817720413208008,0.4819277108433735,0.2222222222222222,0.2222222222222222,cold_rna,split2026,1,StructRSMA: Contact500 pretraining plus SCA
400,8.560667037963867,10.115521430969238,8.560667037963867,6.848913192749023,8.560667037963867,1.554854393005371,1.7117538452148438,-0.15689945220947266,0.1366931308249913,0.1773049645390071,0.1366931308249913,cold_rna,split2026,1,StructRSMA: Contact500 pretraining plus SCA
1958,7.036211967468262,6.3386549949646,7.036211967468262,6.396942138671875,7.036211967468262,0.6975569725036621,0.6392698287963867,0.05828714370727539,0.5757575757575757,0.238095238095238,0.238095238095238,cold_rna,split2026,1,StructRSMA: Contact500 pretraining plus SCA
734,4.958607196807861,5.950340270996094,4.958607196807861,4.593148708343506,4.958607196807861,0.9917330741882324,0.36545848846435547,0.626274585723877,0.5084745762711864,0.2602739726027397,0.2602739726027397,cold_rna,split2026,1,StructRSMA: Contact500 pretraining plus SCA
933,5.853871822357178,5.857222557067871,5.853871822357178,4.557461738586426,5.853871822357178,0.0033507347106933594,1.296410083770752,-1.2930593490600586,0.5405405405405406,0.6724137931034483,0.5405405405405406,cold_rna,split2026,1,StructRSMA: Contact500 pretraining plus SCA
1863,5.886056423187256,6.705076694488525,5.886056423187256,5.135159015655518,5.886056423187256,0.8190202713012695,0.7508974075317383,0.06812286376953125,0.5357142857142857,0.1166666666666666,0.1166666666666666,cold_rna,split2026,1,StructRSMA: Contact500 pretraining plus SCA
1175,5.585026741027832,6.112807273864746,5.585026741027832,5.3029632568359375,5.585026741027832,0.5277805328369141,0.28206348419189453,0.24571704864501953,0.5806451612903225,0.2361111111111111,0.2361111111111111,cold_rna,split2026,1,StructRSMA: Contact500 pretraining plus SCA
1283,4.886056423187256,4.857801914215088,4.886056423187256,4.598875045776367,4.886056423187256,0.02825450897216797,0.28718137741088867,-0.2589268684387207,0.4819277108433735,0.2222222222222222,0.2222222222222222,cold_rna,split2026,1,StructRSMA: Contact500 pretraining plus SCA
2403,5.522878646850586,5.614388942718506,5.522878646850586,4.3470563888549805,5.522878646850586,0.09151029586791992,1.1758222579956055,-1.0843119621276855,0.5833333333333333,0.0,0.0,cold_rna,split2026,1,StructRSMA: Contact500 pretraining plus SCA
783,4.1674909591674805,5.163742065429688,4.1674909591674805,5.44464111328125,4.1674909591674805,0.9962511062622079,1.2771501541137695,-0.2808990478515616,0.5862068965517242,0.2962962962962963,0.2962962962962963,cold_rna,split2026,1,StructRSMA: Contact500 pretraining plus SCA
394,5.744727611541748,9.773985862731934,5.744727611541748,6.533824920654297,5.744727611541748,4.0292582511901855,0.7890973091125488,3.2401609420776367,0.1366931308249913,0.1932773109243697,0.1366931308249913,cold_rna,split2026,1,StructRSMA: Contact500 pretraining plus SCA
785,5.301030158996582,5.450016021728516,5.301030158996582,5.471062183380127,5.301030158996582,0.1489858627319336,0.17003202438354492,-0.021046161651611328,0.5555555555555556,0.2745098039215686,0.2745098039215686,cold_rna,split2026,1,StructRSMA: Contact500 pretraining plus SCA
408,3.324221611022949,7.97415828704834,3.324221611022949,5.397611618041992,3.324221611022949,4.649936676025391,2.073390007019043,2.5765466690063477,0.1363636363636363,0.1976744186046511,0.1363636363636363,cold_rna,split2026,1,StructRSMA: Contact500 pretraining plus SCA
1850,5.853871822357178,6.482630729675293,5.853871822357178,4.897699356079102,5.853871822357178,0.6287589073181152,0.9561724662780762,-0.32741355895996094,0.5319148936170213,0.2131147540983606,0.2131147540983606,cold_rna,split2026,1,StructRSMA: Contact500 pretraining plus SCA
1891,5.638272285461426,7.7180376052856445,5.638272285461426,4.826629638671875,5.638272285461426,2.0797653198242188,0.8116426467895508,1.268122673034668,0.8266666666666667,0.6938775510204082,0.6938775510204082,cold_rna,split2026,1,StructRSMA: Contact500 pretraining plus SCA
1383,2.978810787200928,6.63224983215332,2.978810787200928,5.124979972839356,2.978810787200928,3.653439044952392,2.146169185638428,1.507269859313964,0.5074626865671642,0.5,0.5,cold_rna,split2026,1,StructRSMA: Contact500 pretraining plus SCA
2410,4.102373123168945,5.358454704284668,4.102373123168945,4.437819480895996,4.102373123168945,1.2560815811157227,0.3354463577270508,0.9206352233886719,0.625,0.1714285714285714,0.1714285714285714,cold_rna,split2026,1,StructRSMA: Contact500 pretraining plus SCA
405,3.709965467453003,8.146930694580078,3.709965467453003,5.718296051025391,3.709965467453003,4.436965227127075,2.0083305835723877,2.4286346435546875,0.1363636363636363,0.2068965517241379,0.1363636363636363,cold_rna,split2026,1,StructRSMA: Contact500 pretraining plus SCA
959,6.455932140350342,6.681758403778076,6.455932140350342,5.870160102844238,6.455932140350342,0.22582626342773438,0.5857720375061035,-0.35994577407836914,0.5084745762711864,0.1341463414634146,0.1341463414634146,cold_rna,split2026,1,StructRSMA: Contact500 pretraining plus SCA
1391,4.829738140106201,5.81862211227417,4.829738140106201,5.282223224639893,4.829738140106201,0.9888839721679688,0.4524850845336914,0.5363988876342773,0.5074626865671642,0.4157303370786517,0.4157303370786517,cold_rna,split2026,1,StructRSMA: Contact500 pretraining plus SCA
2407,2.3098039627075195,5.4071044921875,2.3098039627075195,4.372466564178467,2.3098039627075195,3.0973005294799805,2.0626626014709473,1.0346379280090332,0.5833333333333333,0.1714285714285714,0.1714285714285714,cold_rna,split2026,1,StructRSMA: Contact500 pretraining plus SCA
999,4.958607196807861,7.519063472747803,4.958607196807861,5.559884071350098,4.958607196807861,2.5604562759399414,0.6012768745422363,1.959179401397705,0.5084745762711864,0.1967213114754098,0.1967213114754098,cold_rna,split2026,1,StructRSMA: Contact500 pretraining plus SCA
1045,5.327902317047119,5.095866680145264,5.327902317047119,5.557253837585449,5.327902317047119,0.23203563690185547,0.22935152053833008,0.0026841163635253906,0.6111111111111112,0.1637931034482758,0.1637931034482758,cold_rna,split2026,1,StructRSMA: Contact500 pretraining plus SCA
1949,6.92081880569458,6.62037467956543,6.92081880569458,5.8852314949035645,6.92081880569458,0.3004441261291504,1.0355873107910156,-0.7351431846618652,0.5319148936170213,0.238095238095238,0.238095238095238,cold_rna,split2026,1,StructRSMA: Contact500 pretraining plus SCA
1118,7.173925399780273,8.353238105773926,7.173925399780273,6.050848007202148,7.173925399780273,1.1793127059936523,1.123077392578125,0.056235313415527344,0.36,0.1785714285714285,0.1785714285714285,cold_rna,split2026,1,StructRSMA: Contact500 pretraining plus SCA
1843,5.537601947784424,6.775705337524414,5.537601947784424,5.208681583404541,5.537601947784424,1.2381033897399902,0.3289203643798828,0.9091830253601074,0.5531914893617021,0.1578947368421052,0.1578947368421052,cold_rna,split2026,1,StructRSMA: Contact500 pretraining plus SCA
1390,4.336298942565918,6.629171371459961,4.336298942565918,5.301853656768799,4.336298942565918,2.292872428894043,0.9655547142028809,1.327317714691162,0.5074626865671642,0.3894736842105263,0.3894736842105263,cold_rna,split2026,1,StructRSMA: Contact500 pretraining plus SCA
1122,7.221848964691162,6.303239345550537,7.221848964691162,6.027200698852539,7.221848964691162,0.918609619140625,1.194648265838623,-0.27603864669799805,0.5833333333333333,0.1801801801801801,0.1801801801801801,cold_rna,split2026,1,StructRSMA: Contact500 pretraining plus SCA
1861,5.30980396270752,6.465785503387451,5.30980396270752,4.73131799697876,5.30980396270752,1.1559815406799308,0.5784859657287607,0.5774955749511701,0.5357142857142857,0.2207792207792207,0.2207792207792207,cold_rna,split2026,1,StructRSMA: Contact500 pretraining plus SCA
780,4.6575775146484375,5.186540126800537,4.6575775146484375,5.450565814971924,4.6575775146484375,0.5289626121520996,0.7929883003234863,-0.2640256881713867,0.5714285714285714,0.2962962962962963,0.2962962962962963,cold_rna,split2026,1,StructRSMA: Contact500 pretraining plus SCA
1947,6.356547355651856,6.570791244506836,6.356547355651856,5.73957633972168,6.356547355651856,0.21424388885497958,0.6169710159301767,-0.4027271270751971,0.5357142857142857,0.238095238095238,0.238095238095238,cold_rna,split2026,1,StructRSMA: Contact500 pretraining plus SCA
1433,4.744727611541748,7.10908842086792,4.744727611541748,5.22213077545166,4.744727611541748,2.364360809326172,0.4774031639099121,1.8869576454162598,0.5254237288135593,0.1758241758241758,0.1758241758241758,cold_rna,split2026,1,StructRSMA: Contact500 pretraining plus SCA
969,6.173925399780273,7.008162021636963,6.173925399780273,5.840476512908936,6.173925399780273,0.8342366218566895,0.333448886871337,0.5007877349853525,0.5084745762711864,0.2435897435897435,0.2435897435897435,cold_rna,split2026,1,StructRSMA: Contact500 pretraining plus SCA
1220,4.522878646850586,5.669744968414307,4.522878646850586,4.452793598175049,4.522878646850586,1.1468663215637207,0.07008504867553711,1.0767812728881836,0.6190476190476191,0.1746031746031746,0.1746031746031746,cold_rna,split2026,1,StructRSMA: Contact500 pretraining plus SCA
1840,5.92081880569458,6.563691139221191,5.92081880569458,5.31769323348999,5.92081880569458,0.6428723335266113,0.6031255722045898,0.039746761322021484,0.5294117647058824,0.1578947368421052,0.1578947368421052,cold_rna,split2026,1,StructRSMA: Contact500 pretraining plus SCA
1294,7.2441253662109375,6.771439552307129,7.2441253662109375,5.655345439910889,7.2441253662109375,0.4726858139038086,1.5887799263000488,-1.1160941123962402,0.5357142857142857,1.0,0.5357142857142857,cold_rna,split2026,1,StructRSMA: Contact500 pretraining plus SCA
935,5.096909999847412,5.58828067779541,5.096909999847412,4.4956769943237305,5.096909999847412,0.49137067794799805,0.6012330055236816,-0.1098623275756836,0.5405405405405406,1.0,0.5405405405405406,cold_rna,split2026,1,StructRSMA: Contact500 pretraining plus SCA
1396,4.568636417388916,5.234234809875488,4.568636417388916,5.470588684082031,4.568636417388916,0.6655983924865723,0.9019522666931152,-0.23635387420654297,0.5074626865671642,0.3663366336633663,0.3663366336633663,cold_rna,split2026,1,StructRSMA: Contact500 pretraining plus SCA
1402,4.630784034729004,5.120872974395752,4.630784034729004,5.482288360595703,4.630784034729004,0.49008893966674805,0.8515043258666992,-0.36141538619995117,0.5074626865671642,0.3663366336633663,0.3663366336633663,cold_rna,split2026,1,StructRSMA: Contact500 pretraining plus SCA
1385,3.838632106781006,6.267387390136719,3.838632106781006,5.126485347747803,3.838632106781006,2.428755283355713,1.2878532409667969,1.140902042388916,0.5074626865671642,0.4512195121951219,0.4512195121951219,cold_rna,split2026,1,StructRSMA: Contact500 pretraining plus SCA
1287,6.387216091156006,6.100168228149414,6.387216091156006,5.496664047241211,6.387216091156006,0.2870478630065918,0.8905520439147949,-0.6035041809082031,0.4907407407407407,0.1739130434782608,0.1739130434782608,cold_rna,split2026,1,StructRSMA: Contact500 pretraining plus SCA
968,3.804100275039673,6.789596557617188,3.804100275039673,4.906517028808594,3.804100275039673,2.9854962825775155,1.102416753768921,1.8830795288085946,0.5084745762711864,0.1891891891891892,0.1891891891891892,cold_rna,split2026,1,StructRSMA: Contact500 pretraining plus SCA
764,6.886056423187256,7.217705726623535,6.886056423187256,5.270726680755615,6.886056423187256,0.3316493034362793,1.6153297424316406,-1.2836804389953613,0.5686274509803921,0.2473118279569892,0.2473118279569892,cold_rna,split2026,1,StructRSMA: Contact500 pretraining plus SCA
1812,6.86966609954834,5.911531448364258,6.86966609954834,5.0826334953308105,6.86966609954834,0.958134651184082,1.7870326042175293,-0.8288979530334473,0.55,0.5,0.5,cold_rna,split2026,1,StructRSMA: Contact500 pretraining plus SCA
2391,5.853871822357178,6.811115741729736,5.853871822357178,5.082228660583496,5.853871822357178,0.9572439193725586,0.7716431617736816,0.18560075759887695,0.5084745762711864,0.1791044776119403,0.1791044776119403,cold_rna,split2026,1,StructRSMA: Contact500 pretraining plus SCA
1018,4.9281182289123535,5.521938800811768,4.9281182289123535,4.465619087219238,4.9281182289123535,0.5938205718994141,0.46249914169311523,0.13132143020629883,0.5833333333333333,0.1585365853658536,0.1585365853658536,cold_rna,split2026,1,StructRSMA: Contact500 pretraining plus SCA
2107,8.113509178161621,9.50539493560791,8.113509178161621,6.54901933670044,8.113509178161621,1.391885757446289,1.5644898414611808,-0.1726040840148917,0.1366931308249913,0.1743119266055046,0.1366931308249913,cold_rna,split2026,1,StructRSMA: Contact500 pretraining plus SCA
2180,6.376750946044922,6.219233512878418,6.376750946044922,5.070265293121338,6.376750946044922,0.1575174331665039,1.306485652923584,-1.14896821975708,0.5555555555555556,0.6,0.5555555555555556,cold_rna,split2026,1,StructRSMA: Contact500 pretraining plus SCA
1404,3.494849920272827,5.255084991455078,3.494849920272827,4.567341327667236,3.494849920272827,1.760235071182251,1.0724914073944092,0.6877436637878418,0.5074626865671642,0.3478260869565217,0.3478260869565217,cold_rna,split2026,1,StructRSMA: Contact500 pretraining plus SCA
1020,5.698969841003418,4.994166374206543,5.698969841003418,4.172420024871826,5.698969841003418,0.704803466796875,1.5265498161315918,-0.8217463493347168,0.5833333333333333,0.1917808219178082,0.1917808219178082,cold_rna,split2026,1,StructRSMA: Contact500 pretraining plus SCA
2412,4.15490198135376,4.405462741851807,4.15490198135376,4.420010566711426,4.15490198135376,0.2505607604980469,0.265108585357666,-0.01454782485961914,0.625,0.2602739726027397,0.2602739726027397,cold_rna,split2026,1,StructRSMA: Contact500 pretraining plus SCA
1432,7.221848964691162,6.139345645904541,7.221848964691162,5.582505226135254,7.221848964691162,1.082503318786621,1.6393437385559082,-0.5568404197692871,0.5254237288135593,0.205607476635514,0.205607476635514,cold_rna,split2026,1,StructRSMA: Contact500 pretraining plus SCA
1887,7.0,13.745146751403809,7.0,6.277979850769043,7.0,6.745146751403809,0.722020149230957,6.023126602172852,0.4039900249376559,0.2207792207792207,0.2207792207792207,cold_rna,split2026,1,StructRSMA: Contact500 pretraining plus SCA
990,3.7878124713897705,6.62733793258667,3.7878124713897705,5.211950302124023,3.7878124713897705,2.8395254611968994,1.424137830734253,1.4153876304626465,0.5084745762711864,0.2079207920792079,0.2079207920792079,cold_rna,split2026,1,StructRSMA: Contact500 pretraining plus SCA
1219,5.337242126464844,6.355639457702637,5.337242126464844,5.045840740203857,5.337242126464844,1.018397331237793,0.29140138626098633,0.7269959449768066,0.5686274509803921,0.1746031746031746,0.1746031746031746,cold_rna,split2026,1,StructRSMA: Contact500 pretraining plus SCA
1044,5.193819999694824,5.112360954284668,5.193819999694824,5.572854995727539,5.193819999694824,0.08145904541015625,0.37903499603271484,-0.2975759506225586,0.6111111111111112,0.1764705882352941,0.1764705882352941,cold_rna,split2026,1,StructRSMA: Contact500 pretraining plus SCA
1061,5.92081880569458,8.154850959777832,5.92081880569458,6.367350101470947,5.92081880569458,2.234032154083252,0.4465312957763672,1.7875008583068848,0.525,0.2148148148148148,0.2148148148148148,cold_rna,split2026,1,StructRSMA: Contact500 pretraining plus SCA
1381,2.130768299102783,6.310363292694092,2.130768299102783,5.240121841430664,2.130768299102783,4.179594993591309,3.109353542327881,1.0702414512634277,0.5074626865671642,1.0,0.5074626865671642,cold_rna,split2026,1,StructRSMA: Contact500 pretraining plus SCA
2171,4.721246242523193,6.396701335906982,4.721246242523193,5.454666614532471,4.721246242523193,1.675455093383789,0.7334203720092773,0.9420347213745117,0.5555555555555556,0.5873015873015873,0.5555555555555556,cold_rna,split2026,1,StructRSMA: Contact500 pretraining plus SCA
2184,5.7695512771606445,6.219753265380859,5.7695512771606445,5.161477088928223,5.7695512771606445,0.45020198822021484,0.6080741882324219,-0.15787220001220703,0.5555555555555556,0.8297872340425532,0.5555555555555556,cold_rna,split2026,1,StructRSMA: Contact500 pretraining plus SCA
957,5.896196365356445,7.829202175140381,5.896196365356445,5.920293807983398,5.896196365356445,1.9330058097839355,0.024097442626953125,1.9089083671569824,0.5084745762711864,0.175,0.175,cold_rna,split2026,1,StructRSMA: Contact500 pretraining plus SCA
1839,5.958607196807861,6.642021656036377,5.958607196807861,5.155634880065918,5.958607196807861,0.6834144592285156,0.8029723167419434,-0.11955785751342773,0.5357142857142857,0.1578947368421052,0.1578947368421052,cold_rna,split2026,1,StructRSMA: Contact500 pretraining plus SCA
2398,6.06048059463501,5.614388942718506,6.06048059463501,4.3470563888549805,6.06048059463501,0.4460916519165039,1.7134242057800293,-1.2673325538635254,0.5833333333333333,0.0,0.0,cold_rna,split2026,1,StructRSMA: Contact500 pretraining plus SCA
1400,4.392544746398926,5.093425750732422,4.392544746398926,5.461519718170166,4.392544746398926,0.7008810043334961,1.0689749717712402,-0.36809396743774414,0.5074626865671642,0.3936170212765957,0.3936170212765957,cold_rna,split2026,1,StructRSMA: Contact500 pretraining plus SCA
290,7.229147911071777,9.09283447265625,7.229147911071777,6.748414039611816,7.229147911071777,1.8636865615844727,0.48073387145996094,1.3829526901245117,0.1366931308249913,0.1603053435114503,0.1366931308249913,cold_rna,split2026,1,StructRSMA: Contact500 pretraining plus SCA
420,7.954677104949951,8.362589836120605,7.954677104949951,6.343380928039551,7.954677104949951,0.4079127311706543,1.6112961769104004,-1.203383445739746,0.1366931308249913,0.1530612244897959,0.1366931308249913,cold_rna,split2026,1,StructRSMA: Contact500 pretraining plus SCA
403,5.096909999847412,8.648885726928711,5.096909999847412,6.691240310668945,5.096909999847412,3.551975727081299,1.5943303108215332,1.9576454162597656,0.1366931308249913,0.174757281553398,0.1366931308249913,cold_rna,split2026,1,StructRSMA: Contact500 pretraining plus SCA
1890,4.387216091156006,7.706669807434082,4.387216091156006,5.215922355651856,4.387216091156006,3.319453716278076,0.8287062644958505,2.4907474517822257,0.8266666666666667,0.0,0.0,cold_rna,split2026,1,StructRSMA: Contact500 pretraining plus SCA
1386,4.79587984085083,5.25743293762207,4.79587984085083,5.351049900054932,4.79587984085083,0.46155309677124023,0.5551700592041016,-0.09361696243286133,0.5074626865671642,0.3854166666666667,0.3854166666666667,cold_rna,split2026,1,StructRSMA: Contact500 pretraining plus SCA
2406,3.5590908527374268,4.453561305999756,3.5590908527374268,4.3101725578308105,3.5590908527374268,0.8944704532623291,0.7510817050933838,0.1433887481689453,0.5833333333333333,0.2602739726027397,0.2602739726027397,cold_rna,split2026,1,StructRSMA: Contact500 pretraining plus SCA
1063,4.698969841003418,8.25298023223877,4.698969841003418,6.42057991027832,4.698969841003418,3.5540103912353516,1.7216100692749023,1.8324003219604492,0.5434782608695652,0.2148148148148148,0.2148148148148148,cold_rna,split2026,1,StructRSMA: Contact500 pretraining plus SCA
1847,5.958607196807861,6.057363986968994,5.958607196807861,4.485963821411133,5.958607196807861,0.09875679016113281,1.4726433753967285,-1.3738865852355957,0.5319148936170213,1.0,0.5319148936170213,cold_rna,split2026,1,StructRSMA: Contact500 pretraining plus SCA
1260,3.6777806282043457,7.205151081085205,3.6777806282043457,4.535401821136475,3.6777806282043457,3.5273704528808594,0.8576211929321289,2.6697492599487305,0.5454545454545454,0.217391304347826,0.217391304347826,cold_rna,split2026,1,StructRSMA: Contact500 pretraining plus SCA
939,2.207608222961426,5.734067916870117,2.207608222961426,4.304764747619629,2.207608222961426,3.5264596939086914,2.097156524658203,1.4293031692504883,0.5405405405405406,0.4745762711864407,0.4745762711864407,cold_rna,split2026,1,StructRSMA: Contact500 pretraining plus SCA
1842,5.79587984085083,6.685781955718994,5.79587984085083,5.158951282501221,5.79587984085083,0.8899021148681641,0.6369285583496094,0.2529735565185547,0.5535714285714286,0.1578947368421052,0.1578947368421052,cold_rna,split2026,1,StructRSMA: Contact500 pretraining plus SCA
1885,6.721246242523193,11.317323684692385,6.721246242523193,7.464058876037598,6.721246242523193,4.596077442169191,0.7428126335144043,3.853264808654787,0.4435897435897435,0.3137254901960784,0.3137254901960784,cold_rna,split2026,1,StructRSMA: Contact500 pretraining plus SCA
1016,5.6575775146484375,5.141661643981934,5.6575775146484375,4.278111457824707,5.6575775146484375,0.5159158706665039,1.3794660568237305,-0.8635501861572266,0.5833333333333333,0.2075471698113207,0.2075471698113207,cold_rna,split2026,1,StructRSMA: Contact500 pretraining plus SCA
1389,4.723538398742676,5.488467693328857,4.723538398742676,5.383996963500977,4.723538398742676,0.7649292945861816,0.6604585647583008,0.10447072982788086,0.5074626865671642,0.4065934065934066,0.4065934065934066,cold_rna,split2026,1,StructRSMA: Contact500 pretraining plus SCA
2401,4.161150932312012,4.453561782836914,4.161150932312012,4.3101725578308105,4.161150932312012,0.29241085052490234,0.14902162551879883,0.14338922500610352,0.5833333333333333,0.2602739726027397,0.2602739726027397,cold_rna,split2026,1,StructRSMA: Contact500 pretraining plus SCA
1022,5.050610065460205,5.998572826385498,5.050610065460205,5.302848815917969,5.050610065460205,0.947962760925293,0.25223875045776367,0.6957240104675293,0.5833333333333333,0.1967213114754098,0.1967213114754098,cold_rna,split2026,1,StructRSMA: Contact500 pretraining plus SCA
1853,5.853871822357178,6.916088581085205,5.853871822357178,6.048245429992676,5.853871822357178,1.0622167587280273,0.19437360763549805,0.8678431510925293,0.5319148936170213,0.1864406779661017,0.1864406779661017,cold_rna,split2026,1,StructRSMA: Contact500 pretraining plus SCA
991,4.958607196807861,6.617929935455322,4.958607196807861,4.570798873901367,4.958607196807861,1.659322738647461,0.38780832290649414,1.2715144157409668,0.5084745762711864,0.2093023255813953,0.2093023255813953,cold_rna,split2026,1,StructRSMA: Contact500 pretraining plus SCA
1023,4.853871822357178,5.084129810333252,4.853871822357178,4.190149307250977,4.853871822357178,0.23025798797607422,0.6637225151062012,-0.43346452713012695,0.5833333333333333,0.2765957446808511,0.2765957446808511,cold_rna,split2026,1,StructRSMA: Contact500 pretraining plus SCA
1826,7.193819999694824,8.242593765258789,7.193819999694824,6.055782318115234,7.193819999694824,1.0487737655639648,1.1380376815795898,-0.089263916015625,0.525,0.1511254019292604,0.1511254019292604,cold_rna,split2026,1,StructRSMA: Contact500 pretraining plus SCA
1179,5.30980396270752,5.591803073883057,5.30980396270752,5.296211242675781,5.30980396270752,0.2819991111755362,0.01359272003173917,0.26840639114379705,0.5806451612903225,0.2105263157894736,0.2105263157894736,cold_rna,split2026,1,StructRSMA: Contact500 pretraining plus SCA
770,7.301030158996582,7.614843845367432,7.301030158996582,6.271272659301758,7.301030158996582,0.3138136863708496,1.0297574996948242,-0.7159438133239746,0.5686274509803921,0.3645833333333333,0.3645833333333333,cold_rna,split2026,1,StructRSMA: Contact500 pretraining plus SCA
1844,5.431798458099365,6.608556747436523,5.431798458099365,5.314614772796631,5.431798458099365,1.1767582893371582,0.11718368530273438,1.0595746040344238,0.5490196078431373,0.1578947368421052,0.1578947368421052,cold_rna,split2026,1,StructRSMA: Contact500 pretraining plus SCA
1178,0.1549019664525985,5.591803073883057,0.1549019664525985,5.296211242675781,0.1549019664525985,5.436901107430458,5.141309276223183,0.2955918312072754,0.5806451612903225,0.2105263157894736,0.2105263157894736,cold_rna,split2026,1,StructRSMA: Contact500 pretraining plus SCA
2173,4.958607196807861,5.663142204284668,4.958607196807861,4.628630638122559,4.958607196807861,0.7045350074768066,0.32997655868530273,0.3745584487915039,0.5555555555555556,0.7555555555555555,0.5555555555555556,cold_rna,split2026,1,StructRSMA: Contact500 pretraining plus SCA
765,7.0,7.819182395935059,7.0,5.942889213562012,7.0,0.8191823959350586,1.0571107864379883,-0.2379283905029297,0.5686274509803921,0.2276422764227642,0.2276422764227642,cold_rna,split2026,1,StructRSMA: Contact500 pretraining plus SCA
2404,5.638272285461426,5.28627872467041,5.638272285461426,4.426120758056641,5.638272285461426,0.3519935607910156,1.2121515274047852,-0.8601579666137695,0.5833333333333333,0.1791044776119403,0.1791044776119403,cold_rna,split2026,1,StructRSMA: Contact500 pretraining plus SCA
1960,7.537601947784424,7.504207611083984,7.537601947784424,7.039512634277344,7.537601947784424,0.03339433670043945,0.4980893135070801,-0.4646949768066406,0.515527950310559,0.238095238095238,0.238095238095238,cold_rna,split2026,1,StructRSMA: Contact500 pretraining plus SCA
941,1.6946486234664917,5.766840934753418,1.6946486234664917,4.528809070587158,1.6946486234664917,4.072192311286926,2.8341604471206665,1.2380318641662598,0.5405405405405406,0.6862745098039216,0.5405405405405406,cold_rna,split2026,1,StructRSMA: Contact500 pretraining plus SCA
1886,7.148741722106934,13.53588581085205,7.148741722106934,6.957178115844727,7.148741722106934,6.387144088745117,0.19156360626220703,6.19558048248291,0.4039900249376559,0.1739130434782608,0.1739130434782608,cold_rna,split2026,1,StructRSMA: Contact500 pretraining plus SCA
1065,5.823908805847168,8.250707626342773,5.823908805847168,6.32767391204834,5.823908805847168,2.4267988204956055,0.5037651062011719,1.9230337142944336,0.5434782608695652,0.2148148148148148,0.2148148148148148,cold_rna,split2026,1,StructRSMA: Contact500 pretraining plus SCA
1848,5.455932140350342,7.187215805053711,5.455932140350342,5.159119129180908,5.455932140350342,1.7312836647033691,0.2968130111694336,1.4344706535339355,0.5319148936170213,0.2317073170731707,0.2317073170731707,cold_rna,split2026,1,StructRSMA: Contact500 pretraining plus SCA
994,5.301030158996582,7.046473503112793,5.301030158996582,5.092042922973633,5.301030158996582,1.745443344116211,0.20898723602294922,1.5364561080932617,0.5084745762711864,0.1585365853658536,0.1585365853658536,cold_rna,split2026,1,StructRSMA: Contact500 pretraining plus SCA
1865,6.15490198135376,6.85280179977417,6.15490198135376,5.912397384643555,6.15490198135376,0.6978998184204102,0.24250459671020508,0.4553952217102051,0.5357142857142857,0.1864406779661017,0.1864406779661017,cold_rna,split2026,1,StructRSMA: Contact500 pretraining plus SCA
1859,6.431798458099365,5.99414587020874,6.431798458099365,4.458958625793457,6.431798458099365,0.437652587890625,1.9728398323059082,-1.5351872444152832,0.5357142857142857,1.0,0.5357142857142857,cold_rna,split2026,1,StructRSMA: Contact500 pretraining plus SCA
751,6.013228416442871,5.019047737121582,6.013228416442871,4.684563636779785,6.013228416442871,0.9941806793212891,1.328664779663086,-0.3344841003417969,0.4779116465863453,0.1944444444444444,0.1944444444444444,cold_rna,split2026,1,StructRSMA: Contact500 pretraining plus SCA
1298,3.694648742675781,6.580966472625732,3.694648742675781,5.708156108856201,3.694648742675781,2.8863177299499516,2.0135073661804204,0.8728103637695312,0.5333333333333333,1.0,0.5333333333333333,cold_rna,split2026,1,StructRSMA: Contact500 pretraining plus SCA
1403,3.681936740875244,5.194521903991699,3.681936740875244,5.207600116729736,3.681936740875244,1.512585163116455,1.5256633758544922,-0.01307821273803711,0.5074626865671642,0.4666666666666667,0.4666666666666667,cold_rna,split2026,1,StructRSMA: Contact500 pretraining plus SCA
1849,6.481485843658447,6.529119491577148,6.481485843658447,4.816365718841553,6.481485843658447,0.04763364791870117,1.6651201248168945,-1.6174864768981934,0.5319148936170213,0.2207792207792207,0.2207792207792207,cold_rna,split2026,1,StructRSMA: Contact500 pretraining plus SCA
962,4.958607196807861,5.950340270996094,4.958607196807861,4.593148708343506,4.958607196807861,0.9917330741882324,0.36545848846435547,0.626274585723877,0.5084745762711864,0.2602739726027397,0.2602739726027397,cold_rna,split2026,1,StructRSMA: Contact500 pretraining plus SCA
779,4.677780628204346,5.5171074867248535,4.677780628204346,5.411830902099609,4.677780628204346,0.8393268585205078,0.7340502738952637,0.10527658462524414,0.5714285714285714,0.2886597938144329,0.2886597938144329,cold_rna,split2026,1,StructRSMA: Contact500 pretraining plus SCA
1319,0.4672456085681915,6.098853588104248,0.4672456085681915,4.933470249176025,0.4672456085681915,5.6316079795360565,4.466224640607834,1.1653833389282227,0.6071428571428572,0.1666666666666666,0.1666666666666666,cold_rna,split2026,1,StructRSMA: Contact500 pretraining plus SCA
1267,4.522878646850586,6.470478534698486,4.522878646850586,6.027400970458984,4.522878646850586,1.9475998878479004,1.5045223236083984,0.44307756423950195,0.56,0.1891891891891892,0.1891891891891892,cold_rna,split2026,1,StructRSMA: Contact500 pretraining plus SCA
1270,4.397940158843994,6.4301838874816895,4.397940158843994,5.790611267089844,4.397940158843994,2.0322437286376953,1.3926711082458496,0.6395726203918457,0.54,0.1891891891891892,0.1891891891891892,cold_rna,split2026,1,StructRSMA: Contact500 pretraining plus SCA
2066,5.866461277008057,5.502064228057861,5.866461277008057,5.506935119628906,5.866461277008057,0.3643970489501953,0.3595261573791504,0.004870891571044922,0.7142857142857143,0.2758620689655172,0.2758620689655172,cold_rna,split2026,1,StructRSMA: Contact500 pretraining plus SCA
1173,5.468521118164063,5.608533382415772,5.468521118164063,4.5908403396606445,5.468521118164063,0.14001226425170898,0.8776807785034189,-0.7376685142517099,0.5806451612903225,0.2166666666666666,0.2166666666666666,cold_rna,split2026,1,StructRSMA: Contact500 pretraining plus SCA
1019,3.552841901779175,4.709514617919922,3.552841901779175,4.036487102508545,3.552841901779175,1.156672716140747,0.4836452007293701,0.673027515411377,0.5833333333333333,0.2,0.2,cold_rna,split2026,1,StructRSMA: Contact500 pretraining plus SCA
1395,4.647817611694336,5.224534511566162,4.647817611694336,5.466831684112549,4.647817611694336,0.5767168998718262,0.8190140724182129,-0.24229717254638672,0.5074626865671642,0.3627450980392157,0.3627450980392157,cold_rna,split2026,1,StructRSMA: Contact500 pretraining plus SCA
1868,5.267606258392334,6.733974456787109,5.267606258392334,5.358617782592773,5.267606258392334,1.4663681983947754,0.09101152420043945,1.375356674194336,0.5357142857142857,0.3137254901960784,0.3137254901960784,cold_rna,split2026,1,StructRSMA: Contact500 pretraining plus SCA
2172,5.552842140197754,6.372650623321533,5.552842140197754,5.230937957763672,5.552842140197754,0.8198084831237793,0.32190418243408203,0.49790430068969727,0.5555555555555556,1.0,0.5555555555555556,cold_rna,split2026,1,StructRSMA: Contact500 pretraining plus SCA
1855,5.275723934173584,6.706382751464844,5.275723934173584,5.459290504455566,5.275723934173584,1.4306588172912598,0.18356657028198242,1.2470922470092773,0.5319148936170213,0.180722891566265,0.180722891566265,cold_rna,split2026,1,StructRSMA: Contact500 pretraining plus SCA
1944,5.978810787200928,6.675053119659424,5.978810787200928,5.629863739013672,5.978810787200928,0.6962423324584961,0.34894704818725586,0.34729528427124023,0.5535714285714286,0.238095238095238,0.238095238095238,cold_rna,split2026,1,StructRSMA: Contact500 pretraining plus SCA
1301,7.017728805541992,5.300262451171875,7.017728805541992,5.88720703125,7.017728805541992,1.7174663543701172,1.1305217742919922,0.586944580078125,0.5714285714285714,0.1929824561403508,0.1929824561403508,cold_rna,split2026,1,StructRSMA: Contact500 pretraining plus SCA
789,5.552842140197754,5.285738468170166,5.552842140197754,5.414278984069824,5.552842140197754,0.2671036720275879,0.1385631561279297,0.1285405158996582,0.5714285714285714,0.1981132075471698,0.1981132075471698,cold_rna,split2026,1,StructRSMA: Contact500 pretraining plus SCA
1326,7.23173189163208,6.176354885101318,7.23173189163208,5.10382604598999,7.23173189163208,1.0553770065307617,2.12790584564209,-1.0725288391113281,0.8333333333333334,0.1666666666666666,0.1666666666666666,cold_rna,split2026,1,StructRSMA: Contact500 pretraining plus SCA
391,8.698969841003418,8.525404930114746,8.698969841003418,6.581087112426758,8.698969841003418,0.17356491088867188,2.11788272857666,-1.9443178176879883,0.1366931308249913,0.16,0.1366931308249913,cold_rna,split2026,1,StructRSMA: Contact500 pretraining plus SCA
1297,6.602059841156006,6.771440029144287,6.602059841156006,5.655345439910889,6.602059841156006,0.16938018798828125,0.9467144012451172,-0.7773342132568359,0.5357142857142857,1.0,0.5357142857142857,cold_rna,split2026,1,StructRSMA: Contact500 pretraining plus SCA
958,6.537601947784424,6.663237571716309,6.537601947784424,4.5283966064453125,6.537601947784424,0.12563562393188477,2.0092053413391113,-1.8835697174072266,0.5084745762711864,0.2727272727272727,0.2727272727272727,cold_rna,split2026,1,StructRSMA: Contact500 pretraining plus SCA
1207,7.15490198135376,6.979659080505371,7.15490198135376,5.350006580352783,7.15490198135376,0.17524290084838867,1.8048954010009766,-1.629652500152588,0.5686274509803921,0.2894736842105263,0.2894736842105263,cold_rna,split2026,1,StructRSMA: Contact500 pretraining plus SCA
1325,5.148741722106934,6.0817742347717285,5.148741722106934,5.197074890136719,5.148741722106934,0.9330325126647949,0.048333168029785156,0.8846993446350098,0.5454545454545454,0.1666666666666666,0.1666666666666666,cold_rna,split2026,1,StructRSMA: Contact500 pretraining plus SCA
2292,6.397940158843994,9.88994026184082,6.397940158843994,6.6986494064331055,6.397940158843994,3.492000102996826,0.30070924758911133,3.191290855407715,0.1366931308249913,0.1693548387096774,0.1366931308249913,cold_rna,split2026,1,StructRSMA: Contact500 pretraining plus SCA
1422,5.93930196762085,5.839040756225586,5.93930196762085,4.768795967102051,5.93930196762085,0.10026121139526367,1.1705060005187988,-1.0702447891235352,0.5074626865671642,0.1666666666666666,0.1666666666666666,cold_rna,split2026,1,StructRSMA: Contact500 pretraining plus SCA
2399,5.522878646850586,5.28627872467041,5.522878646850586,4.426120758056641,5.522878646850586,0.23659992218017578,1.0967578887939453,-0.8601579666137695,0.5833333333333333,0.1791044776119403,0.1791044776119403,cold_rna,split2026,1,StructRSMA: Contact500 pretraining plus SCA
1954,6.92081880569458,6.469193458557129,6.92081880569458,5.16024923324585,6.92081880569458,0.45162534713745117,1.7605695724487305,-1.3089442253112793,0.6428571428571428,0.238095238095238,0.238095238095238,cold_rna,split2026,1,StructRSMA: Contact500 pretraining plus SCA
2177,5.275723934173584,6.219515800476074,5.275723934173584,5.090457916259766,5.275723934173584,0.9437918663024902,0.18526601791381836,0.7585258483886719,0.5555555555555556,0.7254901960784313,0.5555555555555556,cold_rna,split2026,1,StructRSMA: Contact500 pretraining plus SCA
1066,4.301030158996582,7.263338565826416,4.301030158996582,6.005371570587158,4.301030158996582,2.962308406829834,1.7043414115905762,1.2579669952392578,0.6071428571428572,0.2148148148148148,0.2148148148148148,cold_rna,split2026,1,StructRSMA: Contact500 pretraining plus SCA
1841,6.468521118164063,6.691610336303711,6.468521118164063,5.293310165405273,6.468521118164063,0.22308921813964755,1.17521095275879,-0.9521217346191424,0.5319148936170213,0.1578947368421052,0.1578947368421052,cold_rna,split2026,1,StructRSMA: Contact500 pretraining plus SCA
937,2.6382720470428467,5.740589618682861,2.6382720470428467,4.32990312576294,2.6382720470428467,3.1023175716400146,1.6916310787200937,1.410686492919921,0.5405405405405406,0.6595744680851063,0.5405405405405406,cold_rna,split2026,1,StructRSMA: Contact500 pretraining plus SCA
1895,5.251811981201172,7.408140182495117,5.251811981201172,5.430244445800781,5.251811981201172,2.1563282012939453,0.17843246459960938,1.977895736694336,0.8266666666666667,0.3050847457627119,0.3050847457627119,cold_rna,split2026,1,StructRSMA: Contact500 pretraining plus SCA
1295,7.136677265167236,6.580966472625732,7.136677265167236,5.708156108856201,7.136677265167236,0.5557107925415039,1.4285211563110352,-0.8728103637695312,0.5333333333333333,1.0,0.5333333333333333,cold_rna,split2026,1,StructRSMA: Contact500 pretraining plus SCA
1101,7.065501689910889,4.862154006958008,7.065501689910889,5.278682708740234,7.065501689910889,2.203347682952881,1.7868189811706543,0.41652870178222656,0.5833333333333333,0.1650485436893204,0.1650485436893204,cold_rna,split2026,1,StructRSMA: Contact500 pretraining plus SCA
788,5.79587984085083,5.442315101623535,5.79587984085083,5.420847415924072,5.79587984085083,0.3535647392272949,0.3750324249267578,-0.02146768569946289,0.5714285714285714,0.1981132075471698,0.1981132075471698,cold_rna,split2026,1,StructRSMA: Contact500 pretraining plus SCA
967,3.7878124713897705,7.297922611236572,3.7878124713897705,5.890485763549805,3.7878124713897705,3.5101101398468018,2.102673292160034,1.4074368476867676,0.5084745762711864,0.1506849315068493,0.1506849315068493,cold_rna,split2026,1,StructRSMA: Contact500 pretraining plus SCA
1192,7.221848964691162,6.844147682189941,7.221848964691162,4.949560642242432,7.221848964691162,0.3777012825012207,2.2722883224487305,-1.8945870399475098,0.5217391304347826,0.2045454545454545,0.2045454545454545,cold_rna,split2026,1,StructRSMA: Contact500 pretraining plus SCA
2106,7.713318824768066,9.567275047302246,7.713318824768066,6.762014389038086,7.713318824768066,1.8539562225341797,0.9513044357299805,0.9026517868041992,0.1366931308249913,0.1666666666666666,0.1366931308249913,cold_rna,split2026,1,StructRSMA: Contact500 pretraining plus SCA
2175,6.207608222961426,6.219706535339356,6.207608222961426,5.17289924621582,6.207608222961426,0.012098312377930576,1.0347089767456055,-1.022610664367675,0.5555555555555556,0.8913043478260869,0.5555555555555556,cold_rna,split2026,1,StructRSMA: Contact500 pretraining plus SCA
769,6.0,7.066617965698242,6.0,5.792156219482422,6.0,1.0666179656982422,0.20784378051757812,0.8587741851806641,0.5686274509803921,0.6140350877192983,0.5686274509803921,cold_rna,split2026,1,StructRSMA: Contact500 pretraining plus SCA
749,4.522878646850586,4.964545249938965,4.522878646850586,4.992406845092773,4.522878646850586,0.4416666030883789,0.4695281982421875,-0.027861595153808594,0.4779116465863453,0.1714285714285714,0.1714285714285714,cold_rna,split2026,1,StructRSMA: Contact500 pretraining plus SCA
1883,7.055517196655273,10.841360092163086,7.055517196655273,7.0261006355285645,7.055517196655273,3.7858428955078125,0.029416561126708984,3.7564263343811035,0.4435897435897435,0.1739130434782608,0.1739130434782608,cold_rna,split2026,1,StructRSMA: Contact500 pretraining plus SCA
747,6.443697452545166,4.720953464508057,6.443697452545166,4.652128219604492,6.443697452545166,1.7227439880371094,1.7915692329406738,-0.06882524490356445,0.4779116465863453,0.64,0.4779116465863453,cold_rna,split2026,1,StructRSMA: Contact500 pretraining plus SCA
310,4.522878646850586,10.590373992919922,4.522878646850586,7.104651927947998,4.522878646850586,6.067495346069336,2.581773281097412,3.485722064971924,0.1363636363636363,0.1461988304093567,0.1363636363636363,cold_rna,split2026,1,StructRSMA: Contact500 pretraining plus SCA
407,4.026872158050537,7.97415828704834,4.026872158050537,5.39761209487915,4.026872158050537,3.9472861289978027,1.3707399368286133,2.5765461921691895,0.1363636363636363,0.1976744186046511,0.1363636363636363,cold_rna,split2026,1,StructRSMA: Contact500 pretraining plus SCA
1851,6.408935546875,6.768398284912109,6.408935546875,5.208286762237549,6.408935546875,0.3594627380371094,1.2006487846374512,-0.8411860466003418,0.5319148936170213,0.1166666666666666,0.1166666666666666,cold_rna,split2026,1,StructRSMA: Contact500 pretraining plus SCA
1955,6.886056423187256,6.449563503265381,6.886056423187256,6.052455425262451,6.886056423187256,0.436492919921875,0.8336009979248047,-0.3971080780029297,0.6875,0.238095238095238,0.238095238095238,cold_rna,split2026,1,StructRSMA: Contact500 pretraining plus SCA
2393,4.494850158691406,6.617828369140625,4.494850158691406,5.596884250640869,4.494850158691406,2.1229782104492188,1.102034091949463,1.0209441184997559,0.5084745762711864,0.203125,0.203125,cold_rna,split2026,1,StructRSMA: Contact500 pretraining plus SCA
1856,6.443697452545166,6.797272682189941,6.443697452545166,5.46169376373291,6.443697452545166,0.3535752296447754,0.9820036888122559,-0.6284284591674805,0.5319148936170213,0.3137254901960784,0.3137254901960784,cold_rna,split2026,1,StructRSMA: Contact500 pretraining plus SCA
288,5.243896484375,5.957178115844727,5.243896484375,4.870542049407959,5.243896484375,0.7132816314697266,0.373354434967041,0.33992719650268555,0.5181818181818182,1.0,0.5181818181818182,cold_rna,split2026,1,StructRSMA: Contact500 pretraining plus SCA
2104,8.170696258544922,9.25766372680664,8.170696258544922,6.610960006713867,8.170696258544922,1.0869674682617188,1.5597362518310547,-0.47276878356933594,0.1366931308249913,0.1891891891891892,0.1366931308249913,cold_rna,split2026,1,StructRSMA: Contact500 pretraining plus SCA
1858,5.443697452545166,6.303704261779785,5.443697452545166,5.226357936859131,5.443697452545166,0.8600068092346191,0.21733951568603516,0.642667293548584,0.5357142857142857,0.1739130434782608,0.1739130434782608,cold_rna,split2026,1,StructRSMA: Contact500 pretraining plus SCA
1946,6.107905387878418,6.560657501220703,6.107905387878418,5.770758628845215,6.107905387878418,0.45275211334228516,0.3371467590332031,0.11560535430908203,0.5384615384615384,0.238095238095238,0.238095238095238,cold_rna,split2026,1,StructRSMA: Contact500 pretraining plus SCA
1825,7.07572078704834,8.260493278503418,7.07572078704834,6.146171569824219,7.07572078704834,1.1847724914550781,0.9295492172241211,0.25522327423095703,0.525,0.3402777777777778,0.3402777777777778,cold_rna,split2026,1,StructRSMA: Contact500 pretraining plus SCA
750,5.602059841156006,4.88904333114624,5.602059841156006,4.551505088806152,5.602059841156006,0.7130165100097656,1.0505547523498535,-0.3375382423400879,0.4779116465863453,0.2162162162162162,0.2162162162162162,cold_rna,split2026,1,StructRSMA: Contact500 pretraining plus SCA
1002,4.481485843658447,7.310941219329834,4.481485843658447,5.222029209136963,4.481485843658447,2.8294553756713867,0.7405433654785156,2.088912010192871,0.5084745762711864,0.1851851851851851,0.1851851851851851,cold_rna,split2026,1,StructRSMA: Contact500 pretraining plus SCA
787,4.92081880569458,5.305257797241211,4.92081880569458,5.50704288482666,4.92081880569458,0.38443899154663086,0.5862240791320801,-0.20178508758544922,0.5555555555555556,0.1981132075471698,0.1981132075471698,cold_rna,split2026,1,StructRSMA: Contact500 pretraining plus SCA
1293,7.386157989501953,6.771439552307129,7.386157989501953,5.6553449630737305,7.386157989501953,0.6147184371948242,1.7308130264282227,-1.1160945892333984,0.5357142857142857,1.0,0.5357142857142857,cold_rna,split2026,1,StructRSMA: Contact500 pretraining plus SCA
1956,6.92081880569458,6.33165979385376,6.92081880569458,6.156028747558594,6.92081880569458,0.5891590118408203,0.7647900581359863,-0.17563104629516602,0.6956521739130435,0.238095238095238,0.238095238095238,cold_rna,split2026,1,StructRSMA: Contact500 pretraining plus SCA
1943,6.12493896484375,6.6654205322265625,6.12493896484375,5.724704265594482,6.12493896484375,0.5404815673828125,0.4002346992492676,0.14024686813354492,0.5357142857142857,0.238095238095238,0.238095238095238,cold_rna,split2026,1,StructRSMA: Contact500 pretraining plus SCA
1398,4.586700439453125,5.210608959197998,4.586700439453125,5.387219905853272,4.586700439453125,0.623908519744873,0.8005194664001474,-0.17661094665527433,0.5074626865671642,0.37,0.37,cold_rna,split2026,1,StructRSMA: Contact500 pretraining plus SCA
1950,6.251811981201172,6.614555358886719,6.251811981201172,5.725959777832031,6.251811981201172,0.3627433776855469,0.5258522033691406,-0.16310882568359375,0.5535714285714286,0.238095238095238,0.238095238095238,cold_rna,split2026,1,StructRSMA: Contact500 pretraining plus SCA
784,4.698969841003418,5.481470108032227,4.698969841003418,5.432129859924316,4.698969841003418,0.7825002670288086,0.7331600189208984,0.049340248107910156,0.5555555555555556,0.2886597938144329,0.2886597938144329,cold_rna,split2026,1,StructRSMA: Contact500 pretraining plus SCA
955,6.327902317047119,6.87056827545166,6.327902317047119,5.096968650817871,6.327902317047119,0.542665958404541,1.230933666229248,-0.688267707824707,0.5084745762711864,0.1739130434782608,0.1739130434782608,cold_rna,split2026,1,StructRSMA: Contact500 pretraining plus SCA
746,5.15490198135376,4.787220001220703,5.15490198135376,4.842703819274902,5.15490198135376,0.36768198013305664,0.3121981620788574,0.05548381805419922,0.4779116465863453,0.5333333333333333,0.4779116465863453,cold_rna,split2026,1,StructRSMA: Contact500 pretraining plus SCA
748,4.886056423187256,4.672173023223877,4.886056423187256,4.69642448425293,4.886056423187256,0.2138833999633789,0.18963193893432617,0.024251461029052734,0.4779116465863453,0.3666666666666666,0.3666666666666666,cold_rna,split2026,1,StructRSMA: Contact500 pretraining plus SCA
1291,7.195860385894775,6.771440029144287,7.195860385894775,5.6553449630737305,7.195860385894775,0.4244203567504883,1.540515422821045,-1.1160950660705566,0.5357142857142857,1.0,0.5357142857142857,cold_rna,split2026,1,StructRSMA: Contact500 pretraining plus SCA
401,5.096909999847412,7.915040016174316,5.096909999847412,5.561408996582031,5.096909999847412,2.8181300163269043,0.46449899673461914,2.353631019592285,0.1366931308249913,0.1827956989247312,0.1366931308249913,cold_rna,split2026,1,StructRSMA: Contact500 pretraining plus SCA
2390,6.173925399780273,7.138551235198975,6.173925399780273,6.021928787231445,6.173925399780273,0.9646258354187012,0.15199661254882812,0.812629222869873,0.5084745762711864,0.0,0.0,cold_rna,split2026,1,StructRSMA: Contact500 pretraining plus SCA
1109,7.065501689910889,4.810097694396973,7.065501689910889,5.425915718078613,7.065501689910889,2.255403995513916,1.6395859718322754,0.6158180236816406,0.5833333333333333,0.2307692307692307,0.2307692307692307,cold_rna,split2026,1,StructRSMA: Contact500 pretraining plus SCA
998,5.346787452697754,7.297913551330566,5.346787452697754,5.871265411376953,5.346787452697754,1.9511260986328125,0.5244779586791992,1.4266481399536133,0.5084745762711864,0.1506849315068493,0.1506849315068493,cold_rna,split2026,1,StructRSMA: Contact500 pretraining plus SCA
1821,7.698969841003418,7.663193702697754,7.698969841003418,5.996438980102539,7.698969841003418,0.03577613830566406,1.702530860900879,-1.6667547225952148,0.525,0.2016129032258064,0.2016129032258064,cold_rna,split2026,1,StructRSMA: Contact500 pretraining plus SCA
1425,5.045757293701172,6.578396320343018,5.045757293701172,5.584357261657715,5.045757293701172,1.5326390266418457,0.538599967956543,0.9940390586853027,0.5423728813559322,0.205607476635514,0.205607476635514,cold_rna,split2026,1,StructRSMA: Contact500 pretraining plus SCA
1405,3.1687703132629395,4.529583930969238,3.1687703132629395,4.063290119171143,3.1687703132629395,1.3608136177062988,0.8945198059082031,0.4662938117980957,0.5074626865671642,0.2989690721649484,0.2989690721649484,cold_rna,split2026,1,StructRSMA: Contact500 pretraining plus SCA
1401,4.490797519683838,5.121140480041504,4.490797519683838,5.482302665710449,4.490797519683838,0.630342960357666,0.9915051460266113,-0.3611621856689453,0.5074626865671642,0.37,0.37,cold_rna,split2026,1,StructRSMA: Contact500 pretraining plus SCA
1952,6.130768299102783,6.537301063537598,6.130768299102783,6.048208236694336,6.130768299102783,0.40653276443481445,0.08256006240844727,0.3239727020263672,0.5490196078431373,0.238095238095238,0.238095238095238,cold_rna,split2026,1,StructRSMA: Contact500 pretraining plus SCA
993,5.455932140350342,6.618648052215576,5.455932140350342,4.527767658233643,5.455932140350342,1.1627159118652344,0.9281644821166992,0.23455142974853516,0.5084745762711864,0.1632653061224489,0.1632653061224489,cold_rna,split2026,1,StructRSMA: Contact500 pretraining plus SCA
936,2.853872060775757,5.676316261291504,2.853872060775757,4.472263336181641,2.853872060775757,2.822444200515747,1.6183912754058838,1.2040529251098633,0.5405405405405406,0.64,0.5405405405405406,cold_rna,split2026,1,StructRSMA: Contact500 pretraining plus SCA
992,5.958607196807861,6.665949821472168,5.958607196807861,4.656903266906738,5.958607196807861,0.7073426246643066,1.301703929901123,-0.5943613052368164,0.5084745762711864,0.2075471698113207,0.2075471698113207,cold_rna,split2026,1,StructRSMA: Contact500 pretraining plus SCA
1394,4.300162315368652,5.047828197479248,4.300162315368652,5.469944953918457,4.300162315368652,0.7476658821105957,1.1697826385498047,-0.422116756439209,0.5074626865671642,0.3627450980392157,0.3627450980392157,cold_rna,split2026,1,StructRSMA: Contact500 pretraining plus SCA
2183,5.602059841156006,6.219755172729492,5.602059841156006,5.173670291900635,5.602059841156006,0.6176953315734863,0.4283895492553711,0.18930578231811523,0.5555555555555556,0.7551020408163265,0.5555555555555556,cold_rna,split2026,1,StructRSMA: Contact500 pretraining plus SCA
1852,6.568636417388916,6.087393283843994,6.568636417388916,4.784392833709717,6.568636417388916,0.4812431335449219,1.7842435836791992,-1.3030004501342773,0.5319148936170213,0.2,0.2,cold_rna,split2026,1,StructRSMA: Contact500 pretraining plus SCA
940,1.889410257339477,5.853907585144043,1.889410257339477,4.514169692993164,1.889410257339477,3.964497327804566,2.624759435653687,1.339737892150879,0.5405405405405406,0.7321428571428571,0.5405405405405406,cold_rna,split2026,1,StructRSMA: Contact500 pretraining plus SCA
2176,5.30980396270752,5.663006782531738,5.30980396270752,4.60902738571167,5.30980396270752,0.35320281982421786,0.7007765769958505,-0.34757375717163264,0.5555555555555556,0.8809523809523809,0.5555555555555556,cold_rna,split2026,1,StructRSMA: Contact500 pretraining plus SCA
1005,4.045757293701172,6.79401445388794,4.045757293701172,4.851208686828613,4.045757293701172,2.7482571601867685,0.8054513931274414,1.942805767059327,0.5084745762711864,0.4098360655737705,0.4098360655737705,cold_rna,split2026,1,StructRSMA: Contact500 pretraining plus SCA
1263,4.673664093017578,6.419705390930176,4.673664093017578,5.134775638580322,4.673664093017578,1.7460412979125977,0.46111154556274414,1.2849297523498535,0.6071428571428572,0.2653061224489796,0.2653061224489796,cold_rna,split2026,1,StructRSMA: Contact500 pretraining plus SCA
1021,5.387216091156006,5.77532434463501,5.387216091156006,5.215920925140381,5.387216091156006,0.3881082534790039,0.171295166015625,0.2168130874633789,0.5833333333333333,0.1506849315068493,0.1506849315068493,cold_rna,split2026,1,StructRSMA: Contact500 pretraining plus SCA
961,5.823908805847168,6.508414268493652,5.823908805847168,4.37710428237915,5.823908805847168,0.6845054626464844,1.4468045234680176,-0.7622990608215332,0.5084745762711864,0.1290322580645161,0.1290322580645161,cold_rna,split2026,1,StructRSMA: Contact500 pretraining plus SCA
406,3.11861538887024,8.162338256835938,3.11861538887024,5.643484592437744,3.11861538887024,5.043722867965697,2.524869203567504,2.5188536643981934,0.1363636363636363,0.2068965517241379,0.1363636363636363,cold_rna,split2026,1,StructRSMA: Contact500 pretraining plus SCA
938,2.537601947784424,6.537071228027344,2.537601947784424,5.586974620819092,2.537601947784424,3.99946928024292,3.049372673034668,0.950096607208252,0.5405405405405406,1.0,0.5405405405405406,cold_rna,split2026,1,StructRSMA: Contact500 pretraining plus SCA
1176,5.744727611541748,5.909782409667969,5.744727611541748,5.112521171569824,5.744727611541748,0.1650547981262207,0.6322064399719238,-0.4671516418457031,0.5806451612903225,0.2191780821917808,0.2191780821917808,cold_rna,split2026,1,StructRSMA: Contact500 pretraining plus SCA
2182,6.173925399780273,6.219755172729492,6.173925399780273,5.173670291900635,6.173925399780273,0.04582977294921875,1.0002551078796387,-0.9544253349304199,0.5555555555555556,0.7551020408163265,0.5555555555555556,cold_rna,split2026,1,StructRSMA: Contact500 pretraining plus SCA
1296,8.769551277160645,6.771440029144287,8.769551277160645,5.655345439910889,8.769551277160645,1.9981112480163574,3.114205837249756,-1.1160945892333984,0.5357142857142857,1.0,0.5357142857142857,cold_rna,split2026,1,StructRSMA: Contact500 pretraining plus SCA
2170,4.92081880569458,5.663809299468994,4.92081880569458,4.517605304718018,4.92081880569458,0.7429904937744141,0.4032135009765625,0.33977699279785156,0.5555555555555556,1.0,0.5555555555555556,cold_rna,split2026,1,StructRSMA: Contact500 pretraining plus SCA
2064,5.295849323272705,5.401213645935059,5.295849323272705,5.416877746582031,5.295849323272705,0.10536432266235352,0.12102842330932617,-0.015664100646972656,0.7142857142857143,0.2615384615384615,0.2615384615384615,cold_rna,split2026,1,StructRSMA: Contact500 pretraining plus SCA
1884,6.958607196807861,11.03963565826416,6.958607196807861,6.29923152923584,6.958607196807861,4.081028461456299,0.6593756675720215,3.4216527938842773,0.4435897435897435,0.2207792207792207,0.2207792207792207,cold_rna,split2026,1,StructRSMA: Contact500 pretraining plus SCA
735,4.0087738037109375,6.931363582611084,4.0087738037109375,4.608387470245361,4.0087738037109375,2.9225897789001465,0.5996136665344238,2.3229761123657227,0.5084745762711864,0.1714285714285714,0.1714285714285714,cold_rna,split2026,1,StructRSMA: Contact500 pretraining plus SCA
1845,5.552842140197754,6.6283159255981445,5.552842140197754,5.152795791625977,5.552842140197754,1.0754737854003906,0.40004634857177734,0.6754274368286133,0.5357142857142857,0.1578947368421052,0.1578947368421052,cold_rna,split2026,1,StructRSMA: Contact500 pretraining plus SCA
1951,6.065501689910889,6.704500675201416,6.065501689910889,5.692521572113037,6.065501689910889,0.6389989852905273,0.37298011779785156,0.2660188674926758,0.5531914893617021,0.238095238095238,0.238095238095238,cold_rna,split2026,1,StructRSMA: Contact500 pretraining plus SCA
1838,5.337242126464844,6.631908416748047,5.337242126464844,5.123311519622803,5.337242126464844,1.2946662902832031,0.21393060684204102,1.080735683441162,0.5384615384615384,0.1578947368421052,0.1578947368421052,cold_rna,split2026,1,StructRSMA: Contact500 pretraining plus SCA
960,4.494850158691406,6.758808612823486,4.494850158691406,4.77011775970459,4.494850158691406,2.26395845413208,0.2752676010131836,1.9886908531188965,0.5084745762711864,0.2321428571428571,0.2321428571428571,cold_rna,split2026,1,StructRSMA: Contact500 pretraining plus SCA
1896,6.221848964691162,7.572053909301758,6.221848964691162,4.999870777130127,6.221848964691162,1.3502049446105957,1.2219781875610352,0.12822675704956055,0.8266666666666667,0.3,0.3,cold_rna,split2026,1,StructRSMA: Contact500 pretraining plus SCA
1280,5.602059841156006,5.0596699714660645,5.602059841156006,4.75576639175415,5.602059841156006,0.5423898696899414,0.8462934494018555,-0.30390357971191406,0.4819277108433735,0.2162162162162162,0.2162162162162162,cold_rna,split2026,1,StructRSMA: Contact500 pretraining plus SCA
1282,4.619788646697998,4.882054328918457,4.619788646697998,4.746220588684082,4.619788646697998,0.262265682220459,0.12643194198608398,0.135833740234375,0.4819277108433735,0.2162162162162162,0.2162162162162162,cold_rna,split2026,1,StructRSMA: Contact500 pretraining plus SCA
1062,6.045757293701172,7.793049335479736,6.045757293701172,6.031864643096924,6.045757293701172,1.7472920417785645,0.013892650604248047,1.7333993911743164,0.55,0.2148148148148148,0.2148148148148148,cold_rna,split2026,1,StructRSMA: Contact500 pretraining plus SCA
956,6.481485843658447,7.925434112548828,6.481485843658447,5.919812202453613,6.481485843658447,1.4439482688903809,0.561673641204834,0.8822746276855469,0.5084745762711864,0.1721311475409836,0.1721311475409836,cold_rna,split2026,1,StructRSMA: Contact500 pretraining plus SCA
2405,5.107905387878418,4.905826568603516,5.107905387878418,4.218471527099609,5.107905387878418,0.20207881927490234,0.8894338607788086,-0.6873550415039062,0.5833333333333333,0.1311475409836065,0.1311475409836065,cold_rna,split2026,1,StructRSMA: Contact500 pretraining plus SCA
416,5.744727611541748,4.720953464508057,5.744727611541748,4.652128219604492,5.744727611541748,1.0237741470336914,1.0925993919372559,-0.06882524490356445,0.4779116465863453,0.64,0.4779116465863453,cold_rna,split2026,1,StructRSMA: Contact500 pretraining plus SCA
1114,7.647817611694336,6.277909278869629,7.647817611694336,6.002267837524414,7.647817611694336,1.369908332824707,1.6455497741699219,-0.27564144134521484,0.5833333333333333,0.1785714285714285,0.1785714285714285,cold_rna,split2026,1,StructRSMA: Contact500 pretraining plus SCA
162,3.602060079574585,5.179503440856934,3.602060079574585,5.25909948348999,3.602060079574585,1.5774433612823486,1.6570394039154053,-0.07959604263305664,0.9310344827586208,0.1785714285714285,0.1785714285714285,cold_rna,split2027,1,Contact500 pretraining without SCA
740,4.301030158996582,5.993434429168701,4.301030158996582,5.314945220947266,4.301030158996582,1.6924042701721191,1.0139150619506836,0.6784892082214355,0.62,0.6923076923076923,0.62,cold_rna,split2027,1,Contact500 pretraining without SCA
216,3.301029920578003,5.504234790802002,3.301029920578003,5.641521453857422,3.301029920578003,2.203204870223999,2.340491533279419,-0.13728666305541992,0.6428571428571428,0.3243243243243243,0.3243243243243243,cold_rna,split2027,1,Contact500 pretraining without SCA
2473,6.200659275054932,5.850875854492188,6.200659275054932,5.464799880981445,6.200659275054932,0.34978342056274325,0.7358593940734863,-0.3860759735107431,0.7241379310344828,1.0,0.7241379310344828,cold_rna,split2027,1,Contact500 pretraining without SCA
2355,3.2564902305603027,4.434692859649658,3.2564902305603027,4.6414713859558105,3.2564902305603027,1.1782026290893555,1.3849811553955078,-0.20677852630615234,0.9310344827586208,0.3114754098360656,0.3114754098360656,cold_rna,split2027,1,Contact500 pretraining without SCA
359,5.853871822357178,5.790769577026367,5.853871822357178,5.941177845001221,5.853871822357178,0.06310224533081055,0.08730602264404297,-0.024203777313232422,0.9310344827586208,0.6172839506172839,0.6172839506172839,cold_rna,split2027,1,Contact500 pretraining without SCA
118,4.221848964691162,5.271177768707275,4.221848964691162,5.317689895629883,4.221848964691162,1.0493288040161133,1.0958409309387207,-0.04651212692260742,0.9310344827586208,0.3103448275862069,0.3103448275862069,cold_rna,split2027,1,Contact500 pretraining without SCA
1017,5.022276401519775,5.336299896240234,5.022276401519775,5.113921642303467,5.022276401519775,0.314023494720459,0.0916452407836914,0.22237825393676758,0.5833333333333333,0.1632653061224489,0.1632653061224489,cold_rna,split2027,1,Contact500 pretraining without SCA
633,4.0,4.345860004425049,4.0,4.551812171936035,4.0,0.34586000442504883,0.5518121719360352,-0.20595216751098633,0.9310344827586208,0.3012048192771084,0.3012048192771084,cold_rna,split2027,1,Contact500 pretraining without SCA
1174,4.71669864654541,6.032653331756592,4.71669864654541,6.3045735359191895,4.71669864654541,1.3159546852111816,1.5878748893737793,-0.27192020416259766,0.5806451612903225,0.2424242424242424,0.2424242424242424,cold_rna,split2027,1,Contact500 pretraining without SCA
1172,7.0,4.827491283416748,7.0,5.742728233337402,7.0,2.172508716583252,1.2572717666625977,0.9152369499206543,0.5185185185185186,0.1720430107526881,0.1720430107526881,cold_rna,split2027,1,Contact500 pretraining without SCA
655,3.301029920578003,5.245881080627441,3.301029920578003,5.263983726501465,3.301029920578003,1.9448511600494385,1.962953805923462,-0.018102645874023438,0.9310344827586208,0.3076923076923077,0.3076923076923077,cold_rna,split2027,1,Contact500 pretraining without SCA
156,4.455932140350342,6.058782577514648,4.455932140350342,5.29088306427002,4.455932140350342,1.6028504371643066,0.8349509239196786,0.767899513244628,0.9310344827586208,0.1219512195121951,0.1219512195121951,cold_rna,split2027,1,Contact500 pretraining without SCA
858,5.533132553100586,5.931385040283203,5.533132553100586,5.473947048187256,5.533132553100586,0.3982524871826172,0.05918550491333008,0.3390669822692871,0.6785714285714286,1.0,0.6785714285714286,cold_rna,split2027,1,Contact500 pretraining without SCA
376,5.568636417388916,5.8653645515441895,5.568636417388916,5.92643928527832,5.568636417388916,0.29672813415527344,0.3578028678894043,-0.06107473373413086,0.9310344827586208,0.5058823529411764,0.5058823529411764,cold_rna,split2027,1,Contact500 pretraining without SCA
125,2.0,5.33984899520874,2.0,5.699682712554932,2.0,3.3398489952087402,3.6996827125549316,-0.3598337173461914,0.9310344827586208,0.1698113207547169,0.1698113207547169,cold_rna,split2027,1,Contact500 pretraining without SCA
1794,4.698969841003418,6.607630252838135,4.698969841003418,5.6974406242370605,4.698969841003418,1.9086604118347168,0.9984707832336426,0.9101896286010742,0.5333333333333333,0.2244897959183673,0.2244897959183673,cold_rna,split2027,1,Contact500 pretraining without SCA
104,6.903090000152588,4.702335834503174,6.903090000152588,5.143065452575684,6.903090000152588,2.200754165649414,1.7600245475769043,0.44072961807250977,0.9310344827586208,1.0,0.9310344827586208,cold_rna,split2027,1,Contact500 pretraining without SCA
865,6.214670181274414,5.974156379699707,6.214670181274414,5.486153602600098,6.214670181274414,0.24051380157470703,0.7285165786743164,-0.4880027770996094,0.625,1.0,0.625,cold_rna,split2027,1,Contact500 pretraining without SCA
338,7.0,5.642732620239258,7.0,5.653696060180664,7.0,1.3572673797607422,1.346303939819336,0.01096343994140625,0.9310344827586208,0.7088607594936709,0.7088607594936709,cold_rna,split2027,1,Contact500 pretraining without SCA
324,7.552842140197754,5.280350208282471,7.552842140197754,5.84672737121582,7.552842140197754,2.272491931915283,1.7061147689819336,0.5663771629333496,0.9310344827586208,1.0,0.9310344827586208,cold_rna,split2027,1,Contact500 pretraining without SCA
690,3.362510204315185,5.170057773590088,3.362510204315185,5.440352439880371,3.362510204315185,1.8075475692749028,2.077842235565186,-0.2702946662902832,0.9310344827586208,0.1969696969696969,0.1969696969696969,cold_rna,split2027,1,Contact500 pretraining without SCA
948,3.782516002655029,5.476315021514893,3.782516002655029,5.152888774871826,3.782516002655029,1.6937990188598637,1.3703727722167973,0.3234262466430664,0.6521739130434783,0.2368421052631578,0.2368421052631578,cold_rna,split2027,1,Contact500 pretraining without SCA
2482,4.809668064117432,5.876370906829834,4.809668064117432,5.461646556854248,4.809668064117432,1.0667028427124023,0.6519784927368164,0.41472434997558594,0.6785714285714286,1.0,0.6785714285714286,cold_rna,split2027,1,Contact500 pretraining without SCA
665,3.910094976425171,5.216729164123535,3.910094976425171,5.237421989440918,3.910094976425171,1.3066341876983643,1.327327013015747,-0.020692825317382812,0.9310344827586208,0.2391304347826087,0.2391304347826087,cold_rna,split2027,1,Contact500 pretraining without SCA
144,3.616184711456299,5.120903491973877,3.616184711456299,5.230224609375,3.616184711456299,1.5047187805175781,1.6140398979187012,-0.10932111740112305,0.9310344827586208,0.1940298507462686,0.1940298507462686,cold_rna,split2027,1,Contact500 pretraining without SCA
142,3.8356471061706543,5.240033149719238,3.8356471061706543,5.457070350646973,3.8356471061706543,1.404386043548584,1.6214232444763184,-0.21703720092773438,0.9310344827586208,0.1851851851851851,0.1851851851851851,cold_rna,split2027,1,Contact500 pretraining without SCA
1271,6.179141998291016,6.121250152587891,6.179141998291016,6.070419788360596,6.179141998291016,0.057891845703125,0.10872220993041992,-0.05083036422729492,0.5333333333333333,0.2178217821782178,0.2178217821782178,cold_rna,split2027,1,Contact500 pretraining without SCA
153,3.686132669448853,5.087446689605713,3.686132669448853,5.179168224334717,3.686132669448853,1.40131402015686,1.4930355548858638,-0.0917215347290039,0.9310344827586208,0.265625,0.265625,cold_rna,split2027,1,Contact500 pretraining without SCA
639,5.823908805847168,4.183971405029297,5.823908805847168,4.660241603851318,5.823908805847168,1.639937400817871,1.1636672019958496,0.4762701988220215,0.9310344827586208,0.3258426966292135,0.3258426966292135,cold_rna,split2027,1,Contact500 pretraining without SCA
2485,5.200659275054932,5.01158332824707,5.200659275054932,5.217250347137451,5.200659275054932,0.18907594680786133,0.01659107208251953,0.1724848747253418,0.6785714285714286,0.8809523809523809,0.6785714285714286,cold_rna,split2027,1,Contact500 pretraining without SCA
139,3.396855592727661,5.186865329742432,3.396855592727661,5.222590923309326,3.396855592727661,1.7900097370147705,1.825735330581665,-0.03572559356689453,0.9310344827586208,0.2727272727272727,0.2727272727272727,cold_rna,split2027,1,Contact500 pretraining without SCA
1424,6.721246242523193,6.121251106262207,6.721246242523193,6.070419788360596,6.721246242523193,0.5999951362609863,0.6508264541625977,-0.05083131790161133,0.5333333333333333,0.2178217821782178,0.2178217821782178,cold_rna,split2027,1,Contact500 pretraining without SCA
389,4.0,6.401566028594971,4.0,5.682231426239014,4.0,2.4015660285949707,1.6822314262390137,0.719334602355957,0.2118780096308186,0.7894736842105263,0.2118780096308186,cold_rna,split2027,1,Contact500 pretraining without SCA
110,3.638272047042847,5.339601993560791,3.638272047042847,5.386078357696533,3.638272047042847,1.701329946517944,1.747806310653686,-0.04647636413574219,0.9310344827586208,0.2702702702702703,0.2702702702702703,cold_rna,split2027,1,Contact500 pretraining without SCA
627,3.5512936115264893,5.7259135246276855,3.5512936115264893,5.67557954788208,3.5512936115264893,2.1746199131011963,2.124285936355591,0.05033397674560547,0.9310344827586208,0.5,0.5,cold_rna,split2027,1,Contact500 pretraining without SCA
657,3.759450674057007,5.156829357147217,3.759450674057007,5.168793201446533,3.759450674057007,1.39737868309021,1.4093425273895264,-0.011963844299316406,0.9310344827586208,0.1929824561403508,0.1929824561403508,cold_rna,split2027,1,Contact500 pretraining without SCA
641,5.638272285461426,4.422783374786377,5.638272285461426,4.560835838317871,5.638272285461426,1.2154889106750488,1.0774364471435547,0.13805246353149414,0.9310344827586208,0.3625,0.3625,cold_rna,split2027,1,Contact500 pretraining without SCA
853,6.79587984085083,5.97233247756958,6.79587984085083,5.478715896606445,6.79587984085083,0.82354736328125,1.3171639442443848,-0.49361658096313477,0.6896551724137931,1.0,0.6896551724137931,cold_rna,split2027,1,Contact500 pretraining without SCA
367,1.787812352180481,5.756796360015869,1.787812352180481,5.773645401000977,1.787812352180481,3.968984007835388,3.9858330488204956,-0.016849040985107422,0.9310344827586208,0.547945205479452,0.547945205479452,cold_rna,split2027,1,Contact500 pretraining without SCA
1312,3.795880079269409,5.04984712600708,3.795880079269409,4.8795976638793945,3.795880079269409,1.253967046737671,1.0837175846099854,0.17024946212768555,0.5454545454545454,0.2696629213483146,0.2696629213483146,cold_rna,split2027,1,Contact500 pretraining without SCA
354,5.200659275054932,5.823245048522949,5.200659275054932,5.831735134124756,5.200659275054932,0.6225857734680176,0.6310758590698242,-0.00849008560180664,0.9310344827586208,0.6451612903225806,0.6451612903225806,cold_rna,split2027,1,Contact500 pretraining without SCA
1006,5.494850158691406,5.042994976043701,5.494850158691406,5.359714508056641,5.494850158691406,0.4518551826477051,0.13513565063476562,0.31671953201293945,0.5,0.2075471698113207,0.2075471698113207,cold_rna,split2027,1,Contact500 pretraining without SCA
100,5.455932140350342,6.745481967926025,5.455932140350342,7.496785163879394,5.455932140350342,1.2895498275756836,2.040853023529052,-0.7513031959533683,0.9310344827586208,0.16,0.16,cold_rna,split2027,1,Contact500 pretraining without SCA
351,5.443697452545166,5.744970321655273,5.443697452545166,5.797577857971191,5.443697452545166,0.3012728691101074,0.3538804054260254,-0.05260753631591797,0.9310344827586208,0.625,0.625,cold_rna,split2027,1,Contact500 pretraining without SCA
1963,5.79587984085083,6.768105030059815,5.79587984085083,7.045766830444336,5.79587984085083,0.9722251892089853,1.2498869895935059,-0.2776618003845206,0.6071428571428572,0.238095238095238,0.238095238095238,cold_rna,split2027,1,Contact500 pretraining without SCA
143,3.844663858413696,5.102004051208496,3.844663858413696,5.486330986022949,3.844663858413696,1.2573401927948002,1.6416671276092534,-0.3843269348144531,0.9310344827586208,0.2241379310344827,0.2241379310344827,cold_rna,split2027,1,Contact500 pretraining without SCA
121,3.221848726272583,5.340484619140625,3.221848726272583,5.318833351135254,3.221848726272583,2.118635892868042,2.096984624862671,0.021651268005371094,0.9310344827586208,0.1964285714285714,0.1964285714285714,cold_rna,split2027,1,Contact500 pretraining without SCA
1805,5.79587984085083,5.315474510192871,5.79587984085083,5.291477203369141,5.79587984085083,0.480405330657959,0.5044026374816895,-0.02399730682373047,0.9310344827586208,0.2542372881355932,0.2542372881355932,cold_rna,split2027,1,Contact500 pretraining without SCA
228,4.455932140350342,5.23312520980835,4.455932140350342,5.305141448974609,4.455932140350342,0.7771930694580078,0.8492093086242676,-0.07201623916625977,0.9310344827586208,0.3823529411764705,0.3823529411764705,cold_rna,split2027,1,Contact500 pretraining without SCA
666,3.978810787200928,5.2270188331604,3.978810787200928,5.454801559448242,3.978810787200928,1.2482080459594722,1.475990772247314,-0.2277827262878418,0.9310344827586208,0.1917808219178082,0.1917808219178082,cold_rna,split2027,1,Contact500 pretraining without SCA
1557,6.425968647003174,5.32474422454834,6.425968647003174,5.956502914428711,6.425968647003174,1.101224422454834,0.4694657325744629,0.6317586898803711,0.4788732394366197,0.1964285714285714,0.1964285714285714,cold_rna,split2027,1,Contact500 pretraining without SCA
861,5.903090000152588,5.868717670440674,5.903090000152588,5.480008602142334,5.903090000152588,0.03437232971191406,0.4230813980102539,-0.38870906829833984,0.6206896551724138,1.0,0.6206896551724138,cold_rna,split2027,1,Contact500 pretraining without SCA
149,3.467245578765869,5.157753467559815,3.467245578765869,5.32825231552124,3.467245578765869,1.6905078887939462,1.861006736755371,-0.1704988479614249,0.9310344827586208,0.2033898305084746,0.2033898305084746,cold_rna,split2027,1,Contact500 pretraining without SCA
374,5.823908805847168,5.90462589263916,5.823908805847168,6.121365070343018,5.823908805847168,0.08071708679199219,0.2974562644958496,-0.21673917770385742,0.9310344827586208,0.5393258426966292,0.5393258426966292,cold_rna,split2027,1,Contact500 pretraining without SCA
859,5.756961822509766,5.933355331420898,5.756961822509766,5.47838306427002,5.756961822509766,0.1763935089111328,0.2785787582397452,-0.1021852493286124,0.6785714285714286,1.0,0.6785714285714286,cold_rna,split2027,1,Contact500 pretraining without SCA
321,7.0,5.724744319915772,7.0,5.887193202972412,7.0,1.2752556800842276,1.112806797027588,0.16244888305663974,0.9310344827586208,0.5873015873015873,0.5873015873015873,cold_rna,split2027,1,Contact500 pretraining without SCA
2472,6.2441253662109375,6.022838115692139,6.2441253662109375,5.483370304107666,6.2441253662109375,0.22128725051879883,0.7607550621032715,-0.5394678115844727,0.7241379310344828,1.0,0.7241379310344828,cold_rna,split2027,1,Contact500 pretraining without SCA
323,5.7695512771606445,4.745560169219971,5.7695512771606445,5.015946388244629,5.7695512771606445,1.0239911079406738,0.7536048889160156,0.2703862190246582,0.9310344827586208,1.0,0.9310344827586208,cold_rna,split2027,1,Contact500 pretraining without SCA
1729,4.744727611541748,6.60761308670044,4.744727611541748,5.700010299682617,4.744727611541748,1.8628854751586923,0.9552826881408691,0.9076027870178232,0.5333333333333333,0.2244897959183673,0.2244897959183673,cold_rna,split2027,1,Contact500 pretraining without SCA
145,3.735182285308838,5.060498237609863,3.735182285308838,5.238732814788818,3.735182285308838,1.3253159523010254,1.5035505294799805,-0.17823457717895508,0.9310344827586208,0.189873417721519,0.189873417721519,cold_rna,split2027,1,Contact500 pretraining without SCA
612,4.408935546875,5.453212261199951,4.408935546875,5.599290370941162,4.408935546875,1.0442767143249512,1.190354824066162,-0.14607810974121094,0.9310344827586208,0.4307692307692308,0.4307692307692308,cold_rna,split2027,1,Contact500 pretraining without SCA
381,7.096909999847412,4.739077568054199,7.096909999847412,5.163890361785889,7.096909999847412,2.357832431793213,1.9330196380615234,0.42481279373168945,0.9310344827586208,0.8809523809523809,0.8809523809523809,cold_rna,split2027,1,Contact500 pretraining without SCA
129,4.221848964691162,5.281440258026123,4.221848964691162,5.295691967010498,4.221848964691162,1.059591293334961,1.073843002319336,-0.014251708984375,0.9310344827586208,0.3,0.3,cold_rna,split2027,1,Contact500 pretraining without SCA
866,6.356547355651856,5.987644672393799,6.356547355651856,5.483802795410156,6.356547355651856,0.36890268325805753,0.8727445602417001,-0.5038418769836426,0.6333333333333333,1.0,0.6333333333333333,cold_rna,split2027,1,Contact500 pretraining without SCA
1802,6.356547355651856,5.246123313903809,6.356547355651856,5.351112842559815,6.356547355651856,1.1104240417480478,1.005434513092041,0.10498952865600675,0.9310344827586208,0.2456140350877192,0.2456140350877192,cold_rna,split2027,1,Contact500 pretraining without SCA
946,3.522878646850586,5.1943864822387695,3.522878646850586,5.2164835929870605,3.522878646850586,1.6715078353881836,1.6936049461364746,-0.022097110748291016,0.9310344827586208,0.2368421052631578,0.2368421052631578,cold_rna,split2027,1,Contact500 pretraining without SCA
695,3.621602058410645,5.15523099899292,3.621602058410645,5.166367530822754,3.621602058410645,1.533628940582275,1.544765472412109,-0.011136531829833984,0.9310344827586208,0.2241379310344827,0.2241379310344827,cold_rna,split2027,1,Contact500 pretraining without SCA
674,3.5512936115264893,4.574206829071045,3.5512936115264893,5.071094989776611,3.5512936115264893,1.0229132175445557,1.519801378250122,-0.4968881607055664,0.9310344827586208,0.1774193548387097,0.1774193548387097,cold_rna,split2027,1,Contact500 pretraining without SCA
663,3.0,5.266112327575684,3.0,5.267295837402344,3.0,2.2661123275756836,2.2672958374023438,-0.0011835098266601562,0.9310344827586208,0.1643835616438356,0.1643835616438356,cold_rna,split2027,1,Contact500 pretraining without SCA
210,6.494850158691406,5.467018127441406,6.494850158691406,5.526421070098877,6.494850158691406,1.02783203125,0.9684290885925293,0.0594029426574707,0.6428571428571428,1.0,0.6428571428571428,cold_rna,split2027,1,Contact500 pretraining without SCA
653,8.698969841003418,4.915785789489746,8.698969841003418,4.716054439544678,8.698969841003418,3.783184051513672,3.9829154014587402,-0.19973134994506836,0.9310344827586208,0.1836734693877551,0.1836734693877551,cold_rna,split2027,1,Contact500 pretraining without SCA
855,5.193819999694824,5.905147075653076,5.193819999694824,5.480674743652344,5.193819999694824,0.711327075958252,0.28685474395751953,0.4244723320007324,0.6428571428571428,1.0,0.6428571428571428,cold_rna,split2027,1,Contact500 pretraining without SCA
854,5.122628688812256,5.811388969421387,5.122628688812256,5.430171489715576,5.122628688812256,0.6887602806091309,0.3075428009033203,0.38121747970581055,0.6666666666666667,1.0,0.6666666666666667,cold_rna,split2027,1,Contact500 pretraining without SCA
664,3.0,5.223868370056152,3.0,5.353937149047852,3.0,2.2238683700561523,2.3539371490478516,-0.13006877899169922,0.9310344827586208,0.2558139534883721,0.2558139534883721,cold_rna,split2027,1,Contact500 pretraining without SCA
1013,5.07572078704834,4.787327289581299,5.07572078704834,5.222383499145508,5.07572078704834,0.288393497467041,0.14666271209716797,0.14173078536987305,0.5,0.2765957446808511,0.2765957446808511,cold_rna,split2027,1,Contact500 pretraining without SCA
362,2.853872060775757,5.732876777648926,2.853872060775757,5.782434940338135,2.853872060775757,2.879004716873169,2.928562879562378,-0.049558162689208984,0.9310344827586208,0.5783132530120482,0.5783132530120482,cold_rna,split2027,1,Contact500 pretraining without SCA
1556,6.522878646850586,5.206756114959717,6.522878646850586,5.0215373039245605,6.522878646850586,1.3161225318908691,1.5013413429260254,-0.18521881103515625,0.4788732394366197,0.2,0.2,cold_rna,split2027,1,Contact500 pretraining without SCA
739,7.301030158996582,6.344007015228272,7.301030158996582,6.194240093231201,7.301030158996582,0.9570231437683097,1.1067900657653809,-0.1497669219970712,0.62,0.8596491228070176,0.62,cold_rna,split2027,1,Contact500 pretraining without SCA
1807,5.638272285461426,5.340926170349121,5.638272285461426,5.30582857131958,5.638272285461426,0.2973461151123047,0.3324437141418457,-0.035097599029541016,0.9310344827586208,0.2857142857142857,0.2857142857142857,cold_rna,split2027,1,Contact500 pretraining without SCA
1025,3.218963146209717,5.176144599914551,3.218963146209717,5.420192718505859,3.218963146209717,1.957181453704834,2.2012295722961426,-0.2440481185913086,0.5833333333333333,0.4098360655737705,0.4098360655737705,cold_rna,split2027,1,Contact500 pretraining without SCA
650,4.92081880569458,4.454676151275635,4.92081880569458,4.810413360595703,4.92081880569458,0.4661426544189453,0.11040544509887695,0.35573720932006836,0.9310344827586208,0.5098039215686274,0.5098039215686274,cold_rna,split2027,1,Contact500 pretraining without SCA
150,4.275723934173584,5.3988847732543945,4.275723934173584,5.614242076873779,4.275723934173584,1.1231608390808105,1.3385181427001953,-0.21535730361938477,0.9310344827586208,0.144927536231884,0.144927536231884,cold_rna,split2027,1,Contact500 pretraining without SCA
363,2.6382720470428467,5.784951686859131,2.6382720470428467,5.803110122680664,2.6382720470428467,3.146679639816284,3.1648380756378174,-0.018158435821533203,0.9310344827586208,0.5555555555555556,0.5555555555555556,cold_rna,split2027,1,Contact500 pretraining without SCA
103,5.7695512771606445,4.867934703826904,5.7695512771606445,5.144899845123291,5.7695512771606445,0.9016165733337402,0.6246514320373535,0.2769651412963867,0.9310344827586208,1.0,0.9310344827586208,cold_rna,split2027,1,Contact500 pretraining without SCA
2475,6.07572078704834,5.743042469024658,6.07572078704834,5.439547061920166,6.07572078704834,0.33267831802368164,0.6361737251281738,-0.3034954071044922,0.7,1.0,0.7,cold_rna,split2027,1,Contact500 pretraining without SCA
343,5.301030158996582,5.699468612670898,5.301030158996582,5.733949184417725,5.301030158996582,0.3984384536743164,0.4329190254211426,-0.03448057174682617,0.9310344827586208,0.5054945054945055,0.5054945054945055,cold_rna,split2027,1,Contact500 pretraining without SCA
621,4.30980396270752,4.594674110412598,4.30980396270752,4.765056133270264,4.30980396270752,0.28487014770507724,0.45525217056274325,-0.17038202285766602,0.9310344827586208,0.6041666666666666,0.6041666666666666,cold_rna,split2027,1,Contact500 pretraining without SCA
678,3.958607196807861,5.266636848449707,3.958607196807861,5.26430606842041,3.958607196807861,1.3080296516418461,1.3056988716125493,0.002330780029296875,0.9310344827586208,0.1774193548387097,0.1774193548387097,cold_rna,split2027,1,Contact500 pretraining without SCA
867,6.28399658203125,5.8426194190979,6.28399658203125,5.477323055267334,6.28399658203125,0.4413771629333496,0.806673526763916,-0.3652963638305664,0.6333333333333333,1.0,0.6333333333333333,cold_rna,split2027,1,Contact500 pretraining without SCA
335,7.0,5.7417473793029785,7.0,5.839078426361084,7.0,1.2582526206970215,1.160921573638916,0.09733104705810547,0.9310344827586208,0.4842105263157895,0.4842105263157895,cold_rna,split2027,1,Contact500 pretraining without SCA
624,4.585026741027832,4.891644477844238,4.585026741027832,4.983095645904541,4.585026741027832,0.30661773681640625,0.398068904876709,-0.09145116806030273,0.9310344827586208,0.5918367346938775,0.5918367346938775,cold_rna,split2027,1,Contact500 pretraining without SCA
334,6.522878646850586,5.775722026824951,6.522878646850586,5.9254560470581055,6.522878646850586,0.7471566200256348,0.5974225997924805,0.1497340202331543,0.9310344827586208,0.7195121951219512,0.7195121951219512,cold_rna,split2027,1,Contact500 pretraining without SCA
377,4.721246242523193,5.443088531494141,4.721246242523193,5.352507591247559,4.721246242523193,0.7218422889709473,0.6312613487243652,0.09058094024658203,0.9310344827586208,0.5517241379310345,0.5517241379310345,cold_rna,split2027,1,Contact500 pretraining without SCA
694,3.555955171585083,5.159150123596191,3.555955171585083,5.24969482421875,3.555955171585083,1.6031949520111084,1.693739652633667,-0.0905447006225586,0.9310344827586208,0.2083333333333333,0.2083333333333333,cold_rna,split2027,1,Contact500 pretraining without SCA
344,5.602059841156006,5.647439002990723,5.602059841156006,5.697554111480713,5.602059841156006,0.0453791618347168,0.09549427032470703,-0.050115108489990234,0.9310344827586208,0.5555555555555556,0.5555555555555556,cold_rna,split2027,1,Contact500 pretraining without SCA
2400,5.214670181274414,5.515307903289795,5.214670181274414,5.306338310241699,5.214670181274414,0.30063772201538086,0.09166812896728516,0.2089695930480957,0.5833333333333333,0.1311475409836065,0.1311475409836065,cold_rna,split2027,1,Contact500 pretraining without SCA
341,7.0,5.742618560791016,7.0,5.822386264801025,7.0,1.2573814392089844,1.1776137351989746,0.07976770401000977,0.9310344827586208,0.5053763440860215,0.5053763440860215,cold_rna,split2027,1,Contact500 pretraining without SCA
1165,5.221848964691162,5.975369930267334,5.221848964691162,5.476426601409912,5.221848964691162,0.7535209655761719,0.25457763671875,0.4989433288574219,0.62,0.9523809523809524,0.62,cold_rna,split2027,1,Contact500 pretraining without SCA
1417,3.995678663253784,5.402278423309326,3.995678663253784,4.4841790199279785,3.995678663253784,1.406599760055542,0.48850035667419434,0.9180994033813477,0.4927536231884057,0.4666666666666667,0.4666666666666667,cold_rna,split2027,1,Contact500 pretraining without SCA
2348,4.161150932312012,4.594674110412598,4.161150932312012,4.765056133270264,4.161150932312012,0.43352317810058594,0.603905200958252,-0.17038202285766602,0.9310344827586208,0.6041666666666666,0.6041666666666666,cold_rna,split2027,1,Contact500 pretraining without SCA
643,3.0,4.451235294342041,3.0,4.502242088317871,3.0,1.451235294342041,1.502242088317871,-0.05100679397583008,0.9310344827586208,0.3947368421052631,0.3947368421052631,cold_rna,split2027,1,Contact500 pretraining without SCA
864,6.187086582183838,5.937220573425293,6.187086582183838,5.483708381652832,6.187086582183838,0.24986600875854492,0.7033782005310059,-0.45351219177246094,0.6451612903225806,1.0,0.6451612903225806,cold_rna,split2027,1,Contact500 pretraining without SCA
688,3.70333480834961,5.173524379730225,3.70333480834961,5.433543205261231,3.70333480834961,1.4701895713806148,1.7302083969116215,-0.26001882553100675,0.9310344827586208,0.1969696969696969,0.1969696969696969,cold_rna,split2027,1,Contact500 pretraining without SCA
141,3.536107063293457,5.240902900695801,3.536107063293457,5.453213691711426,3.536107063293457,1.7047958374023438,1.9171066284179688,-0.212310791015625,0.9310344827586208,0.140625,0.140625,cold_rna,split2027,1,Contact500 pretraining without SCA
741,5.221848964691162,5.975369930267334,5.221848964691162,5.476426601409912,5.221848964691162,0.7535209655761719,0.25457763671875,0.4989433288574219,0.62,0.9523809523809524,0.62,cold_rna,split2027,1,Contact500 pretraining without SCA
128,4.455932140350342,5.23312520980835,4.455932140350342,5.305141925811768,4.455932140350342,0.7771930694580078,0.8492097854614258,-0.07201671600341797,0.9310344827586208,0.3823529411764705,0.3823529411764705,cold_rna,split2027,1,Contact500 pretraining without SCA
947,4.585026741027832,5.4416608810424805,4.585026741027832,5.133607387542725,4.585026741027832,0.8566341400146484,0.5485806465148926,0.30805349349975586,0.5652173913043479,0.2368421052631578,0.2368421052631578,cold_rna,split2027,1,Contact500 pretraining without SCA
146,3.548213481903076,5.179245948791504,3.548213481903076,5.338551998138428,3.548213481903076,1.6310324668884277,1.7903385162353516,-0.15930604934692383,0.9310344827586208,0.2307692307692307,0.2307692307692307,cold_rna,split2027,1,Contact500 pretraining without SCA
618,4.958607196807861,5.479929447174072,4.958607196807861,5.579568862915039,4.958607196807861,0.5213222503662109,0.6209616661071777,-0.0996394157409668,0.9310344827586208,0.75,0.75,cold_rna,split2027,1,Contact500 pretraining without SCA
692,4.221848964691162,5.15816068649292,4.221848964691162,5.314792156219482,4.221848964691162,0.9363117218017578,1.0929431915283203,-0.1566314697265625,0.9310344827586208,0.2,0.2,cold_rna,split2027,1,Contact500 pretraining without SCA
325,5.4202165603637695,5.88203239440918,5.4202165603637695,5.971663951873779,5.4202165603637695,0.46181583404541016,0.5514473915100098,-0.08963155746459961,0.9310344827586208,0.7352941176470589,0.7352941176470589,cold_rna,split2027,1,Contact500 pretraining without SCA
380,5.958607196807861,5.816893100738525,5.958607196807861,5.760046005249023,5.958607196807861,0.14171409606933594,0.1985611915588379,-0.05684709548950195,0.9310344827586208,0.6842105263157895,0.6842105263157895,cold_rna,split2027,1,Contact500 pretraining without SCA
1024,5.12493896484375,5.331252574920654,5.12493896484375,5.35896635055542,5.12493896484375,0.2063136100769043,0.23402738571166992,-0.027713775634765625,0.5833333333333333,0.2087912087912088,0.2087912087912088,cold_rna,split2027,1,Contact500 pretraining without SCA
345,6.0,5.784552574157715,6.0,5.838079452514648,6.0,0.21544742584228516,0.16192054748535156,0.053526878356933594,0.9310344827586208,0.6506024096385542,0.6506024096385542,cold_rna,split2027,1,Contact500 pretraining without SCA
217,6.031517028808594,5.355489253997803,6.031517028808594,5.404931545257568,6.031517028808594,0.676027774810791,0.6265854835510254,0.049442291259765625,0.6428571428571428,0.5897435897435898,0.5897435897435898,cold_rna,split2027,1,Contact500 pretraining without SCA
689,3.392544984817505,5.170963287353516,3.392544984817505,5.433987140655518,3.392544984817505,1.7784183025360107,2.0414421558380127,-0.26302385330200195,0.9310344827586208,0.1976744186046511,0.1976744186046511,cold_rna,split2027,1,Contact500 pretraining without SCA
1067,6.732828140258789,5.88290548324585,6.732828140258789,6.389841079711914,6.732828140258789,0.8499226570129395,0.342987060546875,0.5069355964660645,0.4788732394366197,0.19,0.19,cold_rna,split2027,1,Contact500 pretraining without SCA
683,3.798602819442749,5.029711246490479,3.798602819442749,5.973838806152344,3.798602819442749,1.2311084270477304,2.1752359867095947,-0.9441275596618643,0.9310344827586208,0.1707317073170731,0.1707317073170731,cold_rna,split2027,1,Contact500 pretraining without SCA
1808,4.92081880569458,5.381292819976807,4.92081880569458,5.270897388458252,4.92081880569458,0.46047401428222656,0.3500785827636719,0.11039543151855469,0.9310344827586208,0.2,0.2,cold_rna,split2027,1,Contact500 pretraining without SCA
2353,2.9669785499572754,3.7844958305358887,2.9669785499572754,4.172849655151367,2.9669785499572754,0.8175172805786133,1.2058711051940918,-0.3883538246154785,0.9310344827586208,0.293103448275862,0.293103448275862,cold_rna,split2027,1,Contact500 pretraining without SCA
355,5.92081880569458,5.744148254394531,5.92081880569458,5.738748073577881,5.92081880569458,0.17667055130004883,0.18207073211669922,-0.005400180816650391,0.9310344827586208,0.6451612903225806,0.6451612903225806,cold_rna,split2027,1,Contact500 pretraining without SCA
600,5.823908805847168,5.591549396514893,5.823908805847168,5.424807548522949,5.823908805847168,0.2323594093322754,0.39910125732421875,-0.16674184799194336,0.9310344827586208,1.0,0.9310344827586208,cold_rna,split2027,1,Contact500 pretraining without SCA
365,2.207608222961426,5.853574752807617,2.207608222961426,6.021914482116699,2.207608222961426,3.6459665298461914,3.8143062591552734,-0.16833972930908203,0.9310344827586208,0.5647058823529412,0.5647058823529412,cold_rna,split2027,1,Contact500 pretraining without SCA
113,4.045757293701172,5.320869445800781,4.045757293701172,5.2924113273620605,4.045757293701172,1.2751121520996094,1.2466540336608887,0.028458118438720703,0.9310344827586208,0.3243243243243243,0.3243243243243243,cold_rna,split2027,1,Contact500 pretraining without SCA
349,6.221848964691162,5.730137825012207,6.221848964691162,5.688441753387451,6.221848964691162,0.4917111396789551,0.5334072113037109,-0.04169607162475586,0.9310344827586208,0.6896551724137931,0.6896551724137931,cold_rna,split2027,1,Contact500 pretraining without SCA
856,6.318758964538574,5.876117706298828,6.318758964538574,5.475478649139404,6.318758964538574,0.4426412582397461,0.8432803153991699,-0.40063905715942383,0.6785714285714286,1.0,0.6785714285714286,cold_rna,split2027,1,Contact500 pretraining without SCA
1416,4.473660945892334,5.600004196166992,4.473660945892334,4.644415855407715,4.473660945892334,1.1263432502746582,0.17075490951538086,0.9555883407592773,0.4927536231884057,0.3663366336633663,0.3663366336633663,cold_rna,split2027,1,Contact500 pretraining without SCA
2402,3.462180852890014,5.076107978820801,3.462180852890014,4.211686611175537,3.462180852890014,1.6139271259307866,0.7495057582855229,0.8644213676452637,0.5833333333333333,0.1714285714285714,0.1714285714285714,cold_rna,split2027,1,Contact500 pretraining without SCA
632,6.886056423187256,5.839535236358643,6.886056423187256,5.848507881164551,6.886056423187256,1.0465211868286133,1.037548542022705,0.008972644805908203,0.9310344827586208,0.6712328767123288,0.6712328767123288,cold_rna,split2027,1,Contact500 pretraining without SCA
353,6.397940158843994,5.784948348999023,6.397940158843994,5.628819942474365,6.397940158843994,0.6129918098449707,0.7691202163696289,-0.1561284065246582,0.9310344827586208,0.6896551724137931,0.6896551724137931,cold_rna,split2027,1,Contact500 pretraining without SCA
117,5.045757293701172,5.1818928718566895,5.045757293701172,5.655716419219971,5.045757293701172,0.13613557815551758,0.6099591255187988,-0.47382354736328125,0.9310344827586208,0.2098765432098765,0.2098765432098765,cold_rna,split2027,1,Contact500 pretraining without SCA
333,7.0,5.670517444610596,7.0,5.668962478637695,7.0,1.3294825553894043,1.3310375213623047,-0.0015549659729003906,0.9310344827586208,0.5340909090909091,0.5340909090909091,cold_rna,split2027,1,Contact500 pretraining without SCA
1732,6.570247650146484,6.135379791259766,6.570247650146484,6.490363121032715,6.570247650146484,0.43486785888671875,0.07988452911376953,0.3549833297729492,0.5333333333333333,0.0,0.0,cold_rna,split2027,1,Contact500 pretraining without SCA
1958,7.036211967468262,6.938918113708496,7.036211967468262,7.157283782958984,7.036211967468262,0.09729385375976562,0.12107181549072266,-0.02377796173095703,0.5757575757575757,0.238095238095238,0.238095238095238,cold_rna,split2027,1,Contact500 pretraining without SCA
122,5.522878646850586,5.340569496154785,5.522878646850586,5.319529056549072,5.522878646850586,0.18230915069580078,0.20334959030151367,-0.02104043960571289,0.9310344827586208,0.2,0.2,cold_rna,split2027,1,Contact500 pretraining without SCA
158,3.806875467300415,5.089769840240479,3.806875467300415,5.137572288513184,3.806875467300415,1.2828943729400644,1.3306968212127686,-0.04780244827270419,0.9310344827586208,0.1728395061728395,0.1728395061728395,cold_rna,split2027,1,Contact500 pretraining without SCA
115,3.795880079269409,5.3029327392578125,3.795880079269409,5.344137191772461,3.795880079269409,1.5070526599884033,1.5482571125030518,-0.04120445251464844,0.9310344827586208,0.275,0.275,cold_rna,split2027,1,Contact500 pretraining without SCA
660,3.0,5.509407997131348,3.0,5.466220855712891,3.0,2.5094079971313477,2.4662208557128906,0.04318714141845703,0.9310344827586208,0.2253521126760563,0.2253521126760563,cold_rna,split2027,1,Contact500 pretraining without SCA
1175,5.585026741027832,5.673819541931152,5.585026741027832,5.837088584899902,5.585026741027832,0.08879280090332031,0.2520618438720703,-0.16326904296875,0.5806451612903225,0.2361111111111111,0.2361111111111111,cold_rna,split2027,1,Contact500 pretraining without SCA
622,4.431798458099365,4.941941738128662,4.431798458099365,5.073080539703369,4.431798458099365,0.5101432800292969,0.6412820816040039,-0.13113880157470703,0.9310344827586208,0.5952380952380952,0.5952380952380952,cold_rna,split2027,1,Contact500 pretraining without SCA
2403,5.522878646850586,6.076498985290527,5.522878646850586,5.857736587524414,5.522878646850586,0.5536203384399414,0.3348579406738281,0.21876239776611328,0.5833333333333333,0.0,0.0,cold_rna,split2027,1,Contact500 pretraining without SCA
1316,3.795880079269409,5.007106304168701,3.795880079269409,4.696025848388672,3.795880079269409,1.211226224899292,0.9001457691192627,0.3110804557800293,0.6,0.2696629213483146,0.2696629213483146,cold_rna,split2027,1,Contact500 pretraining without SCA
679,3.27164626121521,5.2875494956970215,3.27164626121521,5.299953460693359,3.27164626121521,2.0159032344818115,2.0283071994781494,-0.01240396499633789,0.9310344827586208,0.1967213114754098,0.1967213114754098,cold_rna,split2027,1,Contact500 pretraining without SCA
616,5.408935546875,5.092236042022705,5.408935546875,5.307613849639893,5.408935546875,0.3166995048522949,0.10132169723510742,0.2153778076171875,0.9310344827586208,0.921875,0.921875,cold_rna,split2027,1,Contact500 pretraining without SCA
640,5.698969841003418,4.436478137969971,5.698969841003418,4.955924034118652,5.698969841003418,1.2624917030334473,0.7430458068847656,0.5194458961486816,0.9310344827586208,0.348314606741573,0.348314606741573,cold_rna,split2027,1,Contact500 pretraining without SCA
698,3.0,5.33660364151001,3.0,5.606926918029785,3.0,2.3366036415100098,2.606926918029785,-0.2703232765197754,0.9310344827586208,0.2022471910112359,0.2022471910112359,cold_rna,split2027,1,Contact500 pretraining without SCA
680,3.0390539169311523,5.320729732513428,3.0390539169311523,5.382843494415283,3.0390539169311523,2.2816758155822754,2.343789577484131,-0.06211376190185547,0.9310344827586208,0.3043478260869565,0.3043478260869565,cold_rna,split2027,1,Contact500 pretraining without SCA
350,5.79587984085083,5.851245880126953,5.79587984085083,5.803268909454346,5.79587984085083,0.05536603927612305,0.007389068603515625,0.04797697067260742,0.9310344827586208,0.6557377049180327,0.6557377049180327,cold_rna,split2027,1,Contact500 pretraining without SCA
636,3.4225082397460938,4.160256385803223,3.4225082397460938,4.5047125816345215,3.4225082397460938,0.7377481460571289,1.0822043418884277,-0.34445619583129883,0.9310344827586208,0.3269230769230769,0.3269230769230769,cold_rna,split2027,1,Contact500 pretraining without SCA
2407,2.3098039627075195,5.076107978820801,2.3098039627075195,4.211686611175537,2.3098039627075195,2.7663040161132812,1.9018826484680176,0.8644213676452637,0.5833333333333333,0.1714285714285714,0.1714285714285714,cold_rna,split2027,1,Contact500 pretraining without SCA
116,4.744727611541748,5.276788711547852,4.744727611541748,5.36296272277832,4.744727611541748,0.5320611000061035,0.6182351112365723,-0.08617401123046875,0.9310344827586208,0.2345679012345679,0.2345679012345679,cold_rna,split2027,1,Contact500 pretraining without SCA
676,3.759450674057007,5.130518436431885,3.759450674057007,4.885950565338135,3.759450674057007,1.371067762374878,1.126499891281128,0.24456787109375,0.9310344827586208,0.1929824561403508,0.1929824561403508,cold_rna,split2027,1,Contact500 pretraining without SCA
327,6.045757293701172,5.677855014801025,6.045757293701172,5.756951332092285,6.045757293701172,0.3679022789001465,0.2888059616088867,0.07909631729125977,0.9310344827586208,0.5274725274725275,0.5274725274725275,cold_rna,split2027,1,Contact500 pretraining without SCA
857,5.9281182289123535,5.880587100982666,5.9281182289123535,5.476885795593262,5.9281182289123535,0.0475311279296875,0.4512324333190918,-0.4037013053894043,0.6428571428571428,1.0,0.6428571428571428,cold_rna,split2027,1,Contact500 pretraining without SCA
1011,5.292429924011231,5.645358562469482,5.292429924011231,5.186422348022461,5.292429924011231,0.35292863845825106,0.10600757598877042,0.24692106246948065,0.5,0.1506849315068493,0.1506849315068493,cold_rna,split2027,1,Contact500 pretraining without SCA
614,2.92081880569458,5.169674873352051,2.92081880569458,5.310661315917969,2.92081880569458,2.2488560676574707,2.3898425102233887,-0.14098644256591797,0.9310344827586208,1.0,0.9310344827586208,cold_rna,split2027,1,Contact500 pretraining without SCA
1007,5.086185932159424,5.054167747497559,5.086185932159424,5.127196788787842,5.086185932159424,0.032018184661865234,0.04101085662841797,-0.008992671966552734,0.5,0.1632653061224489,0.1632653061224489,cold_rna,split2027,1,Contact500 pretraining without SCA
2349,3.1758742332458496,4.443446636199951,3.1758742332458496,4.575540542602539,3.1758742332458496,1.2675724029541016,1.3996663093566895,-0.1320939064025879,0.9310344827586208,0.293103448275862,0.293103448275862,cold_rna,split2027,1,Contact500 pretraining without SCA
360,5.318758964538574,5.779551029205322,5.318758964538574,5.9117207527160645,5.318758964538574,0.46079206466674805,0.5929617881774902,-0.1321697235107422,0.9310344827586208,0.5454545454545454,0.5454545454545454,cold_rna,split2027,1,Contact500 pretraining without SCA
742,6.79587984085083,6.284289360046387,6.79587984085083,6.368930339813232,6.79587984085083,0.5115904808044434,0.42694950103759766,0.0846409797668457,0.62,0.0,0.0,cold_rna,split2027,1,Contact500 pretraining without SCA
1406,4.95078182220459,5.593654632568359,4.95078182220459,4.500974655151367,4.95078182220459,0.6428728103637695,0.44980716705322266,0.19306564331054688,0.4927536231884057,0.3854166666666667,0.3854166666666667,cold_rna,split2027,1,Contact500 pretraining without SCA
138,3.3705904483795166,5.164638996124268,3.3705904483795166,5.247794151306152,3.3705904483795166,1.794048547744751,1.8772037029266357,-0.08315515518188477,0.9310344827586208,0.234375,0.234375,cold_rna,split2027,1,Contact500 pretraining without SCA
699,3.913640260696411,5.212244510650635,3.913640260696411,5.196867942810059,3.913640260696411,1.2986042499542236,1.2832276821136475,0.015376567840576172,0.9310344827586208,0.0,0.0,cold_rna,split2027,1,Contact500 pretraining without SCA
331,5.036211967468262,5.640892505645752,5.036211967468262,5.672098636627197,5.036211967468262,0.6046805381774902,0.6358866691589355,-0.031206130981445312,0.9310344827586208,0.6266666666666667,0.6266666666666667,cold_rna,split2027,1,Contact500 pretraining without SCA
1409,4.472370147705078,5.6958723068237305,4.472370147705078,4.568660259246826,4.472370147705078,1.2235021591186523,0.09629011154174805,1.1272120475769043,0.4927536231884057,0.3627450980392157,0.3627450980392157,cold_rna,split2027,1,Contact500 pretraining without SCA
1008,5.08092212677002,5.505935192108154,5.08092212677002,5.335038661956787,5.08092212677002,0.4250130653381339,0.2541165351867667,0.1708965301513672,0.5,0.1585365853658536,0.1585365853658536,cold_rna,split2027,1,Contact500 pretraining without SCA
219,5.070580959320068,5.502292156219482,5.070580959320068,5.61695671081543,5.070580959320068,0.43171119689941406,0.5463757514953613,-0.11466455459594727,0.6428571428571428,0.5142857142857142,0.5142857142857142,cold_rna,split2027,1,Contact500 pretraining without SCA
1824,6.721246242523193,6.732519149780273,6.721246242523193,5.346371173858643,6.721246242523193,0.011272907257080078,1.3748750686645508,-1.3636021614074707,0.5333333333333333,0.384,0.384,cold_rna,split2027,1,Contact500 pretraining without SCA
2352,3.311580181121826,4.200693607330322,3.311580181121826,4.451871395111084,3.311580181121826,0.8891134262084961,1.1402912139892578,-0.2511777877807617,0.9310344827586208,0.3137254901960784,0.3137254901960784,cold_rna,split2027,1,Contact500 pretraining without SCA
2362,5.698969841003418,4.739077568054199,5.698969841003418,5.163890361785889,5.698969841003418,0.9598922729492188,0.5350794792175293,0.42481279373168945,0.9310344827586208,0.8809523809523809,0.8809523809523809,cold_rna,split2027,1,Contact500 pretraining without SCA
111,3.091515064239502,5.310180187225342,3.091515064239502,5.243052959442139,3.091515064239502,2.21866512298584,2.1515378952026367,0.06712722778320312,0.9310344827586208,0.2941176470588235,0.2941176470588235,cold_rna,split2027,1,Contact500 pretraining without SCA
649,4.958607196807861,4.454676151275635,4.958607196807861,4.810413360595703,4.958607196807861,0.5039310455322266,0.1481938362121582,0.35573720932006836,0.9310344827586208,0.5098039215686274,0.5098039215686274,cold_rna,split2027,1,Contact500 pretraining without SCA
140,3.673664093017578,5.161666870117188,3.673664093017578,5.256389617919922,3.673664093017578,1.4880027770996103,1.5827255249023438,-0.09472274780273349,0.9310344827586208,0.2307692307692307,0.2307692307692307,cold_rna,split2027,1,Contact500 pretraining without SCA
661,3.0,5.268095970153809,3.0,5.424427509307861,3.0,2.2680959701538086,2.4244275093078613,-0.15633153915405273,0.9310344827586208,0.1805555555555555,0.1805555555555555,cold_rna,split2027,1,Contact500 pretraining without SCA
132,3.962573528289795,5.171319484710693,3.962573528289795,5.20249080657959,3.962573528289795,1.2087459564208984,1.239917278289795,-0.031171321868896484,0.9310344827586208,0.1351351351351351,0.1351351351351351,cold_rna,split2027,1,Contact500 pretraining without SCA
148,3.5783960819244385,5.156013011932373,3.5783960819244385,5.238604545593262,3.5783960819244385,1.5776169300079346,1.6602084636688232,-0.08259153366088867,0.9310344827586208,0.2592592592592592,0.2592592592592592,cold_rna,split2027,1,Contact500 pretraining without SCA
1012,4.95078182220459,5.765820503234863,4.95078182220459,6.827426910400391,4.95078182220459,0.8150386810302734,1.8766450881958008,-1.0616064071655273,0.5,0.1967213114754098,0.1967213114754098,cold_rna,split2027,1,Contact500 pretraining without SCA
134,3.686132669448853,5.115612030029297,3.686132669448853,5.233540058135986,3.686132669448853,1.429479360580444,1.5474073886871333,-0.11792802810668945,0.9310344827586208,0.1764705882352941,0.1764705882352941,cold_rna,split2027,1,Contact500 pretraining without SCA
1010,5.659555912017822,5.109013080596924,5.659555912017822,5.222504615783691,5.659555912017822,0.5505428314208984,0.43705129623413086,0.11349153518676758,0.5,0.1917808219178082,0.1917808219178082,cold_rna,split2027,1,Contact500 pretraining without SCA
1170,7.0,5.278080463409424,7.0,5.5674333572387695,7.0,1.7219195365905762,1.4325666427612305,0.2893528938293457,0.5185185185185186,0.3260869565217391,0.3260869565217391,cold_rna,split2027,1,Contact500 pretraining without SCA
352,8.0,5.768270969390869,8.0,5.853909015655518,8.0,2.231729030609131,2.1460909843444824,0.08563804626464844,0.9310344827586208,0.5882352941176471,0.5882352941176471,cold_rna,split2027,1,Contact500 pretraining without SCA
610,4.677780628204346,5.534467697143555,4.677780628204346,5.630407333374023,4.677780628204346,0.856687068939209,0.9526267051696777,-0.09593963623046875,0.9310344827586208,0.3090909090909091,0.3090909090909091,cold_rna,split2027,1,Contact500 pretraining without SCA
2486,4.876148223876953,5.114092350006104,4.876148223876953,5.224363803863525,4.876148223876953,0.23794412612915128,0.34821557998657227,-0.11027145385742099,0.6333333333333333,0.8809523809523809,0.6333333333333333,cold_rna,split2027,1,Contact500 pretraining without SCA
651,4.096909999847412,4.418228626251221,4.096909999847412,4.8012566566467285,4.096909999847412,0.3213186264038086,0.7043466567993164,-0.3830280303955078,0.9310344827586208,0.5098039215686274,0.5098039215686274,cold_rna,split2027,1,Contact500 pretraining without SCA
1018,4.9281182289123535,5.805399417877197,4.9281182289123535,5.321086406707764,4.9281182289123535,0.8772811889648438,0.39296817779541016,0.4843130111694336,0.5833333333333333,0.1585365853658536,0.1585365853658536,cold_rna,split2027,1,Contact500 pretraining without SCA
120,3.0043647289276123,5.331244468688965,3.0043647289276123,5.305132865905762,3.0043647289276123,2.3268797397613525,2.3007681369781494,0.026111602783203125,0.9310344827586208,0.2121212121212121,0.2121212121212121,cold_rna,split2027,1,Contact500 pretraining without SCA
119,3.7695510387420654,5.252534866333008,3.7695510387420654,5.349259376525879,3.7695510387420654,1.4829838275909424,1.5797083377838135,-0.0967245101928711,0.9310344827586208,0.3103448275862069,0.3103448275862069,cold_rna,split2027,1,Contact500 pretraining without SCA
1820,6.79587984085083,6.612564563751221,6.79587984085083,5.539803504943848,6.79587984085083,0.18331527709960938,1.2560763359069824,-1.072761058807373,0.5333333333333333,0.2115384615384615,0.2115384615384615,cold_rna,split2027,1,Contact500 pretraining without SCA
672,3.442492723464966,5.217074394226074,3.442492723464966,5.226049900054932,3.442492723464966,1.7745816707611084,1.7835571765899658,-0.008975505828857422,0.9310344827586208,0.1864406779661017,0.1864406779661017,cold_rna,split2027,1,Contact500 pretraining without SCA
1020,5.698969841003418,5.388485908508301,5.698969841003418,5.205101013183594,5.698969841003418,0.3104839324951172,0.4938688278198242,-0.18338489532470703,0.5833333333333333,0.1917808219178082,0.1917808219178082,cold_rna,split2027,1,Contact500 pretraining without SCA
703,3.0,5.495573997497559,3.0,5.51589822769165,3.0,2.4955739974975586,2.5158982276916504,-0.020324230194091797,0.9310344827586208,0.225,0.225,cold_rna,split2027,1,Contact500 pretraining without SCA
213,3.0,5.414233207702637,3.0,5.521084308624268,3.0,2.4142332077026367,2.5210843086242676,-0.10685110092163086,0.6428571428571428,0.4,0.4,cold_rna,split2027,1,Contact500 pretraining without SCA
282,7.259637355804443,4.859027862548828,7.259637355804443,5.465887069702148,7.259637355804443,2.4006094932556152,1.793750286102295,0.6068592071533203,0.9310344827586208,1.0,0.9310344827586208,cold_rna,split2027,1,Contact500 pretraining without SCA
332,5.886056423187256,5.761041641235352,5.886056423187256,5.894604206085205,5.886056423187256,0.1250147819519043,0.008547782897949219,0.11646699905395508,0.9310344827586208,0.5294117647058824,0.5294117647058824,cold_rna,split2027,1,Contact500 pretraining without SCA
691,3.240332126617432,5.592788219451904,3.240332126617432,5.573314666748047,3.240332126617432,2.352456092834472,2.332982540130615,0.019473552703857422,0.9310344827586208,0.2058823529411764,0.2058823529411764,cold_rna,split2027,1,Contact500 pretraining without SCA
668,3.0,5.119938373565674,3.0,5.131419658660889,3.0,2.119938373565674,2.1314196586608887,-0.011481285095214844,0.9310344827586208,0.1818181818181818,0.1818181818181818,cold_rna,split2027,1,Contact500 pretraining without SCA
862,6.187086582183838,5.948469161987305,6.187086582183838,5.4802985191345215,6.187086582183838,0.2386174201965332,0.7067880630493164,-0.4681706428527832,0.6206896551724138,1.0,0.6206896551724138,cold_rna,split2027,1,Contact500 pretraining without SCA
685,3.931814193725586,4.797401428222656,3.931814193725586,5.980813503265381,3.931814193725586,0.8655872344970703,2.048999309539795,-1.1834120750427246,0.9310344827586208,0.1923076923076923,0.1923076923076923,cold_rna,split2027,1,Contact500 pretraining without SCA
98,7.06048059463501,6.790757179260254,7.06048059463501,7.080906391143799,7.06048059463501,0.26972341537475586,0.020425796508789062,0.2492976188659668,0.8571428571428572,0.546583850931677,0.546583850931677,cold_rna,split2027,1,Contact500 pretraining without SCA
107,4.823908805847168,4.644708633422852,4.823908805847168,4.355814933776856,4.823908805847168,0.1792001724243164,0.4680938720703116,-0.2888936996459952,0.9310344827586208,0.2982456140350877,0.2982456140350877,cold_rna,split2027,1,Contact500 pretraining without SCA
2358,3.3555614948272705,3.935601711273194,3.3555614948272705,4.2472124099731445,3.3555614948272705,0.5800402164459233,0.891650915145874,-0.31161069869995073,0.9310344827586208,0.3387096774193548,0.3387096774193548,cold_rna,split2027,1,Contact500 pretraining without SCA
620,4.619788646697998,5.103805541992188,4.619788646697998,5.454174995422363,4.619788646697998,0.48401689529419034,0.8343863487243652,-0.3503694534301749,0.9310344827586208,0.6049382716049383,0.6049382716049383,cold_rna,split2027,1,Contact500 pretraining without SCA
99,4.705533981323242,6.071462154388428,4.705533981323242,6.05993127822876,4.705533981323242,1.3659281730651855,1.3543972969055176,0.011530876159667969,0.8571428571428572,0.3144654088050314,0.3144654088050314,cold_rna,split2027,1,Contact500 pretraining without SCA
226,7.221848964691162,5.591549396514893,7.221848964691162,5.424807548522949,7.221848964691162,1.6302995681762695,1.797041416168213,-0.16674184799194336,0.9310344827586208,1.0,0.9310344827586208,cold_rna,split2027,1,Contact500 pretraining without SCA
2398,6.06048059463501,6.076498985290527,6.06048059463501,5.857735633850098,6.06048059463501,0.016018390655517578,0.2027449607849121,-0.18672657012939453,0.5833333333333333,0.0,0.0,cold_rna,split2027,1,Contact500 pretraining without SCA
1806,4.585026741027832,5.378721237182617,4.585026741027832,5.33713436126709,4.585026741027832,0.7936944961547852,0.7521076202392578,0.041586875915527344,0.9310344827586208,0.2545454545454545,0.2545454545454545,cold_rna,split2027,1,Contact500 pretraining without SCA
154,3.7569620609283447,5.373035907745361,3.7569620609283447,5.402197360992432,3.7569620609283447,1.6160738468170166,1.645235300064087,-0.029161453247070312,0.9310344827586208,0.1325301204819277,0.1325301204819277,cold_rna,split2027,1,Contact500 pretraining without SCA
1171,8.214670181274414,5.234948635101318,8.214670181274414,5.699034214019775,8.214670181274414,2.9797215461730957,2.5156359672546387,0.46408557891845703,0.5185185185185186,1.0,0.5185185185185186,cold_rna,split2027,1,Contact500 pretraining without SCA
658,3.301029920578003,4.701437950134277,3.301029920578003,4.9458770751953125,3.301029920578003,1.4004080295562744,1.6448471546173096,-0.24443912506103516,0.9310344827586208,0.1866666666666666,0.1866666666666666,cold_rna,split2027,1,Contact500 pretraining without SCA
414,6.305394649505615,6.344007015228272,6.305394649505615,6.194240093231201,6.305394649505615,0.03861236572265714,0.11115455627441406,-0.07254219055175692,0.62,0.8596491228070176,0.62,cold_rna,split2027,1,Contact500 pretraining without SCA
330,6.522878646850586,5.793041229248047,6.522878646850586,5.829196453094482,6.522878646850586,0.7298374176025391,0.6936821937561035,0.03615522384643555,0.9310344827586208,0.5714285714285714,0.5714285714285714,cold_rna,split2027,1,Contact500 pretraining without SCA
700,3.614393711090088,5.5191497802734375,3.614393711090088,5.324806213378906,3.614393711090088,1.9047560691833496,1.7104125022888184,0.19434356689453125,0.9310344827586208,0.0,0.0,cold_rna,split2027,1,Contact500 pretraining without SCA
151,3.6326441764831534,5.375053882598877,3.6326441764831534,5.563721656799316,3.6326441764831534,1.7424097061157235,1.931077480316163,-0.18866777420043945,0.9310344827586208,0.1744186046511628,0.1744186046511628,cold_rna,split2027,1,Contact500 pretraining without SCA
2406,3.5590908527374268,5.470909595489502,3.5590908527374268,5.491805076599121,3.5590908527374268,1.9118187427520752,1.9327142238616943,-0.02089548110961914,0.5833333333333333,0.2602739726027397,0.2602739726027397,cold_rna,split2027,1,Contact500 pretraining without SCA
2474,6.292429924011231,5.974486827850342,6.292429924011231,5.477969646453857,6.292429924011231,0.31794309616088956,0.8144602775573739,-0.4965171813964844,0.6896551724137931,1.0,0.6896551724137931,cold_rna,split2027,1,Contact500 pretraining without SCA
860,5.562249660491943,5.892872333526611,5.562249660491943,5.470867156982422,5.562249660491943,0.33062267303466797,0.09138250350952148,0.23924016952514648,0.6896551724137931,1.0,0.6896551724137931,cold_rna,split2027,1,Contact500 pretraining without SCA
673,3.2941362857818604,5.210568428039551,3.2941362857818604,5.214617729187012,3.2941362857818604,1.9164321422576904,1.9204814434051514,-0.0040493011474609375,0.9310344827586208,0.1864406779661017,0.1864406779661017,cold_rna,split2027,1,Contact500 pretraining without SCA
696,3.521433591842652,5.045713901519775,3.521433591842652,5.135773181915283,3.521433591842652,1.5242803096771236,1.6143395900726314,-0.09005928039550781,0.9310344827586208,0.2297297297297297,0.2297297297297297,cold_rna,split2027,1,Contact500 pretraining without SCA
615,5.229147911071777,5.276789665222168,5.229147911071777,5.384426116943359,5.229147911071777,0.047641754150390625,0.15527820587158203,-0.1076364517211914,0.9310344827586208,0.9365079365079364,0.9310344827586208,cold_rna,split2027,1,Contact500 pretraining without SCA
379,5.387216091156006,5.687338352203369,5.387216091156006,5.606871128082275,5.387216091156006,0.3001222610473633,0.21965503692626953,0.08046722412109375,0.9310344827586208,0.6290322580645161,0.6290322580645161,cold_rna,split2027,1,Contact500 pretraining without SCA
165,4.7695512771606445,5.1288371086120605,4.7695512771606445,5.3605499267578125,4.7695512771606445,0.359285831451416,0.590998649597168,-0.23171281814575195,0.9310344827586208,0.1724137931034483,0.1724137931034483,cold_rna,split2027,1,Contact500 pretraining without SCA
347,6.045757293701172,5.7554192543029785,6.045757293701172,5.916877269744873,6.045757293701172,0.29033803939819336,0.12888002395629883,0.16145801544189453,0.9310344827586208,0.6547619047619048,0.6547619047619048,cold_rna,split2027,1,Contact500 pretraining without SCA
2478,6.30980396270752,5.720744609832764,6.30980396270752,5.456290245056152,6.30980396270752,0.5890593528747567,0.8535137176513681,-0.26445436477661133,0.6666666666666667,1.0,0.6666666666666667,cold_rna,split2027,1,Contact500 pretraining without SCA
681,3.0,5.180021286010742,3.0,5.172593116760254,3.0,2.180021286010742,2.172593116760254,0.007428169250488281,0.9310344827586208,0.1833333333333333,0.1833333333333333,cold_rna,split2027,1,Contact500 pretraining without SCA
1016,5.6575775146484375,5.329092502593994,5.6575775146484375,5.346449851989746,5.6575775146484375,0.32848501205444336,0.3111276626586914,0.017357349395751953,0.5833333333333333,0.2075471698113207,0.2075471698113207,cold_rna,split2027,1,Contact500 pretraining without SCA
218,4.30980396270752,5.567852973937988,4.30980396270752,5.700277328491211,4.30980396270752,1.2580490112304679,1.3904733657836905,-0.13242435455322266,0.6428571428571428,0.4615384615384615,0.4615384615384615,cold_rna,split2027,1,Contact500 pretraining without SCA
375,6.045757293701172,5.90462589263916,6.045757293701172,6.121365070343018,6.045757293701172,0.14113140106201172,0.0756077766418457,0.06552362442016602,0.9310344827586208,0.5393258426966292,0.5393258426966292,cold_rna,split2027,1,Contact500 pretraining without SCA
1822,6.0087738037109375,7.243050098419189,6.0087738037109375,7.253210067749023,6.0087738037109375,1.234276294708251,1.244436264038086,-0.010159969329834873,0.5333333333333333,0.2066115702479339,0.2066115702479339,cold_rna,split2027,1,Contact500 pretraining without SCA
1408,4.459670543670654,5.725222587585449,4.459670543670654,4.577692031860352,4.459670543670654,1.265552043914795,0.11802148818969727,1.1475305557250977,0.4927536231884057,0.3627450980392157,0.3627450980392157,cold_rna,split2027,1,Contact500 pretraining without SCA
2401,4.161150932312012,5.470909595489502,4.161150932312012,5.491805076599121,4.161150932312012,1.3097586631774902,1.3306541442871094,-0.02089548110961914,0.5833333333333333,0.2602739726027397,0.2602739726027397,cold_rna,split2027,1,Contact500 pretraining without SCA
135,3.954677104949951,6.020967483520508,3.954677104949951,6.551374435424805,3.954677104949951,2.0662903785705566,2.5966973304748535,-0.5304069519042969,0.9310344827586208,0.1354166666666666,0.1354166666666666,cold_rna,split2027,1,Contact500 pretraining without SCA
1410,4.323306560516357,5.746310710906982,4.323306560516357,4.582137584686279,4.323306560516357,1.423004150390625,0.2588310241699219,1.1641731262207031,0.4927536231884057,0.3663366336633663,0.3663366336633663,cold_rna,split2027,1,Contact500 pretraining without SCA
1730,6.0,6.54743242263794,6.0,5.15227746963501,6.0,0.5474324226379403,0.8477225303649902,-0.3002901077270499,0.5333333333333333,0.2,0.2,cold_rna,split2027,1,Contact500 pretraining without SCA
1169,8.0,5.825689792633057,8.0,6.268248558044434,8.0,2.1743102073669434,1.7317514419555664,0.44255876541137695,0.5185185185185186,0.2790697674418604,0.2790697674418604,cold_rna,split2027,1,Contact500 pretraining without SCA
1022,5.050610065460205,6.086974620819092,5.050610065460205,6.803847789764404,5.050610065460205,1.0363645553588867,1.7532377243041992,-0.7168731689453125,0.5833333333333333,0.1967213114754098,0.1967213114754098,cold_rna,split2027,1,Contact500 pretraining without SCA
2356,3.2564902305603027,4.469327926635742,3.2564902305603027,4.420389652252197,3.2564902305603027,1.2128376960754395,1.1638994216918945,0.04893827438354492,0.9310344827586208,0.2878787878787879,0.2878787878787879,cold_rna,split2027,1,Contact500 pretraining without SCA
342,7.698969841003418,5.7078070640563965,7.698969841003418,5.760172367095947,7.698969841003418,1.9911627769470215,1.9387974739074707,0.05236530303955078,0.9310344827586208,0.5053763440860215,0.5053763440860215,cold_rna,split2027,1,Contact500 pretraining without SCA
211,2.4559319019317627,5.449059963226318,2.4559319019317627,5.478466987609863,2.4559319019317627,2.9931280612945557,3.0225350856781006,-0.029407024383544922,0.6428571428571428,0.4571428571428571,0.4571428571428571,cold_rna,split2027,1,Contact500 pretraining without SCA
609,4.958607196807861,5.563887596130371,4.958607196807861,5.684184074401856,4.958607196807861,0.6052803993225098,0.725576877593995,-0.12029647827148526,0.9310344827586208,0.3818181818181818,0.3818181818181818,cold_rna,split2027,1,Contact500 pretraining without SCA
340,6.221848964691162,5.711077690124512,6.221848964691162,5.652342319488525,6.221848964691162,0.5107712745666504,0.5695066452026367,-0.05873537063598633,0.9310344827586208,0.4945054945054945,0.4945054945054945,cold_rna,split2027,1,Contact500 pretraining without SCA
675,3.4202163219451904,5.189748764038086,3.4202163219451904,5.197023391723633,3.4202163219451904,1.7695324420928955,1.7768070697784424,-0.007274627685546875,0.9310344827586208,0.2,0.2,cold_rna,split2027,1,Contact500 pretraining without SCA
1023,4.853871822357178,5.07717227935791,4.853871822357178,5.211460590362549,4.853871822357178,0.22330045700073242,0.3575887680053711,-0.13428831100463867,0.5833333333333333,0.2765957446808511,0.2765957446808511,cold_rna,split2027,1,Contact500 pretraining without SCA
1179,5.30980396270752,6.181833744049072,5.30980396270752,6.175938606262207,5.30980396270752,0.8720297813415518,0.8661346435546866,0.005895137786865234,0.5806451612903225,0.2105263157894736,0.2105263157894736,cold_rna,split2027,1,Contact500 pretraining without SCA
108,7.096909999847412,4.774443626403809,7.096909999847412,4.226405143737793,7.096909999847412,2.3224663734436035,2.870504856109619,-0.5480384826660156,0.9310344827586208,1.0,0.9310344827586208,cold_rna,split2027,1,Contact500 pretraining without SCA
1419,2.50307035446167,5.762006759643555,2.50307035446167,4.811072826385498,2.50307035446167,3.2589364051818848,2.308002471923828,0.9509339332580566,0.4927536231884057,0.2989690721649484,0.2989690721649484,cold_rna,split2027,1,Contact500 pretraining without SCA
642,5.552842140197754,4.492623329162598,5.552842140197754,4.597267150878906,5.552842140197754,1.0602188110351562,0.9555749893188477,0.1046438217163086,0.9310344827586208,0.360655737704918,0.360655737704918,cold_rna,split2027,1,Contact500 pretraining without SCA
1178,0.1549019664525985,6.181833744049072,0.1549019664525985,6.175938606262207,0.1549019664525985,6.026931777596474,6.0210366398096085,0.005895137786865234,0.5806451612903225,0.2105263157894736,0.2105263157894736,cold_rna,split2027,1,Contact500 pretraining without SCA
2404,5.638272285461426,5.603477478027344,5.638272285461426,5.463411808013916,5.638272285461426,0.03479480743408203,0.17486047744750977,-0.14006567001342773,0.5833333333333333,0.1791044776119403,0.1791044776119403,cold_rna,split2027,1,Contact500 pretraining without SCA
328,6.397940158843994,5.6944122314453125,6.397940158843994,5.698638439178467,6.397940158843994,0.7035279273986816,0.6993017196655273,0.004226207733154297,0.9310344827586208,0.684931506849315,0.684931506849315,cold_rna,split2027,1,Contact500 pretraining without SCA
372,5.443697452545166,5.85294771194458,5.443697452545166,5.940674304962158,5.443697452545166,0.40925025939941406,0.4969768524169922,-0.08772659301757812,0.9310344827586208,0.5633802816901409,0.5633802816901409,cold_rna,split2027,1,Contact500 pretraining without SCA
607,6.096909999847412,5.733067512512207,6.096909999847412,5.830869674682617,6.096909999847412,0.3638424873352051,0.2660403251647949,0.09780216217041016,0.9310344827586208,0.5849056603773585,0.5849056603773585,cold_rna,split2027,1,Contact500 pretraining without SCA
357,6.301030158996582,5.757704257965088,6.301030158996582,5.80597448348999,6.301030158996582,0.5433259010314941,0.4950556755065918,0.048270225524902344,0.9310344827586208,0.6753246753246753,0.6753246753246753,cold_rna,split2027,1,Contact500 pretraining without SCA
628,4.3665313720703125,5.500331878662109,4.3665313720703125,5.375163555145264,4.3665313720703125,1.1338005065917969,1.0086321830749512,0.1251683235168457,0.9310344827586208,0.6326530612244898,0.6326530612244898,cold_rna,split2027,1,Contact500 pretraining without SCA
329,6.15490198135376,5.735342979431152,6.15490198135376,5.7877702713012695,6.15490198135376,0.4195590019226074,0.36713171005249023,0.05242729187011719,0.9310344827586208,0.6351351351351351,0.6351351351351351,cold_rna,split2027,1,Contact500 pretraining without SCA
371,5.28399658203125,5.789731979370117,5.28399658203125,5.830305576324463,5.28399658203125,0.5057353973388672,0.5463089942932129,-0.0405735969543457,0.9310344827586208,0.6585365853658537,0.6585365853658537,cold_rna,split2027,1,Contact500 pretraining without SCA
230,4.744727611541748,5.276788711547852,4.744727611541748,5.362962245941162,4.744727611541748,0.5320611000061035,0.6182346343994141,-0.08617353439331055,0.9310344827586208,0.2345679012345679,0.2345679012345679,cold_rna,split2027,1,Contact500 pretraining without SCA
336,7.0,5.763973712921143,7.0,5.7623796463012695,7.0,1.2360262870788574,1.2376203536987305,-0.0015940666198730469,0.9310344827586208,0.524390243902439,0.524390243902439,cold_rna,split2027,1,Contact500 pretraining without SCA
687,3.649751901626587,5.5094075202941895,3.649751901626587,5.466220855712891,3.649751901626587,1.8596556186676025,1.8164689540863037,0.04318666458129883,0.9310344827586208,0.2253521126760563,0.2253521126760563,cold_rna,split2027,1,Contact500 pretraining without SCA
667,3.655607700347901,4.880942344665527,3.655607700347901,4.650951385498047,3.655607700347901,1.2253346443176265,0.995343685150146,0.22999095916748047,0.9310344827586208,0.0,0.0,cold_rna,split2027,1,Contact500 pretraining without SCA
630,6.638272285461426,5.802412033081055,6.638272285461426,5.742780208587647,6.638272285461426,0.8358602523803711,0.8954920768737784,-0.059631824493407315,0.9310344827586208,0.7931034482758621,0.7931034482758621,cold_rna,split2027,1,Contact500 pretraining without SCA
677,3.744727611541748,5.291779041290283,3.744727611541748,5.271227836608887,3.744727611541748,1.5470514297485352,1.5265002250671387,0.020551204681396484,0.9310344827586208,0.1864406779661017,0.1864406779661017,cold_rna,split2027,1,Contact500 pretraining without SCA
114,3.6575772762298575,5.308568477630615,3.6575772762298575,5.333896636962891,3.6575772762298575,1.6509912014007577,1.6763193607330331,-0.02532815933227539,0.9310344827586208,0.2619047619047619,0.2619047619047619,cold_rna,split2027,1,Contact500 pretraining without SCA
662,3.0,5.209614276885986,3.0,5.060425758361816,3.0,2.2096142768859863,2.0604257583618164,0.14918851852416992,0.9310344827586208,0.1666666666666666,0.1666666666666666,cold_rna,split2027,1,Contact500 pretraining without SCA
863,6.267606258392334,5.98143482208252,6.267606258392334,5.482519149780273,6.267606258392334,0.28617143630981356,0.7850871086120605,-0.498915672302247,0.6333333333333333,1.0,0.6333333333333333,cold_rna,split2027,1,Contact500 pretraining without SCA
159,3.653646945953369,5.167816638946533,3.653646945953369,4.937002182006836,3.653646945953369,1.514169692993164,1.2833552360534668,0.23081445693969727,0.9310344827586208,0.1707317073170731,0.1707317073170731,cold_rna,split2027,1,Contact500 pretraining without SCA
1014,4.92081880569458,5.039556980133057,4.92081880569458,5.371357440948486,4.92081880569458,0.11873817443847656,0.45053863525390625,-0.3318004608154297,0.5,0.2087912087912088,0.2087912087912088,cold_rna,split2027,1,Contact500 pretraining without SCA
1173,5.468521118164063,5.7152276039123535,5.468521118164063,5.742463111877441,5.468521118164063,0.24670648574829013,0.273941993713378,-0.02723550796508789,0.5806451612903225,0.2166666666666666,0.2166666666666666,cold_rna,split2027,1,Contact500 pretraining without SCA
1019,3.552841901779175,5.527344226837158,3.552841901779175,5.289007663726807,3.552841901779175,1.9745023250579834,1.7361657619476318,0.23833656311035156,0.5833333333333333,0.2,0.2,cold_rna,split2027,1,Contact500 pretraining without SCA
2364,6.958607196807861,5.592948913574219,6.958607196807861,5.411060810089111,6.958607196807861,1.3656582832336426,1.54754638671875,-0.18188810348510742,0.9310344827586208,1.0,0.9310344827586208,cold_rna,split2027,1,Contact500 pretraining without SCA
361,5.096909999847412,5.743447780609131,5.096909999847412,5.873241424560547,5.096909999847412,0.6465377807617188,0.7763314247131348,-0.12979364395141602,0.9310344827586208,0.5405405405405406,0.5405405405405406,cold_rna,split2027,1,Contact500 pretraining without SCA
634,3.5606672763824463,4.175272464752197,3.5606672763824463,4.530621528625488,3.5606672763824463,0.614605188369751,0.969954252243042,-0.355349063873291,0.9310344827586208,0.3269230769230769,0.3269230769230769,cold_rna,split2027,1,Contact500 pretraining without SCA
701,3.172630786895752,5.267673969268799,3.172630786895752,5.174181938171387,3.172630786895752,2.095043182373047,2.0015511512756348,0.09349203109741211,0.9310344827586208,0.1944444444444444,0.1944444444444444,cold_rna,split2027,1,Contact500 pretraining without SCA
638,6.0,5.570750713348389,6.0,5.097939014434815,6.0,0.42924928665161133,0.9020609855651847,-0.47281169891357333,0.9310344827586208,0.5333333333333333,0.5333333333333333,cold_rna,split2027,1,Contact500 pretraining without SCA
2357,3.3555614948272705,3.8471972942352295,3.3555614948272705,4.167032718658447,3.3555614948272705,0.491635799407959,0.8114712238311768,-0.3198354244232178,0.9310344827586208,0.3174603174603174,0.3174603174603174,cold_rna,split2027,1,Contact500 pretraining without SCA
626,4.408935546875,4.644699096679688,4.408935546875,4.836212635040283,4.408935546875,0.2357635498046884,0.4272770881652832,-0.19151353836059481,0.9310344827586208,0.5952380952380952,0.5952380952380952,cold_rna,split2027,1,Contact500 pretraining without SCA
373,5.408935546875,5.850257396697998,5.408935546875,6.063578128814697,5.408935546875,0.44132184982299805,0.6546425819396973,-0.21332073211669922,0.9310344827586208,0.5333333333333333,0.5333333333333333,cold_rna,split2027,1,Contact500 pretraining without SCA
123,4.698969841003418,5.331009864807129,4.698969841003418,5.288064002990723,4.698969841003418,0.6320400238037109,0.5890941619873047,0.04294586181640625,0.9310344827586208,0.2727272727272727,0.2727272727272727,cold_rna,split2027,1,Contact500 pretraining without SCA
623,4.397940158843994,4.9130682945251465,4.397940158843994,5.038124084472656,4.397940158843994,0.5151281356811523,0.6401839256286621,-0.12505578994750977,0.9310344827586208,0.6382978723404256,0.6382978723404256,cold_rna,split2027,1,Contact500 pretraining without SCA
348,6.15490198135376,5.657879829406738,6.15490198135376,5.7614359855651855,6.15490198135376,0.4970221519470215,0.3934659957885742,0.10355615615844727,0.9310344827586208,0.5157894736842106,0.5157894736842106,cold_rna,split2027,1,Contact500 pretraining without SCA
637,4.1674909591674805,3.7440719604492174,4.1674909591674805,3.891157865524292,4.1674909591674805,0.42341899871826305,0.2763330936431885,0.14708590507507457,0.9310344827586208,0.2571428571428571,0.2571428571428571,cold_rna,split2027,1,Contact500 pretraining without SCA
2483,4.728158473968506,5.98155689239502,4.728158473968506,5.4686689376831055,4.728158473968506,1.2533984184265146,0.7405104637145996,0.512887954711915,0.6333333333333333,1.0,0.6333333333333333,cold_rna,split2027,1,Contact500 pretraining without SCA
166,4.910094738006592,5.749178886413574,4.910094738006592,5.718314170837402,4.910094738006592,0.8390841484069824,0.8082194328308105,0.030864715576171875,0.9310344827586208,1.0,0.9310344827586208,cold_rna,split2027,1,Contact500 pretraining without SCA
127,4.1674909591674805,5.356228828430176,4.1674909591674805,5.349548816680908,4.1674909591674805,1.1887378692626953,1.1820578575134277,0.006680011749267578,0.9310344827586208,0.2222222222222222,0.2222222222222222,cold_rna,split2027,1,Contact500 pretraining without SCA
617,5.79587984085083,4.870467662811279,5.79587984085083,5.080357074737549,5.79587984085083,0.9254121780395508,0.7155227661132812,0.20988941192626953,0.9310344827586208,0.7457627118644068,0.7457627118644068,cold_rna,split2027,1,Contact500 pretraining without SCA
160,4.744727611541748,5.200177192687988,4.744727611541748,5.262042999267578,4.744727611541748,0.45544958114624023,0.5173153877258301,-0.061865806579589844,0.9310344827586208,0.1686746987951807,0.1686746987951807,cold_rna,split2027,1,Contact500 pretraining without SCA
2399,5.522878646850586,5.603477478027344,5.522878646850586,5.463411808013916,5.522878646850586,0.08059883117675781,0.05946683883666992,0.02113199234008789,0.5833333333333333,0.1791044776119403,0.1791044776119403,cold_rna,split2027,1,Contact500 pretraining without SCA
358,5.6575775146484375,5.711992740631104,5.6575775146484375,5.827334403991699,5.6575775146484375,0.054415225982666904,0.16975688934326172,-0.11534166336059481,0.9310344827586208,0.5633802816901409,0.5633802816901409,cold_rna,split2027,1,Contact500 pretraining without SCA
1413,4.476253509521484,5.608701705932617,4.476253509521484,4.629029750823975,4.476253509521484,1.1324481964111328,0.15277624130249023,0.9796719551086426,0.4927536231884057,0.3854166666666667,0.3854166666666667,cold_rna,split2027,1,Contact500 pretraining without SCA
2481,4.602059841156006,5.905367374420166,4.602059841156006,5.466674327850342,4.602059841156006,1.3033075332641602,0.8646144866943359,0.4386930465698242,0.6428571428571428,1.0,0.6428571428571428,cold_rna,split2027,1,Contact500 pretraining without SCA
693,4.173925399780273,5.153587818145752,4.173925399780273,5.321779727935791,4.173925399780273,0.9796624183654785,1.1478543281555176,-0.16819190979003906,0.9310344827586208,0.1976744186046511,0.1976744186046511,cold_rna,split2027,1,Contact500 pretraining without SCA
2476,5.468521118164063,5.88704252243042,5.468521118164063,5.472828388214111,5.468521118164063,0.41852140426635653,0.00430727005004794,0.4142141342163086,0.7,1.0,0.7,cold_rna,split2027,1,Contact500 pretraining without SCA
1823,6.92081880569458,6.848443031311035,6.92081880569458,8.02821159362793,6.92081880569458,0.07237577438354492,1.1073927879333496,-1.0350170135498047,0.5423728813559322,0.1968503937007874,0.1968503937007874,cold_rna,split2027,1,Contact500 pretraining without SCA
137,3.6003262996673584,5.562469005584717,3.6003262996673584,5.751299381256104,3.6003262996673584,1.9621427059173584,2.150973081588746,-0.1888303756713876,0.9310344827586208,0.2045454545454545,0.2045454545454545,cold_rna,split2027,1,Contact500 pretraining without SCA
339,7.0,5.656033992767334,7.0,5.719603538513184,7.0,1.343966007232666,1.2803964614868164,0.06356954574584961,0.9310344827586208,0.6144578313253012,0.6144578313253012,cold_rna,split2027,1,Contact500 pretraining without SCA
130,3.3098039627075195,5.347625732421875,3.3098039627075195,5.283746719360352,3.3098039627075195,2.0378217697143555,1.973942756652832,0.06387901306152344,0.9310344827586208,0.21875,0.21875,cold_rna,split2027,1,Contact500 pretraining without SCA
631,7.0,5.887875080108643,7.0,5.805413722991943,7.0,1.1121249198913574,1.1945862770080566,-0.08246135711669922,0.9310344827586208,0.8275862068965517,0.8275862068965517,cold_rna,split2027,1,Contact500 pretraining without SCA
608,7.397940158843994,5.747636795043945,7.397940158843994,5.937087059020996,7.397940158843994,1.6503033638000488,1.460853099822998,0.18945026397705078,0.9310344827586208,0.5535714285714286,0.5535714285714286,cold_rna,split2027,1,Contact500 pretraining without SCA
370,3.0,5.775084018707275,3.0,5.928381443023682,3.0,2.7750840187072754,2.9283814430236816,-0.15329742431640625,0.9310344827586208,0.6060606060606061,0.6060606060606061,cold_rna,split2027,1,Contact500 pretraining without SCA
1249,3.795880079269409,6.146700859069824,3.795880079269409,5.223344802856445,3.795880079269409,2.350820779800415,1.4274647235870361,0.9233560562133789,0.5689655172413793,0.2,0.2,cold_rna,split2027,1,Contact500 pretraining without SCA
1163,8.0,7.256632804870605,8.0,6.051530838012695,8.0,0.7433671951293954,1.9484691619873047,-1.2051019668579093,0.543046357615894,1.0,0.543046357615894,cold_rna,split2027,1,Contact500 pretraining without SCA
163,4.508638381958008,5.074650287628174,4.508638381958008,5.173362731933594,4.508638381958008,0.566011905670166,0.6647243499755859,-0.09871244430541992,0.9310344827586208,0.2608695652173913,0.2608695652173913,cold_rna,split2027,1,Contact500 pretraining without SCA
1411,4.636387825012207,5.549611568450928,4.636387825012207,4.530576705932617,4.636387825012207,0.9132237434387207,0.10581111907958984,0.8074126243591309,0.4927536231884057,0.3737373737373737,0.3737373737373737,cold_rna,split2027,1,Contact500 pretraining without SCA
686,3.617982864379883,5.457270622253418,3.617982864379883,5.721699237823486,3.617982864379883,1.8392877578735352,2.1037163734436035,-0.26442861557006836,0.9310344827586208,0.1923076923076923,0.1923076923076923,cold_rna,split2027,1,Contact500 pretraining without SCA
368,1.6946486234664917,5.717940807342529,1.6946486234664917,5.760007858276367,1.6946486234664917,4.023292183876038,4.0653592348098755,-0.04206705093383789,0.9310344827586208,0.550561797752809,0.550561797752809,cold_rna,split2027,1,Contact500 pretraining without SCA
1423,6.79587984085083,6.121250152587891,6.79587984085083,6.070419788360596,6.79587984085083,0.6746296882629395,0.7254600524902344,-0.05083036422729492,0.5333333333333333,0.2178217821782178,0.2178217821782178,cold_rna,split2027,1,Contact500 pretraining without SCA
1731,6.892789840698242,6.017127513885498,6.892789840698242,5.6628289222717285,6.892789840698242,0.8756623268127441,1.2299609184265137,-0.35429859161376953,0.5333333333333333,0.2342342342342342,0.2342342342342342,cold_rna,split2027,1,Contact500 pretraining without SCA
682,3.669586181640625,5.0146894454956055,3.669586181640625,5.529844284057617,3.669586181640625,1.3451032638549805,1.8602581024169922,-0.5151548385620117,0.9310344827586208,0.1884057971014492,0.1884057971014492,cold_rna,split2027,1,Contact500 pretraining without SCA
669,3.0,5.245115756988525,3.0,5.359755992889404,3.0,2.2451157569885254,2.3597559928894043,-0.1146402359008789,0.9310344827586208,0.1917808219178082,0.1917808219178082,cold_rna,split2027,1,Contact500 pretraining without SCA
625,4.958607196807861,4.900670051574707,4.958607196807861,5.050260543823242,4.958607196807861,0.0579371452331543,0.09165334701538086,-0.03371620178222656,0.9310344827586208,0.5952380952380952,0.5952380952380952,cold_rna,split2027,1,Contact500 pretraining without SCA
124,4.6575775146484375,5.340670108795166,4.6575775146484375,5.320471286773682,4.6575775146484375,0.6830925941467285,0.6628937721252441,0.020198822021484375,0.9310344827586208,0.2037037037037037,0.2037037037037037,cold_rna,split2027,1,Contact500 pretraining without SCA
369,7.0,5.744353771209717,7.0,5.812864780426025,7.0,1.2556462287902832,1.1871352195739746,0.0685110092163086,0.9310344827586208,0.5568181818181818,0.5568181818181818,cold_rna,split2027,1,Contact500 pretraining without SCA
326,6.221848964691162,5.686487197875977,6.221848964691162,5.697255611419678,6.221848964691162,0.5353617668151855,0.5245933532714844,0.010768413543701172,0.9310344827586208,0.4891304347826087,0.4891304347826087,cold_rna,split2027,1,Contact500 pretraining without SCA
378,5.036211967468262,5.490357398986816,5.036211967468262,5.445613384246826,5.036211967468262,0.4541454315185547,0.40940141677856445,0.044744014739990234,0.9310344827586208,0.5857142857142857,0.5857142857142857,cold_rna,split2027,1,Contact500 pretraining without SCA
697,3.226945400238037,5.171970844268799,3.226945400238037,5.341106414794922,3.226945400238037,1.9450254440307617,2.1141610145568848,-0.16913557052612305,0.9310344827586208,0.1860465116279069,0.1860465116279069,cold_rna,split2027,1,Contact500 pretraining without SCA
366,1.889410257339477,5.753927707672119,1.889410257339477,5.744472026824951,1.889410257339477,3.864517450332642,3.855061769485474,0.009455680847167969,0.9310344827586208,0.625,0.625,cold_rna,split2027,1,Contact500 pretraining without SCA
1168,8.619789123535156,5.71390962600708,8.619789123535156,7.387836456298828,8.619789123535156,2.905879497528076,1.2319526672363281,1.673926830291748,0.5185185185185186,0.2407407407407407,0.2407407407407407,cold_rna,split2027,1,Contact500 pretraining without SCA
101,6.585026741027832,4.77167272567749,6.585026741027832,4.350649833679199,6.585026741027832,1.8133540153503418,2.234376907348633,-0.421022891998291,0.9310344827586208,0.2264150943396226,0.2264150943396226,cold_rna,split2027,1,Contact500 pretraining without SCA
702,3.0,5.475854396820068,3.0,5.432787418365479,3.0,2.4758543968200684,2.4327874183654794,0.043066978454588956,0.9310344827586208,0.2179487179487179,0.2179487179487179,cold_rna,split2027,1,Contact500 pretraining without SCA
164,4.301030158996582,5.98747444152832,4.301030158996582,6.886160373687744,4.301030158996582,1.6864442825317383,2.585130214691162,-0.8986859321594238,0.9310344827586208,0.160919540229885,0.160919540229885,cold_rna,split2027,1,Contact500 pretraining without SCA
214,3.301029920578003,5.483702659606934,3.301029920578003,5.558106899261475,3.301029920578003,2.1826727390289307,2.2570769786834717,-0.07440423965454102,0.6428571428571428,0.2926829268292683,0.2926829268292683,cold_rna,split2027,1,Contact500 pretraining without SCA
133,3.665546178817749,5.309177875518799,3.665546178817749,5.5635857582092285,3.665546178817749,1.6436316967010498,1.8980395793914795,-0.2544078826904297,0.9310344827586208,0.2653061224489796,0.2653061224489796,cold_rna,split2027,1,Contact500 pretraining without SCA
619,4.619788646697998,5.1617841720581055,4.619788646697998,5.44266939163208,4.619788646697998,0.5419955253601074,0.822880744934082,-0.2808852195739746,0.9310344827586208,0.6363636363636364,0.6363636363636364,cold_rna,split2027,1,Contact500 pretraining without SCA
155,3.403402805328369,5.095623016357422,3.403402805328369,5.149523735046387,3.403402805328369,1.6922202110290527,1.7461209297180176,-0.053900718688964844,0.9310344827586208,0.2068965517241379,0.2068965517241379,cold_rna,split2027,1,Contact500 pretraining without SCA
109,6.301030158996582,4.831249713897705,6.301030158996582,4.897932052612305,6.301030158996582,1.469780445098877,1.4030981063842773,0.06668233871459961,0.9310344827586208,1.0,0.9310344827586208,cold_rna,split2027,1,Contact500 pretraining without SCA
1964,6.07572078704834,6.8502583503723145,6.07572078704834,7.060744285583496,6.07572078704834,0.7745375633239746,0.9850234985351562,-0.21048593521118164,0.5714285714285714,0.238095238095238,0.238095238095238,cold_rna,split2027,1,Contact500 pretraining without SCA
364,2.537601947784424,5.7378692626953125,2.537601947784424,5.779557704925537,2.537601947784424,3.2002673149108887,3.2419557571411133,-0.04168844223022461,0.9310344827586208,0.5581395348837209,0.5581395348837209,cold_rna,split2027,1,Contact500 pretraining without SCA
112,3.585026741027832,5.302903175354004,3.585026741027832,5.344309329986572,3.585026741027832,1.7178764343261719,1.7592825889587402,-0.04140615463256836,0.9310344827586208,0.275,0.275,cold_rna,split2027,1,Contact500 pretraining without SCA
1804,6.0,5.237400054931641,6.0,5.340089797973633,6.0,0.7625999450683594,0.6599102020263672,0.10268974304199219,0.9310344827586208,0.2586206896551724,0.2586206896551724,cold_rna,split2027,1,Contact500 pretraining without SCA
136,3.6903698444366455,5.3168816566467285,3.6903698444366455,5.447674751281738,3.6903698444366455,1.626511812210083,1.7573049068450928,-0.13079309463500977,0.9310344827586208,0.2298850574712643,0.2298850574712643,cold_rna,split2027,1,Contact500 pretraining without SCA
942,6.823908805847168,5.84157657623291,6.823908805847168,5.531978130340576,6.823908805847168,0.9823322296142578,1.2919306755065918,-0.309598445892334,0.9090909090909092,1.0,0.9090909090909092,cold_rna,split2027,1,Contact500 pretraining without SCA
611,4.28399658203125,5.388936996459961,4.28399658203125,5.438331127166748,4.28399658203125,1.104940414428711,1.154334545135498,-0.04939413070678711,0.9310344827586208,0.3442622950819672,0.3442622950819672,cold_rna,split2027,1,Contact500 pretraining without SCA
229,4.7695512771606445,5.185449600219727,4.7695512771606445,5.253895282745361,4.7695512771606445,0.41589832305908203,0.4843440055847168,-0.06844568252563477,0.9310344827586208,0.25,0.25,cold_rna,split2027,1,Contact500 pretraining without SCA
2359,4.0,4.537095069885254,4.0,4.250208377838135,4.0,0.5370950698852539,0.25020837783813477,0.28688669204711914,0.9310344827586208,0.3012048192771084,0.3012048192771084,cold_rna,split2027,1,Contact500 pretraining without SCA
161,3.5114493370056152,5.017119407653809,3.5114493370056152,5.467323303222656,3.5114493370056152,1.5056700706481934,1.955873966217041,-0.45020389556884766,0.9310344827586208,0.1851851851851851,0.1851851851851851,cold_rna,split2027,1,Contact500 pretraining without SCA
684,3.6252517700195312,4.700864315032959,3.6252517700195312,5.536251068115234,3.6252517700195312,1.0756125450134277,1.9109992980957031,-0.8353867530822754,0.9310344827586208,0.2083333333333333,0.2083333333333333,cold_rna,split2027,1,Contact500 pretraining without SCA
656,3.5114493370056152,5.244235038757324,3.5114493370056152,5.42726993560791,3.5114493370056152,1.732785701751709,1.915820598602295,-0.18303489685058594,0.9310344827586208,0.1818181818181818,0.1818181818181818,cold_rna,split2027,1,Contact500 pretraining without SCA
1414,4.463441371917725,5.608853816986084,4.463441371917725,4.628612995147705,4.463441371917725,1.1454124450683594,0.16517162322998047,0.9802408218383789,0.4927536231884057,0.3936170212765957,0.3936170212765957,cold_rna,split2027,1,Contact500 pretraining without SCA
670,3.2306227684021,5.157159805297852,3.2306227684021,5.177224636077881,3.2306227684021,1.9265370368957515,1.9466018676757808,-0.020064830780029297,0.9310344827586208,0.2586206896551724,0.2586206896551724,cold_rna,split2027,1,Contact500 pretraining without SCA
215,5.698969841003418,5.50472354888916,5.698969841003418,5.621499061584473,5.698969841003418,0.1942462921142578,0.07747077941894531,0.1167755126953125,0.6428571428571428,0.5588235294117647,0.5588235294117647,cold_rna,split2027,1,Contact500 pretraining without SCA
898,3.443697452545166,5.07673454284668,3.443697452545166,5.165226459503174,3.443697452545166,1.6330370903015137,1.7215290069580078,-0.08849191665649414,0.9310344827586208,1.0,0.9310344827586208,cold_rna,split2027,1,Contact500 pretraining without SCA
930,4.522878646850586,5.804773330688477,4.522878646850586,5.483627796173096,4.522878646850586,1.2818946838378906,0.9607491493225098,0.32114553451538086,0.5652173913043479,1.0,0.5652173913043479,cold_rna,split2027,1,Contact500 pretraining without SCA
1558,6.732828140258789,6.121097087860107,6.732828140258789,6.376352787017822,6.732828140258789,0.6117310523986816,0.3564753532409668,0.25525569915771484,0.4788732394366197,0.1782178217821782,0.1782178217821782,cold_rna,split2027,1,Contact500 pretraining without SCA
346,6.15490198135376,5.687419414520264,6.15490198135376,5.774595737457275,6.15490198135376,0.4674825668334961,0.3803062438964844,0.08717632293701172,0.9310344827586208,0.6428571428571429,0.6428571428571429,cold_rna,split2027,1,Contact500 pretraining without SCA
1418,3.97469425201416,6.150136470794678,3.97469425201416,5.412585258483887,3.97469425201416,2.1754422187805176,1.4378910064697266,0.737551212310791,0.4927536231884057,0.3478260869565217,0.3478260869565217,cold_rna,split2027,1,Contact500 pretraining without SCA
671,3.3575353622436523,5.245989799499512,3.3575353622436523,5.268363952636719,3.3575353622436523,1.8884544372558594,1.9108285903930664,-0.02237415313720703,0.9310344827586208,0.2068965517241379,0.2068965517241379,cold_rna,split2027,1,Contact500 pretraining without SCA
2361,5.698969841003418,5.1088056564331055,5.698969841003418,4.285870552062988,5.698969841003418,0.5901641845703125,1.4130992889404297,-0.8229351043701172,0.9310344827586208,0.4666666666666667,0.4666666666666667,cold_rna,split2027,1,Contact500 pretraining without SCA
596,6.886056423187256,5.592948913574219,6.886056423187256,5.411060810089111,6.886056423187256,1.293107509613037,1.4749956130981445,-0.18188810348510742,0.9310344827586208,1.0,0.9310344827586208,cold_rna,split2027,1,Contact500 pretraining without SCA
629,5.698969841003418,5.772316932678223,5.698969841003418,5.751538276672363,5.698969841003418,0.07334709167480469,0.05256843566894531,0.020778656005859375,0.9310344827586208,0.5,0.5,cold_rna,split2027,1,Contact500 pretraining without SCA
157,3.863279342651367,5.229337692260742,3.863279342651367,5.070878982543945,3.863279342651367,1.366058349609375,1.2075996398925781,0.15845870971679688,0.9310344827586208,0.2352941176470588,0.2352941176470588,cold_rna,split2027,1,Contact500 pretraining without SCA
1021,5.387216091156006,5.954879760742188,5.387216091156006,5.169740200042725,5.387216091156006,0.5676636695861825,0.21747589111328125,0.3501877784729013,0.5833333333333333,0.1506849315068493,0.1506849315068493,cold_rna,split2027,1,Contact500 pretraining without SCA
337,6.698969841003418,5.794250965118408,6.698969841003418,5.89329719543457,6.698969841003418,0.9047188758850098,0.8056726455688477,0.09904623031616211,0.9310344827586208,0.6022727272727273,0.6022727272727273,cold_rna,split2027,1,Contact500 pretraining without SCA
2354,3.2564902305603027,4.437967300415039,3.2564902305603027,4.638057708740234,3.2564902305603027,1.1814770698547363,1.3815674781799316,-0.2000904083251953,0.9310344827586208,0.3050847457627119,0.3050847457627119,cold_rna,split2027,1,Contact500 pretraining without SCA
2484,4.903090000152588,5.0398125648498535,4.903090000152588,5.223318576812744,4.903090000152588,0.13672256469726562,0.32022857666015625,-0.18350601196289062,0.6428571428571428,0.8809523809523809,0.6428571428571428,cold_rna,split2027,1,Contact500 pretraining without SCA
1176,5.744727611541748,5.699660778045654,5.744727611541748,5.726458549499512,5.744727611541748,0.04506683349609375,0.018269062042236328,0.026797771453857422,0.5806451612903225,0.2191780821917808,0.2191780821917808,cold_rna,split2027,1,Contact500 pretraining without SCA
1795,6.0087738037109375,7.227845668792725,6.0087738037109375,7.166754245758057,6.0087738037109375,1.219071865081787,1.1579804420471191,0.06109142303466797,0.5333333333333333,0.2032520325203252,0.2032520325203252,cold_rna,split2027,1,Contact500 pretraining without SCA
1009,3.7235381603240967,5.2577433586120605,3.7235381603240967,5.297196865081787,3.7235381603240967,1.5342051982879639,1.5736587047576904,-0.03945350646972656,0.5,0.2,0.2,cold_rna,split2027,1,Contact500 pretraining without SCA
147,3.609064817428589,5.322572708129883,3.609064817428589,5.584229946136475,3.609064817428589,1.713507890701294,1.9751651287078857,-0.2616572380065918,0.9310344827586208,0.2465753424657534,0.2465753424657534,cold_rna,split2027,1,Contact500 pretraining without SCA
2477,6.221848964691162,5.650367259979248,6.221848964691162,5.480899333953857,6.221848964691162,0.5714817047119141,0.7409496307373047,-0.16946792602539062,0.6666666666666667,1.0,0.6666666666666667,cold_rna,split2027,1,Contact500 pretraining without SCA
2351,3.166215658187866,4.23851203918457,3.166215658187866,4.446120738983154,3.166215658187866,1.072296380996704,1.279905080795288,-0.20760869979858398,0.9310344827586208,0.3114754098360656,0.3114754098360656,cold_rna,split2027,1,Contact500 pretraining without SCA
1407,4.3665313720703125,5.751224040985107,4.3665313720703125,4.595343589782715,4.3665313720703125,1.384692668914795,0.22881221771240234,1.1558804512023926,0.4927536231884057,0.3663366336633663,0.3663366336633663,cold_rna,split2027,1,Contact500 pretraining without SCA
1015,2.955068349838257,4.880581378936768,2.955068349838257,5.429892539978027,2.955068349838257,1.9255130290985107,2.4748241901397705,-0.5493111610412598,0.5,0.4098360655737705,0.4098360655737705,cold_rna,split2027,1,Contact500 pretraining without SCA
635,3.4497716426849365,4.153595447540283,3.4497716426849365,4.508792877197266,3.4497716426849365,0.7038238048553467,1.059021234512329,-0.3551974296569824,0.9310344827586208,0.3269230769230769,0.3269230769230769,cold_rna,split2027,1,Contact500 pretraining without SCA
2350,3.3575353622436523,3.8313474655151367,3.3575353622436523,4.235356330871582,3.3575353622436523,0.4738121032714844,0.8778209686279297,-0.4040088653564453,0.9310344827586208,0.2769230769230769,0.2769230769230769,cold_rna,split2027,1,Contact500 pretraining without SCA
126,3.978810787200928,5.330574989318848,3.978810787200928,5.298835277557373,3.978810787200928,1.3517642021179195,1.3200244903564449,0.03173971176147461,0.9310344827586208,0.25,0.25,cold_rna,split2027,1,Contact500 pretraining without SCA
613,4.494850158691406,5.456013202667236,4.494850158691406,5.588247776031494,4.494850158691406,0.9611630439758301,1.093397617340088,-0.1322345733642578,0.9310344827586208,0.5263157894736842,0.5263157894736842,cold_rna,split2027,1,Contact500 pretraining without SCA
356,6.221848964691162,5.7268266677856445,6.221848964691162,5.657405853271484,6.221848964691162,0.4950222969055176,0.5644431114196777,-0.06942081451416016,0.9310344827586208,0.7017543859649122,0.7017543859649122,cold_rna,split2027,1,Contact500 pretraining without SCA
1415,4.424812316894531,5.5996928215026855,4.424812316894531,4.643510818481445,4.424812316894531,1.1748805046081543,0.21869850158691406,0.9561820030212402,0.4927536231884057,0.37,0.37,cold_rna,split2027,1,Contact500 pretraining without SCA
2405,5.107905387878418,5.515307903289795,5.107905387878418,5.306338310241699,5.107905387878418,0.40740251541137695,0.19843292236328125,0.2089695930480957,0.5833333333333333,0.1311475409836065,0.1311475409836065,cold_rna,split2027,1,Contact500 pretraining without SCA
1412,4.374687671661377,5.60836124420166,4.374687671661377,4.559844970703125,4.374687671661377,1.2336735725402832,0.18515729904174805,1.0485162734985352,0.4927536231884057,0.37,0.37,cold_rna,split2027,1,Contact500 pretraining without SCA
152,3.3777859210968018,5.112660884857178,3.3777859210968018,5.225808143615723,3.3777859210968018,1.734874963760376,1.848022222518921,-0.11314725875854492,0.9310344827586208,0.25,0.25,cold_rna,split2027,1,Contact500 pretraining without SCA
1248,4.222573280334473,6.146700859069824,4.222573280334473,5.223344802856445,4.222573280334473,1.9241275787353516,1.0007715225219727,0.9233560562133789,0.5689655172413793,0.2,0.2,cold_rna,split2027,1,Contact500 pretraining without SCA
1584,4.045757293701172,6.067019462585449,4.045757293701172,5.49008846282959,4.045757293701172,2.0212621688842773,1.444331169128418,0.5769309997558594,0.5116279069767442,1.0,0.5116279069767442,cold_rna,split2028,1,Contact500 pretraining without SCA
2501,5.744727611541748,3.949564933776856,5.744727611541748,4.285540580749512,5.744727611541748,1.7951626777648921,1.4591870307922363,0.3359756469726558,0.6388888888888888,0.1904761904761904,0.1904761904761904,cold_rna,split2028,1,Contact500 pretraining without SCA
1574,5.096909999847412,5.181728839874268,5.096909999847412,4.766342639923096,5.096909999847412,0.08481884002685547,0.3305673599243164,-0.24574851989746094,0.5925925925925926,0.25,0.25,cold_rna,split2028,1,Contact500 pretraining without SCA
1889,6.494850158691406,6.743656158447266,6.494850158691406,5.509746074676514,6.494850158691406,0.24880599975585938,0.9851040840148926,-0.7362980842590332,0.8266666666666667,1.0,0.8266666666666667,cold_rna,split2028,1,Contact500 pretraining without SCA
457,5.337242126464844,10.5180082321167,5.337242126464844,6.699769020080566,5.337242126464844,5.1807661056518555,1.3625268936157227,3.818239212036133,0.3052208835341365,0.2407407407407407,0.2407407407407407,cold_rna,split2028,1,Contact500 pretraining without SCA
1882,6.677780628204346,5.244988441467285,6.677780628204346,5.414528846740723,6.677780628204346,1.4327921867370605,1.263251781463623,0.1695404052734375,0.4968944099378882,0.3137254901960784,0.3137254901960784,cold_rna,split2028,1,Contact500 pretraining without SCA
1397,4.560667514801025,6.80721378326416,4.560667514801025,6.310802459716797,4.560667514801025,2.2465462684631348,1.7501349449157715,0.4964113235473633,0.5074626865671642,0.3737373737373737,0.3737373737373737,cold_rna,split2028,1,Contact500 pretraining without SCA
1592,4.886056423187256,6.130115985870361,4.886056423187256,5.623054027557373,4.886056423187256,1.2440595626831055,0.7369976043701172,0.5070619583129883,0.5,0.7,0.5,cold_rna,split2028,1,Contact500 pretraining without SCA
1874,6.443697452545166,5.732669830322266,6.443697452545166,5.438429832458496,6.443697452545166,0.7110276222229004,1.00526762008667,-0.29423999786376953,0.5510204081632653,0.3137254901960784,0.3137254901960784,cold_rna,split2028,1,Contact500 pretraining without SCA
2101,8.42021656036377,8.150178909301758,8.42021656036377,7.079938411712647,8.42021656036377,0.2700376510620117,1.3402781486511222,-1.0702404975891104,0.1366931308249913,0.1666666666666666,0.1366931308249913,cold_rna,split2028,1,Contact500 pretraining without SCA
1894,3.823908805847168,6.022562026977539,3.823908805847168,4.919430732727051,3.823908805847168,2.198653221130371,1.0955219268798828,1.1031312942504883,0.8266666666666667,0.3518518518518518,0.3518518518518518,cold_rna,split2028,1,Contact500 pretraining without SCA
1799,4.721246242523193,5.799822807312012,4.721246242523193,4.868553161621094,4.721246242523193,1.0785765647888184,0.1473069190979004,0.931269645690918,0.59375,0.1636363636363636,0.1636363636363636,cold_rna,split2028,1,Contact500 pretraining without SCA
231,6.522878646850586,7.473415374755859,6.522878646850586,6.78250789642334,6.522878646850586,0.9505367279052734,0.2596292495727539,0.6909074783325195,0.5261044176706827,0.4893617021276595,0.4893617021276595,cold_rna,split2028,1,Contact500 pretraining without SCA
1382,3.314258337020874,7.423050880432129,3.314258337020874,6.072879314422607,3.314258337020874,4.108792543411255,2.7586209774017334,1.3501715660095215,0.5074626865671642,0.4805194805194805,0.4805194805194805,cold_rna,split2028,1,Contact500 pretraining without SCA
1800,4.0,6.095576286315918,4.0,4.969338893890381,4.0,2.095576286315918,0.9693388938903809,1.126237392425537,0.6060606060606061,0.1636363636363636,0.1636363636363636,cold_rna,split2028,1,Contact500 pretraining without SCA
1766,6.715343952178955,5.985605239868164,6.715343952178955,6.144826412200928,6.715343952178955,0.729738712310791,0.5705175399780273,0.15922117233276367,0.675,0.5164835164835165,0.5164835164835165,cold_rna,split2028,1,Contact500 pretraining without SCA
778,5.958607196807861,6.253212928771973,5.958607196807861,5.907129287719727,5.958607196807861,0.29460573196411133,0.051477909088134766,0.24312782287597656,0.5714285714285714,0.1755725190839694,0.1755725190839694,cold_rna,split2028,1,Contact500 pretraining without SCA
1392,4.79587984085083,6.880075454711914,4.79587984085083,6.383826732635498,4.79587984085083,2.084195613861084,1.587946891784668,0.496248722076416,0.5074626865671642,0.3854166666666667,0.3854166666666667,cold_rna,split2028,1,Contact500 pretraining without SCA
1312,3.795880079269409,4.582755088806152,3.795880079269409,4.590314865112305,3.795880079269409,0.7868750095367432,0.7944347858428955,-0.007559776306152344,0.5454545454545454,0.2696629213483146,0.2696629213483146,cold_rna,split2028,1,Contact500 pretraining without SCA
1578,5.096909999847412,5.849092960357666,5.096909999847412,5.008041858673096,5.096909999847412,0.7521829605102539,0.0888681411743164,0.6633148193359375,0.5116279069767442,0.5873015873015873,0.5116279069767442,cold_rna,split2028,1,Contact500 pretraining without SCA
790,3.102372884750366,5.494006156921387,3.102372884750366,5.810235977172852,3.102372884750366,2.3916332721710205,2.7078630924224854,-0.31622982025146484,0.6388888888888888,0.676056338028169,0.6388888888888888,cold_rna,split2028,1,Contact500 pretraining without SCA
1006,5.494850158691406,4.9561767578125,5.494850158691406,5.084901809692383,5.494850158691406,0.5386734008789062,0.40994834899902344,0.1287250518798828,0.5,0.2075471698113207,0.2075471698113207,cold_rna,split2028,1,Contact500 pretraining without SCA
2134,5.709965229034424,5.408644199371338,5.709965229034424,5.065404415130615,5.709965229034424,0.30132102966308594,0.6445608139038086,-0.34323978424072266,0.868421052631579,1.0,0.868421052631579,cold_rna,split2028,1,Contact500 pretraining without SCA
392,8.0,6.729405879974365,8.0,5.754505634307861,8.0,1.2705941200256348,2.2454943656921387,-0.9749002456665039,1.0,1.0,1.0,cold_rna,split2028,1,Contact500 pretraining without SCA
1564,5.397940158843994,5.437394142150879,5.397940158843994,5.70703125,5.397940158843994,0.039453983306884766,0.30909109115600586,-0.2696371078491211,0.5555555555555556,0.1782178217821782,0.1782178217821782,cold_rna,split2028,1,Contact500 pretraining without SCA
2121,6.301030158996582,5.392626762390137,6.301030158996582,5.0379815101623535,6.301030158996582,0.9084033966064453,1.2630486488342285,-0.3546452522277832,0.868421052631579,1.0,0.868421052631579,cold_rna,split2028,1,Contact500 pretraining without SCA
1963,5.79587984085083,5.105648040771484,5.79587984085083,5.023883819580078,5.79587984085083,0.6902318000793457,0.771996021270752,-0.08176422119140625,0.6071428571428572,0.238095238095238,0.238095238095238,cold_rna,split2028,1,Contact500 pretraining without SCA
791,4.301030158996582,5.596717834472656,4.301030158996582,5.86956787109375,4.301030158996582,1.2956876754760742,1.568537712097168,-0.27285003662109375,0.6388888888888888,1.0,0.6388888888888888,cold_rna,split2028,1,Contact500 pretraining without SCA
396,8.886056900024414,7.107008457183838,8.886056900024414,6.462409973144531,8.886056900024414,1.7790484428405762,2.423646926879883,-0.6445984840393066,0.1366931308249913,0.1550387596899224,0.1366931308249913,cold_rna,split2028,1,Contact500 pretraining without SCA
1557,6.425968647003174,6.2214460372924805,6.425968647003174,6.019897937774658,6.425968647003174,0.20452260971069336,0.4060707092285156,-0.20154809951782227,0.4788732394366197,0.1964285714285714,0.1964285714285714,cold_rna,split2028,1,Contact500 pretraining without SCA
1771,8.593460083007812,5.77379035949707,8.593460083007812,5.1811394691467285,8.593460083007812,2.819669723510742,3.412320613861084,-0.5926508903503418,0.65,0.5873015873015873,0.5873015873015873,cold_rna,split2028,1,Contact500 pretraining without SCA
1562,5.698969841003418,4.495031833648682,5.698969841003418,4.38165283203125,5.698969841003418,1.2039380073547363,1.317317008972168,-0.11337900161743164,0.5555555555555556,0.2,0.2,cold_rna,split2028,1,Contact500 pretraining without SCA
1420,6.823908805847168,6.41680383682251,6.823908805847168,5.2673211097717285,6.823908805847168,0.4071049690246582,1.5565876960754395,-1.1494827270507812,0.5074626865671642,0.26,0.26,cold_rna,split2028,1,Contact500 pretraining without SCA
40,3.221848726272583,6.569169044494629,3.221848726272583,5.438119888305664,3.221848726272583,3.347320318222046,2.216271162033081,1.1310491561889648,0.4961832061068703,0.1739130434782608,0.1739130434782608,cold_rna,split2028,1,Contact500 pretraining without SCA
1589,5.397940158843994,5.992691516876221,5.397940158843994,5.510965347290039,5.397940158843994,0.5947513580322266,0.11302518844604492,0.48172616958618164,0.5,1.0,0.5,cold_rna,split2028,1,Contact500 pretraining without SCA
2115,5.721246242523193,5.214588165283203,5.721246242523193,5.003952026367188,5.721246242523193,0.5066580772399902,0.717294216156005,-0.21063613891601474,0.868421052631579,1.0,0.868421052631579,cold_rna,split2028,1,Contact500 pretraining without SCA
1590,5.096909999847412,5.924467086791992,5.096909999847412,5.212163925170898,5.096909999847412,0.8275570869445801,0.11525392532348633,0.7123031616210938,0.5,0.5873015873015873,0.5,cold_rna,split2028,1,Contact500 pretraining without SCA
1612,4.943095207214356,5.621622085571289,4.943095207214356,5.375421047210693,4.943095207214356,0.6785268783569327,0.432325839996337,0.2462010383605957,0.5217391304347826,0.2638888888888889,0.2638888888888889,cold_rna,split2028,1,Contact500 pretraining without SCA
404,6.0,6.5042829513549805,6.0,5.558882236480713,6.0,0.5042829513549805,0.4411177635192871,0.06316518783569336,0.1363636363636363,0.2023809523809523,0.1363636363636363,cold_rna,split2028,1,Contact500 pretraining without SCA
2178,4.853871822357178,5.344396114349365,4.853871822357178,5.495794773101807,4.853871822357178,0.4905242919921875,0.6419229507446289,-0.1513986587524414,0.5555555555555556,0.7551020408163265,0.5555555555555556,cold_rna,split2028,1,Contact500 pretraining without SCA
782,4.721246242523193,5.038333415985107,4.721246242523193,4.549973011016846,4.721246242523193,0.31708717346191406,0.17127323150634766,0.1458139419555664,0.5862068965517242,0.2886597938144329,0.2886597938144329,cold_rna,split2028,1,Contact500 pretraining without SCA
2288,5.301030158996582,6.691683292388916,5.301030158996582,5.864189624786377,5.301030158996582,1.390653133392334,0.5631594657897949,0.8274936676025391,0.1366931308249913,0.2,0.1366931308249913,cold_rna,split2028,1,Contact500 pretraining without SCA
1893,5.06048059463501,6.107240200042725,5.06048059463501,4.774076461791992,5.06048059463501,1.0467596054077148,0.2864041328430176,0.7603554725646973,0.8266666666666667,0.3928571428571428,0.3928571428571428,cold_rna,split2028,1,Contact500 pretraining without SCA
903,4.602059841156006,4.165175437927246,4.602059841156006,5.176178455352783,4.602059841156006,0.43688440322875977,0.5741186141967773,-0.13723421096801758,0.6388888888888888,0.2151898734177215,0.2151898734177215,cold_rna,split2028,1,Contact500 pretraining without SCA
1110,7.602059841156006,5.471627235412598,7.602059841156006,5.762308597564697,7.602059841156006,2.130432605743408,1.8397512435913086,0.2906813621520996,0.5208333333333333,0.1910112359550561,0.1910112359550561,cold_rna,split2028,1,Contact500 pretraining without SCA
1768,7.4685211181640625,5.994082450866699,7.4685211181640625,6.03422737121582,7.4685211181640625,1.4744386672973633,1.4342937469482422,0.040144920349121094,0.65,0.5164835164835165,0.5164835164835165,cold_rna,split2028,1,Contact500 pretraining without SCA
1384,3.22402572631836,7.581206798553467,3.22402572631836,6.162503719329834,3.22402572631836,4.357181072235107,2.938477993011474,1.4187030792236333,0.5074626865671642,0.5,0.5,cold_rna,split2028,1,Contact500 pretraining without SCA
1030,5.267606258392334,5.211950302124023,5.267606258392334,5.12146520614624,5.267606258392334,0.05565595626831055,0.14614105224609375,-0.0904850959777832,0.5555555555555556,0.1909090909090909,0.1909090909090909,cold_rna,split2028,1,Contact500 pretraining without SCA
1599,3.536107063293457,6.416412353515625,3.536107063293457,5.877569198608398,3.536107063293457,2.880305290222168,2.3414621353149414,0.5388431549072266,0.5,0.3472222222222222,0.3472222222222222,cold_rna,split2028,1,Contact500 pretraining without SCA
1013,5.07572078704834,4.194258689880371,5.07572078704834,4.187845230102539,5.07572078704834,0.8814620971679688,0.8878755569458008,-0.006413459777832031,0.5,0.2765957446808511,0.2765957446808511,cold_rna,split2028,1,Contact500 pretraining without SCA
786,5.30980396270752,5.213495254516602,5.30980396270752,4.721900939941406,5.30980396270752,0.09630870819091886,0.5879030227661142,-0.4915943145751953,0.5555555555555556,0.1981132075471698,0.1981132075471698,cold_rna,split2028,1,Contact500 pretraining without SCA
1556,6.522878646850586,6.096072673797607,6.522878646850586,5.487261295318604,6.522878646850586,0.4268059730529785,1.0356173515319815,-0.608811378479003,0.4788732394366197,0.2,0.2,cold_rna,split2028,1,Contact500 pretraining without SCA
1059,5.823908805847168,6.544288635253906,5.823908805847168,5.918912887573242,5.823908805847168,0.7203798294067383,0.09500408172607422,0.6253757476806641,0.5027027027027027,0.3877551020408163,0.3877551020408163,cold_rna,split2028,1,Contact500 pretraining without SCA
1876,5.376750946044922,6.2236409187316895,5.376750946044922,5.309946537017822,5.376750946044922,0.8468899726867676,0.06680440902709961,0.780085563659668,0.5714285714285714,0.2207792207792207,0.2207792207792207,cold_rna,split2028,1,Contact500 pretraining without SCA
2130,7.318758964538574,5.320885181427002,7.318758964538574,5.057370662689209,7.318758964538574,1.9978737831115723,2.2613883018493652,-0.26351451873779297,0.8421052631578947,1.0,0.8421052631578947,cold_rna,split2028,1,Contact500 pretraining without SCA
1878,5.886056423187256,6.242850303649902,5.886056423187256,4.5177154541015625,5.886056423187256,0.3567938804626465,1.3683409690856934,-1.0115470886230469,0.5714285714285714,0.2,0.2,cold_rna,split2028,1,Contact500 pretraining without SCA
1587,3.583359479904175,6.345714569091797,3.583359479904175,5.672539234161377,3.583359479904175,2.762355089187622,2.089179754257202,0.6731753349304199,0.5116279069767442,0.3472222222222222,0.3472222222222222,cold_rna,split2028,1,Contact500 pretraining without SCA
1875,5.1674909591674805,6.699828624725342,5.1674909591674805,5.071934700012207,5.1674909591674805,1.5323376655578613,0.09555625915527344,1.436781406402588,0.5714285714285714,0.1739130434782608,0.1739130434782608,cold_rna,split2028,1,Contact500 pretraining without SCA
2124,5.455559730529785,5.335842609405518,5.455559730529785,4.988677978515625,5.455559730529785,0.11971712112426758,0.46688175201416016,-0.3471646308898926,0.868421052631579,1.0,0.868421052631579,cold_rna,split2028,1,Contact500 pretraining without SCA
2114,6.434152126312256,5.272528171539307,6.434152126312256,4.967995643615723,6.434152126312256,1.1616239547729492,1.4661564826965332,-0.304532527923584,0.868421052631579,1.0,0.868421052631579,cold_rna,split2028,1,Contact500 pretraining without SCA
390,3.318758726119995,7.114452838897705,3.318758726119995,6.295623779296875,3.318758726119995,3.79569411277771,2.97686505317688,0.8188290596008301,0.1366931308249913,0.3837209302325581,0.1366931308249913,cold_rna,split2028,1,Contact500 pretraining without SCA
904,3.903090000152588,3.905467987060547,3.903090000152588,4.02367639541626,3.903090000152588,0.0023779869079589844,0.12058639526367188,-0.11820840835571289,0.6388888888888888,0.2058823529411764,0.2058823529411764,cold_rna,split2028,1,Contact500 pretraining without SCA
1417,3.995678663253784,6.758208274841309,3.995678663253784,6.429388999938965,3.995678663253784,2.7625296115875244,2.4337103366851807,0.32881927490234375,0.4927536231884057,0.4666666666666667,0.4666666666666667,cold_rna,split2028,1,Contact500 pretraining without SCA
1197,7.119186401367188,4.753233432769775,7.119186401367188,4.875050067901611,7.119186401367188,2.365952968597413,2.244136333465577,0.12181663513183594,0.5555555555555556,0.2285714285714285,0.2285714285714285,cold_rna,split2028,1,Contact500 pretraining without SCA
1798,4.823908805847168,5.6298508644104,4.823908805847168,4.802119731903076,4.823908805847168,0.8059420585632324,0.021789073944091797,0.7841529846191406,0.6129032258064516,0.1636363636363636,0.1636363636363636,cold_rna,split2028,1,Contact500 pretraining without SCA
1399,4.471083164215088,6.892438888549805,4.471083164215088,6.440908908843994,4.471083164215088,2.421355724334717,1.9698257446289062,0.45152997970581055,0.5074626865671642,0.3854166666666667,0.3854166666666667,cold_rna,split2028,1,Contact500 pretraining without SCA
1033,5.387216091156006,5.242511749267578,5.387216091156006,5.14704179763794,5.387216091156006,0.14470434188842773,0.24017429351806552,-0.09546995162963778,0.5555555555555556,0.1637931034482758,0.1637931034482758,cold_rna,split2028,1,Contact500 pretraining without SCA
1580,4.79587984085083,6.059274673461914,4.79587984085083,5.417384147644043,4.79587984085083,1.263394832611084,0.6215043067932129,0.6418905258178711,0.5116279069767442,0.7,0.5116279069767442,cold_rna,split2028,1,Contact500 pretraining without SCA
2174,5.744727611541748,5.3379740715026855,5.744727611541748,5.462263584136963,5.744727611541748,0.4067535400390625,0.28246402740478516,0.12428951263427734,0.5555555555555556,0.8085106382978723,0.5555555555555556,cold_rna,split2028,1,Contact500 pretraining without SCA
1393,4.279840469360352,6.97779655456543,4.279840469360352,6.525031566619873,4.279840469360352,2.697956085205078,2.2451910972595215,0.45276498794555664,0.5074626865671642,0.3663366336633663,0.3663366336633663,cold_rna,split2028,1,Contact500 pretraining without SCA
1306,7.08092212677002,4.734158039093018,7.08092212677002,4.878660678863525,7.08092212677002,2.346764087677003,2.202261447906495,0.1445026397705078,0.5714285714285714,0.1929824561403508,0.1929824561403508,cold_rna,split2028,1,Contact500 pretraining without SCA
781,5.886056423187256,5.122133255004883,5.886056423187256,4.693885326385498,5.886056423187256,0.763923168182373,1.1921710968017578,-0.42824792861938477,0.5714285714285714,0.1981132075471698,0.1981132075471698,cold_rna,split2028,1,Contact500 pretraining without SCA
1387,4.856985092163086,6.860976696014404,4.856985092163086,6.596912860870361,4.856985092163086,2.0039916038513184,1.7399277687072754,0.26406383514404297,0.5074626865671642,0.425287356321839,0.425287356321839,cold_rna,split2028,1,Contact500 pretraining without SCA
2181,5.096909999847412,5.33819580078125,5.096909999847412,5.459278106689453,5.096909999847412,0.2412858009338379,0.362368106842041,-0.12108230590820312,0.5555555555555556,0.6,0.5555555555555556,cold_rna,split2028,1,Contact500 pretraining without SCA
2179,6.0,5.337727069854736,6.0,5.474588871002197,6.0,0.6622729301452637,0.5254111289978027,0.13686180114746094,0.5555555555555556,0.8297872340425532,0.5555555555555556,cold_rna,split2028,1,Contact500 pretraining without SCA
1892,5.853871822357178,6.180719375610352,5.853871822357178,4.80171537399292,5.853871822357178,0.32684755325317383,1.0521564483642578,-0.725308895111084,0.8266666666666667,0.3157894736842105,0.3157894736842105,cold_rna,split2028,1,Contact500 pretraining without SCA
289,5.698969841003418,5.701626777648926,5.698969841003418,5.087278366088867,5.698969841003418,0.0026569366455078125,0.6116914749145508,-0.609034538269043,0.1366931308249913,0.1486486486486486,0.1366931308249913,cold_rna,split2028,1,Contact500 pretraining without SCA
1067,6.732828140258789,6.943569660186768,6.732828140258789,6.631213188171387,6.732828140258789,0.21074151992797852,0.10161495208740234,0.10912656784057617,0.4788732394366197,0.19,0.19,cold_rna,split2028,1,Contact500 pretraining without SCA
1037,5.017728805541992,5.242511749267578,5.017728805541992,5.147042274475098,5.017728805541992,0.22478294372558594,0.12931346893310547,0.09546947479248047,0.5555555555555556,0.1637931034482758,0.1637931034482758,cold_rna,split2028,1,Contact500 pretraining without SCA
1221,4.301030158996582,4.738359451293945,4.301030158996582,4.427535057067871,4.301030158996582,0.4373292922973633,0.12650489807128906,0.3108243942260742,0.6071428571428572,0.1746031746031746,0.1746031746031746,cold_rna,split2028,1,Contact500 pretraining without SCA
1888,6.853871822357178,5.379051685333252,6.853871822357178,6.300189018249512,6.853871822357178,1.4748201370239258,0.553682804107666,0.9211373329162598,0.4039900249376559,0.3137254901960784,0.3137254901960784,cold_rna,split2028,1,Contact500 pretraining without SCA
1416,4.473660945892334,7.024652481079102,4.473660945892334,6.715583324432373,4.473660945892334,2.5509915351867676,2.241922378540039,0.3090691566467285,0.4927536231884057,0.3663366336633663,0.3663366336633663,cold_rna,split2028,1,Contact500 pretraining without SCA
1388,4.705533981323242,6.714115142822266,4.705533981323242,6.305939674377441,4.705533981323242,2.0085811614990234,1.6004056930541992,0.4081754684448242,0.5074626865671642,0.4021739130434782,0.4021739130434782,cold_rna,split2028,1,Contact500 pretraining without SCA
971,5.397940158843994,3.998608350753784,5.397940158843994,5.521848678588867,5.397940158843994,1.39933180809021,0.12390851974487305,1.275423288345337,0.6388888888888888,0.1904761904761904,0.1904761904761904,cold_rna,split2028,1,Contact500 pretraining without SCA
2125,5.12493896484375,5.325213432312012,5.12493896484375,5.017534255981445,5.12493896484375,0.20027446746826172,0.10740470886230469,0.09286975860595703,0.868421052631579,1.0,0.868421052631579,cold_rna,split2028,1,Contact500 pretraining without SCA
1191,5.468521118164063,6.896673679351807,5.468521118164063,5.905953884124756,5.468521118164063,1.4281525611877433,0.43743276596069247,0.9907197952270508,0.5128205128205128,0.2178217821782178,0.2178217821782178,cold_rna,split2028,1,Contact500 pretraining without SCA
1957,6.97469425201416,5.140458583831787,6.97469425201416,5.0797929763793945,6.97469425201416,1.834235668182373,1.8949012756347656,-0.06066560745239258,0.6521739130434783,0.238095238095238,0.238095238095238,cold_rna,split2028,1,Contact500 pretraining without SCA
1586,3.8728952407836914,6.588496685028076,3.8728952407836914,5.866722106933594,3.8728952407836914,2.7156014442443848,1.9938268661499023,0.7217745780944824,0.5116279069767442,0.676056338028169,0.5116279069767442,cold_rna,split2028,1,Contact500 pretraining without SCA
419,8.12493896484375,6.938741207122803,8.12493896484375,6.022734642028809,8.12493896484375,1.1861977577209473,2.1022043228149414,-0.9160065650939941,0.1366931308249913,0.1530612244897959,0.1366931308249913,cold_rna,split2028,1,Contact500 pretraining without SCA
2105,8.088842391967773,8.284707069396973,8.088842391967773,7.160380363464356,8.088842391967773,0.19586467742919922,0.9284620285034171,-0.7325973510742179,0.1366931308249913,0.1746031746031746,0.1366931308249913,cold_rna,split2028,1,Contact500 pretraining without SCA
1421,6.275723934173584,5.383225917816162,6.275723934173584,4.457603454589844,6.275723934173584,0.8924980163574219,1.8181204795837402,-0.9256224632263184,0.5074626865671642,0.8571428571428571,0.5074626865671642,cold_rna,split2028,1,Contact500 pretraining without SCA
1608,4.5100417137146,4.7340898513793945,4.5100417137146,5.323240280151367,4.5100417137146,0.22404813766479492,0.8131985664367676,-0.5891504287719727,0.5217391304347826,0.2972972972972973,0.2972972972972973,cold_rna,split2028,1,Contact500 pretraining without SCA
1601,5.096909999847412,5.88191032409668,5.096909999847412,5.649875640869141,5.096909999847412,0.7850003242492676,0.5529656410217285,0.23203468322753906,0.5217391304347826,1.0,0.5217391304347826,cold_rna,split2028,1,Contact500 pretraining without SCA
400,8.560667037963867,7.7133708000183105,8.560667037963867,7.347657680511475,8.560667037963867,0.8472962379455566,1.2130093574523926,-0.36571311950683594,0.1366931308249913,0.1773049645390071,0.1366931308249913,cold_rna,split2028,1,Contact500 pretraining without SCA
1605,4.444905757904053,4.884554386138916,4.444905757904053,5.260529041290283,4.444905757904053,0.4396486282348633,0.8156232833862305,-0.3759746551513672,0.5217391304347826,0.28,0.28,cold_rna,split2028,1,Contact500 pretraining without SCA
1583,4.356547355651856,6.186263561248779,4.356547355651856,5.58872127532959,4.356547355651856,1.829716205596923,1.2321739196777335,0.5975422859191895,0.5116279069767442,1.0,0.5116279069767442,cold_rna,split2028,1,Contact500 pretraining without SCA
783,4.1674909591674805,5.027480602264404,4.1674909591674805,4.461683750152588,4.1674909591674805,0.8599896430969238,0.2941927909851074,0.5657968521118164,0.5862068965517242,0.2962962962962963,0.2962962962962963,cold_rna,split2028,1,Contact500 pretraining without SCA
394,5.744727611541748,7.235493659973144,5.744727611541748,6.585086345672607,5.744727611541748,1.4907660484313956,0.8403587341308594,0.6504073143005362,0.1366931308249913,0.1932773109243697,0.1366931308249913,cold_rna,split2028,1,Contact500 pretraining without SCA
785,5.301030158996582,5.190712451934815,5.301030158996582,4.699361324310303,5.301030158996582,0.11031770706176669,0.6016688346862793,-0.4913511276245126,0.5555555555555556,0.2745098039215686,0.2745098039215686,cold_rna,split2028,1,Contact500 pretraining without SCA
1765,8.288192749023438,5.8009467124938965,8.288192749023438,5.178810119628906,8.288192749023438,2.487246036529541,3.1093826293945312,-0.6221365928649902,0.675,0.5873015873015873,0.5873015873015873,cold_rna,split2028,1,Contact500 pretraining without SCA
408,3.324221611022949,6.033629417419434,3.324221611022949,5.019018173217773,3.324221611022949,2.7094078063964844,1.6947965621948242,1.0146112442016602,0.1363636363636363,0.1976744186046511,0.1363636363636363,cold_rna,split2028,1,Contact500 pretraining without SCA
1767,6.829738140106201,5.810187816619873,6.829738140106201,5.067380428314209,6.829738140106201,1.0195503234863281,1.7623577117919922,-0.7428073883056641,0.65,0.5873015873015873,0.5873015873015873,cold_rna,split2028,1,Contact500 pretraining without SCA
1891,5.638272285461426,6.46042537689209,5.638272285461426,5.109020233154297,5.638272285461426,0.8221530914306641,0.5292520523071289,0.29290103912353516,0.8266666666666667,0.6938775510204082,0.6938775510204082,cold_rna,split2028,1,Contact500 pretraining without SCA
1774,6.37633752822876,5.910377025604248,6.37633752822876,6.134453296661377,6.37633752822876,0.4659605026245117,0.2418842315673828,0.2240762710571289,0.65,0.5164835164835165,0.5164835164835165,cold_rna,split2028,1,Contact500 pretraining without SCA
1870,6.721246242523193,5.907443523406982,6.721246242523193,4.754662036895752,6.721246242523193,0.8138027191162109,1.9665842056274414,-1.1527814865112305,0.5510204081632653,0.1739130434782608,0.1739130434782608,cold_rna,split2028,1,Contact500 pretraining without SCA
1383,2.978810787200928,6.264772891998291,2.978810787200928,5.784149646759033,2.978810787200928,3.285962104797363,2.805338859558105,0.4806232452392578,0.5074626865671642,0.5,0.5,cold_rna,split2028,1,Contact500 pretraining without SCA
1880,7.017728805541992,5.419916152954102,7.017728805541992,4.722916126251221,7.017728805541992,1.5978126525878906,2.2948126792907715,-0.6970000267028809,0.4968944099378882,0.1739130434782608,0.1739130434782608,cold_rna,split2028,1,Contact500 pretraining without SCA
1031,5.173925399780273,5.272358417510986,5.173925399780273,5.2230224609375,5.173925399780273,0.09843301773071289,0.04909706115722656,0.04933595657348633,0.5555555555555556,0.1818181818181818,0.1818181818181818,cold_rna,split2028,1,Contact500 pretraining without SCA
405,3.709965467453003,5.980962753295898,3.709965467453003,6.053676605224609,3.709965467453003,2.2709972858428955,2.3437111377716064,-0.07271385192871094,0.1363636363636363,0.2068965517241379,0.1363636363636363,cold_rna,split2028,1,Contact500 pretraining without SCA
1391,4.829738140106201,6.548925876617432,4.829738140106201,6.049121856689453,4.829738140106201,1.7191877365112305,1.219383716583252,0.4998040199279785,0.5074626865671642,0.4157303370786517,0.4157303370786517,cold_rna,split2028,1,Contact500 pretraining without SCA
1602,4.732828140258789,5.97106409072876,4.732828140258789,5.7392659187316895,4.732828140258789,1.2382359504699707,1.0064377784729004,0.2317981719970703,0.5217391304347826,0.2891566265060241,0.2891566265060241,cold_rna,split2028,1,Contact500 pretraining without SCA
794,3.823908805847168,5.091706275939941,3.823908805847168,5.532639980316162,3.823908805847168,1.2677974700927734,1.7087311744689941,-0.4409337043762207,0.6388888888888888,0.8809523809523809,0.6388888888888888,cold_rna,split2028,1,Contact500 pretraining without SCA
1011,5.292429924011231,5.608242511749268,5.292429924011231,5.738667964935303,5.292429924011231,0.3158125877380362,0.4462380409240714,-0.13042545318603516,0.5,0.1506849315068493,0.1506849315068493,cold_rna,split2028,1,Contact500 pretraining without SCA
386,7.096909999847412,6.703579902648926,7.096909999847412,6.34747838973999,7.096909999847412,0.39333009719848633,0.7494316101074219,-0.35610151290893555,0.5423728813559322,0.1327433628318584,0.1327433628318584,cold_rna,split2028,1,Contact500 pretraining without SCA
1390,4.336298942565918,6.798769950866699,4.336298942565918,6.374906539916992,4.336298942565918,2.4624710083007812,2.038607597351074,0.42386341094970703,0.5074626865671642,0.3894736842105263,0.3894736842105263,cold_rna,split2028,1,Contact500 pretraining without SCA
1007,5.086185932159424,4.851724624633789,5.086185932159424,4.486211776733398,5.086185932159424,0.23446130752563477,0.5999741554260254,-0.3655128479003906,0.5,0.1632653061224489,0.1632653061224489,cold_rna,split2028,1,Contact500 pretraining without SCA
780,4.6575775146484375,5.059638023376465,4.6575775146484375,4.494001388549805,4.6575775146484375,0.40206050872802734,0.1635761260986328,0.23848438262939453,0.5714285714285714,0.2962962962962963,0.2962962962962963,cold_rna,split2028,1,Contact500 pretraining without SCA
970,4.886056423187256,3.866975069046021,4.886056423187256,5.273387908935547,4.886056423187256,1.019081354141235,0.387331485748291,0.6317498683929439,0.6388888888888888,0.1923076923076923,0.1923076923076923,cold_rna,split2028,1,Contact500 pretraining without SCA
2499,5.522878646850586,4.221917152404785,5.522878646850586,5.339461326599121,5.522878646850586,1.3009614944458008,0.18341732025146484,1.117544174194336,0.6388888888888888,0.1904761904761904,0.1904761904761904,cold_rna,split2028,1,Contact500 pretraining without SCA
1406,4.95078182220459,6.980926513671875,4.95078182220459,6.623239040374756,4.95078182220459,2.030144691467285,1.672457218170166,0.35768747329711914,0.4927536231884057,0.3854166666666667,0.3854166666666667,cold_rna,split2028,1,Contact500 pretraining without SCA
1220,4.522878646850586,4.469303607940674,4.522878646850586,4.296245574951172,4.522878646850586,0.05357503890991211,0.22663307189941406,-0.17305803298950195,0.6190476190476191,0.1746031746031746,0.1746031746031746,cold_rna,split2028,1,Contact500 pretraining without SCA
1877,5.552842140197754,6.499029636383057,5.552842140197754,5.868858337402344,5.552842140197754,0.9461874961853027,0.31601619720458984,0.6301712989807129,0.5714285714285714,0.1166666666666666,0.1166666666666666,cold_rna,split2028,1,Contact500 pretraining without SCA
1873,5.935542106628418,5.453883171081543,5.935542106628418,4.201984405517578,5.935542106628418,0.481658935546875,1.7335577011108398,-1.2518987655639648,0.5510204081632653,0.2,0.2,cold_rna,split2028,1,Contact500 pretraining without SCA
1162,7.481485843658447,8.448232650756836,7.481485843658447,6.35115385055542,7.481485843658447,0.9667468070983887,1.1303319931030273,-0.16358518600463867,0.4979919678714859,0.4096385542168674,0.4096385542168674,cold_rna,split2028,1,Contact500 pretraining without SCA
1409,4.472370147705078,7.059791564941406,4.472370147705078,6.747826099395752,4.472370147705078,2.587421417236328,2.275455951690674,0.3119654655456543,0.4927536231884057,0.3627450980392157,0.3627450980392157,cold_rna,split2028,1,Contact500 pretraining without SCA
1008,5.08092212677002,5.265387535095215,5.08092212677002,5.180166721343994,5.08092212677002,0.18446540832519442,0.09924459457397372,0.0852208137512207,0.5,0.1585365853658536,0.1585365853658536,cold_rna,split2028,1,Contact500 pretraining without SCA
1396,4.568636417388916,6.968958854675293,4.568636417388916,6.524116516113281,4.568636417388916,2.400322437286377,1.9554800987243652,0.4448423385620117,0.5074626865671642,0.3663366336633663,0.3663366336633663,cold_rna,split2028,1,Contact500 pretraining without SCA
1575,4.259637355804443,4.711277961730957,4.259637355804443,5.012117862701416,4.259637355804443,0.45164060592651367,0.7524805068969727,-0.300839900970459,0.5925925925925926,0.1797752808988764,0.1797752808988764,cold_rna,split2028,1,Contact500 pretraining without SCA
2128,5.346787452697754,5.393728256225586,5.346787452697754,5.064287662506104,5.346787452697754,0.04694080352783203,0.2824997901916495,-0.23555898666381747,0.868421052631579,1.0,0.868421052631579,cold_rna,split2028,1,Contact500 pretraining without SCA
901,5.468521118164063,4.0319414138793945,5.468521118164063,5.1145429611206055,5.468521118164063,1.4365797042846689,0.3539781570434579,1.082601547241211,0.6388888888888888,0.2151898734177215,0.2151898734177215,cold_rna,split2028,1,Contact500 pretraining without SCA
1604,4.0,4.7258076667785645,4.0,4.8955841064453125,4.0,0.7258076667785645,0.8955841064453125,-0.16977643966674805,0.5217391304347826,0.2702702702702703,0.2702702702702703,cold_rna,split2028,1,Contact500 pretraining without SCA
1402,4.630784034729004,6.926543235778809,4.630784034729004,6.476110458374023,4.630784034729004,2.2957592010498047,1.8453264236450195,0.45043277740478516,0.5074626865671642,0.3663366336633663,0.3663366336633663,cold_rna,split2028,1,Contact500 pretraining without SCA
1879,5.28399658203125,6.522806644439697,5.28399658203125,5.75962495803833,5.28399658203125,1.2388100624084473,0.4756283760070801,0.7631816864013672,0.5714285714285714,0.3137254901960784,0.3137254901960784,cold_rna,split2028,1,Contact500 pretraining without SCA
1034,4.853871822357178,5.211949825286865,4.853871822357178,5.12146520614624,4.853871822357178,0.3580780029296875,0.2675933837890625,0.090484619140625,0.5555555555555556,0.1909090909090909,0.1909090909090909,cold_rna,split2028,1,Contact500 pretraining without SCA
1012,4.95078182220459,5.799452781677246,4.95078182220459,5.886318206787109,4.95078182220459,0.8486709594726562,0.9355363845825195,-0.08686542510986328,0.5,0.1967213114754098,0.1967213114754098,cold_rna,split2028,1,Contact500 pretraining without SCA
1385,3.838632106781006,6.343760013580322,3.838632106781006,5.871146202087402,3.838632106781006,2.5051279067993164,2.0325140953063965,0.4726138114929199,0.5074626865671642,0.4512195121951219,0.4512195121951219,cold_rna,split2028,1,Contact500 pretraining without SCA
2140,5.522878646850586,6.796384334564209,5.522878646850586,5.981034755706787,5.522878646850586,1.273505687713623,0.45815610885620117,0.8153495788574219,0.56875,1.0,0.56875,cold_rna,split2028,1,Contact500 pretraining without SCA
900,2.744727611541748,4.6548848152160645,2.744727611541748,4.681915283203125,2.744727611541748,1.9101572036743164,1.937187671661377,-0.027030467987060547,0.6,1.0,0.6,cold_rna,split2028,1,Contact500 pretraining without SCA
795,5.070580959320068,5.590231895446777,5.070580959320068,5.864346981048584,5.070580959320068,0.519650936126709,0.7937660217285156,-0.27411508560180664,0.6388888888888888,1.0,0.6388888888888888,cold_rna,split2028,1,Contact500 pretraining without SCA
1010,5.659555912017822,4.782736301422119,5.659555912017822,4.589618682861328,5.659555912017822,0.8768196105957031,1.0699372291564941,-0.19311761856079102,0.5,0.1917808219178082,0.1917808219178082,cold_rna,split2028,1,Contact500 pretraining without SCA
2118,7.193819999694824,5.422394275665283,7.193819999694824,5.048638343811035,7.193819999694824,1.771425724029541,2.145181655883789,-0.37375593185424805,0.868421052631579,1.0,0.868421052631579,cold_rna,split2028,1,Contact500 pretraining without SCA
2107,8.113509178161621,8.154679298400879,8.113509178161621,7.064253330230713,8.113509178161621,0.04117012023925781,1.0492558479309082,-1.0080857276916504,0.1366931308249913,0.1743119266055046,0.1366931308249913,cold_rna,split2028,1,Contact500 pretraining without SCA
1581,4.6575775146484375,6.126989841461182,4.6575775146484375,5.815474987030029,4.6575775146484375,1.4694123268127441,1.1578974723815918,0.31151485443115234,0.5116279069767442,0.4666666666666667,0.4666666666666667,cold_rna,split2028,1,Contact500 pretraining without SCA
1032,5.346787452697754,5.283231735229492,5.346787452697754,5.209146022796631,5.346787452697754,0.06355571746826172,0.13764142990112305,-0.07408571243286133,0.5555555555555556,0.1764705882352941,0.1764705882352941,cold_rna,split2028,1,Contact500 pretraining without SCA
1588,5.522878646850586,6.757119655609131,5.522878646850586,6.126821517944336,5.522878646850586,1.234241008758545,0.60394287109375,0.6302981376647949,0.5,1.0,0.5,cold_rna,split2028,1,Contact500 pretraining without SCA
2180,6.376750946044922,5.338196277618408,6.376750946044922,5.459278106689453,6.376750946044922,1.0385546684265137,0.9174728393554688,0.12108182907104492,0.5555555555555556,0.6,0.5555555555555556,cold_rna,split2028,1,Contact500 pretraining without SCA
1404,3.494849920272827,7.243846893310547,3.494849920272827,6.255346298217773,3.494849920272827,3.7489969730377197,2.7604963779449463,0.9885005950927734,0.5074626865671642,0.3478260869565217,0.3478260869565217,cold_rna,split2028,1,Contact500 pretraining without SCA
1887,7.0,5.085717678070068,7.0,5.852819442749023,7.0,1.9142823219299316,1.1471805572509766,0.7671017646789551,0.4039900249376559,0.2207792207792207,0.2207792207792207,cold_rna,split2028,1,Contact500 pretraining without SCA
1773,7.744727611541748,5.726918697357178,7.744727611541748,5.167538166046143,7.744727611541748,2.0178089141845703,2.5771894454956055,-0.5593805313110352,0.65,0.5873015873015873,0.5873015873015873,cold_rna,split2028,1,Contact500 pretraining without SCA
1108,3.698970079421997,4.352616786956787,3.698970079421997,4.586630821228027,3.698970079421997,0.65364670753479,0.8876607418060303,-0.23401403427124023,0.5,0.2307692307692307,0.2307692307692307,cold_rna,split2028,1,Contact500 pretraining without SCA
1594,4.468521118164063,6.108568668365479,4.468521118164063,5.605919361114502,4.468521118164063,1.640047550201416,1.1373982429504386,0.5026493072509775,0.5,0.8387096774193549,0.5,cold_rna,split2028,1,Contact500 pretraining without SCA
1036,5.0,5.283231735229492,5.0,5.209146022796631,5.0,0.2832317352294922,0.20914602279663086,0.07408571243286133,0.5555555555555556,0.1764705882352941,0.1764705882352941,cold_rna,split2028,1,Contact500 pretraining without SCA
1597,4.026872158050537,6.27895450592041,4.026872158050537,5.741461277008057,4.026872158050537,2.252082347869873,1.7145891189575195,0.5374932289123535,0.5,1.0,0.5,cold_rna,split2028,1,Contact500 pretraining without SCA
1381,2.130768299102783,7.2230224609375,2.130768299102783,6.2977294921875,2.130768299102783,5.092254161834717,4.166961193084717,0.92529296875,0.5074626865671642,1.0,0.5074626865671642,cold_rna,split2028,1,Contact500 pretraining without SCA
2171,4.721246242523193,4.817087650299072,4.721246242523193,4.688505172729492,4.721246242523193,0.0958414077758789,0.03274106979370117,0.06310033798217773,0.5555555555555556,0.5873015873015873,0.5555555555555556,cold_rna,split2028,1,Contact500 pretraining without SCA
1591,4.853871822357178,6.618061542510986,4.853871822357178,6.041149139404297,4.853871822357178,1.7641897201538086,1.1872773170471191,0.5769124031066895,0.5,1.0,0.5,cold_rna,split2028,1,Contact500 pretraining without SCA
2184,5.7695512771606445,5.337727069854736,5.7695512771606445,5.474588871002197,5.7695512771606445,0.4318242073059082,0.29496240615844727,0.13686180114746094,0.5555555555555556,0.8297872340425532,0.5555555555555556,cold_rna,split2028,1,Contact500 pretraining without SCA
2122,5.337242126464844,5.475738525390625,5.337242126464844,5.084009170532227,5.337242126464844,0.13849639892578125,0.2532329559326172,-0.11473655700683594,0.868421052631579,1.0,0.868421052631579,cold_rna,split2028,1,Contact500 pretraining without SCA
792,4.4202165603637695,4.90617036819458,4.4202165603637695,4.950603485107422,4.4202165603637695,0.48595380783081055,0.5303869247436523,-0.0444331169128418,0.6388888888888888,0.5873015873015873,0.5873015873015873,cold_rna,split2028,1,Contact500 pretraining without SCA
415,5.86966609954834,6.729405879974365,5.86966609954834,5.754505634307861,5.86966609954834,0.8597397804260254,0.11516046524047852,0.7445793151855469,1.0,1.0,1.0,cold_rna,split2028,1,Contact500 pretraining without SCA
2133,5.92081880569458,5.3984246253967285,5.92081880569458,5.039089679718018,5.92081880569458,0.5223941802978516,0.8817291259765625,-0.35933494567871094,0.868421052631579,1.0,0.868421052631579,cold_rna,split2028,1,Contact500 pretraining without SCA
1058,5.602059841156006,6.485598087310791,5.602059841156006,5.800966262817383,5.602059841156006,0.8835382461547852,0.19890642166137695,0.6846318244934082,0.5027027027027027,0.3181818181818182,0.3181818181818182,cold_rna,split2028,1,Contact500 pretraining without SCA
1400,4.392544746398926,6.893287181854248,4.392544746398926,6.4408392906188965,4.392544746398926,2.5007424354553223,2.0482945442199707,0.45244789123535156,0.5074626865671642,0.3936170212765957,0.3936170212765957,cold_rna,split2028,1,Contact500 pretraining without SCA
290,7.229147911071777,7.153049468994141,7.229147911071777,6.1990647315979,7.229147911071777,0.07609844207763672,1.030083179473877,-0.9539847373962402,0.1366931308249913,0.1603053435114503,0.1366931308249913,cold_rna,split2028,1,Contact500 pretraining without SCA
1881,6.7695512771606445,4.952498912811279,6.7695512771606445,4.965487003326416,6.7695512771606445,1.8170523643493652,1.8040642738342285,0.012988090515136719,0.4968944099378882,0.2207792207792207,0.2207792207792207,cold_rna,split2028,1,Contact500 pretraining without SCA
420,7.954677104949951,6.554221153259277,7.954677104949951,5.559542179107666,7.954677104949951,1.4004559516906738,2.395134925842285,-0.9946789741516113,0.1366931308249913,0.1530612244897959,0.1366931308249913,cold_rna,split2028,1,Contact500 pretraining without SCA
403,5.096909999847412,7.310428142547607,5.096909999847412,6.392890930175781,5.096909999847412,2.2135181427001953,1.2959809303283691,0.9175372123718262,0.1366931308249913,0.174757281553398,0.1366931308249913,cold_rna,split2028,1,Contact500 pretraining without SCA
2498,4.79587984085083,3.870681524276733,4.79587984085083,5.059143543243408,4.79587984085083,0.9251983165740971,0.2632637023925781,0.661934614181519,0.6388888888888888,0.1923076923076923,0.1923076923076923,cold_rna,split2028,1,Contact500 pretraining without SCA
1890,4.387216091156006,6.292502880096436,4.387216091156006,4.922634124755859,4.387216091156006,1.9052867889404306,0.5354180335998535,1.369868755340577,0.8266666666666667,0.0,0.0,cold_rna,split2028,1,Contact500 pretraining without SCA
1965,5.6575775146484375,4.802162170410156,5.6575775146484375,4.733776092529297,5.6575775146484375,0.8554153442382812,0.9238014221191406,-0.06838607788085938,0.5909090909090908,0.238095238095238,0.238095238095238,cold_rna,split2028,1,Contact500 pretraining without SCA
2126,6.471083164215088,5.492861747741699,6.471083164215088,5.119414329528809,6.471083164215088,0.9782214164733887,1.3516688346862793,-0.3734474182128906,0.8421052631578947,1.0,0.8421052631578947,cold_rna,split2028,1,Contact500 pretraining without SCA
1386,4.79587984085083,6.825874328613281,4.79587984085083,6.33866024017334,4.79587984085083,2.029994487762451,1.5427803993225098,0.4872140884399414,0.5074626865671642,0.3854166666666667,0.3854166666666667,cold_rna,split2028,1,Contact500 pretraining without SCA
1598,3.9393022060394287,6.659349918365479,3.9393022060394287,6.071118354797363,3.9393022060394287,2.7200477123260507,2.1318161487579346,0.5882315635681161,0.5,0.676056338028169,0.5,cold_rna,split2028,1,Contact500 pretraining without SCA
1035,4.744727611541748,5.272358417510986,4.744727611541748,5.2230224609375,4.744727611541748,0.5276308059692383,0.47829484939575195,0.04933595657348633,0.5555555555555556,0.1818181818181818,0.1818181818181818,cold_rna,split2028,1,Contact500 pretraining without SCA
1769,7.744727611541748,5.795740127563477,7.744727611541748,5.166663646697998,7.744727611541748,1.9489874839782715,2.57806396484375,-0.6290764808654785,0.65,0.5873015873015873,0.5873015873015873,cold_rna,split2028,1,Contact500 pretraining without SCA
1389,4.723538398742676,6.9281768798828125,4.723538398742676,6.664274215698242,4.723538398742676,2.2046384811401367,1.9407358169555664,0.2639026641845703,0.5074626865671642,0.4065934065934066,0.4065934065934066,cold_rna,split2028,1,Contact500 pretraining without SCA
1408,4.459670543670654,6.834469318389893,4.459670543670654,6.511251926422119,4.459670543670654,2.3747987747192383,2.051581382751465,0.32321739196777344,0.4927536231884057,0.3627450980392157,0.3627450980392157,cold_rna,split2028,1,Contact500 pretraining without SCA
2117,5.537601947784424,5.298932552337647,5.537601947784424,5.013719081878662,5.537601947784424,0.23866939544677646,0.5238828659057617,-0.28521347045898526,0.868421052631579,1.0,0.868421052631579,cold_rna,split2028,1,Contact500 pretraining without SCA
2497,4.92081880569458,3.8277318477630615,4.92081880569458,4.841581344604492,4.92081880569458,1.0930869579315186,0.07923746109008789,1.0138494968414307,0.6388888888888888,0.1923076923076923,0.1923076923076923,cold_rna,split2028,1,Contact500 pretraining without SCA
1410,4.323306560516357,7.067162990570068,4.323306560516357,6.763620853424072,4.323306560516357,2.743856430053711,2.440314292907715,0.3035421371459961,0.4927536231884057,0.3663366336633663,0.3663366336633663,cold_rna,split2028,1,Contact500 pretraining without SCA
2120,5.79587984085083,5.318462371826172,5.79587984085083,4.997429370880127,5.79587984085083,0.4774174690246582,0.7984504699707031,-0.3210330009460449,0.868421052631579,1.0,0.868421052631579,cold_rna,split2028,1,Contact500 pretraining without SCA
1603,4.292429924011231,5.224946022033691,4.292429924011231,6.223917484283447,4.292429924011231,0.93251609802246,1.931487560272216,-0.9989714622497559,0.5217391304347826,0.2886597938144329,0.2886597938144329,cold_rna,split2028,1,Contact500 pretraining without SCA
1563,5.522878646850586,4.618645668029785,5.522878646850586,4.91285514831543,5.522878646850586,0.9042329788208008,0.6100234985351562,0.29420948028564453,0.5555555555555556,0.1964285714285714,0.1964285714285714,cold_rna,split2028,1,Contact500 pretraining without SCA
1083,6.552842140197754,5.928287029266357,6.552842140197754,6.17090368270874,6.552842140197754,0.6245551109313965,0.38193845748901367,0.2426166534423828,0.5555555555555556,0.2248062015503876,0.2248062015503876,cold_rna,split2028,1,Contact500 pretraining without SCA
1419,2.50307035446167,6.779630184173584,2.50307035446167,6.290042877197266,2.50307035446167,4.276559829711914,3.7869725227355957,0.48958730697631836,0.4927536231884057,0.2989690721649484,0.2989690721649484,cold_rna,split2028,1,Contact500 pretraining without SCA
2173,4.958607196807861,4.766878604888916,4.958607196807861,5.018992900848389,4.958607196807861,0.1917285919189453,0.060385704040527344,0.13134288787841797,0.5555555555555556,0.7555555555555555,0.5555555555555556,cold_rna,split2028,1,Contact500 pretraining without SCA
1886,7.148741722106934,5.554903030395508,7.148741722106934,5.609370708465576,7.148741722106934,1.5938386917114258,1.5393710136413574,0.05446767807006836,0.4039900249376559,0.1739130434782608,0.1739130434782608,cold_rna,split2028,1,Contact500 pretraining without SCA
167,7.221848964691162,6.270086288452148,7.221848964691162,5.706967353820801,7.221848964691162,0.9517626762390137,1.5148816108703613,-0.5631189346313477,0.5777777777777777,1.0,0.5777777777777777,cold_rna,split2028,1,Contact500 pretraining without SCA
1596,4.107905387878418,6.137875080108643,4.107905387878418,5.695564270019531,4.107905387878418,2.0299696922302246,1.5876588821411133,0.44231081008911133,0.5,1.0,0.5,cold_rna,split2028,1,Contact500 pretraining without SCA
1102,6.494850158691406,5.383276462554932,6.494850158691406,5.299476146697998,6.494850158691406,1.1115736961364746,1.1953740119934082,-0.0838003158569336,0.5909090909090908,0.15,0.15,cold_rna,split2028,1,Contact500 pretraining without SCA
2116,5.259637355804443,5.341577053070068,5.259637355804443,5.047839641571045,5.259637355804443,0.081939697265625,0.21179771423339844,-0.12985801696777344,0.868421052631579,1.0,0.868421052631579,cold_rna,split2028,1,Contact500 pretraining without SCA
1262,5.430625915527344,6.016073226928711,5.430625915527344,6.0374836921691895,5.430625915527344,0.5854473114013672,0.6068577766418457,-0.021410465240478516,0.6111111111111112,0.2653061224489796,0.2653061224489796,cold_rna,split2028,1,Contact500 pretraining without SCA
1403,3.681936740875244,6.657459735870361,3.681936740875244,6.189945220947266,3.681936740875244,2.975522994995117,2.5080084800720215,0.4675145149230957,0.5074626865671642,0.4666666666666667,0.4666666666666667,cold_rna,split2028,1,Contact500 pretraining without SCA
1593,4.638272285461426,6.200297355651856,4.638272285461426,6.019777297973633,4.638272285461426,1.5620250701904306,1.381505012512207,0.18052005767822354,0.5,0.4666666666666667,0.4666666666666667,cold_rna,split2028,1,Contact500 pretraining without SCA
1611,4.838632106781006,5.788552284240723,4.838632106781006,5.501504898071289,4.838632106781006,0.9499201774597168,0.6628727912902832,0.2870473861694336,0.5217391304347826,0.25,0.25,cold_rna,split2028,1,Contact500 pretraining without SCA
779,4.677780628204346,5.070492267608643,4.677780628204346,4.582339763641357,4.677780628204346,0.3927116394042969,0.09544086456298828,0.2972707748413086,0.5714285714285714,0.2886597938144329,0.2886597938144329,cold_rna,split2028,1,Contact500 pretraining without SCA
1319,0.4672456085681915,5.227126598358154,0.4672456085681915,4.809704303741455,0.4672456085681915,4.759880989789963,4.3424586951732635,0.4174222946166992,0.6071428571428572,0.1666666666666666,0.1666666666666666,cold_rna,split2028,1,Contact500 pretraining without SCA
1233,5.6575775146484375,4.658218860626221,5.6575775146484375,4.18805456161499,5.6575775146484375,0.9993586540222168,1.4695229530334473,-0.47016429901123047,0.6578947368421053,0.2666666666666666,0.2666666666666666,cold_rna,split2028,1,Contact500 pretraining without SCA
797,3.1191864013671875,5.453495025634766,3.1191864013671875,5.779999732971191,3.1191864013671875,2.334308624267578,2.660813331604004,-0.3265047073364258,0.6388888888888888,1.0,0.6388888888888888,cold_rna,split2028,1,Contact500 pretraining without SCA
1014,4.92081880569458,5.095265865325928,4.92081880569458,5.1690354347229,4.92081880569458,0.17444705963134766,0.2482166290283203,-0.07376956939697266,0.5,0.2087912087912088,0.2087912087912088,cold_rna,split2028,1,Contact500 pretraining without SCA
2413,4.958607196807861,3.483649969100952,4.958607196807861,3.8508729934692383,4.958607196807861,1.4749572277069092,1.107734203338623,0.36722302436828613,0.6388888888888888,0.2826086956521739,0.2826086956521739,cold_rna,split2028,1,Contact500 pretraining without SCA
1190,5.886056423187256,6.896673679351807,5.886056423187256,5.905953884124756,5.886056423187256,1.0106172561645508,0.0198974609375,0.9907197952270508,0.5128205128205128,0.2178217821782178,0.2178217821782178,cold_rna,split2028,1,Contact500 pretraining without SCA
1395,4.647817611694336,6.961507320404053,4.647817611694336,6.508333683013916,4.647817611694336,2.313689708709717,1.86051607131958,0.4531736373901367,0.5074626865671642,0.3627450980392157,0.3627450980392157,cold_rna,split2028,1,Contact500 pretraining without SCA
2172,5.552842140197754,5.503264904022217,5.552842140197754,5.596545696258545,5.552842140197754,0.04957723617553711,0.043703556060791016,0.005873680114746094,0.5555555555555556,1.0,0.5555555555555556,cold_rna,split2028,1,Contact500 pretraining without SCA
1582,4.455932140350342,6.037720680236816,4.455932140350342,5.400199890136719,4.455932140350342,1.5817885398864746,0.944267749786377,0.6375207901000977,0.5116279069767442,0.8387096774193549,0.5116279069767442,cold_rna,split2028,1,Contact500 pretraining without SCA
1301,7.017728805541992,4.763137340545654,7.017728805541992,4.908445358276367,7.017728805541992,2.254591464996338,2.109283447265625,0.1453080177307129,0.5714285714285714,0.1929824561403508,0.1929824561403508,cold_rna,split2028,1,Contact500 pretraining without SCA
789,5.552842140197754,5.135608673095703,5.552842140197754,4.690917015075684,5.552842140197754,0.4172334671020508,0.8619251251220703,-0.44469165802001953,0.5714285714285714,0.1981132075471698,0.1981132075471698,cold_rna,split2028,1,Contact500 pretraining without SCA
391,8.698969841003418,7.13754415512085,8.698969841003418,6.242179393768311,8.698969841003418,1.5614256858825684,2.4567904472351065,-0.8953647613525382,0.1366931308249913,0.16,0.1366931308249913,cold_rna,split2028,1,Contact500 pretraining without SCA
1579,4.823908805847168,6.547298431396484,4.823908805847168,5.836589336395264,4.823908805847168,1.7233896255493164,1.0126805305480957,0.7107090950012207,0.5116279069767442,1.0,0.5116279069767442,cold_rna,split2028,1,Contact500 pretraining without SCA
2127,5.070580959320068,5.287996292114258,5.070580959320068,4.984603404998779,5.070580959320068,0.21741533279418945,0.08597755432128906,0.1314377784729004,0.868421052631579,1.0,0.868421052631579,cold_rna,split2028,1,Contact500 pretraining without SCA
1325,5.148741722106934,5.8988213539123535,5.148741722106934,5.555621147155762,5.148741722106934,0.7500796318054199,0.4068794250488281,0.3432002067565918,0.5454545454545454,0.1666666666666666,0.1666666666666666,cold_rna,split2028,1,Contact500 pretraining without SCA
1615,4.958607196807861,4.265234470367432,4.958607196807861,4.385120868682861,4.958607196807861,0.6933727264404297,0.573486328125,0.11988639831542969,0.6206896551724138,0.2696629213483146,0.2696629213483146,cold_rna,split2028,1,Contact500 pretraining without SCA
2292,6.397940158843994,7.132222652435303,6.397940158843994,6.596109390258789,6.397940158843994,0.7342824935913086,0.19816923141479492,0.5361132621765137,0.1366931308249913,0.1693548387096774,0.1366931308249913,cold_rna,split2028,1,Contact500 pretraining without SCA
1422,5.93930196762085,6.662451267242432,5.93930196762085,5.914071083068848,5.93930196762085,0.723149299621582,0.025230884552001953,0.6979184150695801,0.5074626865671642,0.1666666666666666,0.1666666666666666,cold_rna,split2028,1,Contact500 pretraining without SCA
1577,5.397940158843994,5.9217963218688965,5.397940158843994,5.3048858642578125,5.397940158843994,0.5238561630249023,0.09305429458618164,0.4308018684387207,0.5116279069767442,1.0,0.5116279069767442,cold_rna,split2028,1,Contact500 pretraining without SCA
1954,6.92081880569458,5.479312896728516,6.92081880569458,5.33922815322876,6.92081880569458,1.4415059089660645,1.5815906524658203,-0.14008474349975586,0.6428571428571428,0.238095238095238,0.238095238095238,cold_rna,split2028,1,Contact500 pretraining without SCA
2177,5.275723934173584,5.344608783721924,5.275723934173584,5.4630045890808105,5.275723934173584,0.06888484954833984,0.18728065490722656,-0.11839580535888672,0.5555555555555556,0.7254901960784313,0.5555555555555556,cold_rna,split2028,1,Contact500 pretraining without SCA
1797,6.92081880569458,5.6298508644104,6.92081880569458,4.802119731903076,6.92081880569458,1.2909679412841797,2.118699073791504,-0.8277311325073242,0.6129032258064516,0.1636363636363636,0.1636363636363636,cold_rna,split2028,1,Contact500 pretraining without SCA
1066,4.301030158996582,5.77286434173584,4.301030158996582,5.827212333679199,4.301030158996582,1.4718341827392578,1.5261821746826172,-0.054347991943359375,0.6071428571428572,0.2148148148148148,0.2148148148148148,cold_rna,split2028,1,Contact500 pretraining without SCA
1413,4.476253509521484,6.990485191345215,4.476253509521484,6.680388927459717,4.476253509521484,2.5142316818237305,2.2041354179382324,0.31009626388549805,0.4927536231884057,0.3854166666666667,0.3854166666666667,cold_rna,split2028,1,Contact500 pretraining without SCA
1595,4.346787452697754,6.257075309753418,4.346787452697754,5.793879985809326,4.346787452697754,1.910287857055664,1.4470925331115723,0.4631953239440918,0.5,1.0,0.5,cold_rna,split2028,1,Contact500 pretraining without SCA
1895,5.251811981201172,6.063790798187256,5.251811981201172,4.983548164367676,5.251811981201172,0.811978816986084,0.2682638168334961,0.5437150001525879,0.8266666666666667,0.3050847457627119,0.3050847457627119,cold_rna,split2028,1,Contact500 pretraining without SCA
1871,6.508638381958008,5.436325550079346,6.508638381958008,4.991979122161865,6.508638381958008,1.072312831878662,1.5166592597961426,-0.44434642791748047,0.5510204081632653,0.2207792207792207,0.2207792207792207,cold_rna,split2028,1,Contact500 pretraining without SCA
2132,5.142667293548584,5.298153877258301,5.142667293548584,5.016480922698975,5.142667293548584,0.1554865837097168,0.12618637084960938,0.029300212860107422,0.868421052631579,1.0,0.868421052631579,cold_rna,split2028,1,Contact500 pretraining without SCA
387,5.301030158996582,6.765994548797607,5.301030158996582,6.290502071380615,5.301030158996582,1.4649643898010254,0.9894719123840332,0.4754924774169922,0.5423728813559322,0.1283783783783783,0.1283783783783783,cold_rna,split2028,1,Contact500 pretraining without SCA
788,5.79587984085083,5.151414394378662,5.79587984085083,4.726190567016602,5.79587984085083,0.644465446472168,1.0696892738342285,-0.42522382736206055,0.5714285714285714,0.1981132075471698,0.1981132075471698,cold_rna,split2028,1,Contact500 pretraining without SCA
1195,6.096909999847412,4.753233909606934,6.096909999847412,4.875050067901611,6.096909999847412,1.3436760902404785,1.2218599319458008,0.12181615829467773,0.5555555555555556,0.2285714285714285,0.2285714285714285,cold_rna,split2028,1,Contact500 pretraining without SCA
1772,7.221848964691162,5.959333419799805,7.221848964691162,6.148467063903809,7.221848964691162,1.2625155448913574,1.0733819007873535,0.1891336441040039,0.65,0.5164835164835165,0.5164835164835165,cold_rna,split2028,1,Contact500 pretraining without SCA
902,5.045757293701172,3.769721508026123,5.045757293701172,3.962146759033203,5.045757293701172,1.2760357856750488,1.0836105346679688,0.19242525100708008,0.6388888888888888,0.2058823529411764,0.2058823529411764,cold_rna,split2028,1,Contact500 pretraining without SCA
2500,5.79587984085083,3.931060791015625,5.79587984085083,5.149149894714356,5.79587984085083,1.864819049835205,0.6467299461364737,1.2180891036987314,0.6388888888888888,0.1904761904761904,0.1904761904761904,cold_rna,split2028,1,Contact500 pretraining without SCA
1770,6.370794296264648,5.980146408081055,6.370794296264648,6.132712841033936,6.370794296264648,0.39064788818359375,0.238081455230712,0.15256643295288175,0.65,0.5164835164835165,0.5164835164835165,cold_rna,split2028,1,Contact500 pretraining without SCA
2106,7.713318824768066,8.165987014770508,7.713318824768066,7.115530967712402,7.713318824768066,0.4526681900024414,0.5977878570556641,-0.14511966705322266,0.1366931308249913,0.1666666666666666,0.1366931308249913,cold_rna,split2028,1,Contact500 pretraining without SCA
2175,6.207608222961426,5.337935924530029,6.207608222961426,5.499296188354492,6.207608222961426,0.8696722984313965,0.7083120346069336,0.1613602638244629,0.5555555555555556,0.8913043478260869,0.5555555555555556,cold_rna,split2028,1,Contact500 pretraining without SCA
1088,7.301030158996582,5.469701290130615,7.301030158996582,5.469419002532959,7.301030158996582,1.8313288688659668,1.831611156463623,-0.00028228759765625,0.5555555555555556,0.1923076923076923,0.1923076923076923,cold_rna,split2028,1,Contact500 pretraining without SCA
310,4.522878646850586,7.796458721160889,4.522878646850586,8.090813636779785,4.522878646850586,3.2735800743103027,3.567934989929199,-0.2943549156188965,0.1363636363636363,0.1461988304093567,0.1363636363636363,cold_rna,split2028,1,Contact500 pretraining without SCA
1610,4.0,5.210742950439453,4.0,5.301944255828857,4.0,1.2107429504394531,1.3019442558288574,-0.0912013053894043,0.5217391304347826,0.3013698630136986,0.3013698630136986,cold_rna,split2028,1,Contact500 pretraining without SCA
796,3.92081880569458,4.816207885742188,3.92081880569458,5.230337142944336,3.92081880569458,0.8953890800476083,1.3095183372497559,-0.41412925720214755,0.6388888888888888,1.0,0.6388888888888888,cold_rna,split2028,1,Contact500 pretraining without SCA
407,4.026872158050537,6.03363037109375,4.026872158050537,5.019018173217773,4.026872158050537,2.006758213043213,0.9921460151672363,1.0146121978759766,0.1363636363636363,0.1976744186046511,0.1363636363636363,cold_rna,split2028,1,Contact500 pretraining without SCA
1955,6.886056423187256,5.334118843078613,6.886056423187256,5.2332611083984375,6.886056423187256,1.5519375801086426,1.6527953147888184,-0.10085773468017578,0.6875,0.238095238095238,0.238095238095238,cold_rna,split2028,1,Contact500 pretraining without SCA
1411,4.636387825012207,6.906980991363525,4.636387825012207,6.550325870513916,4.636387825012207,2.2705931663513184,1.913938045501709,0.3566551208496094,0.4927536231884057,0.3737373737373737,0.3737373737373737,cold_rna,split2028,1,Contact500 pretraining without SCA
2104,8.170696258544922,7.938237190246582,8.170696258544922,6.914631366729736,8.170696258544922,0.23245906829833984,1.2560648918151855,-1.0236058235168457,0.1366931308249913,0.1891891891891892,0.1366931308249913,cold_rna,split2028,1,Contact500 pretraining without SCA
2129,5.221848964691162,5.269917011260986,5.221848964691162,4.973999977111816,5.221848964691162,0.04806804656982422,0.2478489875793457,-0.19978094100952148,0.868421052631579,1.0,0.868421052631579,cold_rna,split2028,1,Contact500 pretraining without SCA
787,4.92081880569458,5.1979079246521,4.92081880569458,4.6865763664245605,4.92081880569458,0.27708911895751953,0.23424243927001953,0.0428466796875,0.5555555555555556,0.1981132075471698,0.1981132075471698,cold_rna,split2028,1,Contact500 pretraining without SCA
1872,6.06048059463501,5.708287239074707,6.06048059463501,5.54791259765625,6.06048059463501,0.35219335556030273,0.5125679969787598,-0.16037464141845703,0.5510204081632653,0.1166666666666666,0.1166666666666666,cold_rna,split2028,1,Contact500 pretraining without SCA
399,5.886056423187256,7.106903076171875,5.886056423187256,6.763092041015625,5.886056423187256,1.2208466529846191,0.8770356178283691,0.34381103515625,0.5423728813559322,0.1089494163424124,0.1089494163424124,cold_rna,split2028,1,Contact500 pretraining without SCA
1956,6.92081880569458,5.219599723815918,6.92081880569458,5.140903949737549,6.92081880569458,1.701219081878662,1.7799148559570312,-0.07869577407836914,0.6956521739130435,0.238095238095238,0.238095238095238,cold_rna,split2028,1,Contact500 pretraining without SCA
1398,4.586700439453125,6.763965606689453,4.586700439453125,6.328118324279785,4.586700439453125,2.177265167236328,1.7414178848266602,0.43584728240966797,0.5074626865671642,0.37,0.37,cold_rna,split2028,1,Contact500 pretraining without SCA
2141,3.0,6.761912345886231,3.0,5.953068733215332,3.0,3.7619123458862314,2.953068733215332,0.8088436126708993,0.56875,0.8245614035087719,0.56875,cold_rna,split2028,1,Contact500 pretraining without SCA
784,4.698969841003418,5.162831783294678,4.698969841003418,4.610445976257324,4.698969841003418,0.46386194229125977,0.08852386474609375,0.375338077545166,0.5555555555555556,0.2886597938144329,0.2886597938144329,cold_rna,split2028,1,Contact500 pretraining without SCA
1607,4.484126091003418,4.734303951263428,4.484126091003418,5.327103614807129,4.484126091003418,0.25017786026000977,0.8429775238037109,-0.5927996635437012,0.5217391304347826,0.2857142857142857,0.2857142857142857,cold_rna,split2028,1,Contact500 pretraining without SCA
1576,5.397940158843994,6.686053276062012,5.397940158843994,5.922513484954834,5.397940158843994,1.2881131172180176,0.5245733261108398,0.7635397911071777,0.5116279069767442,1.0,0.5116279069767442,cold_rna,split2028,1,Contact500 pretraining without SCA
942,6.823908805847168,4.340054988861084,6.823908805847168,4.430355072021484,6.823908805847168,2.483853816986084,2.3935537338256836,0.09030008316040039,0.9090909090909092,1.0,0.9090909090909092,cold_rna,split2028,1,Contact500 pretraining without SCA
401,5.096909999847412,5.741577625274658,5.096909999847412,4.9510273933410645,5.096909999847412,0.6446676254272461,0.14588260650634766,0.49878501892089844,0.1366931308249913,0.1827956989247312,0.1366931308249913,cold_rna,split2028,1,Contact500 pretraining without SCA
1606,4.514278411865234,4.896623611450195,4.514278411865234,5.264113426208496,4.514278411865234,0.38234519958496094,0.7498350143432617,-0.3674898147583008,0.5217391304347826,0.2916666666666667,0.2916666666666667,cold_rna,split2028,1,Contact500 pretraining without SCA
752,5.180456161499023,3.9275059700012207,5.180456161499023,4.3086838722229,5.180456161499023,1.2529501914978027,0.871772289276123,0.3811779022216797,0.6388888888888888,0.1923076923076923,0.1923076923076923,cold_rna,split2028,1,Contact500 pretraining without SCA
793,3.6777806282043457,5.100333213806152,3.6777806282043457,5.534781455993652,3.6777806282043457,1.4225525856018066,1.8570008277893066,-0.4344482421875,0.6388888888888888,1.0,0.6388888888888888,cold_rna,split2028,1,Contact500 pretraining without SCA
1414,4.463441371917725,6.991356372833252,4.463441371917725,6.680319786071777,4.463441371917725,2.5279150009155273,2.2168784141540527,0.3110365867614746,0.4927536231884057,0.3936170212765957,0.3936170212765957,cold_rna,split2028,1,Contact500 pretraining without SCA
1405,3.1687703132629395,6.670063495635986,3.1687703132629395,6.047711849212647,3.1687703132629395,3.501293182373047,2.878941535949708,0.622351646423339,0.5074626865671642,0.2989690721649484,0.2989690721649484,cold_rna,split2028,1,Contact500 pretraining without SCA
2048,2.744727611541748,4.694127559661865,2.744727611541748,4.666009902954102,2.744727611541748,1.9493999481201172,1.9212822914123535,0.028117656707763672,0.6842105263157895,1.0,0.6842105263157895,cold_rna,split2028,1,Contact500 pretraining without SCA
1401,4.490797519683838,6.925805568695068,4.490797519683838,6.476100444793701,4.490797519683838,2.4350080490112305,1.9853029251098633,0.4497051239013672,0.5074626865671642,0.37,0.37,cold_rna,split2028,1,Contact500 pretraining without SCA
1609,4.0,5.197513580322266,4.0,5.302552700042725,4.0,1.1975135803222656,1.3025527000427246,-0.10503911972045898,0.5217391304347826,0.2894736842105263,0.2894736842105263,cold_rna,split2028,1,Contact500 pretraining without SCA
1216,5.853871822357178,5.365157604217529,5.853871822357178,4.825790882110596,5.853871822357178,0.48871421813964844,1.028080940246582,-0.5393667221069336,0.5526315789473684,0.2166666666666666,0.2166666666666666,cold_rna,split2028,1,Contact500 pretraining without SCA
930,4.522878646850586,5.518645763397217,4.522878646850586,5.972012996673584,4.522878646850586,0.9957671165466309,1.449134349822998,-0.4533672332763672,0.5652173913043479,1.0,0.5652173913043479,cold_rna,split2028,1,Contact500 pretraining without SCA
753,6.045757293701172,4.070560932159424,6.045757293701172,4.20273494720459,6.045757293701172,1.975196361541748,1.843022346496582,0.13217401504516602,0.6388888888888888,0.1904761904761904,0.1904761904761904,cold_rna,split2028,1,Contact500 pretraining without SCA
1585,3.995678663253784,6.208157539367676,3.995678663253784,5.53614616394043,3.995678663253784,2.2124788761138916,1.5404675006866455,0.6720113754272461,0.5116279069767442,1.0,0.5116279069767442,cold_rna,split2028,1,Contact500 pretraining without SCA
1394,4.300162315368652,6.745452880859375,4.300162315368652,6.271899700164795,4.300162315368652,2.4452905654907227,1.9717373847961426,0.4735531806945801,0.5074626865671642,0.3627450980392157,0.3627450980392157,cold_rna,split2028,1,Contact500 pretraining without SCA
1558,6.732828140258789,6.969600677490234,6.732828140258789,6.831175327301025,6.732828140258789,0.2367725372314453,0.09834718704223633,0.13842535018920898,0.4788732394366197,0.1782178217821782,0.1782178217821782,cold_rna,split2028,1,Contact500 pretraining without SCA
1600,5.267606258392334,5.017247676849365,5.267606258392334,4.805848121643066,5.267606258392334,0.25035858154296875,0.4617581367492676,-0.21139955520629883,0.5217391304347826,0.2696629213483146,0.2696629213483146,cold_rna,split2028,1,Contact500 pretraining without SCA
2183,5.602059841156006,5.337993621826172,5.602059841156006,5.511993885040283,5.602059841156006,0.264066219329834,0.09006595611572266,0.17400026321411133,0.5555555555555556,0.7551020408163265,0.5555555555555556,cold_rna,split2028,1,Contact500 pretraining without SCA
1184,5.0,4.879003047943115,5.0,4.22847843170166,5.0,0.12099695205688477,0.7715215682983398,-0.6505246162414551,0.5098039215686274,0.1636363636363636,0.1636363636363636,cold_rna,split2028,1,Contact500 pretraining without SCA
1418,3.97469425201416,7.353629112243652,3.97469425201416,6.496676445007324,3.97469425201416,3.378934860229492,2.521982192993164,0.8569526672363281,0.4927536231884057,0.3478260869565217,0.3478260869565217,cold_rna,split2028,1,Contact500 pretraining without SCA
2176,5.30980396270752,4.766980171203613,5.30980396270752,5.016025066375732,5.30980396270752,0.5428237915039071,0.293778896331788,0.24904489517211914,0.5555555555555556,0.8809523809523809,0.5555555555555556,cold_rna,split2028,1,Contact500 pretraining without SCA
1263,4.673664093017578,5.543835163116455,4.673664093017578,5.328778266906738,4.673664093017578,0.870171070098877,0.6551141738891602,0.2150568962097168,0.6071428571428572,0.2653061224489796,0.2653061224489796,cold_rna,split2028,1,Contact500 pretraining without SCA
406,3.11861538887024,5.826165199279785,3.11861538887024,6.097592353820801,3.11861538887024,2.707549810409545,2.9789769649505606,-0.2714271545410156,0.1363636363636363,0.2068965517241379,0.1363636363636363,cold_rna,split2028,1,Contact500 pretraining without SCA
2135,5.259637355804443,5.270416259765625,5.259637355804443,5.011758327484131,5.259637355804443,0.01077890396118164,0.2478790283203125,-0.23710012435913086,0.8421052631578947,1.0,0.8421052631578947,cold_rna,split2028,1,Contact500 pretraining without SCA
1959,7.4685211181640625,4.768940448760986,7.4685211181640625,4.903270244598389,7.4685211181640625,2.699580669403076,2.565250873565674,0.13432979583740234,0.4948453608247423,0.238095238095238,0.238095238095238,cold_rna,split2028,1,Contact500 pretraining without SCA
39,4.0,6.77272891998291,4.0,6.017050743103027,4.0,2.77272891998291,2.0170507431030273,0.7556781768798828,0.4924242424242424,0.1643835616438356,0.1643835616438356,cold_rna,split2028,1,Contact500 pretraining without SCA
2182,6.173925399780273,5.337993621826172,6.173925399780273,5.511993885040283,6.173925399780273,0.8359317779541016,0.6619315147399902,0.17400026321411133,0.5555555555555556,0.7551020408163265,0.5555555555555556,cold_rna,split2028,1,Contact500 pretraining without SCA
2170,4.92081880569458,4.751979351043701,4.92081880569458,4.98397159576416,4.92081880569458,0.1688394546508789,0.06315279006958008,0.10568666458129883,0.5555555555555556,1.0,0.5555555555555556,cold_rna,split2028,1,Contact500 pretraining without SCA
1009,3.7235381603240967,4.429625988006592,3.7235381603240967,4.267841815948486,3.7235381603240967,0.7060878276824951,0.5443036556243896,0.16178417205810547,0.5,0.2,0.2,cold_rna,split2028,1,Contact500 pretraining without SCA
2123,5.39685583114624,5.434446811676025,5.39685583114624,5.0870795249938965,5.39685583114624,0.037590980529785156,0.30977630615234375,-0.2721853256225586,0.868421052631579,1.0,0.868421052631579,cold_rna,split2028,1,Contact500 pretraining without SCA
1573,6.408935546875,3.782172203063965,6.408935546875,4.147942543029785,6.408935546875,2.626763343811035,2.260993003845215,0.3657703399658203,0.5925925925925926,0.2465753424657534,0.2465753424657534,cold_rna,split2028,1,Contact500 pretraining without SCA
1407,4.3665313720703125,7.076314926147461,4.3665313720703125,6.764519691467285,4.3665313720703125,2.7097835540771484,2.3979883193969727,0.3117952346801758,0.4927536231884057,0.3663366336633663,0.3663366336633663,cold_rna,split2028,1,Contact500 pretraining without SCA
1015,2.955068349838257,5.02311372756958,2.955068349838257,4.741700172424316,2.955068349838257,2.0680453777313232,1.7866318225860596,0.28141355514526367,0.5,0.4098360655737705,0.4098360655737705,cold_rna,split2028,1,Contact500 pretraining without SCA
1896,6.221848964691162,6.230529308319092,6.221848964691162,4.883760452270508,6.221848964691162,0.008680343627929688,1.3380885124206543,-1.3294081687927246,0.8266666666666667,0.3,0.3,cold_rna,split2028,1,Contact500 pretraining without SCA
2139,8.0,6.9182209968566895,8.0,6.104247570037842,8.0,1.0817790031433105,1.8957524299621582,-0.8139734268188477,0.56875,1.0,0.56875,cold_rna,split2028,1,Contact500 pretraining without SCA
1415,4.424812316894531,7.023900985717773,4.424812316894531,6.715574264526367,4.424812316894531,2.599088668823242,2.290761947631836,0.30832672119140625,0.4927536231884057,0.37,0.37,cold_rna,split2028,1,Contact500 pretraining without SCA
1412,4.374687671661377,6.861698150634766,4.374687671661377,6.567641258239746,4.374687671661377,2.4870104789733887,2.192953586578369,0.29405689239501953,0.4927536231884057,0.37,0.37,cold_rna,split2028,1,Contact500 pretraining without SCA
1079,6.673664093017578,5.935206413269043,6.673664093017578,6.143782615661621,6.673664093017578,0.7384576797485352,0.529881477355957,0.20857620239257812,0.5555555555555556,0.2248062015503876,0.2248062015503876,cold_rna,split2028,1,Contact500 pretraining without SCA
2131,6.290729999542236,5.266582012176514,6.290729999542236,5.0103020668029785,6.290729999542236,1.0241479873657227,1.2804279327392578,-0.25627994537353516,0.868421052631579,1.0,0.868421052631579,cold_rna,split2028,1,Contact500 pretraining without SCA
2119,6.853871822357178,5.252546310424805,6.853871822357178,4.980133533477783,6.853871822357178,1.601325511932373,1.8737382888793945,-0.2724127769470215,0.868421052631579,1.0,0.868421052631579,cold_rna,split2028,1,Contact500 pretraining without SCA
162,3.602060079574585,4.654926776885986,3.602060079574585,3.5559120178222656,3.602060079574585,1.0528666973114014,0.046148061752319336,1.006718635559082,0.9310344827586208,0.1785714285714285,0.1785714285714285,cold_scaffold,split2026,1,Contact500 pretraining without SCA
1310,4.79587984085083,5.498871326446533,4.79587984085083,4.510280132293701,4.79587984085083,0.7029914855957031,0.2855997085571289,0.4173917770385742,0.6666666666666667,0.2696629213483146,0.2696629213483146,cold_scaffold,split2026,1,Contact500 pretraining without SCA
2501,5.744727611541748,5.263391017913818,5.744727611541748,4.997881412506104,5.744727611541748,0.4813365936279297,0.7468461990356436,-0.26550960540771396,0.6388888888888888,0.1904761904761904,0.1904761904761904,cold_scaffold,split2026,1,Contact500 pretraining without SCA
2355,3.2564902305603027,4.430141448974609,3.2564902305603027,3.7889246940612793,3.2564902305603027,1.1736512184143066,0.5324344635009766,0.6412167549133301,0.9310344827586208,0.3114754098360656,0.3114754098360656,cold_scaffold,split2026,1,Contact500 pretraining without SCA
104,6.903090000152588,5.2007365226745605,6.903090000152588,5.728908538818359,6.903090000152588,1.7023534774780273,1.1741814613342285,0.5281720161437988,0.9310344827586208,1.0,0.9310344827586208,cold_scaffold,split2026,1,Contact500 pretraining without SCA
2467,5.456925868988037,5.025285720825195,5.456925868988037,6.673147201538086,5.456925868988037,0.4316401481628418,1.2162213325500488,-0.784581184387207,0.6153846153846154,0.8809523809523809,0.6153846153846154,cold_scaffold,split2026,1,Contact500 pretraining without SCA
2089,5.511449337005615,5.063784122467041,5.511449337005615,5.04235315322876,5.511449337005615,0.4476652145385742,0.46909618377685547,-0.02143096923828125,0.6190476190476191,0.2741935483870967,0.2741935483870967,cold_scaffold,split2026,1,Contact500 pretraining without SCA
1397,4.560667514801025,6.467484474182129,4.560667514801025,4.538585186004639,4.560667514801025,1.9068169593811035,0.02208232879638672,1.8847346305847168,0.5074626865671642,0.3737373737373737,0.3737373737373737,cold_scaffold,split2026,1,Contact500 pretraining without SCA
2275,8.455931663513184,5.795505046844482,8.455931663513184,6.742372512817383,8.455931663513184,2.660426616668701,1.7135591506958008,0.9468674659729004,0.5476190476190477,0.1717171717171717,0.1717171717171717,cold_scaffold,split2026,1,Contact500 pretraining without SCA
1592,4.886056423187256,6.1198344230651855,4.886056423187256,6.180808544158936,4.886056423187256,1.2337779998779297,1.2947521209716806,-0.06097412109375089,0.5,0.7,0.5,cold_scaffold,split2026,1,Contact500 pretraining without SCA
2457,5.639785289764404,5.096745491027832,5.639785289764404,5.322684288024902,5.639785289764404,0.5430397987365723,0.31710100173950195,0.2259387969970703,0.5151515151515151,0.5873015873015873,0.5151515151515151,cold_scaffold,split2026,1,Contact500 pretraining without SCA
1867,5.387216091156006,6.346648693084717,5.387216091156006,6.769055843353272,5.387216091156006,0.9594326019287109,1.3818397521972665,-0.4224071502685556,0.5357142857142857,0.180722891566265,0.180722891566265,cold_scaffold,split2026,1,Contact500 pretraining without SCA
1199,5.07572078704834,5.131277084350586,5.07572078704834,6.251424312591553,5.07572078704834,0.055556297302246094,1.175703525543213,-1.1201472282409668,0.6875,0.2285714285714285,0.2285714285714285,cold_scaffold,split2026,1,Contact500 pretraining without SCA
639,5.823908805847168,4.758968830108643,5.823908805847168,4.080756664276123,5.823908805847168,1.0649399757385254,1.743152141571045,-0.6782121658325195,0.9310344827586208,0.3258426966292135,0.3258426966292135,cold_scaffold,split2026,1,Contact500 pretraining without SCA
2485,5.200659275054932,5.630072116851807,5.200659275054932,6.422438144683838,5.200659275054932,0.429412841796875,1.2217788696289062,-0.7923660278320312,0.6785714285714286,0.8809523809523809,0.6785714285714286,cold_scaffold,split2026,1,Contact500 pretraining without SCA
2428,7.0,6.161404132843018,7.0,6.607414722442627,7.0,0.8385958671569824,0.39258527755737305,0.4460105895996094,0.5,1.0,0.5,cold_scaffold,split2026,1,Contact500 pretraining without SCA
1613,4.0,6.575198650360107,4.0,4.869621753692627,4.0,2.5751986503601074,0.869621753692627,1.7055768966674805,0.6296296296296297,0.2696629213483146,0.2696629213483146,cold_scaffold,split2026,1,Contact500 pretraining without SCA
2424,6.886056423187256,6.503010749816895,6.886056423187256,6.922431945800781,6.886056423187256,0.38304567337036044,0.03637552261352539,0.34667015075683505,0.5,1.0,0.5,cold_scaffold,split2026,1,Contact500 pretraining without SCA
110,3.638272047042847,4.509655475616455,3.638272047042847,4.790731906890869,3.638272047042847,0.871383428573608,1.152459859848022,-0.28107643127441406,0.9310344827586208,0.2702702702702703,0.2702702702702703,cold_scaffold,split2026,1,Contact500 pretraining without SCA
814,5.69293212890625,5.159948825836182,5.69293212890625,5.346857070922852,5.69293212890625,0.5329833030700684,0.34607505798339844,0.18690824508666992,0.4848484848484848,0.5873015873015873,0.4848484848484848,cold_scaffold,split2026,1,Contact500 pretraining without SCA
778,5.958607196807861,6.331310272216797,5.958607196807861,4.538406848907471,5.958607196807861,0.37270307540893555,1.4202003479003906,-1.047497272491455,0.5714285714285714,0.1755725190839694,0.1755725190839694,cold_scaffold,split2026,1,Contact500 pretraining without SCA
2480,5.251811981201172,5.533653736114502,5.251811981201172,6.234286308288574,5.251811981201172,0.2818417549133301,0.9824743270874023,-0.7006325721740723,0.5657894736842105,0.8809523809523809,0.5657894736842105,cold_scaffold,split2026,1,Contact500 pretraining without SCA
1312,3.795880079269409,6.868687629699707,3.795880079269409,4.727645397186279,3.795880079269409,3.072807550430298,0.9317653179168701,2.1410422325134277,0.5454545454545454,0.2696629213483146,0.2696629213483146,cold_scaffold,split2026,1,Contact500 pretraining without SCA
1578,5.096909999847412,6.038482666015625,5.096909999847412,5.266953945159912,5.096909999847412,0.9415726661682129,0.1700439453125,0.7715287208557129,0.5116279069767442,0.5873015873015873,0.5116279069767442,cold_scaffold,split2026,1,Contact500 pretraining without SCA
790,3.102372884750366,5.674448013305664,3.102372884750366,6.114675521850586,3.102372884750366,2.572075128555298,3.0123026371002197,-0.4402275085449219,0.6388888888888888,0.676056338028169,0.6388888888888888,cold_scaffold,split2026,1,Contact500 pretraining without SCA
1006,5.494850158691406,5.093127250671387,5.494850158691406,3.735713005065918,5.494850158691406,0.40172290802001953,1.7591371536254883,-1.3574142456054688,0.5,0.2075471698113207,0.2075471698113207,cold_scaffold,split2026,1,Contact500 pretraining without SCA
100,5.455932140350342,5.270687103271484,5.455932140350342,5.345232963562012,5.455932140350342,0.18524503707885742,0.11069917678833008,0.07454586029052734,0.9310344827586208,0.16,0.16,cold_scaffold,split2026,1,Contact500 pretraining without SCA
1208,6.721246242523193,6.623770236968994,6.721246242523193,6.850979804992676,6.721246242523193,0.09747600555419922,0.12973356246948242,-0.0322575569152832,0.5454545454545454,0.2894736842105263,0.2894736842105263,cold_scaffold,split2026,1,Contact500 pretraining without SCA
143,3.844663858413696,5.021868705749512,3.844663858413696,5.412753582000732,3.844663858413696,1.1772048473358159,1.5680897235870366,-0.3908848762512207,0.9310344827586208,0.2241379310344827,0.2241379310344827,cold_scaffold,split2026,1,Contact500 pretraining without SCA
1771,8.593460083007812,6.245548725128174,8.593460083007812,5.7838287353515625,8.593460083007812,2.3479113578796387,2.80963134765625,-0.46171998977661133,0.65,0.5873015873015873,0.5873015873015873,cold_scaffold,split2026,1,Contact500 pretraining without SCA
321,7.0,5.203269004821777,7.0,5.225870132446289,7.0,1.7967309951782227,1.774129867553711,0.02260112762451172,0.9310344827586208,0.5873015873015873,0.5873015873015873,cold_scaffold,split2026,1,Contact500 pretraining without SCA
844,4.823908805847168,6.258240699768066,4.823908805847168,6.764599323272705,4.823908805847168,1.4343318939208984,1.940690517425537,-0.5063586235046387,0.55,1.0,0.55,cold_scaffold,split2026,1,Contact500 pretraining without SCA
815,5.660548686981201,5.154853820800781,5.660548686981201,6.244155406951904,5.660548686981201,0.5056948661804199,0.5836067199707031,-0.0779118537902832,0.4848484848484848,0.8809523809523809,0.4848484848484848,cold_scaffold,split2026,1,Contact500 pretraining without SCA
2433,7.15490198135376,6.49843168258667,7.15490198135376,6.922068119049072,7.15490198135376,0.6564702987670898,0.2328338623046875,0.42363643646240234,0.5,1.0,0.5,cold_scaffold,split2026,1,Contact500 pretraining without SCA
1334,5.318758964538574,5.883769035339356,5.318758964538574,5.622376918792725,5.318758964538574,0.5650100708007821,0.3036179542541504,0.26139211654663175,0.5588235294117647,0.175,0.175,cold_scaffold,split2026,1,Contact500 pretraining without SCA
2427,6.92081880569458,6.31061315536499,6.92081880569458,6.566389560699463,6.92081880569458,0.6102056503295898,0.3544292449951172,0.25577640533447266,0.5,1.0,0.5,cold_scaffold,split2026,1,Contact500 pretraining without SCA
952,6.187086582183838,5.824086666107178,6.187086582183838,5.198299884796143,6.187086582183838,0.36299991607666016,0.9887866973876953,-0.6257867813110352,1.0,0.1796875,0.1796875,cold_scaffold,split2026,1,Contact500 pretraining without SCA
612,4.408935546875,5.1281418800354,4.408935546875,5.133568286895752,4.408935546875,0.7192063331604004,0.724632740020752,-0.0054264068603515625,0.9310344827586208,0.4307692307692308,0.4307692307692308,cold_scaffold,split2026,1,Contact500 pretraining without SCA
1590,5.096909999847412,6.172274112701416,5.096909999847412,5.345698833465576,5.096909999847412,1.075364112854004,0.24878883361816406,0.8265752792358398,0.5,0.5873015873015873,0.5,cold_scaffold,split2026,1,Contact500 pretraining without SCA
1612,4.943095207214356,5.456715106964111,4.943095207214356,5.907699108123779,4.943095207214356,0.513619899749755,0.9646039009094229,-0.45098400115966797,0.5217391304347826,0.2638888888888889,0.2638888888888889,cold_scaffold,split2026,1,Contact500 pretraining without SCA
242,5.698969841003418,5.137986183166504,5.698969841003418,4.346685886383057,5.698969841003418,0.5609836578369141,1.3522839546203613,-0.7913002967834473,1.0,0.6415094339622641,0.6415094339622641,cold_scaffold,split2026,1,Contact500 pretraining without SCA
381,7.096909999847412,5.197260856628418,7.096909999847412,6.124720096588135,7.096909999847412,1.8996491432189941,0.9721899032592773,0.9274592399597168,0.9310344827586208,0.8809523809523809,0.8809523809523809,cold_scaffold,split2026,1,Contact500 pretraining without SCA
2062,5.241845607757568,4.964709758758545,5.241845607757568,4.957277774810791,5.241845607757568,0.27713584899902344,0.28456783294677734,-0.007431983947753906,0.7142857142857143,0.2741935483870967,0.2741935483870967,cold_scaffold,split2026,1,Contact500 pretraining without SCA
2279,6.274088382720947,5.893956184387207,6.274088382720947,6.908307075500488,6.274088382720947,0.38013219833374023,0.634218692779541,-0.2540864944458008,0.5357142857142857,0.1529411764705882,0.1529411764705882,cold_scaffold,split2026,1,Contact500 pretraining without SCA
404,6.0,5.500720024108887,6.0,6.907835483551025,6.0,0.4992799758911133,0.9078354835510254,-0.4085555076599121,0.1363636363636363,0.2023809523809523,0.1363636363636363,cold_scaffold,split2026,1,Contact500 pretraining without SCA
2465,5.54775333404541,4.878483772277832,5.54775333404541,6.318447589874268,5.54775333404541,0.6692695617675781,0.7706942558288574,-0.1014246940612793,0.6153846153846154,1.0,0.6153846153846154,cold_scaffold,split2026,1,Contact500 pretraining without SCA
2456,5.594482898712158,4.945408344268799,5.594482898712158,5.86658239364624,5.594482898712158,0.6490745544433594,0.27209949493408203,0.37697505950927734,0.5151515151515151,1.0,0.5151515151515151,cold_scaffold,split2026,1,Contact500 pretraining without SCA
663,3.0,4.804452419281006,3.0,3.672573566436768,3.0,1.8044524192810059,0.672573566436768,1.1318788528442378,0.9310344827586208,0.1643835616438356,0.1643835616438356,cold_scaffold,split2026,1,Contact500 pretraining without SCA
2194,4.92081880569458,5.631585121154785,4.92081880569458,6.476635932922363,4.92081880569458,0.7107663154602051,1.5558171272277832,-0.8450508117675781,0.5625,0.8297872340425532,0.5625,cold_scaffold,split2026,1,Contact500 pretraining without SCA
2282,6.221848964691162,5.906088829040527,6.221848964691162,6.8553643226623535,6.221848964691162,0.31576013565063477,0.6335153579711914,-0.31775522232055664,0.5595238095238095,0.1529411764705882,0.1529411764705882,cold_scaffold,split2026,1,Contact500 pretraining without SCA
2261,6.653646945953369,5.93729305267334,6.653646945953369,5.83148193359375,6.653646945953369,0.7163538932800293,0.8221650123596191,-0.10581111907958984,0.5357142857142857,0.16,0.16,cold_scaffold,split2026,1,Contact500 pretraining without SCA
1616,5.251811981201172,5.195643424987793,5.251811981201172,4.348202705383301,5.251811981201172,0.056168556213378906,0.9036092758178711,-0.8474407196044922,0.5945945945945945,0.2696629213483146,0.2696629213483146,cold_scaffold,split2026,1,Contact500 pretraining without SCA
1521,4.77211332321167,5.746413707733154,4.77211332321167,5.058007717132568,4.77211332321167,0.9743003845214844,0.28589439392089844,0.6884059906005859,0.96,0.2705882352941176,0.2705882352941176,cold_scaffold,split2026,1,Contact500 pretraining without SCA
417,9.09691047668457,5.831884860992432,9.09691047668457,5.846402168273926,9.09691047668457,3.2650256156921387,3.2505083084106445,0.01451730728149414,0.5428571428571429,0.16,0.16,cold_scaffold,split2026,1,Contact500 pretraining without SCA
1314,3.795880079269409,5.412627220153809,3.795880079269409,4.333170413970947,3.795880079269409,1.6167471408843994,0.5372903347015381,1.0794568061828613,0.5,0.2696629213483146,0.2696629213483146,cold_scaffold,split2026,1,Contact500 pretraining without SCA
103,5.7695512771606445,5.050479888916016,5.7695512771606445,5.770242214202881,5.7695512771606445,0.7190713882446289,0.0006909370422363281,0.7183804512023926,0.9310344827586208,1.0,0.9310344827586208,cold_scaffold,split2026,1,Contact500 pretraining without SCA
2085,5.692503929138184,4.947436332702637,5.692503929138184,5.180195331573486,5.692503929138184,0.7450675964355469,0.5123085975646973,0.2327589988708496,0.6666666666666667,0.2741935483870967,0.2741935483870967,cold_scaffold,split2026,1,Contact500 pretraining without SCA
343,5.301030158996582,5.176995754241943,5.301030158996582,5.589449405670166,5.301030158996582,0.12403440475463867,0.288419246673584,-0.1643848419189453,0.9310344827586208,0.5054945054945055,0.5054945054945055,cold_scaffold,split2026,1,Contact500 pretraining without SCA
2147,5.568636417388916,5.747135639190674,5.568636417388916,6.319412708282471,5.568636417388916,0.1784992218017578,0.7507762908935547,-0.5722770690917969,0.6111111111111112,0.8809523809523809,0.6111111111111112,cold_scaffold,split2026,1,Contact500 pretraining without SCA
2263,8.533132553100586,6.105632305145264,8.533132553100586,6.0520339012146,8.533132553100586,2.4275002479553223,2.4810986518859863,-0.05359840393066406,0.5595238095238095,0.16,0.16,cold_scaffold,split2026,1,Contact500 pretraining without SCA
925,3.0,4.51139497756958,3.0,3.818759202957153,3.0,1.51139497756958,0.8187592029571529,0.6926357746124272,0.6190476190476191,0.2571428571428571,0.2571428571428571,cold_scaffold,split2026,1,Contact500 pretraining without SCA
1379,5.356547355651856,5.837774753570557,5.356547355651856,5.504499912261963,5.356547355651856,0.4812273979187003,0.14795255661010653,0.33327484130859375,0.5588235294117647,0.1929824561403508,0.1929824561403508,cold_scaffold,split2026,1,Contact500 pretraining without SCA
2436,6.522878646850586,6.306033611297607,6.522878646850586,6.566078186035156,6.522878646850586,0.21684503555297852,0.04319953918457031,0.1736454963684082,0.5,1.0,0.5,cold_scaffold,split2026,1,Contact500 pretraining without SCA
678,3.958607196807861,4.599678993225098,3.958607196807861,4.672319889068604,3.958607196807861,0.6410717964172368,0.7137126922607435,-0.07264089584350675,0.9310344827586208,0.1774193548387097,0.1774193548387097,cold_scaffold,split2026,1,Contact500 pretraining without SCA
824,4.698969841003418,5.7679123878479,4.698969841003418,6.946503162384033,4.698969841003418,1.0689425468444824,2.2475333213806152,-1.1785907745361328,0.5853658536585367,1.0,0.5853658536585367,cold_scaffold,split2026,1,Contact500 pretraining without SCA
1417,3.995678663253784,6.483181953430176,3.995678663253784,4.374881267547607,3.995678663253784,2.4875032901763916,0.37920260429382324,2.1083006858825684,0.4927536231884057,0.4666666666666667,0.4666666666666667,cold_scaffold,split2026,1,Contact500 pretraining without SCA
1197,7.119186401367188,5.193688869476318,7.119186401367188,6.258399486541748,7.119186401367188,1.92549753189087,0.8607869148254403,1.0647106170654297,0.5555555555555556,0.2285714285714285,0.2285714285714285,cold_scaffold,split2026,1,Contact500 pretraining without SCA
2259,8.97881031036377,5.849533081054688,8.97881031036377,5.902073383331299,8.97881031036377,3.129277229309081,3.0767369270324707,0.05254030227661044,0.5357142857142857,0.16,0.16,cold_scaffold,split2026,1,Contact500 pretraining without SCA
1740,4.79587984085083,5.424835205078125,4.79587984085083,7.178299427032471,4.79587984085083,0.6289553642272949,2.3824195861816406,-1.7534642219543457,0.515625,0.2716049382716049,0.2716049382716049,cold_scaffold,split2026,1,Contact500 pretraining without SCA
1236,5.221848964691162,5.264052867889404,5.221848964691162,4.263336658477783,5.221848964691162,0.04220390319824219,0.9585123062133789,-0.9163084030151367,0.5657894736842105,0.25,0.25,cold_scaffold,split2026,1,Contact500 pretraining without SCA
318,7.769551277160644,5.596940994262695,7.769551277160644,6.338601112365723,7.769551277160644,2.1726102828979483,1.430950164794921,0.7416601181030273,1.0,0.1621621621621621,0.1621621621621621,cold_scaffold,split2026,1,Contact500 pretraining without SCA
1580,4.79587984085083,5.985782623291016,4.79587984085083,6.09596061706543,4.79587984085083,1.1899027824401855,1.3000807762145996,-0.11017799377441406,0.5116279069767442,0.7,0.5116279069767442,cold_scaffold,split2026,1,Contact500 pretraining without SCA
817,4.698969841003418,5.919451713562012,4.698969841003418,6.661459445953369,4.698969841003418,1.2204818725585938,1.9624896049499512,-0.7420077323913574,0.5853658536585367,0.676056338028169,0.5853658536585367,cold_scaffold,split2026,1,Contact500 pretraining without SCA
2280,5.7695512771606445,5.8180766105651855,5.7695512771606445,6.69629430770874,5.7695512771606445,0.048525333404541016,0.9267430305480957,-0.8782176971435547,0.5357142857142857,0.1395348837209302,0.1395348837209302,cold_scaffold,split2026,1,Contact500 pretraining without SCA
1926,4.317854881286621,6.229909420013428,4.317854881286621,4.323613166809082,4.317854881286621,1.9120545387268066,0.0057582855224609375,1.9062962532043457,0.5238095238095238,0.1647058823529411,0.1647058823529411,cold_scaffold,split2026,1,Contact500 pretraining without SCA
2418,6.537601947784424,6.033298969268799,6.537601947784424,6.36469841003418,6.537601947784424,0.504302978515625,0.17290353775024414,0.33139944076538086,0.5227272727272727,1.0,0.5227272727272727,cold_scaffold,split2026,1,Contact500 pretraining without SCA
800,5.3665313720703125,5.338593482971191,5.3665313720703125,5.863895416259766,5.3665313720703125,0.027937889099121094,0.4973640441894531,-0.46942615509033203,1.0,1.0,1.0,cold_scaffold,split2026,1,Contact500 pretraining without SCA
2174,5.744727611541748,5.376546859741211,5.744727611541748,6.169790267944336,5.744727611541748,0.3681807518005371,0.4250626564025879,-0.05688190460205078,0.5555555555555556,0.8085106382978723,0.5555555555555556,cold_scaffold,split2026,1,Contact500 pretraining without SCA
2277,5.578395843505859,5.810452461242676,5.578395843505859,6.780948162078857,5.578395843505859,0.2320566177368164,1.202552318572998,-0.9704957008361816,0.5357142857142857,0.1395348837209302,0.1395348837209302,cold_scaffold,split2026,1,Contact500 pretraining without SCA
1393,4.279840469360352,6.579290390014648,4.279840469360352,4.624001979827881,4.279840469360352,2.299449920654297,0.3441615104675293,1.9552884101867676,0.5074626865671642,0.3663366336633663,0.3663366336633663,cold_scaffold,split2026,1,Contact500 pretraining without SCA
1060,5.397940158843994,7.757850170135498,5.397940158843994,7.811342716217041,5.397940158843994,2.359910011291504,2.413402557373047,-0.05349254608154297,0.525,0.2148148148148148,0.2148148148148148,cold_scaffold,split2026,1,Contact500 pretraining without SCA
1064,5.92081880569458,7.478789806365967,5.92081880569458,7.386104106903076,5.92081880569458,1.5579710006713867,1.465285301208496,0.09268569946289062,0.5423728813559322,0.2148148148148148,0.2148148148148148,cold_scaffold,split2026,1,Contact500 pretraining without SCA
1614,5.337242126464844,5.311041831970215,5.337242126464844,4.35400915145874,5.337242126464844,0.026200294494628906,0.9832329750061035,-0.9570326805114746,0.6296296296296297,0.2696629213483146,0.2696629213483146,cold_scaffold,split2026,1,Contact500 pretraining without SCA
825,5.443697452545166,5.746553421020508,5.443697452545166,5.972021579742432,5.443697452545166,0.3028559684753418,0.5283241271972656,-0.22546815872192383,0.5853658536585367,0.5873015873015873,0.5853658536585367,cold_scaffold,split2026,1,Contact500 pretraining without SCA
2144,5.1674909591674805,5.747252941131592,5.1674909591674805,6.328197002410889,5.1674909591674805,0.5797619819641113,1.1607060432434082,-0.5809440612792969,0.6111111111111112,0.7555555555555555,0.6111111111111112,cold_scaffold,split2026,1,Contact500 pretraining without SCA
2262,6.707744121551514,5.949418544769287,6.707744121551514,5.77867317199707,6.707744121551514,0.7583255767822266,0.9290709495544434,-0.1707453727722168,0.5595238095238095,0.16,0.16,cold_scaffold,split2026,1,Contact500 pretraining without SCA
1234,3.443697452545166,6.306215286254883,3.443697452545166,5.639899730682373,3.443697452545166,2.862517833709717,2.196202278137207,0.6663155555725098,0.8076923076923077,1.0,0.8076923076923077,cold_scaffold,split2026,1,Contact500 pretraining without SCA
2043,5.055517196655273,6.155868053436279,5.055517196655273,5.783987998962402,5.055517196655273,1.1003508567810059,0.7284708023071289,0.37188005447387695,0.6923076923076923,0.3144654088050314,0.3144654088050314,cold_scaffold,split2026,1,Contact500 pretraining without SCA
2220,6.08092212677002,5.930157661437988,6.08092212677002,6.816969871520996,6.08092212677002,0.15076446533203214,0.7360477447509757,-0.5852832794189435,0.5853658536585367,0.8913043478260869,0.5853658536585367,cold_scaffold,split2026,1,Contact500 pretraining without SCA
1520,4.8181562423706055,5.803072929382324,4.8181562423706055,6.280472278594971,4.8181562423706055,0.9849166870117188,1.4623160362243652,-0.4773993492126465,0.96,0.2045454545454545,0.2045454545454545,cold_scaffold,split2026,1,Contact500 pretraining without SCA
317,8.301030158996582,5.627202987670898,8.301030158996582,6.256344318389893,8.301030158996582,2.6738271713256836,2.0446858406066895,0.6291413307189941,1.0,0.5714285714285714,0.5714285714285714,cold_scaffold,split2026,1,Contact500 pretraining without SCA
2179,6.0,5.376514911651611,6.0,6.268662929534912,6.0,0.6234850883483887,0.2686629295349121,0.35482215881347656,0.5555555555555556,0.8297872340425532,0.5555555555555556,cold_scaffold,split2026,1,Contact500 pretraining without SCA
289,5.698969841003418,5.217830657958984,5.698969841003418,5.217167854309082,5.698969841003418,0.4811391830444336,0.48180198669433594,-0.0006628036499023438,0.1366931308249913,0.1486486486486486,0.1366931308249913,cold_scaffold,split2026,1,Contact500 pretraining without SCA
2221,5.1674909591674805,5.611162662506104,5.1674909591674805,6.582518577575684,5.1674909591674805,0.44367170333862394,1.4150276184082031,-0.9713559150695792,0.5853658536585367,0.8809523809523809,0.5853658536585367,cold_scaffold,split2026,1,Contact500 pretraining without SCA
198,5.669586181640625,5.794453144073486,5.669586181640625,7.256680965423584,5.669586181640625,0.12486696243286133,1.587094783782959,-1.4622278213500977,0.2561608300907911,0.8809523809523809,0.2561608300907911,cold_scaffold,split2026,1,Contact500 pretraining without SCA
915,3.0,4.505858898162842,3.0,3.759335517883301,3.0,1.5058588981628418,0.7593355178833008,0.746523380279541,0.625,0.2571428571428571,0.2571428571428571,cold_scaffold,split2026,1,Contact500 pretraining without SCA
2258,5.292429924011231,5.465439319610596,5.292429924011231,6.333562850952148,5.292429924011231,0.17300939559936435,1.041132926940917,-0.8681235313415527,0.5454545454545454,0.8297872340425532,0.5454545454545454,cold_scaffold,split2026,1,Contact500 pretraining without SCA
205,4.853871822357178,5.784116268157959,4.853871822357178,5.529601573944092,4.853871822357178,0.9302444458007812,0.6757297515869141,0.2545146942138672,1.0,0.180327868852459,0.180327868852459,cold_scaffold,split2026,1,Contact500 pretraining without SCA
951,6.3665313720703125,5.828363418579102,6.3665313720703125,5.4489336013793945,6.3665313720703125,0.5381679534912109,0.917597770690918,-0.37942981719970703,1.0,0.1864406779661017,0.1864406779661017,cold_scaffold,split2026,1,Contact500 pretraining without SCA
384,4.397940158843994,7.275193214416504,4.397940158843994,8.12634563446045,4.397940158843994,2.8772530555725098,3.728405475616455,-0.8511524200439453,0.135523613963039,0.2023809523809523,0.135523613963039,cold_scaffold,split2026,1,Contact500 pretraining without SCA
309,5.481485843658447,5.5987629890441895,5.481485843658447,5.892453193664551,5.481485843658447,0.11727714538574219,0.4109673500061035,-0.29369020462036133,0.5925925925925926,1.0,0.5925925925925926,cold_scaffold,split2026,1,Contact500 pretraining without SCA
971,5.397940158843994,5.307472229003906,5.397940158843994,5.28541898727417,5.397940158843994,0.09046792984008789,0.11252117156982422,-0.022053241729736328,0.6388888888888888,0.1904761904761904,0.1904761904761904,cold_scaffold,split2026,1,Contact500 pretraining without SCA
2442,6.92081880569458,6.494366645812988,6.92081880569458,6.947520732879639,6.92081880569458,0.4264521598815918,0.026701927185058594,0.3997502326965332,0.5,1.0,0.5,cold_scaffold,split2026,1,Contact500 pretraining without SCA
1586,3.8728952407836914,6.211527347564697,3.8728952407836914,5.957907676696777,3.8728952407836914,2.338632106781006,2.085012435913086,0.2536196708679199,0.5116279069767442,0.676056338028169,0.5116279069767442,cold_scaffold,split2026,1,Contact500 pretraining without SCA
2260,6.79048490524292,5.9296650886535645,6.79048490524292,5.91607666015625,6.79048490524292,0.8608198165893555,0.8744082450866699,-0.013588428497314453,0.5357142857142857,0.16,0.16,cold_scaffold,split2026,1,Contact500 pretraining without SCA
2271,8.749580383300781,5.867041110992432,8.749580383300781,6.999489784240723,8.749580383300781,2.8825392723083496,1.7500905990600586,1.132448673248291,0.5476190476190477,0.1529411764705882,0.1529411764705882,cold_scaffold,split2026,1,Contact500 pretraining without SCA
117,5.045757293701172,4.948760986328125,5.045757293701172,5.518521308898926,5.045757293701172,0.09699630737304688,0.4727640151977539,-0.37576770782470703,0.9310344827586208,0.2098765432098765,0.2098765432098765,cold_scaffold,split2026,1,Contact500 pretraining without SCA
2268,8.557519912719727,5.774580478668213,8.557519912719727,6.658824920654297,8.557519912719727,2.7829394340515137,1.8986949920654297,0.884244441986084,0.5476190476190477,0.1627906976744186,0.1627906976744186,cold_scaffold,split2026,1,Contact500 pretraining without SCA
2189,5.522878646850586,5.631617069244385,5.522878646850586,6.377757549285889,5.522878646850586,0.10873842239379883,0.8548789024353027,-0.7461404800415039,0.5625,0.8085106382978723,0.5625,cold_scaffold,split2026,1,Contact500 pretraining without SCA
2093,5.692503929138184,5.119486331939697,5.692503929138184,5.289629459381104,5.692503929138184,0.5730175971984863,0.4028744697570792,0.17014312744140714,0.5789473684210527,0.2741935483870967,0.2741935483870967,cold_scaffold,split2026,1,Contact500 pretraining without SCA
115,3.795880079269409,4.569117069244385,3.795880079269409,4.742808818817139,3.795880079269409,0.7732369899749756,0.9469287395477295,-0.1736917495727539,0.9310344827586208,0.275,0.275,cold_scaffold,split2026,1,Contact500 pretraining without SCA
2224,5.301030158996582,5.930599689483643,5.301030158996582,6.947848796844482,5.301030158996582,0.6295695304870605,1.6468186378479004,-1.0172491073608398,0.5853658536585367,0.8297872340425532,0.5853658536585367,cold_scaffold,split2026,1,Contact500 pretraining without SCA
839,4.522878646850586,6.088119029998779,4.522878646850586,6.881436824798584,4.522878646850586,1.5652403831481934,2.358558177947998,-0.7933177947998047,0.55,1.0,0.55,cold_scaffold,split2026,1,Contact500 pretraining without SCA
2270,8.008773803710938,5.791141986846924,8.008773803710938,6.787533283233643,8.008773803710938,2.2176318168640137,1.221240520477295,0.9963912963867188,0.5476190476190477,0.1395348837209302,0.1395348837209302,cold_scaffold,split2026,1,Contact500 pretraining without SCA
286,6.142667293548584,5.403835773468018,6.142667293548584,4.740546226501465,6.142667293548584,0.7388315200805664,1.4021210670471191,-0.6632895469665527,0.6111111111111112,0.391304347826087,0.391304347826087,cold_scaffold,split2026,1,Contact500 pretraining without SCA
1583,4.356547355651856,6.038290500640869,4.356547355651856,5.770476341247559,4.356547355651856,1.6817431449890128,1.4139289855957022,0.26781415939331055,0.5116279069767442,1.0,0.5116279069767442,cold_scaffold,split2026,1,Contact500 pretraining without SCA
1316,3.795880079269409,5.174262523651123,3.795880079269409,4.757983207702637,3.795880079269409,1.3783824443817139,0.9621031284332275,0.41627931594848633,0.6,0.2696629213483146,0.2696629213483146,cold_scaffold,split2026,1,Contact500 pretraining without SCA
1779,6.721246242523193,7.159415721893311,6.721246242523193,5.982693195343018,6.721246242523193,0.4381694793701181,0.7385530471801758,-0.3003835678100577,0.5211267605633803,0.16,0.16,cold_scaffold,split2026,1,Contact500 pretraining without SCA
1765,8.288192749023438,6.250569820404053,8.288192749023438,5.777376651763916,8.288192749023438,2.0376229286193848,2.5108160972595215,-0.4731931686401367,0.675,0.5873015873015873,0.5873015873015873,cold_scaffold,split2026,1,Contact500 pretraining without SCA
950,6.455932140350342,5.860273361206055,6.455932140350342,5.258673667907715,6.455932140350342,0.5956587791442871,1.197258472442627,-0.6015996932983398,1.0,0.1721311475409836,0.1721311475409836,cold_scaffold,split2026,1,Contact500 pretraining without SCA
1200,4.301030158996582,5.3165283203125,4.301030158996582,6.584797382354736,4.301030158996582,1.015498161315918,2.2837672233581543,-1.2682690620422363,0.515625,0.2285714285714285,0.2285714285714285,cold_scaffold,split2026,1,Contact500 pretraining without SCA
408,3.324221611022949,5.440937519073486,3.324221611022949,5.259609222412109,3.324221611022949,2.116715908050537,1.9353876113891602,0.18132829666137695,0.1363636363636363,0.1976744186046511,0.1363636363636363,cold_scaffold,split2026,1,Contact500 pretraining without SCA
640,5.698969841003418,4.925027370452881,5.698969841003418,4.040572166442871,5.698969841003418,0.7739424705505371,1.6583976745605469,-0.8844552040100098,0.9310344827586208,0.348314606741573,0.348314606741573,cold_scaffold,split2026,1,Contact500 pretraining without SCA
1767,6.829738140106201,6.242313385009766,6.829738140106201,5.482199192047119,6.829738140106201,0.5874247550964355,1.347538948059082,-0.7601141929626465,0.65,0.5873015873015873,0.5873015873015873,cold_scaffold,split2026,1,Contact500 pretraining without SCA
847,6.0,5.711251735687256,6.0,6.025717735290527,6.0,0.28874826431274414,0.025717735290527344,0.2630305290222168,0.5657894736842105,0.676056338028169,0.5657894736842105,cold_scaffold,split2026,1,Contact500 pretraining without SCA
2246,4.187086582183838,5.282323360443115,4.187086582183838,5.36189079284668,4.187086582183838,1.0952367782592773,1.1748042106628418,-0.07956743240356445,0.5454545454545454,0.5873015873015873,0.5454545454545454,cold_scaffold,split2026,1,Contact500 pretraining without SCA
2218,4.721246242523193,5.611279487609863,4.721246242523193,6.591299533843994,4.721246242523193,0.8900332450866699,1.8700532913208008,-0.9800200462341309,0.5853658536585367,0.7555555555555555,0.5853658536585367,cold_scaffold,split2026,1,Contact500 pretraining without SCA
999,4.958607196807861,6.173563480377197,4.958607196807861,7.595890045166016,4.958607196807861,1.214956283569336,2.6372828483581543,-1.4223265647888184,0.5084745762711864,0.1967213114754098,0.1967213114754098,cold_scaffold,split2026,1,Contact500 pretraining without SCA
2435,7.0,6.302624225616455,7.0,6.961194515228272,7.0,0.6973757743835449,0.03880548477172763,0.6585702896118173,0.5,0.8809523809523809,0.5,cold_scaffold,split2026,1,Contact500 pretraining without SCA
1602,4.732828140258789,5.709029197692871,4.732828140258789,5.851269721984863,4.732828140258789,0.976201057434082,1.1184415817260742,-0.1422405242919922,0.5217391304347826,0.2891566265060241,0.2891566265060241,cold_scaffold,split2026,1,Contact500 pretraining without SCA
794,3.823908805847168,5.496654987335205,3.823908805847168,6.322299480438232,3.823908805847168,1.672746181488037,2.4983906745910645,-0.8256444931030273,0.6388888888888888,0.8809523809523809,0.6388888888888888,cold_scaffold,split2026,1,Contact500 pretraining without SCA
2056,6.368556022644043,5.0621256828308105,6.368556022644043,4.657672882080078,6.368556022644043,1.3064303398132324,1.7108831405639648,-0.4044528007507324,1.0,0.4729729729729729,0.4729729729729729,cold_scaffold,split2026,1,Contact500 pretraining without SCA
2249,5.79587984085083,5.465470790863037,5.79587984085083,6.234797954559326,5.79587984085083,0.33040904998779297,0.4389181137084961,-0.10850906372070312,0.5454545454545454,0.8085106382978723,0.5454545454545454,cold_scaffold,split2026,1,Contact500 pretraining without SCA
2251,5.091515064239502,5.1447367668151855,5.091515064239502,5.966348648071289,5.091515064239502,0.053221702575683594,0.8748335838317871,-0.8216118812561035,0.5454545454545454,0.8809523809523809,0.5454545454545454,cold_scaffold,split2026,1,Contact500 pretraining without SCA
1818,6.236571788787842,5.270580291748047,6.236571788787842,4.977607727050781,6.236571788787842,0.9659914970397949,1.2589640617370605,-0.2929725646972656,0.5869565217391304,0.4565217391304347,0.4565217391304347,cold_scaffold,split2026,1,Contact500 pretraining without SCA
970,4.886056423187256,5.196238517761231,4.886056423187256,6.33472204208374,4.886056423187256,0.3101820945739755,1.4486656188964844,-1.1384835243225089,0.6388888888888888,0.1923076923076923,0.1923076923076923,cold_scaffold,split2026,1,Contact500 pretraining without SCA
2499,5.522878646850586,5.321883201599121,5.522878646850586,6.336633205413818,5.522878646850586,0.20099544525146484,0.8137545585632324,-0.6127591133117676,0.6388888888888888,0.1904761904761904,0.1904761904761904,cold_scaffold,split2026,1,Contact500 pretraining without SCA
200,5.735182285308838,5.647712230682373,5.735182285308838,6.902754306793213,5.735182285308838,0.08747005462646484,1.167572021484375,-1.0801019668579102,0.2561608300907911,1.0,0.2561608300907911,cold_scaffold,split2026,1,Contact500 pretraining without SCA
138,3.3705904483795166,4.857453346252441,3.3705904483795166,4.457444667816162,3.3705904483795166,1.4868628978729248,1.0868542194366455,0.4000086784362793,0.9310344827586208,0.234375,0.234375,cold_scaffold,split2026,1,Contact500 pretraining without SCA
851,4.045757293701172,5.533653736114502,4.045757293701172,6.234286308288574,4.045757293701172,1.48789644241333,2.1885290145874023,-0.7006325721740723,0.5657894736842105,0.8809523809523809,0.5657894736842105,cold_scaffold,split2026,1,Contact500 pretraining without SCA
1409,4.472370147705078,6.718811988830566,4.472370147705078,4.693658828735352,4.472370147705078,2.2464418411254883,0.22128868103027344,2.025153160095215,0.4927536231884057,0.3627450980392157,0.3627450980392157,cold_scaffold,split2026,1,Contact500 pretraining without SCA
2444,6.886056423187256,6.298592567443848,6.886056423187256,6.987138748168945,6.886056423187256,0.5874638557434082,0.10108232498168945,0.48638153076171875,0.5,0.8809523809523809,0.5,cold_scaffold,split2026,1,Contact500 pretraining without SCA
1396,4.568636417388916,6.576005458831787,4.568636417388916,4.613458156585693,4.568636417388916,2.007369041442871,0.044821739196777344,1.9625473022460938,0.5074626865671642,0.3663366336633663,0.3663366336633663,cold_scaffold,split2026,1,Contact500 pretraining without SCA
1575,4.259637355804443,5.916972637176514,4.259637355804443,5.217126369476318,4.259637355804443,1.6573352813720703,0.957489013671875,0.6998462677001953,0.5925925925925926,0.1797752808988764,0.1797752808988764,cold_scaffold,split2026,1,Contact500 pretraining without SCA
2362,5.698969841003418,5.197260856628418,5.698969841003418,6.124720096588135,5.698969841003418,0.501708984375,0.4257502555847168,0.0759587287902832,0.9310344827586208,0.8809523809523809,0.8809523809523809,cold_scaffold,split2026,1,Contact500 pretraining without SCA
111,3.091515064239502,4.499261856079102,3.091515064239502,4.464358806610107,3.091515064239502,1.4077467918395996,1.3728437423706055,0.03490304946899414,0.9310344827586208,0.2941176470588235,0.2941176470588235,cold_scaffold,split2026,1,Contact500 pretraining without SCA
816,5.565750598907471,5.008075714111328,5.565750598907471,5.890143871307373,5.565750598907471,0.5576748847961426,0.32439327239990234,0.23328161239624023,0.4848484848484848,1.0,0.4848484848484848,cold_scaffold,split2026,1,Contact500 pretraining without SCA
132,3.962573528289795,4.626677513122559,3.962573528289795,3.5901169776916504,3.962573528289795,0.6641039848327637,0.37245655059814453,0.29164743423461914,0.9310344827586208,0.1351351351351351,0.1351351351351351,cold_scaffold,split2026,1,Contact500 pretraining without SCA
1012,4.95078182220459,5.555455684661865,4.95078182220459,7.053219318389893,4.95078182220459,0.6046738624572754,2.1024374961853027,-1.4977636337280273,0.5,0.1967213114754098,0.1967213114754098,cold_scaffold,split2026,1,Contact500 pretraining without SCA
2276,6.351640224456787,5.886333465576172,6.351640224456787,6.992903709411621,6.351640224456787,0.46530675888061523,0.641263484954834,-0.17595672607421875,0.5357142857142857,0.1529411764705882,0.1529411764705882,cold_scaffold,split2026,1,Contact500 pretraining without SCA
1385,3.838632106781006,6.270350933074951,3.838632106781006,5.164534091949463,3.838632106781006,2.4317188262939453,1.325901985168457,1.1058168411254883,0.5074626865671642,0.4512195121951219,0.4512195121951219,cold_scaffold,split2026,1,Contact500 pretraining without SCA
134,3.686132669448853,4.711307525634766,3.686132669448853,4.799607276916504,3.686132669448853,1.0251748561859126,1.113474607467651,-0.08829975128173828,0.9310344827586208,0.1764705882352941,0.1764705882352941,cold_scaffold,split2026,1,Contact500 pretraining without SCA
2142,5.6575775146484375,5.881767749786377,5.6575775146484375,5.703577041625977,5.6575775146484375,0.22419023513793945,0.04599952697753906,0.1781907081604004,0.6111111111111112,0.5873015873015873,0.5873015873015873,cold_scaffold,split2026,1,Contact500 pretraining without SCA
2486,4.876148223876953,5.714398384094238,4.876148223876953,6.443755149841309,4.876148223876953,0.8382501602172852,1.5676069259643555,-0.7293567657470703,0.6333333333333333,0.8809523809523809,0.6333333333333333,cold_scaffold,split2026,1,Contact500 pretraining without SCA
2107,8.113509178161621,6.234299182891846,8.113509178161621,7.448777675628662,8.113509178161621,1.8792099952697754,0.664731502532959,1.2144784927368164,0.1366931308249913,0.1743119266055046,0.1366931308249913,cold_scaffold,split2026,1,Contact500 pretraining without SCA
2264,8.58004379272461,5.824980735778809,8.58004379272461,5.828173637390137,8.58004379272461,2.755063056945801,2.7518701553344727,0.003192901611328125,0.5357142857142857,0.16,0.16,cold_scaffold,split2026,1,Contact500 pretraining without SCA
1581,4.6575775146484375,6.307674407958984,4.6575775146484375,4.713731288909912,4.6575775146484375,1.6500968933105469,0.05615377426147461,1.5939431190490723,0.5116279069767442,0.4666666666666667,0.4666666666666667,cold_scaffold,split2026,1,Contact500 pretraining without SCA
2267,8.705533981323242,5.735042572021484,8.705533981323242,6.545637130737305,8.705533981323242,2.970491409301758,2.1598968505859375,0.8105945587158203,0.5476190476190477,0.1463414634146341,0.1463414634146341,cold_scaffold,split2026,1,Contact500 pretraining without SCA
293,8.0,6.018553256988525,8.0,6.0903191566467285,8.0,1.9814467430114746,1.9096808433532715,0.07176589965820312,0.2561608300907911,0.1578947368421052,0.1578947368421052,cold_scaffold,split2026,1,Contact500 pretraining without SCA
282,7.259637355804443,5.394468784332275,7.259637355804443,6.084637641906738,7.259637355804443,1.865168571472168,1.174999713897705,0.6901688575744629,0.9310344827586208,1.0,0.9310344827586208,cold_scaffold,split2026,1,Contact500 pretraining without SCA
2081,5.56383752822876,4.951396942138672,5.56383752822876,5.165826797485352,5.56383752822876,0.6124405860900879,0.3980107307434082,0.2144298553466797,0.6470588235294117,0.2741935483870967,0.2741935483870967,cold_scaffold,split2026,1,Contact500 pretraining without SCA
1773,7.744727611541748,6.2632670402526855,7.744727611541748,5.772149562835693,7.744727611541748,1.4814605712890625,1.9725780487060547,-0.4911174774169922,0.65,0.5873015873015873,0.5873015873015873,cold_scaffold,split2026,1,Contact500 pretraining without SCA
1061,5.92081880569458,7.768556118011475,5.92081880569458,7.799100399017334,5.92081880569458,1.8477373123168945,1.878281593322754,-0.030544281005859375,0.525,0.2148148148148148,0.2148148148148148,cold_scaffold,split2026,1,Contact500 pretraining without SCA
1259,3.895512819290161,5.279330253601074,3.895512819290161,5.22289514541626,3.895512819290161,1.383817434310913,1.3273823261260986,0.05643510818481445,1.0,0.3548387096774194,0.3548387096774194,cold_scaffold,split2026,1,Contact500 pretraining without SCA
1597,4.026872158050537,6.194581031799316,4.026872158050537,6.326493740081787,4.026872158050537,2.1677088737487793,2.29962158203125,-0.1319127082824707,0.5,1.0,0.5,cold_scaffold,split2026,1,Contact500 pretraining without SCA
204,4.853871822357178,6.099181652069092,4.853871822357178,4.492200374603272,4.853871822357178,1.245309829711914,0.36167144775390536,0.8836383819580087,1.0,0.1755725190839694,0.1755725190839694,cold_scaffold,split2026,1,Contact500 pretraining without SCA
2171,4.721246242523193,5.193376541137695,4.721246242523193,5.2906646728515625,4.721246242523193,0.47213029861450195,0.5694184303283691,-0.09728813171386719,0.5555555555555556,0.5873015873015873,0.5555555555555556,cold_scaffold,split2026,1,Contact500 pretraining without SCA
620,4.619788646697998,5.012797355651856,4.619788646697998,5.401123523712158,4.619788646697998,0.3930087089538583,0.7813348770141602,-0.38832616806030185,0.9310344827586208,0.6049382716049383,0.6049382716049383,cold_scaffold,split2026,1,Contact500 pretraining without SCA
1591,4.853871822357178,6.364782810211182,4.853871822357178,6.209298133850098,4.853871822357178,1.510910987854004,1.35542631149292,0.15548467636108398,0.5,1.0,0.5,cold_scaffold,split2026,1,Contact500 pretraining without SCA
99,4.705533981323242,6.09785270690918,4.705533981323242,5.6342315673828125,4.705533981323242,1.3923187255859375,0.9286975860595703,0.4636211395263672,0.8571428571428572,0.3144654088050314,0.3144654088050314,cold_scaffold,split2026,1,Contact500 pretraining without SCA
2184,5.7695512771606445,5.376514911651611,5.7695512771606445,6.268662929534912,5.7695512771606445,0.3930363655090332,0.4991116523742676,-0.10607528686523438,0.5555555555555556,0.8297872340425532,0.5555555555555556,cold_scaffold,split2026,1,Contact500 pretraining without SCA
792,4.4202165603637695,5.501806259155273,4.4202165603637695,5.42284631729126,4.4202165603637695,1.081589698791504,1.0026297569274902,0.07895994186401367,0.6388888888888888,0.5873015873015873,0.5873015873015873,cold_scaffold,split2026,1,Contact500 pretraining without SCA
287,4.7695512771606445,5.49143648147583,4.7695512771606445,5.767033100128174,4.7695512771606445,0.7218852043151855,0.9974818229675293,-0.27559661865234375,0.6111111111111112,0.4262295081967213,0.4262295081967213,cold_scaffold,split2026,1,Contact500 pretraining without SCA
2199,5.022276401519775,5.631585121154785,5.022276401519775,6.476635932922363,5.022276401519775,0.6093087196350098,1.454359531402588,-0.8450508117675781,0.5625,0.8297872340425532,0.5625,cold_scaffold,split2026,1,Contact500 pretraining without SCA
1171,8.214670181274414,6.07087516784668,8.214670181274414,6.076451778411865,8.214670181274414,2.1437950134277344,2.138218402862549,0.005576610565185547,0.5185185185185186,1.0,0.5185185185185186,cold_scaffold,split2026,1,Contact500 pretraining without SCA
2077,5.844664096832275,5.080235958099365,5.844664096832275,5.034180641174316,5.844664096832275,0.7644281387329102,0.810483455657959,-0.04605531692504883,0.6470588235294117,0.2741935483870967,0.2741935483870967,cold_scaffold,split2026,1,Contact500 pretraining without SCA
420,7.954677104949951,5.655574321746826,7.954677104949951,6.81895923614502,7.954677104949951,2.299102783203125,1.1357178688049308,1.1633849143981942,0.1366931308249913,0.1530612244897959,0.1366931308249913,cold_scaffold,split2026,1,Contact500 pretraining without SCA
403,5.096909999847412,5.9757184982299805,5.096909999847412,8.232279777526855,5.096909999847412,0.8788084983825684,3.1353697776794434,-2.256561279296875,0.1366931308249913,0.174757281553398,0.1366931308249913,cold_scaffold,split2026,1,Contact500 pretraining without SCA
2498,4.79587984085083,5.208986282348633,4.79587984085083,5.393879890441895,4.79587984085083,0.41310644149780273,0.5980000495910653,-0.1848936080932626,0.6388888888888888,0.1923076923076923,0.1923076923076923,cold_scaffold,split2026,1,Contact500 pretraining without SCA
2447,7.15490198135376,6.3015618324279785,7.15490198135376,6.089871883392334,7.15490198135376,0.8533401489257812,1.0650300979614258,-0.21168994903564453,0.5,0.5873015873015873,0.5,cold_scaffold,split2026,1,Contact500 pretraining without SCA
2050,6.721246242523193,5.181931972503662,6.721246242523193,5.666574954986572,6.721246242523193,1.5393142700195312,1.054671287536621,0.48464298248291016,1.0,0.4057971014492754,0.4057971014492754,cold_scaffold,split2026,1,Contact500 pretraining without SCA
1063,4.698969841003418,7.491923809051514,4.698969841003418,7.4714202880859375,4.698969841003418,2.7929539680480957,2.7724504470825195,0.020503520965576172,0.5434782608695652,0.2148148148148148,0.2148148148148148,cold_scaffold,split2026,1,Contact500 pretraining without SCA
1598,3.9393022060394287,6.34560489654541,3.9393022060394287,6.043854713439941,3.9393022060394287,2.4063026905059814,2.1045525074005127,0.30175018310546875,0.5,0.676056338028169,0.5,cold_scaffold,split2026,1,Contact500 pretraining without SCA
2419,7.221848964691162,5.88402271270752,7.221848964691162,6.406322956085205,7.221848964691162,1.3378262519836417,0.815526008605957,0.5223002433776847,0.5227272727272727,1.0,0.5227272727272727,cold_scaffold,split2026,1,Contact500 pretraining without SCA
1847,5.958607196807861,6.328281879425049,5.958607196807861,5.890390396118164,5.958607196807861,0.3696746826171875,0.06821680068969727,0.30145788192749023,0.5319148936170213,1.0,0.5319148936170213,cold_scaffold,split2026,1,Contact500 pretraining without SCA
2466,5.477816581726074,5.029933452606201,5.477816581726074,5.775903224945068,5.477816581726074,0.44788312911987305,0.29808664321899414,0.1497964859008789,0.6153846153846154,0.5873015873015873,0.5873015873015873,cold_scaffold,split2026,1,Contact500 pretraining without SCA
347,6.045757293701172,5.299797534942627,6.045757293701172,5.402633666992188,6.045757293701172,0.7459597587585449,0.6431236267089835,0.10283613204956144,0.9310344827586208,0.6547619047619048,0.6547619047619048,cold_scaffold,split2026,1,Contact500 pretraining without SCA
681,3.0,4.523383617401123,3.0,3.467334270477295,3.0,1.523383617401123,0.4673342704772949,1.0560493469238281,0.9310344827586208,0.1833333333333333,0.1833333333333333,cold_scaffold,split2026,1,Contact500 pretraining without SCA
845,5.221848964691162,5.91658353805542,5.221848964691162,6.451266765594482,5.221848964691162,0.6947345733642578,1.2294178009033203,-0.5346832275390625,0.55,1.0,0.55,cold_scaffold,split2026,1,Contact500 pretraining without SCA
826,5.0,5.745628356933594,5.0,6.475181579589844,5.0,0.7456283569335938,1.4751815795898438,-0.72955322265625,0.5853658536585367,1.0,0.5853658536585367,cold_scaffold,split2026,1,Contact500 pretraining without SCA
1016,5.6575775146484375,5.322329044342041,5.6575775146484375,3.662728071212769,5.6575775146484375,0.3352484703063965,1.9948494434356685,-1.659600973129272,0.5833333333333333,0.2075471698113207,0.2075471698113207,cold_scaffold,split2026,1,Contact500 pretraining without SCA
1769,7.744727611541748,6.250675678253174,7.744727611541748,5.763635635375977,7.744727611541748,1.4940519332885742,1.9810919761657715,-0.48704004287719727,0.65,0.5873015873015873,0.5873015873015873,cold_scaffold,split2026,1,Contact500 pretraining without SCA
1408,4.459670543670654,6.638131141662598,4.459670543670654,4.503251552581787,4.459670543670654,2.1784605979919434,0.04358100891113281,2.1348795890808105,0.4927536231884057,0.3627450980392157,0.3627450980392157,cold_scaffold,split2026,1,Contact500 pretraining without SCA
810,7.096909999847412,6.014610290527344,7.096909999847412,6.393926620483398,7.096909999847412,1.0822997093200684,0.7029833793640137,0.3793163299560547,0.5,1.0,0.5,cold_scaffold,split2026,1,Contact500 pretraining without SCA
2497,4.92081880569458,5.190225601196289,4.92081880569458,5.798699855804443,4.92081880569458,0.269406795501709,0.8778810501098633,-0.6084742546081543,0.6388888888888888,0.1923076923076923,0.1923076923076923,cold_scaffold,split2026,1,Contact500 pretraining without SCA
1410,4.323306560516357,6.726290225982666,4.323306560516357,4.754258632659912,4.323306560516357,2.4029836654663086,0.4309520721435547,1.972031593322754,0.4927536231884057,0.3663366336633663,0.3663366336633663,cold_scaffold,split2026,1,Contact500 pretraining without SCA
1022,5.050610065460205,5.783885478973389,5.050610065460205,7.114675521850586,5.050610065460205,0.7332754135131836,2.064065456390381,-1.3307900428771973,0.5833333333333333,0.1967213114754098,0.1967213114754098,cold_scaffold,split2026,1,Contact500 pretraining without SCA
832,4.602059841156006,6.239036083221436,4.602059841156006,6.597458362579346,4.602059841156006,1.6369762420654306,1.9953985214233398,-0.35842227935790927,0.55,0.676056338028169,0.55,cold_scaffold,split2026,1,Contact500 pretraining without SCA
1603,4.292429924011231,5.751689434051514,4.292429924011231,4.961040496826172,4.292429924011231,1.4592595100402823,0.6686105728149405,0.7906489372253418,0.5217391304347826,0.2886597938144329,0.2886597938144329,cold_scaffold,split2026,1,Contact500 pretraining without SCA
609,4.958607196807861,5.152839183807373,4.958607196807861,5.079512119293213,4.958607196807861,0.19423198699951172,0.12090492248535156,0.07332706451416016,0.9310344827586208,0.3818181818181818,0.3818181818181818,cold_scaffold,split2026,1,Contact500 pretraining without SCA
2248,4.602059841156006,5.144855976104736,4.602059841156006,5.975128650665283,4.602059841156006,0.5427961349487305,1.3730688095092773,-0.8302726745605469,0.5454545454545454,0.7555555555555555,0.5454545454545454,cold_scaffold,split2026,1,Contact500 pretraining without SCA
805,7.397940158843994,6.163808822631836,7.397940158843994,5.852055072784424,7.397940158843994,1.2341313362121582,1.5458850860595703,-0.3117537498474121,0.5,0.5873015873015873,0.5,cold_scaffold,split2026,1,Contact500 pretraining without SCA
281,3.9141745567321777,4.7703070640563965,3.9141745567321777,4.245802402496338,3.9141745567321777,0.8561325073242188,0.33162784576416016,0.5245046615600586,1.0,0.3265306122448979,0.3265306122448979,cold_scaffold,split2026,1,Contact500 pretraining without SCA
2250,5.026872158050537,5.464996814727783,5.026872158050537,6.202682018280029,5.026872158050537,0.4381246566772461,1.1758098602294922,-0.7376852035522461,0.5454545454545454,0.8913043478260869,0.5454545454545454,cold_scaffold,split2026,1,Contact500 pretraining without SCA
2173,4.958607196807861,5.055598735809326,4.958607196807861,5.910886287689209,4.958607196807861,0.09699153900146484,0.9522790908813477,-0.8552875518798828,0.5555555555555556,0.7555555555555555,0.5555555555555556,cold_scaffold,split2026,1,Contact500 pretraining without SCA
1315,3.795880079269409,6.552194118499756,3.795880079269409,4.60278844833374,3.795880079269409,2.7563140392303467,0.806908369064331,1.9494056701660156,0.5333333333333333,0.2696629213483146,0.2696629213483146,cold_scaffold,split2026,1,Contact500 pretraining without SCA
1065,5.823908805847168,7.539186000823975,5.823908805847168,7.442328453063965,5.823908805847168,1.7152771949768066,1.6184196472167969,0.09685754776000977,0.5434782608695652,0.2148148148148148,0.2148148148148148,cold_scaffold,split2026,1,Contact500 pretraining without SCA
2069,5.199283123016357,4.977787494659424,5.199283123016357,5.22162675857544,5.199283123016357,0.2214956283569336,0.02234363555908292,0.19915199279785067,0.631578947368421,0.2741935483870967,0.2741935483870967,cold_scaffold,split2026,1,Contact500 pretraining without SCA
2266,9.24184513092041,5.520799160003662,9.24184513092041,6.943439483642578,9.24184513092041,3.721045970916748,2.298405647277832,1.422640323638916,0.5476190476190477,0.1568627450980392,0.1568627450980392,cold_scaffold,split2026,1,Contact500 pretraining without SCA
197,5.77211332321167,5.798405170440674,5.77211332321167,6.351706027984619,5.77211332321167,0.026291847229003906,0.5795927047729492,-0.5533008575439453,0.2561608300907911,0.5873015873015873,0.2561608300907911,cold_scaffold,split2026,1,Contact500 pretraining without SCA
2073,5.684029579162598,5.058208465576172,5.684029579162598,4.982607364654541,5.684029579162598,0.6258211135864258,0.7014222145080566,-0.07560110092163086,0.625,0.2741935483870967,0.2741935483870967,cold_scaffold,split2026,1,Contact500 pretraining without SCA
1911,6.552842140197754,6.666975975036621,6.552842140197754,6.929561614990234,6.552842140197754,0.11413383483886719,0.37671947479248047,-0.2625856399536133,0.5238095238095238,0.1684210526315789,0.1684210526315789,cold_scaffold,split2026,1,Contact500 pretraining without SCA
2253,4.853871822357178,5.465439319610596,4.853871822357178,6.333562850952148,4.853871822357178,0.611567497253418,1.4796910285949707,-0.8681235313415527,0.5454545454545454,0.8297872340425532,0.5454545454545454,cold_scaffold,split2026,1,Contact500 pretraining without SCA
2190,6.376750946044922,5.631143569946289,6.376750946044922,6.3456339836120605,6.376750946044922,0.7456073760986328,0.031116962432861328,0.7144904136657715,0.5625,0.8913043478260869,0.5625,cold_scaffold,split2026,1,Contact500 pretraining without SCA
1859,6.431798458099365,6.207662582397461,6.431798458099365,6.009476661682129,6.431798458099365,0.2241358757019043,0.42232179641723633,-0.19818592071533203,0.5357142857142857,1.0,0.5357142857142857,cold_scaffold,split2026,1,Contact500 pretraining without SCA
807,6.958607196807861,6.160467624664307,6.958607196807861,6.74795389175415,6.958607196807861,0.7981395721435547,0.21065330505371094,0.5874862670898438,0.5,0.8809523809523809,0.5,cold_scaffold,split2026,1,Contact500 pretraining without SCA
1403,3.681936740875244,6.332624912261963,3.681936740875244,4.235095500946045,3.681936740875244,2.6506881713867188,0.5531587600708008,2.097529411315918,0.5074626865671642,0.4666666666666667,0.4666666666666667,cold_scaffold,split2026,1,Contact500 pretraining without SCA
1593,4.638272285461426,6.44155740737915,4.638272285461426,4.7934184074401855,4.638272285461426,1.8032851219177246,0.15514612197875977,1.6481389999389648,0.5,0.4666666666666667,0.4666666666666667,cold_scaffold,split2026,1,Contact500 pretraining without SCA
2216,4.853871822357178,5.746553421020508,4.853871822357178,5.972021579742432,4.853871822357178,0.8926815986633301,1.118149757385254,-0.22546815872192383,0.5853658536585367,0.5873015873015873,0.5853658536585367,cold_scaffold,split2026,1,Contact500 pretraining without SCA
830,5.522878646850586,5.5961689949035645,5.522878646850586,6.516773700714111,5.522878646850586,0.07329034805297852,0.9938950538635254,-0.9206047058105469,0.5853658536585367,1.0,0.5853658536585367,cold_scaffold,split2026,1,Contact500 pretraining without SCA
806,6.7695512771606445,6.163882732391357,6.7695512771606445,6.352407932281494,6.7695512771606445,0.6056685447692871,0.4171433448791504,0.18852519989013672,0.5,1.0,0.5,cold_scaffold,split2026,1,Contact500 pretraining without SCA
234,5.812479496002197,5.681922435760498,5.812479496002197,6.177079677581787,5.812479496002197,0.13055706024169922,0.36460018157958984,-0.23404312133789062,1.0,1.0,1.0,cold_scaffold,split2026,1,Contact500 pretraining without SCA
114,3.6575772762298575,4.540648460388184,3.6575772762298575,4.7527055740356445,3.6575772762298575,0.8830711841583261,1.095128297805787,-0.21205711364746094,0.9310344827586208,0.2619047619047619,0.2619047619047619,cold_scaffold,split2026,1,Contact500 pretraining without SCA
798,5.619788646697998,5.662907123565674,5.619788646697998,6.012735366821289,5.619788646697998,0.04311847686767578,0.392946720123291,-0.34982824325561523,1.0,0.676056338028169,0.676056338028169,cold_scaffold,split2026,1,Contact500 pretraining without SCA
797,3.1191864013671875,5.693488597869873,3.1191864013671875,6.281924247741699,3.1191864013671875,2.5743021965026855,3.1627378463745117,-0.5884356498718262,0.6388888888888888,1.0,0.6388888888888888,cold_scaffold,split2026,1,Contact500 pretraining without SCA
2229,5.221848964691162,5.930599212646484,5.221848964691162,6.947847843170166,5.221848964691162,0.7087502479553223,1.725998878479004,-1.0172486305236816,0.5853658536585367,0.8297872340425532,0.5853658536585367,cold_scaffold,split2026,1,Contact500 pretraining without SCA
159,3.653646945953369,4.7364583015441895,3.653646945953369,3.7450692653656006,3.653646945953369,1.0828113555908203,0.09142231941223145,0.9913890361785889,0.9310344827586208,0.1707317073170731,0.1707317073170731,cold_scaffold,split2026,1,Contact500 pretraining without SCA
2458,5.61475133895874,5.09219217300415,5.61475133895874,6.220678329467773,5.61475133895874,0.5225591659545898,0.6059269905090332,-0.08336782455444336,0.5151515151515151,0.8809523809523809,0.5151515151515151,cold_scaffold,split2026,1,Contact500 pretraining without SCA
397,5.455932140350342,5.86786413192749,5.455932140350342,6.4750518798828125,5.455932140350342,0.41193199157714844,1.0191197395324707,-0.6071877479553223,0.2561608300907911,0.16,0.16,cold_scaffold,split2026,1,Contact500 pretraining without SCA
829,5.0,5.938567161560059,5.0,6.828896045684815,5.0,0.9385671615600586,1.8288960456848153,-0.8903288841247567,0.5853658536585367,1.0,0.5853658536585367,cold_scaffold,split2026,1,Contact500 pretraining without SCA
1395,4.647817611694336,6.568528652191162,4.647817611694336,4.552940368652344,4.647817611694336,1.9207110404968262,0.09487724304199219,1.825833797454834,0.5074626865671642,0.3627450980392157,0.3627450980392157,cold_scaffold,split2026,1,Contact500 pretraining without SCA
2100,6.065501689910889,5.453420639038086,6.065501689910889,5.7633585929870605,6.065501689910889,0.6120810508728027,0.3021430969238281,0.3099379539489746,0.6111111111111112,1.0,0.6111111111111112,cold_scaffold,split2026,1,Contact500 pretraining without SCA
2415,7.15490198135376,6.225677967071533,7.15490198135376,6.721099376678467,7.15490198135376,0.9292240142822266,0.43380260467529297,0.4954214096069336,0.5227272727272727,1.0,0.5227272727272727,cold_scaffold,split2026,1,Contact500 pretraining without SCA
1855,5.275723934173584,6.467219352722168,5.275723934173584,6.647818565368652,5.275723934173584,1.191495418548584,1.3720946311950684,-0.18059921264648438,0.5319148936170213,0.180722891566265,0.180722891566265,cold_scaffold,split2026,1,Contact500 pretraining without SCA
2149,5.638272285461426,6.066140651702881,5.638272285461426,6.6845526695251465,5.638272285461426,0.4278683662414551,1.0462803840637207,-0.6184120178222656,0.6111111111111112,0.8297872340425532,0.6111111111111112,cold_scaffold,split2026,1,Contact500 pretraining without SCA
637,4.1674909591674805,4.586921215057373,4.1674909591674805,3.736684083938599,4.1674909591674805,0.4194302558898926,0.4308068752288814,-0.011376619338988814,0.9310344827586208,0.2571428571428571,0.2571428571428571,cold_scaffold,split2026,1,Contact500 pretraining without SCA
1579,4.823908805847168,6.230724811553955,4.823908805847168,6.125543594360352,4.823908805847168,1.406816005706787,1.3016347885131836,0.10518121719360352,0.5116279069767442,1.0,0.5116279069767442,cold_scaffold,split2026,1,Contact500 pretraining without SCA
1207,7.15490198135376,6.617555141448975,7.15490198135376,6.859401226043701,7.15490198135376,0.5373468399047852,0.2955007553100586,0.24184608459472656,0.5686274509803921,0.2894736842105263,0.2894736842105263,cold_scaffold,split2026,1,Contact500 pretraining without SCA
1615,4.958607196807861,5.800351142883301,4.958607196807861,4.409321308135986,4.958607196807861,0.8417439460754395,0.549285888671875,0.29245805740356445,0.6206896551724138,0.2696629213483146,0.2696629213483146,cold_scaffold,split2026,1,Contact500 pretraining without SCA
294,8.207608222961426,8.021961212158203,8.207608222961426,8.712451934814453,8.207608222961426,0.18564701080322266,0.5048437118530273,-0.3191967010498047,0.135523613963039,0.1666666666666666,0.135523613963039,cold_scaffold,split2026,1,Contact500 pretraining without SCA
1066,4.301030158996582,6.767482757568359,4.301030158996582,5.9585065841674805,4.301030158996582,2.4664525985717773,1.6574764251708984,0.8089761734008789,0.6071428571428572,0.2148148148148148,0.2148148148148148,cold_scaffold,split2026,1,Contact500 pretraining without SCA
1505,5.229147911071777,6.309693336486816,5.229147911071777,6.509376049041748,5.229147911071777,1.080545425415039,1.2802281379699707,-0.19968271255493164,0.5454545454545454,0.1304347826086956,0.1304347826086956,cold_scaffold,split2026,1,Contact500 pretraining without SCA
2265,8.772112846374512,5.930607795715332,8.772112846374512,5.899039268493652,8.772112846374512,2.8415050506591797,2.8730735778808594,-0.03156852722167969,0.5476190476190477,0.16,0.16,cold_scaffold,split2026,1,Contact500 pretraining without SCA
2269,9.004364967346191,5.773157596588135,9.004364967346191,6.712501049041748,9.004364967346191,3.2312073707580566,2.2918639183044434,0.9393434524536133,0.5476190476190477,0.1447368421052631,0.1447368421052631,cold_scaffold,split2026,1,Contact500 pretraining without SCA
1595,4.346787452697754,6.172332763671875,4.346787452697754,5.856436252593994,4.346787452697754,1.825545310974121,1.5096487998962402,0.31589651107788086,0.5,1.0,0.5,cold_scaffold,split2026,1,Contact500 pretraining without SCA
2186,5.568636417388916,5.448190212249756,5.568636417388916,5.502347946166992,5.568636417388916,0.12044620513916016,0.06628847122192383,0.05415773391723633,0.5625,0.5873015873015873,0.5625,cold_scaffold,split2026,1,Contact500 pretraining without SCA
387,5.301030158996582,7.097890377044678,5.301030158996582,5.85420560836792,5.301030158996582,1.7968602180480957,0.5531754493713379,1.2436847686767578,0.5423728813559322,0.1283783783783783,0.1283783783783783,cold_scaffold,split2026,1,Contact500 pretraining without SCA
1195,6.096909999847412,5.193688869476318,6.096909999847412,6.258399486541748,6.096909999847412,0.9032211303710938,0.16148948669433594,0.7417316436767578,0.5555555555555556,0.2285714285714285,0.2285714285714285,cold_scaffold,split2026,1,Contact500 pretraining without SCA
1192,7.221848964691162,6.4614763259887695,7.221848964691162,5.515326023101807,7.221848964691162,0.7603726387023926,1.7065229415893555,-0.9461503028869629,0.5217391304347826,0.2045454545454545,0.2045454545454545,cold_scaffold,split2026,1,Contact500 pretraining without SCA
2500,5.79587984085083,5.2607102394104,5.79587984085083,6.299176692962647,5.79587984085083,0.5351696014404297,0.5032968521118173,0.03187274932861239,0.6388888888888888,0.1904761904761904,0.1904761904761904,cold_scaffold,split2026,1,Contact500 pretraining without SCA
1313,3.795880079269409,6.318850040435791,3.795880079269409,4.570133686065674,3.795880079269409,2.522969961166382,0.7742536067962646,1.7487163543701172,0.5,0.2696629213483146,0.2696629213483146,cold_scaffold,split2026,1,Contact500 pretraining without SCA
2175,6.207608222961426,5.376072406768799,6.207608222961426,6.137673854827881,6.207608222961426,0.831535816192627,0.06993436813354492,0.761601448059082,0.5555555555555556,0.8913043478260869,0.5555555555555556,cold_scaffold,split2026,1,Contact500 pretraining without SCA
769,6.0,6.361027717590332,6.0,6.478034496307373,6.0,0.36102771759033203,0.47803449630737305,-0.11700677871704102,0.5686274509803921,0.6140350877192983,0.5686274509803921,cold_scaffold,split2026,1,Contact500 pretraining without SCA
749,4.522878646850586,5.958333492279053,4.522878646850586,5.918169498443604,4.522878646850586,1.4354548454284668,1.3952908515930185,0.04016399383544833,0.4779116465863453,0.1714285714285714,0.1714285714285714,cold_scaffold,split2026,1,Contact500 pretraining without SCA
2219,5.958607196807861,5.930630207061768,5.958607196807861,6.849099159240723,5.958607196807861,0.02797698974609375,0.8904919624328613,-0.8625149726867676,0.5853658536585367,0.8085106382978723,0.5853658536585367,cold_scaffold,split2026,1,Contact500 pretraining without SCA
244,6.7931742668151855,5.464293479919434,6.7931742668151855,6.1836466789245605,6.7931742668151855,1.328880786895752,0.609527587890625,0.719353199005127,1.0,0.3661971830985915,0.3661971830985915,cold_scaffold,split2026,1,Contact500 pretraining without SCA
2438,7.221848964691162,6.305819988250732,7.221848964691162,6.066274642944336,7.221848964691162,0.9160289764404297,1.1555743217468262,-0.23954534530639648,0.5,0.5873015873015873,0.5,cold_scaffold,split2026,1,Contact500 pretraining without SCA
370,3.0,5.168090343475342,3.0,5.5964674949646,3.0,2.168090343475342,2.5964674949645996,-0.4283771514892578,0.9310344827586208,0.6060606060606061,0.6060606060606061,cold_scaffold,split2026,1,Contact500 pretraining without SCA
796,3.92081880569458,5.350293159484863,3.92081880569458,5.968313217163086,3.92081880569458,1.4294743537902832,2.047494411468506,-0.6180200576782227,0.6388888888888888,1.0,0.6388888888888888,cold_scaffold,split2026,1,Contact500 pretraining without SCA
1311,4.337242126464844,6.70911169052124,4.337242126464844,5.248017311096191,4.337242126464844,2.3718695640563965,0.9107751846313477,1.4610943794250488,0.55,0.2696629213483146,0.2696629213483146,cold_scaffold,split2026,1,Contact500 pretraining without SCA
842,5.301030158996582,6.062447547912598,5.301030158996582,6.804416656494141,5.301030158996582,0.7614173889160156,1.5033864974975586,-0.741969108581543,0.55,0.8809523809523809,0.55,cold_scaffold,split2026,1,Contact500 pretraining without SCA
407,4.026872158050537,5.440937519073486,4.026872158050537,5.259609222412109,4.026872158050537,1.4140653610229492,1.2327370643615723,0.18132829666137695,0.1363636363636363,0.1976744186046511,0.1363636363636363,cold_scaffold,split2026,1,Contact500 pretraining without SCA
2420,7.045757293701172,6.033297061920166,7.045757293701172,5.864453315734863,7.045757293701172,1.0124602317810059,1.1813039779663086,-0.16884374618530273,0.5227272727272727,0.5873015873015873,0.5227272727272727,cold_scaffold,split2026,1,Contact500 pretraining without SCA
1411,4.636387825012207,6.617990493774414,4.636387825012207,4.679210662841797,4.636387825012207,1.981602668762207,0.042822837829589844,1.9387798309326172,0.4927536231884057,0.3737373737373737,0.3737373737373737,cold_scaffold,split2026,1,Contact500 pretraining without SCA
2273,6.262012481689453,5.734635353088379,6.262012481689453,6.545554637908936,6.262012481689453,0.5273771286010742,0.2835421562194833,0.2438349723815909,0.5476190476190477,0.1585365853658536,0.1585365853658536,cold_scaffold,split2026,1,Contact500 pretraining without SCA
850,3.124938726425171,5.537103176116943,3.124938726425171,5.838265895843506,3.124938726425171,2.4121644496917725,2.713327169418335,-0.3011627197265625,0.5657894736842105,1.0,0.5657894736842105,cold_scaffold,split2026,1,Contact500 pretraining without SCA
1825,7.07572078704834,7.744175910949707,7.07572078704834,8.45089054107666,7.07572078704834,0.6684551239013672,1.3751697540283203,-0.7067146301269531,0.525,0.3402777777777778,0.3402777777777778,cold_scaffold,split2026,1,Contact500 pretraining without SCA
1731,6.892789840698242,5.463028907775879,6.892789840698242,5.631863117218018,6.892789840698242,1.4297609329223633,1.2609267234802246,0.16883420944213867,0.5333333333333333,0.2342342342342342,0.2342342342342342,cold_scaffold,split2026,1,Contact500 pretraining without SCA
1226,4.7695512771606445,5.36617374420166,4.7695512771606445,5.305292129516602,4.7695512771606445,0.5966224670410156,0.535740852355957,0.060881614685058594,0.5189873417721519,0.2452830188679245,0.2452830188679245,cold_scaffold,split2026,1,Contact500 pretraining without SCA
841,4.698969841003418,6.065877437591553,4.698969841003418,6.409945011138916,4.698969841003418,1.3669075965881348,1.710975170135498,-0.3440675735473633,0.55,1.0,0.55,cold_scaffold,split2026,1,Contact500 pretraining without SCA
827,5.602059841156006,5.742184162139893,5.602059841156006,6.8694167137146,5.602059841156006,0.14012432098388672,1.2673568725585938,-1.127232551574707,0.5853658536585367,0.8809523809523809,0.5853658536585367,cold_scaffold,split2026,1,Contact500 pretraining without SCA
920,3.0,4.52794885635376,3.0,3.810147523880005,3.0,1.5279488563537598,0.8101475238800049,0.7178013324737549,0.6470588235294117,0.2571428571428571,0.2571428571428571,cold_scaffold,split2026,1,Contact500 pretraining without SCA
2445,6.619788646697998,6.302000522613525,6.619788646697998,6.591951847076416,6.619788646697998,0.31778812408447266,0.02783679962158203,0.2899513244628906,0.5,1.0,0.5,cold_scaffold,split2026,1,Contact500 pretraining without SCA
295,6.004364967346191,8.004105567932129,6.004364967346191,8.671812057495117,6.004364967346191,1.9997406005859375,2.667447090148926,-0.6677064895629883,0.135523613963039,0.1743119266055046,0.135523613963039,cold_scaffold,split2026,1,Contact500 pretraining without SCA
2376,4.40450382232666,5.91129207611084,4.40450382232666,5.270749568939209,4.40450382232666,1.5067882537841797,0.8662457466125488,0.6405425071716309,0.8076923076923077,0.2407407407407407,0.2407407407407407,cold_scaffold,split2026,1,Contact500 pretraining without SCA
225,8.397939682006836,5.5934672355651855,8.397939682006836,6.303785800933838,8.397939682006836,2.8044724464416504,2.094153881072998,0.7103185653686523,1.0,0.1621621621621621,0.1621621621621621,cold_scaffold,split2026,1,Contact500 pretraining without SCA
164,4.301030158996582,4.923463344573975,4.301030158996582,4.984548568725586,4.301030158996582,0.6224331855773926,0.6835184097290039,-0.06108522415161133,0.9310344827586208,0.160919540229885,0.160919540229885,cold_scaffold,split2026,1,Contact500 pretraining without SCA
840,5.744727611541748,6.065980911254883,5.744727611541748,5.907039165496826,5.744727611541748,0.32125329971313477,0.16231155395507812,0.15894174575805664,0.55,0.5873015873015873,0.55,cold_scaffold,split2026,1,Contact500 pretraining without SCA
2188,4.92081880569458,5.311410427093506,4.92081880569458,6.117842197418213,4.92081880569458,0.3905916213989258,1.1970233917236328,-0.806431770324707,0.5625,0.7555555555555555,0.5625,cold_scaffold,split2026,1,Contact500 pretraining without SCA
2191,5.744727611541748,5.311291217803955,5.744727611541748,6.109054088592529,5.744727611541748,0.43343639373779297,0.36432647705078125,0.06910991668701172,0.5625,0.8809523809523809,0.5625,cold_scaffold,split2026,1,Contact500 pretraining without SCA
133,3.665546178817749,4.9463396072387695,3.665546178817749,4.640253067016602,3.665546178817749,1.2807934284210205,0.9747068881988525,0.30608654022216797,0.9310344827586208,0.2653061224489796,0.2653061224489796,cold_scaffold,split2026,1,Contact500 pretraining without SCA
619,4.619788646697998,5.029818058013916,4.619788646697998,5.5037360191345215,4.619788646697998,0.41002941131591797,0.8839473724365234,-0.47391796112060547,0.9310344827586208,0.6363636363636364,0.6363636363636364,cold_scaffold,split2026,1,Contact500 pretraining without SCA
2429,7.522878646850586,6.310373306274414,7.522878646850586,6.065470218658447,7.522878646850586,1.2125053405761719,1.4574084281921387,-0.2449030876159668,0.5,0.5873015873015873,0.5,cold_scaffold,split2026,1,Contact500 pretraining without SCA
1352,5.638272285461426,5.898004055023193,5.638272285461426,5.667092323303223,5.638272285461426,0.2597317695617676,0.028820037841796875,0.2309117317199707,0.5588235294117647,0.15625,0.15625,cold_scaffold,split2026,1,Contact500 pretraining without SCA
849,5.522878646850586,5.538839817047119,5.522878646850586,5.33633279800415,5.522878646850586,0.015961170196533203,0.18654584884643555,-0.17058467864990234,0.5657894736842105,0.5873015873015873,0.5657894736842105,cold_scaffold,split2026,1,Contact500 pretraining without SCA
112,3.585026741027832,4.569431304931641,3.585026741027832,4.743536949157715,3.585026741027832,0.9844045639038086,1.1585102081298828,-0.17410564422607422,0.9310344827586208,0.275,0.275,cold_scaffold,split2026,1,Contact500 pretraining without SCA
611,4.28399658203125,5.1402692794799805,4.28399658203125,5.085113525390625,4.28399658203125,0.8562726974487305,0.801116943359375,0.05515575408935547,0.9310344827586208,0.3442622950819672,0.3442622950819672,cold_scaffold,split2026,1,Contact500 pretraining without SCA
910,3.0,4.436574459075928,3.0,3.5761489868164062,3.0,1.4365744590759277,0.5761489868164062,0.8604254722595215,0.5714285714285714,0.2571428571428571,0.2571428571428571,cold_scaffold,split2026,1,Contact500 pretraining without SCA
752,5.180456161499023,5.325845241546631,5.180456161499023,4.357898235321045,5.180456161499023,0.14538908004760742,0.8225579261779785,-0.6771688461303711,0.6388888888888888,0.1923076923076923,0.1923076923076923,cold_scaffold,split2026,1,Contact500 pretraining without SCA
793,3.6777806282043457,5.500096797943115,3.6777806282043457,5.926899433135986,3.6777806282043457,1.8223161697387695,2.2491188049316406,-0.4268026351928711,0.6388888888888888,1.0,0.6388888888888888,cold_scaffold,split2026,1,Contact500 pretraining without SCA
1821,7.698969841003418,7.409042835235596,7.698969841003418,8.399949073791504,7.698969841003418,0.28992700576782227,0.7009792327880859,-0.41105222702026367,0.525,0.2016129032258064,0.2016129032258064,cold_scaffold,split2026,1,Contact500 pretraining without SCA
809,7.096909999847412,6.356283664703369,7.096909999847412,6.708764553070068,7.096909999847412,0.740626335144043,0.38814544677734375,0.3524808883666992,0.5,1.0,0.5,cold_scaffold,split2026,1,Contact500 pretraining without SCA
1202,4.086185932159424,5.3165283203125,4.086185932159424,6.584797382354736,4.086185932159424,1.2303423881530762,2.4986114501953125,-1.2682690620422363,0.515625,0.2285714285714285,0.2285714285714285,cold_scaffold,split2026,1,Contact500 pretraining without SCA
2145,6.15490198135376,6.066172122955322,6.15490198135376,6.585720539093018,6.15490198135376,0.0887298583984375,0.4308185577392578,-0.3420886993408203,0.6111111111111112,0.8085106382978723,0.6111111111111112,cold_scaffold,split2026,1,Contact500 pretraining without SCA
992,5.958607196807861,5.713457107543945,5.958607196807861,4.138813495635986,5.958607196807861,0.24515008926391602,1.819793701171875,-1.574643611907959,0.5084745762711864,0.2075471698113207,0.2075471698113207,cold_scaffold,split2026,1,Contact500 pretraining without SCA
297,6.494850158691406,8.492110252380371,6.494850158691406,8.0352144241333,6.494850158691406,1.9972600936889648,1.5403642654418945,0.4568958282470703,0.135523613963039,0.1506849315068493,0.135523613963039,cold_scaffold,split2026,1,Contact500 pretraining without SCA
2417,6.958607196807861,6.029880046844482,6.958607196807861,6.760333061218262,6.958607196807861,0.9287271499633789,0.1982741355895996,0.7304530143737793,0.5227272727272727,0.8809523809523809,0.5227272727272727,cold_scaffold,split2026,1,Contact500 pretraining without SCA
2146,6.602059841156006,6.065698623657227,6.602059841156006,6.553618907928467,6.602059841156006,0.5363612174987793,0.04844093322753906,0.48792028427124023,0.6111111111111112,0.8913043478260869,0.6111111111111112,cold_scaffold,split2026,1,Contact500 pretraining without SCA
2446,7.045757293701172,6.152806758880615,7.045757293701172,6.633084297180176,7.045757293701172,0.8929505348205566,0.4126729965209961,0.48027753829956055,0.5,1.0,0.5,cold_scaffold,split2026,1,Contact500 pretraining without SCA
753,6.045757293701172,5.411704063415527,6.045757293701172,4.259941101074219,6.045757293701172,0.6340532302856445,1.7858161926269531,-1.1517629623413086,0.6388888888888888,0.1904761904761904,0.1904761904761904,cold_scaffold,split2026,1,Contact500 pretraining without SCA
1585,3.995678663253784,6.060534477233887,3.995678663253784,6.241763591766357,3.995678663253784,2.0648558139801025,2.2460849285125732,-0.1812291145324707,0.5116279069767442,1.0,0.5116279069767442,cold_scaffold,split2026,1,Contact500 pretraining without SCA
1394,4.300162315368652,6.487858295440674,4.300162315368652,4.362884044647217,4.300162315368652,2.1876959800720215,0.06272172927856445,2.124974250793457,0.5074626865671642,0.3627450980392157,0.3627450980392157,cold_scaffold,split2026,1,Contact500 pretraining without SCA
346,6.15490198135376,5.265599727630615,6.15490198135376,5.546022891998291,6.15490198135376,0.8893022537231445,0.6088790893554688,0.2804231643676758,0.9310344827586208,0.6428571428571429,0.6428571428571429,cold_scaffold,split2026,1,Contact500 pretraining without SCA
1600,5.267606258392334,5.749969482421875,5.267606258392334,4.592779636383057,5.267606258392334,0.482363224029541,0.6748266220092773,-0.19246339797973633,0.5217391304347826,0.2696629213483146,0.2696629213483146,cold_scaffold,split2026,1,Contact500 pretraining without SCA
949,6.455932140350342,5.911930084228516,6.455932140350342,5.399492263793945,6.455932140350342,0.5440020561218262,1.0564398765563965,-0.5124378204345703,1.0,0.1693548387096774,0.1693548387096774,cold_scaffold,split2026,1,Contact500 pretraining without SCA
2437,7.15490198135376,6.156820774078369,7.15490198135376,6.607258796691895,7.15490198135376,0.9980812072753906,0.5476431846618643,0.4504380226135263,0.5,1.0,0.5,cold_scaffold,split2026,1,Contact500 pretraining without SCA
2113,6.647817611694336,4.880863189697266,6.647817611694336,3.874948263168335,6.647817611694336,1.7669544219970703,2.772869348526001,-1.0059149265289307,1.0,0.52,0.52,cold_scaffold,split2026,1,Contact500 pretraining without SCA
2361,5.698969841003418,5.472599983215332,5.698969841003418,4.673340797424316,5.698969841003418,0.22636985778808594,1.0256290435791016,-0.7992591857910156,0.9310344827586208,0.4666666666666667,0.4666666666666667,cold_scaffold,split2026,1,Contact500 pretraining without SCA
2176,5.30980396270752,5.055479049682617,5.30980396270752,5.902099132537842,5.30980396270752,0.25432491302490323,0.5922951698303214,-0.33797025680541815,0.5555555555555556,0.8809523809523809,0.5555555555555556,cold_scaffold,split2026,1,Contact500 pretraining without SCA
2426,7.0,6.307203769683838,7.0,6.961619377136231,7.0,0.6927962303161621,0.03838062286376864,0.6544156074523935,0.5,0.8809523809523809,0.5,cold_scaffold,split2026,1,Contact500 pretraining without SCA
337,6.698969841003418,5.210945129394531,6.698969841003418,5.5293450355529785,6.698969841003418,1.4880247116088867,1.1696248054504395,0.31839990615844727,0.9310344827586208,0.6022727272727273,0.6022727272727273,cold_scaffold,split2026,1,Contact500 pretraining without SCA
2484,4.903090000152588,5.674047470092773,4.903090000152588,6.379140853881836,4.903090000152588,0.7709574699401855,1.476050853729248,-0.7050933837890625,0.6428571428571428,0.8809523809523809,0.6428571428571428,cold_scaffold,split2026,1,Contact500 pretraining without SCA
39,4.0,6.673977851867676,4.0,5.783961772918701,4.0,2.673977851867676,1.7839617729187012,0.8900160789489746,0.4924242424242424,0.1643835616438356,0.1643835616438356,cold_scaffold,split2026,1,Contact500 pretraining without SCA
1176,5.744727611541748,6.2485032081604,5.744727611541748,6.240363121032715,5.744727611541748,0.5037755966186523,0.4956355094909668,0.008140087127685547,0.5806451612903225,0.2191780821917808,0.2191780821917808,cold_scaffold,split2026,1,Contact500 pretraining without SCA
2283,5.590066909790039,5.830211639404297,5.590066909790039,6.643399715423584,5.590066909790039,0.2401447296142578,1.053332805633545,-0.8131880760192871,0.5595238095238095,0.1395348837209302,0.1395348837209302,cold_scaffold,split2026,1,Contact500 pretraining without SCA
1795,6.0087738037109375,6.301926612854004,6.0087738037109375,7.170747756958008,6.0087738037109375,0.2931528091430664,1.1619739532470703,-0.8688211441040039,0.5333333333333333,0.2032520325203252,0.2032520325203252,cold_scaffold,split2026,1,Contact500 pretraining without SCA
1407,4.3665313720703125,6.729564666748047,4.3665313720703125,4.764784336090088,4.3665313720703125,2.3630332946777344,0.3982529640197754,1.964780330657959,0.4927536231884057,0.3663366336633663,0.3663366336633663,cold_scaffold,split2026,1,Contact500 pretraining without SCA
2154,6.0,6.066141128540039,6.0,6.6845526695251465,6.0,0.06614112854003906,0.6845526695251465,-0.6184115409851074,0.6111111111111112,0.8297872340425532,0.6111111111111112,cold_scaffold,split2026,1,Contact500 pretraining without SCA
296,6.853871822357178,7.749982357025146,6.853871822357178,9.463068008422852,6.853871822357178,0.8961105346679679,2.609196186065674,-1.713085651397706,0.135523613963039,0.174757281553398,0.135523613963039,cold_scaffold,split2026,1,Contact500 pretraining without SCA
613,4.494850158691406,5.145486354827881,4.494850158691406,5.0322771072387695,4.494850158691406,0.6506361961364746,0.5374269485473633,0.11320924758911133,0.9310344827586208,0.5263157894736842,0.5263157894736842,cold_scaffold,split2026,1,Contact500 pretraining without SCA
1062,6.045757293701172,7.041833877563477,6.045757293701172,7.105893611907959,6.045757293701172,0.9960765838623047,1.060136318206787,-0.06405973434448242,0.55,0.2148148148148148,0.2148148148148148,cold_scaffold,split2026,1,Contact500 pretraining without SCA
292,7.0,5.8850202560424805,7.0,6.741598129272461,7.0,1.1149797439575195,0.25840187072753906,0.8565778732299805,0.2561608300907911,0.1584158415841584,0.1584158415841584,cold_scaffold,split2026,1,Contact500 pretraining without SCA
162,3.602060079574585,4.654926776885986,3.602060079574585,4.298744201660156,3.602060079574585,1.0528666973114014,0.6966841220855713,0.3561825752258301,0.9310344827586208,0.1785714285714285,0.1785714285714285,cold_scaffold,split2026,1,StructRSMA: Contact500 pretraining plus SCA
1310,4.79587984085083,5.498871326446533,4.79587984085083,5.951946258544922,4.79587984085083,0.7029914855957031,1.1560664176940918,-0.45307493209838867,0.6666666666666667,0.2696629213483146,0.2696629213483146,cold_scaffold,split2026,1,StructRSMA: Contact500 pretraining plus SCA
2501,5.744727611541748,5.263391017913818,5.744727611541748,5.918241500854492,5.744727611541748,0.4813365936279297,0.17351388931274414,0.30782270431518555,0.6388888888888888,0.1904761904761904,0.1904761904761904,cold_scaffold,split2026,1,StructRSMA: Contact500 pretraining plus SCA
2355,3.2564902305603027,4.430141448974609,3.2564902305603027,4.088098049163818,3.2564902305603027,1.1736512184143066,0.8316078186035156,0.342043399810791,0.9310344827586208,0.3114754098360656,0.3114754098360656,cold_scaffold,split2026,1,StructRSMA: Contact500 pretraining plus SCA
104,6.903090000152588,5.2007365226745605,6.903090000152588,5.065650463104248,6.903090000152588,1.7023534774780273,1.8374395370483398,-0.1350860595703125,0.9310344827586208,1.0,0.9310344827586208,cold_scaffold,split2026,1,StructRSMA: Contact500 pretraining plus SCA
2467,5.456925868988037,5.025285720825195,5.456925868988037,5.643677711486816,5.456925868988037,0.4316401481628418,0.1867518424987793,0.2448883056640625,0.6153846153846154,0.8809523809523809,0.6153846153846154,cold_scaffold,split2026,1,StructRSMA: Contact500 pretraining plus SCA
2089,5.511449337005615,5.063784122467041,5.511449337005615,5.835162162780762,5.511449337005615,0.4476652145385742,0.3237128257751465,0.12395238876342773,0.6190476190476191,0.2741935483870967,0.2741935483870967,cold_scaffold,split2026,1,StructRSMA: Contact500 pretraining plus SCA
1397,4.560667514801025,6.467484474182129,4.560667514801025,5.613200664520264,4.560667514801025,1.9068169593811035,1.0525331497192383,0.8542838096618652,0.5074626865671642,0.3737373737373737,0.3737373737373737,cold_scaffold,split2026,1,StructRSMA: Contact500 pretraining plus SCA
2275,8.455931663513184,5.795505046844482,8.455931663513184,6.492347240447998,8.455931663513184,2.660426616668701,1.9635844230651855,0.6968421936035156,0.5476190476190477,0.1717171717171717,0.1717171717171717,cold_scaffold,split2026,1,StructRSMA: Contact500 pretraining plus SCA
1592,4.886056423187256,6.1198344230651855,4.886056423187256,5.452227592468262,4.886056423187256,1.2337779998779297,0.5661711692810059,0.6676068305969238,0.5,0.7,0.5,cold_scaffold,split2026,1,StructRSMA: Contact500 pretraining plus SCA
2457,5.639785289764404,5.096745491027832,5.639785289764404,6.012527942657471,5.639785289764404,0.5430397987365723,0.3727426528930664,0.17029714584350586,0.5151515151515151,0.5873015873015873,0.5151515151515151,cold_scaffold,split2026,1,StructRSMA: Contact500 pretraining plus SCA
1867,5.387216091156006,6.346648693084717,5.387216091156006,6.165494918823242,5.387216091156006,0.9594326019287109,0.7782788276672363,0.1811537742614746,0.5357142857142857,0.180722891566265,0.180722891566265,cold_scaffold,split2026,1,StructRSMA: Contact500 pretraining plus SCA
1199,5.07572078704834,5.131277084350586,5.07572078704834,5.765933990478516,5.07572078704834,0.055556297302246094,0.6902132034301758,-0.6346569061279297,0.6875,0.2285714285714285,0.2285714285714285,cold_scaffold,split2026,1,StructRSMA: Contact500 pretraining plus SCA
639,5.823908805847168,4.758968830108643,5.823908805847168,5.0450944900512695,5.823908805847168,1.0649399757385254,0.7788143157958984,0.28612565994262695,0.9310344827586208,0.3258426966292135,0.3258426966292135,cold_scaffold,split2026,1,StructRSMA: Contact500 pretraining plus SCA
2485,5.200659275054932,5.630072116851807,5.200659275054932,5.393351078033447,5.200659275054932,0.429412841796875,0.19269180297851562,0.23672103881835938,0.6785714285714286,0.8809523809523809,0.6785714285714286,cold_scaffold,split2026,1,StructRSMA: Contact500 pretraining plus SCA
2428,7.0,6.161404132843018,7.0,6.027763366699219,7.0,0.8385958671569824,0.9722366333007812,-0.13364076614379883,0.5,1.0,0.5,cold_scaffold,split2026,1,StructRSMA: Contact500 pretraining plus SCA
1613,4.0,6.575198650360107,4.0,5.784229278564453,4.0,2.5751986503601074,1.7842292785644531,0.7909693717956543,0.6296296296296297,0.2696629213483146,0.2696629213483146,cold_scaffold,split2026,1,StructRSMA: Contact500 pretraining plus SCA
2424,6.886056423187256,6.503010749816895,6.886056423187256,6.548989772796631,6.886056423187256,0.38304567337036044,0.337066650390625,0.04597902297973544,0.5,1.0,0.5,cold_scaffold,split2026,1,StructRSMA: Contact500 pretraining plus SCA
110,3.638272047042847,4.509655475616455,3.638272047042847,4.654504776000977,3.638272047042847,0.871383428573608,1.0162327289581294,-0.14484930038452148,0.9310344827586208,0.2702702702702703,0.2702702702702703,cold_scaffold,split2026,1,StructRSMA: Contact500 pretraining plus SCA
814,5.69293212890625,5.159948825836182,5.69293212890625,5.979518890380859,5.69293212890625,0.5329833030700684,0.2865867614746094,0.24639654159545898,0.4848484848484848,0.5873015873015873,0.4848484848484848,cold_scaffold,split2026,1,StructRSMA: Contact500 pretraining plus SCA
778,5.958607196807861,6.331310272216797,5.958607196807861,5.599918365478516,5.958607196807861,0.37270307540893555,0.3586888313293457,0.014014244079589844,0.5714285714285714,0.1755725190839694,0.1755725190839694,cold_scaffold,split2026,1,StructRSMA: Contact500 pretraining plus SCA
2480,5.251811981201172,5.533653736114502,5.251811981201172,5.839023113250732,5.251811981201172,0.2818417549133301,0.5872111320495605,-0.30536937713623047,0.5657894736842105,0.8809523809523809,0.5657894736842105,cold_scaffold,split2026,1,StructRSMA: Contact500 pretraining plus SCA
1312,3.795880079269409,6.868687629699707,3.795880079269409,5.678302764892578,3.795880079269409,3.072807550430298,1.882422685623169,1.190384864807129,0.5454545454545454,0.2696629213483146,0.2696629213483146,cold_scaffold,split2026,1,StructRSMA: Contact500 pretraining plus SCA
1578,5.096909999847412,6.038482666015625,5.096909999847412,6.037125587463379,5.096909999847412,0.9415726661682129,0.9402155876159668,0.0013570785522460938,0.5116279069767442,0.5873015873015873,0.5116279069767442,cold_scaffold,split2026,1,StructRSMA: Contact500 pretraining plus SCA
790,3.102372884750366,5.674448013305664,3.102372884750366,5.495456695556641,3.102372884750366,2.572075128555298,2.3930838108062744,0.17899131774902344,0.6388888888888888,0.676056338028169,0.6388888888888888,cold_scaffold,split2026,1,StructRSMA: Contact500 pretraining plus SCA
1006,5.494850158691406,5.093127250671387,5.494850158691406,4.626411437988281,5.494850158691406,0.40172290802001953,0.868438720703125,-0.46671581268310547,0.5,0.2075471698113207,0.2075471698113207,cold_scaffold,split2026,1,StructRSMA: Contact500 pretraining plus SCA
100,5.455932140350342,5.270687103271484,5.455932140350342,5.218308448791504,5.455932140350342,0.18524503707885742,0.2376236915588379,-0.05237865447998047,0.9310344827586208,0.16,0.16,cold_scaffold,split2026,1,StructRSMA: Contact500 pretraining plus SCA
1208,6.721246242523193,6.623770236968994,6.721246242523193,6.269787311553955,6.721246242523193,0.09747600555419922,0.4514589309692383,-0.35398292541503906,0.5454545454545454,0.2894736842105263,0.2894736842105263,cold_scaffold,split2026,1,StructRSMA: Contact500 pretraining plus SCA
143,3.844663858413696,5.021868705749512,3.844663858413696,4.734095573425293,3.844663858413696,1.1772048473358159,0.8894317150115971,0.28777313232421875,0.9310344827586208,0.2241379310344827,0.2241379310344827,cold_scaffold,split2026,1,StructRSMA: Contact500 pretraining plus SCA
1771,8.593460083007812,6.245548725128174,8.593460083007812,6.254504203796387,8.593460083007812,2.3479113578796387,2.338955879211426,0.00895547866821289,0.65,0.5873015873015873,0.5873015873015873,cold_scaffold,split2026,1,StructRSMA: Contact500 pretraining plus SCA
321,7.0,5.203269004821777,7.0,5.758000373840332,7.0,1.7967309951782227,1.241999626159668,0.5547313690185547,0.9310344827586208,0.5873015873015873,0.5873015873015873,cold_scaffold,split2026,1,StructRSMA: Contact500 pretraining plus SCA
844,4.823908805847168,6.258240699768066,4.823908805847168,5.811579704284668,4.823908805847168,1.4343318939208984,0.9876708984375,0.44666099548339844,0.55,1.0,0.55,cold_scaffold,split2026,1,StructRSMA: Contact500 pretraining plus SCA
815,5.660548686981201,5.154853820800781,5.660548686981201,5.641443252563477,5.660548686981201,0.5056948661804199,0.01910543441772461,0.4865894317626953,0.4848484848484848,0.8809523809523809,0.4848484848484848,cold_scaffold,split2026,1,StructRSMA: Contact500 pretraining plus SCA
2433,7.15490198135376,6.49843168258667,7.15490198135376,6.202784538269043,7.15490198135376,0.6564702987670898,0.9521174430847168,-0.29564714431762695,0.5,1.0,0.5,cold_scaffold,split2026,1,StructRSMA: Contact500 pretraining plus SCA
1334,5.318758964538574,5.883769035339356,5.318758964538574,6.016201496124268,5.318758964538574,0.5650100708007821,0.6974425315856934,-0.13243246078491122,0.5588235294117647,0.175,0.175,cold_scaffold,split2026,1,StructRSMA: Contact500 pretraining plus SCA
2427,6.92081880569458,6.31061315536499,6.92081880569458,6.316266059875488,6.92081880569458,0.6102056503295898,0.6045527458190918,0.005652904510498047,0.5,1.0,0.5,cold_scaffold,split2026,1,StructRSMA: Contact500 pretraining plus SCA
952,6.187086582183838,5.824086666107178,6.187086582183838,6.308826446533203,6.187086582183838,0.36299991607666016,0.12173986434936523,0.24126005172729492,1.0,0.1796875,0.1796875,cold_scaffold,split2026,1,StructRSMA: Contact500 pretraining plus SCA
612,4.408935546875,5.1281418800354,4.408935546875,5.691649436950684,4.408935546875,0.7192063331604004,1.2827138900756836,-0.5635075569152832,0.9310344827586208,0.4307692307692308,0.4307692307692308,cold_scaffold,split2026,1,StructRSMA: Contact500 pretraining plus SCA
1590,5.096909999847412,6.172274112701416,5.096909999847412,6.156267166137695,5.096909999847412,1.075364112854004,1.0593571662902832,0.016006946563720703,0.5,0.5873015873015873,0.5,cold_scaffold,split2026,1,StructRSMA: Contact500 pretraining plus SCA
1612,4.943095207214356,5.456715106964111,4.943095207214356,5.8441162109375,4.943095207214356,0.513619899749755,0.9010210037231436,-0.38740110397338867,0.5217391304347826,0.2638888888888889,0.2638888888888889,cold_scaffold,split2026,1,StructRSMA: Contact500 pretraining plus SCA
242,5.698969841003418,5.137986183166504,5.698969841003418,4.788736343383789,5.698969841003418,0.5609836578369141,0.9102334976196289,-0.34924983978271484,1.0,0.6415094339622641,0.6415094339622641,cold_scaffold,split2026,1,StructRSMA: Contact500 pretraining plus SCA
381,7.096909999847412,5.197260856628418,7.096909999847412,5.093915939331055,7.096909999847412,1.8996491432189941,2.0029940605163574,-0.10334491729736328,0.9310344827586208,0.8809523809523809,0.8809523809523809,cold_scaffold,split2026,1,StructRSMA: Contact500 pretraining plus SCA
2062,5.241845607757568,4.964709758758545,5.241845607757568,5.8325910568237305,5.241845607757568,0.27713584899902344,0.5907454490661621,-0.31360960006713867,0.7142857142857143,0.2741935483870967,0.2741935483870967,cold_scaffold,split2026,1,StructRSMA: Contact500 pretraining plus SCA
2279,6.274088382720947,5.893956184387207,6.274088382720947,6.781000137329102,6.274088382720947,0.38013219833374023,0.5069117546081543,-0.12677955627441406,0.5357142857142857,0.1529411764705882,0.1529411764705882,cold_scaffold,split2026,1,StructRSMA: Contact500 pretraining plus SCA
404,6.0,5.500720024108887,6.0,5.939087390899658,6.0,0.4992799758911133,0.0609126091003418,0.4383673667907715,0.1363636363636363,0.2023809523809523,0.1363636363636363,cold_scaffold,split2026,1,StructRSMA: Contact500 pretraining plus SCA
2465,5.54775333404541,4.878483772277832,5.54775333404541,5.248755931854248,5.54775333404541,0.6692695617675781,0.2989974021911621,0.370272159576416,0.6153846153846154,1.0,0.6153846153846154,cold_scaffold,split2026,1,StructRSMA: Contact500 pretraining plus SCA
2456,5.594482898712158,4.945408344268799,5.594482898712158,5.274753570556641,5.594482898712158,0.6490745544433594,0.3197293281555176,0.3293452262878418,0.5151515151515151,1.0,0.5151515151515151,cold_scaffold,split2026,1,StructRSMA: Contact500 pretraining plus SCA
663,3.0,4.804452419281006,3.0,4.468201160430908,3.0,1.8044524192810059,1.4682011604309082,0.33625125885009766,0.9310344827586208,0.1643835616438356,0.1643835616438356,cold_scaffold,split2026,1,StructRSMA: Contact500 pretraining plus SCA
2194,4.92081880569458,5.631585121154785,4.92081880569458,6.169548988342285,4.92081880569458,0.7107663154602051,1.248730182647705,-0.5379638671875,0.5625,0.8297872340425532,0.5625,cold_scaffold,split2026,1,StructRSMA: Contact500 pretraining plus SCA
2282,6.221848964691162,5.906088829040527,6.221848964691162,6.742602825164795,6.221848964691162,0.31576013565063477,0.5207538604736328,-0.20499372482299805,0.5595238095238095,0.1529411764705882,0.1529411764705882,cold_scaffold,split2026,1,StructRSMA: Contact500 pretraining plus SCA
2261,6.653646945953369,5.93729305267334,6.653646945953369,5.8932390213012695,6.653646945953369,0.7163538932800293,0.7604079246520996,-0.04405403137207031,0.5357142857142857,0.16,0.16,cold_scaffold,split2026,1,StructRSMA: Contact500 pretraining plus SCA
1616,5.251811981201172,5.195643424987793,5.251811981201172,5.474969863891602,5.251811981201172,0.056168556213378906,0.2231578826904297,-0.16698932647705078,0.5945945945945945,0.2696629213483146,0.2696629213483146,cold_scaffold,split2026,1,StructRSMA: Contact500 pretraining plus SCA
1521,4.77211332321167,5.746413707733154,4.77211332321167,5.981169700622559,4.77211332321167,0.9743003845214844,1.2090563774108887,-0.2347559928894043,0.96,0.2705882352941176,0.2705882352941176,cold_scaffold,split2026,1,StructRSMA: Contact500 pretraining plus SCA
417,9.09691047668457,5.831884860992432,9.09691047668457,5.845077037811279,9.09691047668457,3.2650256156921387,3.251833438873291,0.013192176818847656,0.5428571428571429,0.16,0.16,cold_scaffold,split2026,1,StructRSMA: Contact500 pretraining plus SCA
1314,3.795880079269409,5.412627220153809,3.795880079269409,6.230332851409912,3.795880079269409,1.6167471408843994,2.434452772140503,-0.8177056312561035,0.5,0.2696629213483146,0.2696629213483146,cold_scaffold,split2026,1,StructRSMA: Contact500 pretraining plus SCA
103,5.7695512771606445,5.050479888916016,5.7695512771606445,4.838531494140625,5.7695512771606445,0.7190713882446289,0.9310197830200195,-0.21194839477539062,0.9310344827586208,1.0,0.9310344827586208,cold_scaffold,split2026,1,StructRSMA: Contact500 pretraining plus SCA
2085,5.692503929138184,4.947436332702637,5.692503929138184,5.921774864196777,5.692503929138184,0.7450675964355469,0.22927093505859375,0.5157966613769531,0.6666666666666667,0.2741935483870967,0.2741935483870967,cold_scaffold,split2026,1,StructRSMA: Contact500 pretraining plus SCA
343,5.301030158996582,5.176995754241943,5.301030158996582,5.800919532775879,5.301030158996582,0.12403440475463867,0.4998893737792969,-0.3758549690246582,0.9310344827586208,0.5054945054945055,0.5054945054945055,cold_scaffold,split2026,1,StructRSMA: Contact500 pretraining plus SCA
2147,5.568636417388916,5.747135639190674,5.568636417388916,5.78188419342041,5.568636417388916,0.1784992218017578,0.21324777603149414,-0.03474855422973633,0.6111111111111112,0.8809523809523809,0.6111111111111112,cold_scaffold,split2026,1,StructRSMA: Contact500 pretraining plus SCA
2263,8.533132553100586,6.105632305145264,8.533132553100586,5.833289623260498,8.533132553100586,2.4275002479553223,2.699842929840088,-0.2723426818847656,0.5595238095238095,0.16,0.16,cold_scaffold,split2026,1,StructRSMA: Contact500 pretraining plus SCA
925,3.0,4.51139497756958,3.0,5.6866631507873535,3.0,1.51139497756958,2.6866631507873535,-1.1752681732177734,0.6190476190476191,0.2571428571428571,0.2571428571428571,cold_scaffold,split2026,1,StructRSMA: Contact500 pretraining plus SCA
1379,5.356547355651856,5.837774753570557,5.356547355651856,5.788125991821289,5.356547355651856,0.4812273979187003,0.4315786361694327,0.04964876174926758,0.5588235294117647,0.1929824561403508,0.1929824561403508,cold_scaffold,split2026,1,StructRSMA: Contact500 pretraining plus SCA
2436,6.522878646850586,6.306033611297607,6.522878646850586,6.000129699707031,6.522878646850586,0.21684503555297852,0.5227489471435547,-0.30590391159057617,0.5,1.0,0.5,cold_scaffold,split2026,1,StructRSMA: Contact500 pretraining plus SCA
678,3.958607196807861,4.599678993225098,3.958607196807861,4.538300037384033,3.958607196807861,0.6410717964172368,0.5796928405761723,0.06137895584106445,0.9310344827586208,0.1774193548387097,0.1774193548387097,cold_scaffold,split2026,1,StructRSMA: Contact500 pretraining plus SCA
824,4.698969841003418,5.7679123878479,4.698969841003418,5.582774639129639,4.698969841003418,1.0689425468444824,0.8838047981262207,0.18513774871826172,0.5853658536585367,1.0,0.5853658536585367,cold_scaffold,split2026,1,StructRSMA: Contact500 pretraining plus SCA
1417,3.995678663253784,6.483181953430176,3.995678663253784,5.635353088378906,3.995678663253784,2.4875032901763916,1.639674425125122,0.8478288650512695,0.4927536231884057,0.4666666666666667,0.4666666666666667,cold_scaffold,split2026,1,StructRSMA: Contact500 pretraining plus SCA
1197,7.119186401367188,5.193688869476318,7.119186401367188,6.404251575469971,7.119186401367188,1.92549753189087,0.7149348258972177,1.2105627059936523,0.5555555555555556,0.2285714285714285,0.2285714285714285,cold_scaffold,split2026,1,StructRSMA: Contact500 pretraining plus SCA
2259,8.97881031036377,5.849533081054688,8.97881031036377,5.823509216308594,8.97881031036377,3.129277229309081,3.155301094055176,-0.026023864746094638,0.5357142857142857,0.16,0.16,cold_scaffold,split2026,1,StructRSMA: Contact500 pretraining plus SCA
1740,4.79587984085083,5.424835205078125,4.79587984085083,5.876785755157471,4.79587984085083,0.6289553642272949,1.0809059143066406,-0.4519505500793457,0.515625,0.2716049382716049,0.2716049382716049,cold_scaffold,split2026,1,StructRSMA: Contact500 pretraining plus SCA
1236,5.221848964691162,5.264052867889404,5.221848964691162,5.817799091339111,5.221848964691162,0.04220390319824219,0.5959501266479492,-0.553746223449707,0.5657894736842105,0.25,0.25,cold_scaffold,split2026,1,StructRSMA: Contact500 pretraining plus SCA
318,7.769551277160644,5.596940994262695,7.769551277160644,5.435877323150635,7.769551277160644,2.1726102828979483,2.333673954010009,-0.16106367111206055,1.0,0.1621621621621621,0.1621621621621621,cold_scaffold,split2026,1,StructRSMA: Contact500 pretraining plus SCA
1580,4.79587984085083,5.985782623291016,4.79587984085083,5.364001274108887,4.79587984085083,1.1899027824401855,0.5681214332580566,0.6217813491821289,0.5116279069767442,0.7,0.5116279069767442,cold_scaffold,split2026,1,StructRSMA: Contact500 pretraining plus SCA
817,4.698969841003418,5.919451713562012,4.698969841003418,5.695853233337402,4.698969841003418,1.2204818725585938,0.9968833923339844,0.22359848022460938,0.5853658536585367,0.676056338028169,0.5853658536585367,cold_scaffold,split2026,1,StructRSMA: Contact500 pretraining plus SCA
2280,5.7695512771606445,5.8180766105651855,5.7695512771606445,6.830758094787598,5.7695512771606445,0.048525333404541016,1.0612068176269531,-1.012681484222412,0.5357142857142857,0.1395348837209302,0.1395348837209302,cold_scaffold,split2026,1,StructRSMA: Contact500 pretraining plus SCA
1926,4.317854881286621,6.229909420013428,4.317854881286621,5.208693027496338,4.317854881286621,1.9120545387268066,0.8908381462097168,1.0212163925170898,0.5238095238095238,0.1647058823529411,0.1647058823529411,cold_scaffold,split2026,1,StructRSMA: Contact500 pretraining plus SCA
2418,6.537601947784424,6.033298969268799,6.537601947784424,6.2775959968566895,6.537601947784424,0.504302978515625,0.2600059509277344,0.24429702758789062,0.5227272727272727,1.0,0.5227272727272727,cold_scaffold,split2026,1,StructRSMA: Contact500 pretraining plus SCA
800,5.3665313720703125,5.338593482971191,5.3665313720703125,4.899558067321777,5.3665313720703125,0.027937889099121094,0.46697330474853516,-0.43903541564941406,1.0,1.0,1.0,cold_scaffold,split2026,1,StructRSMA: Contact500 pretraining plus SCA
2174,5.744727611541748,5.376546859741211,5.744727611541748,5.484123706817627,5.744727611541748,0.3681807518005371,0.2606039047241211,0.10757684707641602,0.5555555555555556,0.8085106382978723,0.5555555555555556,cold_scaffold,split2026,1,StructRSMA: Contact500 pretraining plus SCA
2277,5.578395843505859,5.810452461242676,5.578395843505859,6.808732509613037,5.578395843505859,0.2320566177368164,1.2303366661071777,-0.9982800483703613,0.5357142857142857,0.1395348837209302,0.1395348837209302,cold_scaffold,split2026,1,StructRSMA: Contact500 pretraining plus SCA
1393,4.279840469360352,6.579290390014648,4.279840469360352,5.771276473999023,4.279840469360352,2.299449920654297,1.4914360046386719,0.808013916015625,0.5074626865671642,0.3663366336633663,0.3663366336633663,cold_scaffold,split2026,1,StructRSMA: Contact500 pretraining plus SCA
1060,5.397940158843994,7.757850170135498,5.397940158843994,7.369652271270752,5.397940158843994,2.359910011291504,1.9717121124267578,0.3881978988647461,0.525,0.2148148148148148,0.2148148148148148,cold_scaffold,split2026,1,StructRSMA: Contact500 pretraining plus SCA
1064,5.92081880569458,7.478789806365967,5.92081880569458,7.134638786315918,5.92081880569458,1.5579710006713867,1.213819980621338,0.34415102005004883,0.5423728813559322,0.2148148148148148,0.2148148148148148,cold_scaffold,split2026,1,StructRSMA: Contact500 pretraining plus SCA
1614,5.337242126464844,5.311041831970215,5.337242126464844,5.381958484649658,5.337242126464844,0.026200294494628906,0.04471635818481445,-0.018516063690185547,0.6296296296296297,0.2696629213483146,0.2696629213483146,cold_scaffold,split2026,1,StructRSMA: Contact500 pretraining plus SCA
825,5.443697452545166,5.746553421020508,5.443697452545166,6.081068992614746,5.443697452545166,0.3028559684753418,0.6373715400695801,-0.3345155715942383,0.5853658536585367,0.5873015873015873,0.5853658536585367,cold_scaffold,split2026,1,StructRSMA: Contact500 pretraining plus SCA
2144,5.1674909591674805,5.747252941131592,5.1674909591674805,5.786962509155273,5.1674909591674805,0.5797619819641113,0.619471549987793,-0.03970956802368164,0.6111111111111112,0.7555555555555555,0.6111111111111112,cold_scaffold,split2026,1,StructRSMA: Contact500 pretraining plus SCA
2262,6.707744121551514,5.949418544769287,6.707744121551514,5.79130744934082,6.707744121551514,0.7583255767822266,0.9164366722106934,-0.1581110954284668,0.5595238095238095,0.16,0.16,cold_scaffold,split2026,1,StructRSMA: Contact500 pretraining plus SCA
1234,3.443697452545166,6.306215286254883,3.443697452545166,5.0681891441345215,3.443697452545166,2.862517833709717,1.6244916915893555,1.2380261421203613,0.8076923076923077,1.0,0.8076923076923077,cold_scaffold,split2026,1,StructRSMA: Contact500 pretraining plus SCA
2043,5.055517196655273,6.155868053436279,5.055517196655273,6.44970703125,5.055517196655273,1.1003508567810059,1.3941898345947266,-0.2938389778137207,0.6923076923076923,0.3144654088050314,0.3144654088050314,cold_scaffold,split2026,1,StructRSMA: Contact500 pretraining plus SCA
2220,6.08092212677002,5.930157661437988,6.08092212677002,5.7048020362854,6.08092212677002,0.15076446533203214,0.37612009048462003,-0.2253556251525879,0.5853658536585367,0.8913043478260869,0.5853658536585367,cold_scaffold,split2026,1,StructRSMA: Contact500 pretraining plus SCA
1520,4.8181562423706055,5.803072929382324,4.8181562423706055,6.165249824523926,4.8181562423706055,0.9849166870117188,1.3470935821533203,-0.36217689514160156,0.96,0.2045454545454545,0.2045454545454545,cold_scaffold,split2026,1,StructRSMA: Contact500 pretraining plus SCA
317,8.301030158996582,5.627202987670898,8.301030158996582,5.3924560546875,8.301030158996582,2.6738271713256836,2.908574104309082,-0.23474693298339844,1.0,0.5714285714285714,0.5714285714285714,cold_scaffold,split2026,1,StructRSMA: Contact500 pretraining plus SCA
2179,6.0,5.376514911651611,6.0,5.478584289550781,6.0,0.6234850883483887,0.5214157104492188,0.10206937789916992,0.5555555555555556,0.8297872340425532,0.5555555555555556,cold_scaffold,split2026,1,StructRSMA: Contact500 pretraining plus SCA
289,5.698969841003418,5.217830657958984,5.698969841003418,5.642685890197754,5.698969841003418,0.4811391830444336,0.05628395080566406,0.42485523223876953,0.1366931308249913,0.1486486486486486,0.1366931308249913,cold_scaffold,split2026,1,StructRSMA: Contact500 pretraining plus SCA
2221,5.1674909591674805,5.611162662506104,5.1674909591674805,5.5264177322387695,5.1674909591674805,0.44367170333862394,0.35892677307128906,0.08474493026733487,0.5853658536585367,0.8809523809523809,0.5853658536585367,cold_scaffold,split2026,1,StructRSMA: Contact500 pretraining plus SCA
198,5.669586181640625,5.794453144073486,5.669586181640625,6.507673740386963,5.669586181640625,0.12486696243286133,0.8380875587463379,-0.7132205963134766,0.2561608300907911,0.8809523809523809,0.2561608300907911,cold_scaffold,split2026,1,StructRSMA: Contact500 pretraining plus SCA
915,3.0,4.505858898162842,3.0,5.424206733703613,3.0,1.5058588981628418,2.4242067337036133,-0.9183478355407715,0.625,0.2571428571428571,0.2571428571428571,cold_scaffold,split2026,1,StructRSMA: Contact500 pretraining plus SCA
2258,5.292429924011231,5.465439319610596,5.292429924011231,5.592038154602051,5.292429924011231,0.17300939559936435,0.2996082305908194,-0.12659883499145508,0.5454545454545454,0.8297872340425532,0.5454545454545454,cold_scaffold,split2026,1,StructRSMA: Contact500 pretraining plus SCA
205,4.853871822357178,5.784116268157959,4.853871822357178,5.858363151550293,4.853871822357178,0.9302444458007812,1.0044913291931152,-0.07424688339233398,1.0,0.180327868852459,0.180327868852459,cold_scaffold,split2026,1,StructRSMA: Contact500 pretraining plus SCA
951,6.3665313720703125,5.828363418579102,6.3665313720703125,6.313759326934815,6.3665313720703125,0.5381679534912109,0.05277204513549716,0.4853959083557138,1.0,0.1864406779661017,0.1864406779661017,cold_scaffold,split2026,1,StructRSMA: Contact500 pretraining plus SCA
384,4.397940158843994,7.275193214416504,4.397940158843994,6.308435440063477,4.397940158843994,2.8772530555725098,1.9104952812194824,0.9667577743530273,0.135523613963039,0.2023809523809523,0.135523613963039,cold_scaffold,split2026,1,StructRSMA: Contact500 pretraining plus SCA
309,5.481485843658447,5.5987629890441895,5.481485843658447,5.03856897354126,5.481485843658447,0.11727714538574219,0.4429168701171875,-0.3256397247314453,0.5925925925925926,1.0,0.5925925925925926,cold_scaffold,split2026,1,StructRSMA: Contact500 pretraining plus SCA
971,5.397940158843994,5.307472229003906,5.397940158843994,5.9567413330078125,5.397940158843994,0.09046792984008789,0.5588011741638184,-0.46833324432373047,0.6388888888888888,0.1904761904761904,0.1904761904761904,cold_scaffold,split2026,1,StructRSMA: Contact500 pretraining plus SCA
2442,6.92081880569458,6.494366645812988,6.92081880569458,6.331365585327148,6.92081880569458,0.4264521598815918,0.5894532203674316,-0.16300106048583984,0.5,1.0,0.5,cold_scaffold,split2026,1,StructRSMA: Contact500 pretraining plus SCA
1586,3.8728952407836914,6.211527347564697,3.8728952407836914,5.588198661804199,3.8728952407836914,2.338632106781006,1.7153034210205078,0.623328685760498,0.5116279069767442,0.676056338028169,0.5116279069767442,cold_scaffold,split2026,1,StructRSMA: Contact500 pretraining plus SCA
2260,6.79048490524292,5.9296650886535645,6.79048490524292,5.768773555755615,6.79048490524292,0.8608198165893555,1.0217113494873047,-0.16089153289794922,0.5357142857142857,0.16,0.16,cold_scaffold,split2026,1,StructRSMA: Contact500 pretraining plus SCA
2271,8.749580383300781,5.867041110992432,8.749580383300781,6.773016929626465,8.749580383300781,2.8825392723083496,1.9765634536743164,0.9059758186340332,0.5476190476190477,0.1529411764705882,0.1529411764705882,cold_scaffold,split2026,1,StructRSMA: Contact500 pretraining plus SCA
117,5.045757293701172,4.948760986328125,5.045757293701172,4.74996280670166,5.045757293701172,0.09699630737304688,0.2957944869995117,-0.19879817962646484,0.9310344827586208,0.2098765432098765,0.2098765432098765,cold_scaffold,split2026,1,StructRSMA: Contact500 pretraining plus SCA
2268,8.557519912719727,5.774580478668213,8.557519912719727,6.824335098266602,8.557519912719727,2.7829394340515137,1.733184814453125,1.0497546195983887,0.5476190476190477,0.1627906976744186,0.1627906976744186,cold_scaffold,split2026,1,StructRSMA: Contact500 pretraining plus SCA
2189,5.522878646850586,5.631617069244385,5.522878646850586,6.177515029907227,5.522878646850586,0.10873842239379883,0.6546363830566406,-0.5458979606628418,0.5625,0.8085106382978723,0.5625,cold_scaffold,split2026,1,StructRSMA: Contact500 pretraining plus SCA
2093,5.692503929138184,5.119486331939697,5.692503929138184,5.4445576667785645,5.692503929138184,0.5730175971984863,0.24794626235961914,0.3250713348388672,0.5789473684210527,0.2741935483870967,0.2741935483870967,cold_scaffold,split2026,1,StructRSMA: Contact500 pretraining plus SCA
115,3.795880079269409,4.569117069244385,3.795880079269409,4.632778167724609,3.795880079269409,0.7732369899749756,0.8368980884552002,-0.06366109848022461,0.9310344827586208,0.275,0.275,cold_scaffold,split2026,1,StructRSMA: Contact500 pretraining plus SCA
2224,5.301030158996582,5.930599689483643,5.301030158996582,5.716782569885254,5.301030158996582,0.6295695304870605,0.4157524108886719,0.21381711959838867,0.5853658536585367,0.8297872340425532,0.5853658536585367,cold_scaffold,split2026,1,StructRSMA: Contact500 pretraining plus SCA
839,4.522878646850586,6.088119029998779,4.522878646850586,5.805670738220215,4.522878646850586,1.5652403831481934,1.282792091369629,0.28244829177856445,0.55,1.0,0.55,cold_scaffold,split2026,1,StructRSMA: Contact500 pretraining plus SCA
2270,8.008773803710938,5.791141986846924,8.008773803710938,6.837176322937012,8.008773803710938,2.2176318168640137,1.1715974807739258,1.046034336090088,0.5476190476190477,0.1395348837209302,0.1395348837209302,cold_scaffold,split2026,1,StructRSMA: Contact500 pretraining plus SCA
286,6.142667293548584,5.403835773468018,6.142667293548584,4.769441604614258,6.142667293548584,0.7388315200805664,1.3732256889343262,-0.6343941688537598,0.6111111111111112,0.391304347826087,0.391304347826087,cold_scaffold,split2026,1,StructRSMA: Contact500 pretraining plus SCA
1583,4.356547355651856,6.038290500640869,4.356547355651856,5.334383964538574,4.356547355651856,1.6817431449890128,0.9778366088867179,0.7039065361022949,0.5116279069767442,1.0,0.5116279069767442,cold_scaffold,split2026,1,StructRSMA: Contact500 pretraining plus SCA
1316,3.795880079269409,5.174262523651123,3.795880079269409,5.57642936706543,3.795880079269409,1.3783824443817139,1.7805492877960205,-0.40216684341430664,0.6,0.2696629213483146,0.2696629213483146,cold_scaffold,split2026,1,StructRSMA: Contact500 pretraining plus SCA
1779,6.721246242523193,7.159415721893311,6.721246242523193,6.901242256164551,6.721246242523193,0.4381694793701181,0.17999601364135742,0.25817346572876065,0.5211267605633803,0.16,0.16,cold_scaffold,split2026,1,StructRSMA: Contact500 pretraining plus SCA
1765,8.288192749023438,6.250569820404053,8.288192749023438,6.235722541809082,8.288192749023438,2.0376229286193848,2.0524702072143555,-0.014847278594970703,0.675,0.5873015873015873,0.5873015873015873,cold_scaffold,split2026,1,StructRSMA: Contact500 pretraining plus SCA
950,6.455932140350342,5.860273361206055,6.455932140350342,6.362977981567383,6.455932140350342,0.5956587791442871,0.09295415878295898,0.5027046203613281,1.0,0.1721311475409836,0.1721311475409836,cold_scaffold,split2026,1,StructRSMA: Contact500 pretraining plus SCA
1200,4.301030158996582,5.3165283203125,4.301030158996582,6.252555847167969,4.301030158996582,1.015498161315918,1.9515256881713867,-0.9360275268554688,0.515625,0.2285714285714285,0.2285714285714285,cold_scaffold,split2026,1,StructRSMA: Contact500 pretraining plus SCA
408,3.324221611022949,5.440937519073486,3.324221611022949,5.726974487304688,3.324221611022949,2.116715908050537,2.402752876281739,-0.28603696823120206,0.1363636363636363,0.1976744186046511,0.1363636363636363,cold_scaffold,split2026,1,StructRSMA: Contact500 pretraining plus SCA
640,5.698969841003418,4.925027370452881,5.698969841003418,5.108365058898926,5.698969841003418,0.7739424705505371,0.5906047821044922,0.18333768844604492,0.9310344827586208,0.348314606741573,0.348314606741573,cold_scaffold,split2026,1,StructRSMA: Contact500 pretraining plus SCA
1767,6.829738140106201,6.242313385009766,6.829738140106201,6.200183868408203,6.829738140106201,0.5874247550964355,0.629554271697998,-0.0421295166015625,0.65,0.5873015873015873,0.5873015873015873,cold_scaffold,split2026,1,StructRSMA: Contact500 pretraining plus SCA
847,6.0,5.711251735687256,6.0,6.048879146575928,6.0,0.28874826431274414,0.048879146575927734,0.2398691177368164,0.5657894736842105,0.676056338028169,0.5657894736842105,cold_scaffold,split2026,1,StructRSMA: Contact500 pretraining plus SCA
2246,4.187086582183838,5.282323360443115,4.187086582183838,6.025481224060059,4.187086582183838,1.0952367782592773,1.8383946418762207,-0.7431578636169434,0.5454545454545454,0.5873015873015873,0.5454545454545454,cold_scaffold,split2026,1,StructRSMA: Contact500 pretraining plus SCA
2218,4.721246242523193,5.611279487609863,4.721246242523193,5.532401084899902,4.721246242523193,0.8900332450866699,0.811154842376709,0.07887840270996094,0.5853658536585367,0.7555555555555555,0.5853658536585367,cold_scaffold,split2026,1,StructRSMA: Contact500 pretraining plus SCA
999,4.958607196807861,6.173563480377197,4.958607196807861,5.624913692474365,4.958607196807861,1.214956283569336,0.6663064956665039,0.548649787902832,0.5084745762711864,0.1967213114754098,0.1967213114754098,cold_scaffold,split2026,1,StructRSMA: Contact500 pretraining plus SCA
2435,7.0,6.302624225616455,7.0,6.052781105041504,7.0,0.6973757743835449,0.9472188949584961,-0.24984312057495117,0.5,0.8809523809523809,0.5,cold_scaffold,split2026,1,StructRSMA: Contact500 pretraining plus SCA
1602,4.732828140258789,5.709029197692871,4.732828140258789,5.636978626251221,4.732828140258789,0.976201057434082,0.9041504859924316,0.07205057144165039,0.5217391304347826,0.2891566265060241,0.2891566265060241,cold_scaffold,split2026,1,StructRSMA: Contact500 pretraining plus SCA
794,3.823908805847168,5.496654987335205,3.823908805847168,5.303107738494873,3.823908805847168,1.672746181488037,1.479198932647705,0.19354724884033203,0.6388888888888888,0.8809523809523809,0.6388888888888888,cold_scaffold,split2026,1,StructRSMA: Contact500 pretraining plus SCA
2056,6.368556022644043,5.0621256828308105,6.368556022644043,4.418430328369141,6.368556022644043,1.3064303398132324,1.9501256942749023,-0.6436953544616699,1.0,0.4729729729729729,0.4729729729729729,cold_scaffold,split2026,1,StructRSMA: Contact500 pretraining plus SCA
2249,5.79587984085083,5.465470790863037,5.79587984085083,5.600664615631104,5.79587984085083,0.33040904998779297,0.19521522521972567,0.1351938247680673,0.5454545454545454,0.8085106382978723,0.5454545454545454,cold_scaffold,split2026,1,StructRSMA: Contact500 pretraining plus SCA
2251,5.091515064239502,5.1447367668151855,5.091515064239502,5.502994537353516,5.091515064239502,0.053221702575683594,0.41147947311401367,-0.3582577705383301,0.5454545454545454,0.8809523809523809,0.5454545454545454,cold_scaffold,split2026,1,StructRSMA: Contact500 pretraining plus SCA
1818,6.236571788787842,5.270580291748047,6.236571788787842,4.747528076171875,6.236571788787842,0.9659914970397949,1.4890437126159668,-0.5230522155761719,0.5869565217391304,0.4565217391304347,0.4565217391304347,cold_scaffold,split2026,1,StructRSMA: Contact500 pretraining plus SCA
970,4.886056423187256,5.196238517761231,4.886056423187256,5.768699645996094,4.886056423187256,0.3101820945739755,0.8826432228088379,-0.5724611282348624,0.6388888888888888,0.1923076923076923,0.1923076923076923,cold_scaffold,split2026,1,StructRSMA: Contact500 pretraining plus SCA
2499,5.522878646850586,5.321883201599121,5.522878646850586,5.956303596496582,5.522878646850586,0.20099544525146484,0.4334249496459961,-0.23242950439453125,0.6388888888888888,0.1904761904761904,0.1904761904761904,cold_scaffold,split2026,1,StructRSMA: Contact500 pretraining plus SCA
200,5.735182285308838,5.647712230682373,5.735182285308838,6.233306884765625,5.735182285308838,0.08747005462646484,0.4981245994567871,-0.41065454483032227,0.2561608300907911,1.0,0.2561608300907911,cold_scaffold,split2026,1,StructRSMA: Contact500 pretraining plus SCA
138,3.3705904483795166,4.857453346252441,3.3705904483795166,4.554661750793457,3.3705904483795166,1.4868628978729248,1.1840713024139404,0.3027915954589844,0.9310344827586208,0.234375,0.234375,cold_scaffold,split2026,1,StructRSMA: Contact500 pretraining plus SCA
851,4.045757293701172,5.533653736114502,4.045757293701172,5.839023113250732,4.045757293701172,1.48789644241333,1.7932658195495605,-0.30536937713623047,0.5657894736842105,0.8809523809523809,0.5657894736842105,cold_scaffold,split2026,1,StructRSMA: Contact500 pretraining plus SCA
1409,4.472370147705078,6.718811988830566,4.472370147705078,5.984076023101807,4.472370147705078,2.2464418411254883,1.5117058753967285,0.7347359657287598,0.4927536231884057,0.3627450980392157,0.3627450980392157,cold_scaffold,split2026,1,StructRSMA: Contact500 pretraining plus SCA
2444,6.886056423187256,6.298592567443848,6.886056423187256,6.182941913604736,6.886056423187256,0.5874638557434082,0.7031145095825195,-0.11565065383911133,0.5,0.8809523809523809,0.5,cold_scaffold,split2026,1,StructRSMA: Contact500 pretraining plus SCA
1396,4.568636417388916,6.576005458831787,4.568636417388916,5.75739336013794,4.568636417388916,2.007369041442871,1.1887569427490243,0.8186120986938468,0.5074626865671642,0.3663366336633663,0.3663366336633663,cold_scaffold,split2026,1,StructRSMA: Contact500 pretraining plus SCA
1575,4.259637355804443,5.916972637176514,4.259637355804443,5.753523826599121,4.259637355804443,1.6573352813720703,1.4938864707946777,0.16344881057739258,0.5925925925925926,0.1797752808988764,0.1797752808988764,cold_scaffold,split2026,1,StructRSMA: Contact500 pretraining plus SCA
2362,5.698969841003418,5.197260856628418,5.698969841003418,5.093915939331055,5.698969841003418,0.501708984375,0.6050539016723633,-0.10334491729736328,0.9310344827586208,0.8809523809523809,0.8809523809523809,cold_scaffold,split2026,1,StructRSMA: Contact500 pretraining plus SCA
111,3.091515064239502,4.499261856079102,3.091515064239502,4.493409156799316,3.091515064239502,1.4077467918395996,1.4018940925598145,0.005852699279785156,0.9310344827586208,0.2941176470588235,0.2941176470588235,cold_scaffold,split2026,1,StructRSMA: Contact500 pretraining plus SCA
816,5.565750598907471,5.008075714111328,5.565750598907471,5.2982988357543945,5.565750598907471,0.5576748847961426,0.26745176315307617,0.2902231216430664,0.4848484848484848,1.0,0.4848484848484848,cold_scaffold,split2026,1,StructRSMA: Contact500 pretraining plus SCA
132,3.962573528289795,4.626677513122559,3.962573528289795,4.51695728302002,3.962573528289795,0.6641039848327637,0.5543837547302255,0.10972023010253817,0.9310344827586208,0.1351351351351351,0.1351351351351351,cold_scaffold,split2026,1,StructRSMA: Contact500 pretraining plus SCA
1012,4.95078182220459,5.555455684661865,4.95078182220459,5.638967037200928,4.95078182220459,0.6046738624572754,0.6881852149963379,-0.0835113525390625,0.5,0.1967213114754098,0.1967213114754098,cold_scaffold,split2026,1,StructRSMA: Contact500 pretraining plus SCA
2276,6.351640224456787,5.886333465576172,6.351640224456787,6.716307640075684,6.351640224456787,0.46530675888061523,0.3646674156188965,0.10063934326171875,0.5357142857142857,0.1529411764705882,0.1529411764705882,cold_scaffold,split2026,1,StructRSMA: Contact500 pretraining plus SCA
1385,3.838632106781006,6.270350933074951,3.838632106781006,5.334685802459717,3.838632106781006,2.4317188262939453,1.496053695678711,0.9356651306152344,0.5074626865671642,0.4512195121951219,0.4512195121951219,cold_scaffold,split2026,1,StructRSMA: Contact500 pretraining plus SCA
134,3.686132669448853,4.711307525634766,3.686132669448853,4.489602088928223,3.686132669448853,1.0251748561859126,0.8034694194793697,0.22170543670654297,0.9310344827586208,0.1764705882352941,0.1764705882352941,cold_scaffold,split2026,1,StructRSMA: Contact500 pretraining plus SCA
2142,5.6575775146484375,5.881767749786377,5.6575775146484375,6.254480361938477,5.6575775146484375,0.22419023513793945,0.5969028472900391,-0.3727126121520996,0.6111111111111112,0.5873015873015873,0.5873015873015873,cold_scaffold,split2026,1,StructRSMA: Contact500 pretraining plus SCA
2486,4.876148223876953,5.714398384094238,4.876148223876953,5.520963668823242,4.876148223876953,0.8382501602172852,0.6448154449462891,0.1934347152709961,0.6333333333333333,0.8809523809523809,0.6333333333333333,cold_scaffold,split2026,1,StructRSMA: Contact500 pretraining plus SCA
2107,8.113509178161621,6.234299182891846,8.113509178161621,7.344103336334228,8.113509178161621,1.8792099952697754,0.7694058418273935,1.109804153442382,0.1366931308249913,0.1743119266055046,0.1366931308249913,cold_scaffold,split2026,1,StructRSMA: Contact500 pretraining plus SCA
2264,8.58004379272461,5.824980735778809,8.58004379272461,5.795930862426758,8.58004379272461,2.755063056945801,2.7841129302978516,-0.02904987335205078,0.5357142857142857,0.16,0.16,cold_scaffold,split2026,1,StructRSMA: Contact500 pretraining plus SCA
1581,4.6575775146484375,6.307674407958984,4.6575775146484375,5.867423534393311,4.6575775146484375,1.6500968933105469,1.209846019744874,0.44025087356567294,0.5116279069767442,0.4666666666666667,0.4666666666666667,cold_scaffold,split2026,1,StructRSMA: Contact500 pretraining plus SCA
2267,8.705533981323242,5.735042572021484,8.705533981323242,6.733835220336914,8.705533981323242,2.970491409301758,1.9716987609863281,0.9987926483154297,0.5476190476190477,0.1463414634146341,0.1463414634146341,cold_scaffold,split2026,1,StructRSMA: Contact500 pretraining plus SCA
293,8.0,6.018553256988525,8.0,6.967099666595459,8.0,1.9814467430114746,1.032900333404541,0.9485464096069336,0.2561608300907911,0.1578947368421052,0.1578947368421052,cold_scaffold,split2026,1,StructRSMA: Contact500 pretraining plus SCA
282,7.259637355804443,5.394468784332275,7.259637355804443,5.217516899108887,7.259637355804443,1.865168571472168,2.0421204566955566,-0.17695188522338867,0.9310344827586208,1.0,0.9310344827586208,cold_scaffold,split2026,1,StructRSMA: Contact500 pretraining plus SCA
2081,5.56383752822876,4.951396942138672,5.56383752822876,5.784152507781982,5.56383752822876,0.6124405860900879,0.22031497955322266,0.39212560653686523,0.6470588235294117,0.2741935483870967,0.2741935483870967,cold_scaffold,split2026,1,StructRSMA: Contact500 pretraining plus SCA
1773,7.744727611541748,6.2632670402526855,7.744727611541748,6.236771583557129,7.744727611541748,1.4814605712890625,1.5079560279846191,-0.02649545669555664,0.65,0.5873015873015873,0.5873015873015873,cold_scaffold,split2026,1,StructRSMA: Contact500 pretraining plus SCA
1061,5.92081880569458,7.768556118011475,5.92081880569458,7.274463176727295,5.92081880569458,1.8477373123168945,1.3536443710327148,0.4940929412841797,0.525,0.2148148148148148,0.2148148148148148,cold_scaffold,split2026,1,StructRSMA: Contact500 pretraining plus SCA
1259,3.895512819290161,5.279330253601074,3.895512819290161,5.557379722595215,3.895512819290161,1.383817434310913,1.6618669033050537,-0.2780494689941406,1.0,0.3548387096774194,0.3548387096774194,cold_scaffold,split2026,1,StructRSMA: Contact500 pretraining plus SCA
1597,4.026872158050537,6.194581031799316,4.026872158050537,5.565135955810547,4.026872158050537,2.1677088737487793,1.5382637977600098,0.6294450759887695,0.5,1.0,0.5,cold_scaffold,split2026,1,StructRSMA: Contact500 pretraining plus SCA
204,4.853871822357178,6.099181652069092,4.853871822357178,5.706101417541504,4.853871822357178,1.245309829711914,0.8522295951843262,0.3930802345275879,1.0,0.1755725190839694,0.1755725190839694,cold_scaffold,split2026,1,StructRSMA: Contact500 pretraining plus SCA
2171,4.721246242523193,5.193376541137695,4.721246242523193,5.941443920135498,4.721246242523193,0.47213029861450195,1.2201976776123047,-0.7480673789978027,0.5555555555555556,0.5873015873015873,0.5555555555555556,cold_scaffold,split2026,1,StructRSMA: Contact500 pretraining plus SCA
620,4.619788646697998,5.012797355651856,4.619788646697998,5.477346897125244,4.619788646697998,0.3930087089538583,0.8575582504272461,-0.4645495414733878,0.9310344827586208,0.6049382716049383,0.6049382716049383,cold_scaffold,split2026,1,StructRSMA: Contact500 pretraining plus SCA
1591,4.853871822357178,6.364782810211182,4.853871822357178,5.597405433654785,4.853871822357178,1.510910987854004,0.7435336112976074,0.7673773765563965,0.5,1.0,0.5,cold_scaffold,split2026,1,StructRSMA: Contact500 pretraining plus SCA
99,4.705533981323242,6.09785270690918,4.705533981323242,6.365655899047852,4.705533981323242,1.3923187255859375,1.6601219177246094,-0.2678031921386719,0.8571428571428572,0.3144654088050314,0.3144654088050314,cold_scaffold,split2026,1,StructRSMA: Contact500 pretraining plus SCA
2184,5.7695512771606445,5.376514911651611,5.7695512771606445,5.478584289550781,5.7695512771606445,0.3930363655090332,0.2909669876098633,0.10206937789916992,0.5555555555555556,0.8297872340425532,0.5555555555555556,cold_scaffold,split2026,1,StructRSMA: Contact500 pretraining plus SCA
792,4.4202165603637695,5.501806259155273,4.4202165603637695,5.872537136077881,4.4202165603637695,1.081589698791504,1.4523205757141113,-0.3707308769226074,0.6388888888888888,0.5873015873015873,0.5873015873015873,cold_scaffold,split2026,1,StructRSMA: Contact500 pretraining plus SCA
287,4.7695512771606445,5.49143648147583,4.7695512771606445,5.289491653442383,4.7695512771606445,0.7218852043151855,0.5199403762817383,0.20194482803344727,0.6111111111111112,0.4262295081967213,0.4262295081967213,cold_scaffold,split2026,1,StructRSMA: Contact500 pretraining plus SCA
2199,5.022276401519775,5.631585121154785,5.022276401519775,6.169548988342285,5.022276401519775,0.6093087196350098,1.1472725868225098,-0.5379638671875,0.5625,0.8297872340425532,0.5625,cold_scaffold,split2026,1,StructRSMA: Contact500 pretraining plus SCA
1171,8.214670181274414,6.07087516784668,8.214670181274414,5.273647308349609,8.214670181274414,2.1437950134277344,2.9410228729248047,-0.7972278594970703,0.5185185185185186,1.0,0.5185185185185186,cold_scaffold,split2026,1,StructRSMA: Contact500 pretraining plus SCA
2077,5.844664096832275,5.080235958099365,5.844664096832275,5.803074836730957,5.844664096832275,0.7644281387329102,0.04158926010131836,0.7228388786315918,0.6470588235294117,0.2741935483870967,0.2741935483870967,cold_scaffold,split2026,1,StructRSMA: Contact500 pretraining plus SCA
420,7.954677104949951,5.655574321746826,7.954677104949951,6.97135066986084,7.954677104949951,2.299102783203125,0.9833264350891113,1.3157763481140137,0.1366931308249913,0.1530612244897959,0.1366931308249913,cold_scaffold,split2026,1,StructRSMA: Contact500 pretraining plus SCA
403,5.096909999847412,5.9757184982299805,5.096909999847412,7.331221103668213,5.096909999847412,0.8788084983825684,2.234311103820801,-1.3555026054382324,0.1366931308249913,0.174757281553398,0.1366931308249913,cold_scaffold,split2026,1,StructRSMA: Contact500 pretraining plus SCA
2498,4.79587984085083,5.208986282348633,4.79587984085083,5.296056747436523,4.79587984085083,0.41310644149780273,0.5001769065856934,-0.08707046508789062,0.6388888888888888,0.1923076923076923,0.1923076923076923,cold_scaffold,split2026,1,StructRSMA: Contact500 pretraining plus SCA
2447,7.15490198135376,6.3015618324279785,7.15490198135376,6.314774036407471,7.15490198135376,0.8533401489257812,0.8401279449462891,0.013212203979492188,0.5,0.5873015873015873,0.5,cold_scaffold,split2026,1,StructRSMA: Contact500 pretraining plus SCA
2050,6.721246242523193,5.181931972503662,6.721246242523193,5.188533306121826,6.721246242523193,1.5393142700195312,1.5327129364013672,0.0066013336181640625,1.0,0.4057971014492754,0.4057971014492754,cold_scaffold,split2026,1,StructRSMA: Contact500 pretraining plus SCA
1063,4.698969841003418,7.491923809051514,4.698969841003418,6.860924243927002,4.698969841003418,2.7929539680480957,2.161954402923584,0.6309995651245117,0.5434782608695652,0.2148148148148148,0.2148148148148148,cold_scaffold,split2026,1,StructRSMA: Contact500 pretraining plus SCA
1598,3.9393022060394287,6.34560489654541,3.9393022060394287,5.671343326568604,3.9393022060394287,2.4063026905059814,1.7320411205291757,0.6742615699768058,0.5,0.676056338028169,0.5,cold_scaffold,split2026,1,StructRSMA: Contact500 pretraining plus SCA
2419,7.221848964691162,5.88402271270752,7.221848964691162,5.985877990722656,7.221848964691162,1.3378262519836417,1.2359709739685059,0.10185527801513583,0.5227272727272727,1.0,0.5227272727272727,cold_scaffold,split2026,1,StructRSMA: Contact500 pretraining plus SCA
1847,5.958607196807861,6.328281879425049,5.958607196807861,5.085660934448242,5.958607196807861,0.3696746826171875,0.8729462623596191,-0.5032715797424316,0.5319148936170213,1.0,0.5319148936170213,cold_scaffold,split2026,1,StructRSMA: Contact500 pretraining plus SCA
2466,5.477816581726074,5.029933452606201,5.477816581726074,5.963496685028076,5.477816581726074,0.44788312911987305,0.48568010330200195,-0.037796974182128906,0.6153846153846154,0.5873015873015873,0.5873015873015873,cold_scaffold,split2026,1,StructRSMA: Contact500 pretraining plus SCA
347,6.045757293701172,5.299797534942627,6.045757293701172,5.867746353149414,6.045757293701172,0.7459597587585449,0.1780109405517578,0.5679488182067871,0.9310344827586208,0.6547619047619048,0.6547619047619048,cold_scaffold,split2026,1,StructRSMA: Contact500 pretraining plus SCA
681,3.0,4.523383617401123,3.0,4.424154758453369,3.0,1.523383617401123,1.4241547584533691,0.0992288589477539,0.9310344827586208,0.1833333333333333,0.1833333333333333,cold_scaffold,split2026,1,StructRSMA: Contact500 pretraining plus SCA
845,5.221848964691162,5.91658353805542,5.221848964691162,5.500837326049805,5.221848964691162,0.6947345733642578,0.2789883613586426,0.41574621200561523,0.55,1.0,0.55,cold_scaffold,split2026,1,StructRSMA: Contact500 pretraining plus SCA
826,5.0,5.745628356933594,5.0,5.450762748718262,5.0,0.7456283569335938,0.4507627487182617,0.29486560821533203,0.5853658536585367,1.0,0.5853658536585367,cold_scaffold,split2026,1,StructRSMA: Contact500 pretraining plus SCA
1016,5.6575775146484375,5.322329044342041,5.6575775146484375,4.488194942474365,5.6575775146484375,0.3352484703063965,1.1693825721740723,-0.8341341018676758,0.5833333333333333,0.2075471698113207,0.2075471698113207,cold_scaffold,split2026,1,StructRSMA: Contact500 pretraining plus SCA
1769,7.744727611541748,6.250675678253174,7.744727611541748,6.166284561157227,7.744727611541748,1.4940519332885742,1.5784430503845215,-0.08439111709594727,0.65,0.5873015873015873,0.5873015873015873,cold_scaffold,split2026,1,StructRSMA: Contact500 pretraining plus SCA
1408,4.459670543670654,6.638131141662598,4.459670543670654,5.993298530578613,4.459670543670654,2.1784605979919434,1.533627986907959,0.6448326110839844,0.4927536231884057,0.3627450980392157,0.3627450980392157,cold_scaffold,split2026,1,StructRSMA: Contact500 pretraining plus SCA
810,7.096909999847412,6.014610290527344,7.096909999847412,5.900918960571289,7.096909999847412,1.0822997093200684,1.195991039276123,-0.11369132995605469,0.5,1.0,0.5,cold_scaffold,split2026,1,StructRSMA: Contact500 pretraining plus SCA
2497,4.92081880569458,5.190225601196289,4.92081880569458,5.284673690795898,4.92081880569458,0.269406795501709,0.36385488510131836,-0.09444808959960938,0.6388888888888888,0.1923076923076923,0.1923076923076923,cold_scaffold,split2026,1,StructRSMA: Contact500 pretraining plus SCA
1410,4.323306560516357,6.726290225982666,4.323306560516357,5.984096527099609,4.323306560516357,2.4029836654663086,1.660789966583252,0.7421936988830566,0.4927536231884057,0.3663366336633663,0.3663366336633663,cold_scaffold,split2026,1,StructRSMA: Contact500 pretraining plus SCA
1022,5.050610065460205,5.783885478973389,5.050610065460205,5.492611885070801,5.050610065460205,0.7332754135131836,0.4420018196105957,0.2912735939025879,0.5833333333333333,0.1967213114754098,0.1967213114754098,cold_scaffold,split2026,1,StructRSMA: Contact500 pretraining plus SCA
832,4.602059841156006,6.239036083221436,4.602059841156006,5.905917167663574,4.602059841156006,1.6369762420654306,1.3038573265075684,0.3331189155578622,0.55,0.676056338028169,0.55,cold_scaffold,split2026,1,StructRSMA: Contact500 pretraining plus SCA
1603,4.292429924011231,5.751689434051514,4.292429924011231,7.2609543800354,4.292429924011231,1.4592595100402823,2.968524456024169,-1.5092649459838867,0.5217391304347826,0.2886597938144329,0.2886597938144329,cold_scaffold,split2026,1,StructRSMA: Contact500 pretraining plus SCA
609,4.958607196807861,5.152839183807373,4.958607196807861,5.704164505004883,4.958607196807861,0.19423198699951172,0.7455573081970215,-0.5513253211975098,0.9310344827586208,0.3818181818181818,0.3818181818181818,cold_scaffold,split2026,1,StructRSMA: Contact500 pretraining plus SCA
2248,4.602059841156006,5.144855976104736,4.602059841156006,5.508421421051025,4.602059841156006,0.5427961349487305,0.9063615798950195,-0.36356544494628906,0.5454545454545454,0.7555555555555555,0.5454545454545454,cold_scaffold,split2026,1,StructRSMA: Contact500 pretraining plus SCA
805,7.397940158843994,6.163808822631836,7.397940158843994,6.394155979156494,7.397940158843994,1.2341313362121582,1.0037841796875,0.2303471565246582,0.5,0.5873015873015873,0.5,cold_scaffold,split2026,1,StructRSMA: Contact500 pretraining plus SCA
281,3.9141745567321777,4.7703070640563965,3.9141745567321777,4.665343284606934,3.9141745567321777,0.8561325073242188,0.7511687278747559,0.10496377944946289,1.0,0.3265306122448979,0.3265306122448979,cold_scaffold,split2026,1,StructRSMA: Contact500 pretraining plus SCA
2250,5.026872158050537,5.464996814727783,5.026872158050537,5.589308738708496,5.026872158050537,0.4381246566772461,0.562436580657959,-0.12431192398071289,0.5454545454545454,0.8913043478260869,0.5454545454545454,cold_scaffold,split2026,1,StructRSMA: Contact500 pretraining plus SCA
2173,4.958607196807861,5.055598735809326,4.958607196807861,5.302858829498291,4.958607196807861,0.09699153900146484,0.3442516326904297,-0.24726009368896484,0.5555555555555556,0.7555555555555555,0.5555555555555556,cold_scaffold,split2026,1,StructRSMA: Contact500 pretraining plus SCA
1315,3.795880079269409,6.552194118499756,3.795880079269409,5.469968318939209,3.795880079269409,2.7563140392303467,1.6740882396697998,1.0822257995605469,0.5333333333333333,0.2696629213483146,0.2696629213483146,cold_scaffold,split2026,1,StructRSMA: Contact500 pretraining plus SCA
1065,5.823908805847168,7.539186000823975,5.823908805847168,6.828582286834717,5.823908805847168,1.7152771949768066,1.0046734809875488,0.7106037139892578,0.5434782608695652,0.2148148148148148,0.2148148148148148,cold_scaffold,split2026,1,StructRSMA: Contact500 pretraining plus SCA
2069,5.199283123016357,4.977787494659424,5.199283123016357,5.583888530731201,5.199283123016357,0.2214956283569336,0.38460540771484375,-0.16310977935791016,0.631578947368421,0.2741935483870967,0.2741935483870967,cold_scaffold,split2026,1,StructRSMA: Contact500 pretraining plus SCA
2266,9.24184513092041,5.520799160003662,9.24184513092041,6.019678115844727,9.24184513092041,3.721045970916748,3.2221670150756836,0.49887895584106445,0.5476190476190477,0.1568627450980392,0.1568627450980392,cold_scaffold,split2026,1,StructRSMA: Contact500 pretraining plus SCA
197,5.77211332321167,5.798405170440674,5.77211332321167,7.25102949142456,5.77211332321167,0.026291847229003906,1.4789161682128897,-1.4526243209838858,0.2561608300907911,0.5873015873015873,0.2561608300907911,cold_scaffold,split2026,1,StructRSMA: Contact500 pretraining plus SCA
2073,5.684029579162598,5.058208465576172,5.684029579162598,5.529523849487305,5.684029579162598,0.6258211135864258,0.15450572967529297,0.4713153839111328,0.625,0.2741935483870967,0.2741935483870967,cold_scaffold,split2026,1,StructRSMA: Contact500 pretraining plus SCA
1911,6.552842140197754,6.666975975036621,6.552842140197754,6.252902030944824,6.552842140197754,0.11413383483886719,0.2999401092529297,-0.1858062744140625,0.5238095238095238,0.1684210526315789,0.1684210526315789,cold_scaffold,split2026,1,StructRSMA: Contact500 pretraining plus SCA
2253,4.853871822357178,5.465439319610596,4.853871822357178,5.592038154602051,4.853871822357178,0.611567497253418,0.738166332244873,-0.12659883499145508,0.5454545454545454,0.8297872340425532,0.5454545454545454,cold_scaffold,split2026,1,StructRSMA: Contact500 pretraining plus SCA
2190,6.376750946044922,5.631143569946289,6.376750946044922,6.1584320068359375,6.376750946044922,0.7456073760986328,0.21831893920898438,0.5272884368896484,0.5625,0.8913043478260869,0.5625,cold_scaffold,split2026,1,StructRSMA: Contact500 pretraining plus SCA
1859,6.431798458099365,6.207662582397461,6.431798458099365,5.081484794616699,6.431798458099365,0.2241358757019043,1.350313663482666,-1.1261777877807617,0.5357142857142857,1.0,0.5357142857142857,cold_scaffold,split2026,1,StructRSMA: Contact500 pretraining plus SCA
807,6.958607196807861,6.160467624664307,6.958607196807861,6.264008522033691,6.958607196807861,0.7981395721435547,0.6945986747741699,0.10354089736938477,0.5,0.8809523809523809,0.5,cold_scaffold,split2026,1,StructRSMA: Contact500 pretraining plus SCA
1403,3.681936740875244,6.332624912261963,3.681936740875244,5.4416327476501465,3.681936740875244,2.6506881713867188,1.7596960067749023,0.8909921646118164,0.5074626865671642,0.4666666666666667,0.4666666666666667,cold_scaffold,split2026,1,StructRSMA: Contact500 pretraining plus SCA
1593,4.638272285461426,6.44155740737915,4.638272285461426,5.932881832122803,4.638272285461426,1.8032851219177246,1.294609546661377,0.5086755752563477,0.5,0.4666666666666667,0.4666666666666667,cold_scaffold,split2026,1,StructRSMA: Contact500 pretraining plus SCA
2216,4.853871822357178,5.746553421020508,4.853871822357178,6.081068515777588,4.853871822357178,0.8926815986633301,1.2271966934204102,-0.3345150947570801,0.5853658536585367,0.5873015873015873,0.5853658536585367,cold_scaffold,split2026,1,StructRSMA: Contact500 pretraining plus SCA
830,5.522878646850586,5.5961689949035645,5.522878646850586,5.264561653137207,5.522878646850586,0.07329034805297852,0.2583169937133789,-0.1850266456604004,0.5853658536585367,1.0,0.5853658536585367,cold_scaffold,split2026,1,StructRSMA: Contact500 pretraining plus SCA
806,6.7695512771606445,6.163882732391357,6.7695512771606445,6.206408500671387,6.7695512771606445,0.6056685447692871,0.5631427764892578,0.0425257682800293,0.5,1.0,0.5,cold_scaffold,split2026,1,StructRSMA: Contact500 pretraining plus SCA
234,5.812479496002197,5.681922435760498,5.812479496002197,5.214809417724609,5.812479496002197,0.13055706024169922,0.5976700782775879,-0.46711301803588867,1.0,1.0,1.0,cold_scaffold,split2026,1,StructRSMA: Contact500 pretraining plus SCA
114,3.6575772762298575,4.540648460388184,3.6575772762298575,4.615049839019775,3.6575772762298575,0.8830711841583261,0.9574725627899179,-0.0744013786315918,0.9310344827586208,0.2619047619047619,0.2619047619047619,cold_scaffold,split2026,1,StructRSMA: Contact500 pretraining plus SCA
798,5.619788646697998,5.662907123565674,5.619788646697998,5.288705825805664,5.619788646697998,0.04311847686767578,0.331082820892334,-0.2879643440246582,1.0,0.676056338028169,0.676056338028169,cold_scaffold,split2026,1,StructRSMA: Contact500 pretraining plus SCA
797,3.1191864013671875,5.693488597869873,3.1191864013671875,5.407365798950195,3.1191864013671875,2.5743021965026855,2.288179397583008,0.28612279891967773,0.6388888888888888,1.0,0.6388888888888888,cold_scaffold,split2026,1,StructRSMA: Contact500 pretraining plus SCA
2229,5.221848964691162,5.930599212646484,5.221848964691162,5.716783046722412,5.221848964691162,0.7087502479553223,0.49493408203125,0.21381616592407227,0.5853658536585367,0.8297872340425532,0.5853658536585367,cold_scaffold,split2026,1,StructRSMA: Contact500 pretraining plus SCA
159,3.653646945953369,4.7364583015441895,3.653646945953369,4.289203643798828,3.653646945953369,1.0828113555908203,0.635556697845459,0.44725465774536133,0.9310344827586208,0.1707317073170731,0.1707317073170731,cold_scaffold,split2026,1,StructRSMA: Contact500 pretraining plus SCA
2458,5.61475133895874,5.09219217300415,5.61475133895874,5.613251686096191,5.61475133895874,0.5225591659545898,0.0014996528625488281,0.521059513092041,0.5151515151515151,0.8809523809523809,0.5151515151515151,cold_scaffold,split2026,1,StructRSMA: Contact500 pretraining plus SCA
397,5.455932140350342,5.86786413192749,5.455932140350342,6.875405788421631,5.455932140350342,0.41193199157714844,1.419473648071289,-1.0075416564941406,0.2561608300907911,0.16,0.16,cold_scaffold,split2026,1,StructRSMA: Contact500 pretraining plus SCA
829,5.0,5.938567161560059,5.0,5.604072570800781,5.0,0.9385671615600586,0.6040725708007812,0.33449459075927734,0.5853658536585367,1.0,0.5853658536585367,cold_scaffold,split2026,1,StructRSMA: Contact500 pretraining plus SCA
1395,4.647817611694336,6.568528652191162,4.647817611694336,5.753316879272461,4.647817611694336,1.9207110404968262,1.105499267578125,0.8152117729187012,0.5074626865671642,0.3627450980392157,0.3627450980392157,cold_scaffold,split2026,1,StructRSMA: Contact500 pretraining plus SCA
2100,6.065501689910889,5.453420639038086,6.065501689910889,5.673072338104248,6.065501689910889,0.6120810508728027,0.3924293518066406,0.2196516990661621,0.6111111111111112,1.0,0.6111111111111112,cold_scaffold,split2026,1,StructRSMA: Contact500 pretraining plus SCA
2415,7.15490198135376,6.225677967071533,7.15490198135376,6.500190734863281,7.15490198135376,0.9292240142822266,0.6547112464904785,0.27451276779174805,0.5227272727272727,1.0,0.5227272727272727,cold_scaffold,split2026,1,StructRSMA: Contact500 pretraining plus SCA
1855,5.275723934173584,6.467219352722168,5.275723934173584,6.157546043395996,5.275723934173584,1.191495418548584,0.8818221092224121,0.3096733093261719,0.5319148936170213,0.180722891566265,0.180722891566265,cold_scaffold,split2026,1,StructRSMA: Contact500 pretraining plus SCA
2149,5.638272285461426,6.066140651702881,5.638272285461426,5.875288009643555,5.638272285461426,0.4278683662414551,0.2370157241821289,0.19085264205932617,0.6111111111111112,0.8297872340425532,0.6111111111111112,cold_scaffold,split2026,1,StructRSMA: Contact500 pretraining plus SCA
637,4.1674909591674805,4.586921215057373,4.1674909591674805,4.712427139282227,4.1674909591674805,0.4194302558898926,0.5449361801147461,-0.12550592422485352,0.9310344827586208,0.2571428571428571,0.2571428571428571,cold_scaffold,split2026,1,StructRSMA: Contact500 pretraining plus SCA
1579,4.823908805847168,6.230724811553955,4.823908805847168,5.508598804473877,4.823908805847168,1.406816005706787,0.684689998626709,0.7221260070800781,0.5116279069767442,1.0,0.5116279069767442,cold_scaffold,split2026,1,StructRSMA: Contact500 pretraining plus SCA
1207,7.15490198135376,6.617555141448975,7.15490198135376,6.157967567443848,7.15490198135376,0.5373468399047852,0.9969344139099121,-0.45958757400512695,0.5686274509803921,0.2894736842105263,0.2894736842105263,cold_scaffold,split2026,1,StructRSMA: Contact500 pretraining plus SCA
1615,4.958607196807861,5.800351142883301,4.958607196807861,5.867267608642578,4.958607196807861,0.8417439460754395,0.9086604118347168,-0.06691646575927734,0.6206896551724138,0.2696629213483146,0.2696629213483146,cold_scaffold,split2026,1,StructRSMA: Contact500 pretraining plus SCA
294,8.207608222961426,8.021961212158203,8.207608222961426,7.779987335205078,8.207608222961426,0.18564701080322266,0.42762088775634766,-0.241973876953125,0.135523613963039,0.1666666666666666,0.135523613963039,cold_scaffold,split2026,1,StructRSMA: Contact500 pretraining plus SCA
1066,4.301030158996582,6.767482757568359,4.301030158996582,6.357061386108398,4.301030158996582,2.4664525985717773,2.0560312271118164,0.41042137145996094,0.6071428571428572,0.2148148148148148,0.2148148148148148,cold_scaffold,split2026,1,StructRSMA: Contact500 pretraining plus SCA
1505,5.229147911071777,6.309693336486816,5.229147911071777,6.600772857666016,5.229147911071777,1.080545425415039,1.3716249465942383,-0.2910795211791992,0.5454545454545454,0.1304347826086956,0.1304347826086956,cold_scaffold,split2026,1,StructRSMA: Contact500 pretraining plus SCA
2265,8.772112846374512,5.930607795715332,8.772112846374512,5.810638427734375,8.772112846374512,2.8415050506591797,2.9614744186401367,-0.11996936798095703,0.5476190476190477,0.16,0.16,cold_scaffold,split2026,1,StructRSMA: Contact500 pretraining plus SCA
2269,9.004364967346191,5.773157596588135,9.004364967346191,6.402225494384766,9.004364967346191,3.2312073707580566,2.602139472961426,0.6290678977966309,0.5476190476190477,0.1447368421052631,0.1447368421052631,cold_scaffold,split2026,1,StructRSMA: Contact500 pretraining plus SCA
1595,4.346787452697754,6.172332763671875,4.346787452697754,5.433849334716797,4.346787452697754,1.825545310974121,1.087061882019043,0.7384834289550781,0.5,1.0,0.5,cold_scaffold,split2026,1,StructRSMA: Contact500 pretraining plus SCA
2186,5.568636417388916,5.448190212249756,5.568636417388916,6.224853038787842,5.568636417388916,0.12044620513916016,0.6562166213989258,-0.5357704162597656,0.5625,0.5873015873015873,0.5625,cold_scaffold,split2026,1,StructRSMA: Contact500 pretraining plus SCA
387,5.301030158996582,7.097890377044678,5.301030158996582,6.734584331512451,5.301030158996582,1.7968602180480957,1.4335541725158691,0.36330604553222656,0.5423728813559322,0.1283783783783783,0.1283783783783783,cold_scaffold,split2026,1,StructRSMA: Contact500 pretraining plus SCA
1195,6.096909999847412,5.193688869476318,6.096909999847412,6.404252052307129,6.096909999847412,0.9032211303710938,0.3073420524597168,0.595879077911377,0.5555555555555556,0.2285714285714285,0.2285714285714285,cold_scaffold,split2026,1,StructRSMA: Contact500 pretraining plus SCA
1192,7.221848964691162,6.4614763259887695,7.221848964691162,5.14813232421875,7.221848964691162,0.7603726387023926,2.073716640472412,-1.3133440017700195,0.5217391304347826,0.2045454545454545,0.2045454545454545,cold_scaffold,split2026,1,StructRSMA: Contact500 pretraining plus SCA
2500,5.79587984085083,5.2607102394104,5.79587984085083,5.803013324737549,5.79587984085083,0.5351696014404297,0.00713348388671875,0.5280361175537109,0.6388888888888888,0.1904761904761904,0.1904761904761904,cold_scaffold,split2026,1,StructRSMA: Contact500 pretraining plus SCA
1313,3.795880079269409,6.318850040435791,3.795880079269409,6.231838226318359,3.795880079269409,2.522969961166382,2.43595814704895,0.08701181411743164,0.5,0.2696629213483146,0.2696629213483146,cold_scaffold,split2026,1,StructRSMA: Contact500 pretraining plus SCA
2175,6.207608222961426,5.376072406768799,6.207608222961426,5.468963623046875,6.207608222961426,0.831535816192627,0.7386445999145508,0.09289121627807617,0.5555555555555556,0.8913043478260869,0.5555555555555556,cold_scaffold,split2026,1,StructRSMA: Contact500 pretraining plus SCA
769,6.0,6.361027717590332,6.0,6.304554462432861,6.0,0.36102771759033203,0.30455446243286133,0.0564732551574707,0.5686274509803921,0.6140350877192983,0.5686274509803921,cold_scaffold,split2026,1,StructRSMA: Contact500 pretraining plus SCA
749,4.522878646850586,5.958333492279053,4.522878646850586,5.616811752319336,4.522878646850586,1.4354548454284668,1.09393310546875,0.3415217399597168,0.4779116465863453,0.1714285714285714,0.1714285714285714,cold_scaffold,split2026,1,StructRSMA: Contact500 pretraining plus SCA
2219,5.958607196807861,5.930630207061768,5.958607196807861,5.722058773040772,5.958607196807861,0.02797698974609375,0.23654842376708896,-0.2085714340209952,0.5853658536585367,0.8085106382978723,0.5853658536585367,cold_scaffold,split2026,1,StructRSMA: Contact500 pretraining plus SCA
244,6.7931742668151855,5.464293479919434,6.7931742668151855,5.228571891784668,6.7931742668151855,1.328880786895752,1.5646023750305176,-0.23572158813476562,1.0,0.3661971830985915,0.3661971830985915,cold_scaffold,split2026,1,StructRSMA: Contact500 pretraining plus SCA
2438,7.221848964691162,6.305819988250732,7.221848964691162,6.220443248748779,7.221848964691162,0.9160289764404297,1.0014057159423828,-0.08537673950195312,0.5,0.5873015873015873,0.5,cold_scaffold,split2026,1,StructRSMA: Contact500 pretraining plus SCA
370,3.0,5.168090343475342,3.0,5.871707439422607,3.0,2.168090343475342,2.8717074394226074,-0.7036170959472656,0.9310344827586208,0.6060606060606061,0.6060606060606061,cold_scaffold,split2026,1,StructRSMA: Contact500 pretraining plus SCA
796,3.92081880569458,5.350293159484863,3.92081880569458,5.057315826416016,3.92081880569458,1.4294743537902832,1.1364970207214355,0.29297733306884766,0.6388888888888888,1.0,0.6388888888888888,cold_scaffold,split2026,1,StructRSMA: Contact500 pretraining plus SCA
1311,4.337242126464844,6.70911169052124,4.337242126464844,5.969638824462891,4.337242126464844,2.3718695640563965,1.6323966979980469,0.7394728660583496,0.55,0.2696629213483146,0.2696629213483146,cold_scaffold,split2026,1,StructRSMA: Contact500 pretraining plus SCA
842,5.301030158996582,6.062447547912598,5.301030158996582,5.691713333129883,5.301030158996582,0.7614173889160156,0.3906831741333008,0.37073421478271484,0.55,0.8809523809523809,0.55,cold_scaffold,split2026,1,StructRSMA: Contact500 pretraining plus SCA
407,4.026872158050537,5.440937519073486,4.026872158050537,5.726974487304688,4.026872158050537,1.4140653610229492,1.7001023292541513,-0.28603696823120206,0.1363636363636363,0.1976744186046511,0.1363636363636363,cold_scaffold,split2026,1,StructRSMA: Contact500 pretraining plus SCA
2420,7.045757293701172,6.033297061920166,7.045757293701172,6.450026512145996,7.045757293701172,1.0124602317810059,0.5957307815551758,0.4167294502258301,0.5227272727272727,0.5873015873015873,0.5227272727272727,cold_scaffold,split2026,1,StructRSMA: Contact500 pretraining plus SCA
1411,4.636387825012207,6.617990493774414,4.636387825012207,5.8266448974609375,4.636387825012207,1.981602668762207,1.1902570724487305,0.7913455963134766,0.4927536231884057,0.3737373737373737,0.3737373737373737,cold_scaffold,split2026,1,StructRSMA: Contact500 pretraining plus SCA
2273,6.262012481689453,5.734635353088379,6.262012481689453,6.693825721740723,6.262012481689453,0.5273771286010742,0.43181324005126953,0.09556388854980469,0.5476190476190477,0.1585365853658536,0.1585365853658536,cold_scaffold,split2026,1,StructRSMA: Contact500 pretraining plus SCA
850,3.124938726425171,5.537103176116943,3.124938726425171,5.78886079788208,3.124938726425171,2.4121644496917725,2.663922071456909,-0.2517576217651367,0.5657894736842105,1.0,0.5657894736842105,cold_scaffold,split2026,1,StructRSMA: Contact500 pretraining plus SCA
1825,7.07572078704834,7.744175910949707,7.07572078704834,7.641910552978516,7.07572078704834,0.6684551239013672,0.5661897659301758,0.1022653579711914,0.525,0.3402777777777778,0.3402777777777778,cold_scaffold,split2026,1,StructRSMA: Contact500 pretraining plus SCA
1731,6.892789840698242,5.463028907775879,6.892789840698242,6.3175811767578125,6.892789840698242,1.4297609329223633,0.5752086639404297,0.8545522689819336,0.5333333333333333,0.2342342342342342,0.2342342342342342,cold_scaffold,split2026,1,StructRSMA: Contact500 pretraining plus SCA
1226,4.7695512771606445,5.36617374420166,4.7695512771606445,4.821721076965332,4.7695512771606445,0.5966224670410156,0.0521697998046875,0.5444526672363281,0.5189873417721519,0.2452830188679245,0.2452830188679245,cold_scaffold,split2026,1,StructRSMA: Contact500 pretraining plus SCA
841,4.698969841003418,6.065877437591553,4.698969841003418,5.644804954528809,4.698969841003418,1.3669075965881348,0.9458351135253906,0.42107248306274414,0.55,1.0,0.55,cold_scaffold,split2026,1,StructRSMA: Contact500 pretraining plus SCA
827,5.602059841156006,5.742184162139893,5.602059841156006,5.492920875549316,5.602059841156006,0.14012432098388672,0.10913896560668945,0.030985355377197266,0.5853658536585367,0.8809523809523809,0.5853658536585367,cold_scaffold,split2026,1,StructRSMA: Contact500 pretraining plus SCA
920,3.0,4.52794885635376,3.0,5.711409091949463,3.0,1.5279488563537598,2.711409091949463,-1.1834602355957031,0.6470588235294117,0.2571428571428571,0.2571428571428571,cold_scaffold,split2026,1,StructRSMA: Contact500 pretraining plus SCA
2445,6.619788646697998,6.302000522613525,6.619788646697998,6.126198768615723,6.619788646697998,0.31778812408447266,0.4935898780822754,-0.17580175399780273,0.5,1.0,0.5,cold_scaffold,split2026,1,StructRSMA: Contact500 pretraining plus SCA
295,6.004364967346191,8.004105567932129,6.004364967346191,7.755988597869873,6.004364967346191,1.9997406005859375,1.7516236305236816,0.24811697006225586,0.135523613963039,0.1743119266055046,0.135523613963039,cold_scaffold,split2026,1,StructRSMA: Contact500 pretraining plus SCA
2376,4.40450382232666,5.91129207611084,4.40450382232666,5.195773124694824,4.40450382232666,1.5067882537841797,0.7912693023681641,0.7155189514160156,0.8076923076923077,0.2407407407407407,0.2407407407407407,cold_scaffold,split2026,1,StructRSMA: Contact500 pretraining plus SCA
225,8.397939682006836,5.5934672355651855,8.397939682006836,5.4298601150512695,8.397939682006836,2.8044724464416504,2.9680795669555664,-0.16360712051391602,1.0,0.1621621621621621,0.1621621621621621,cold_scaffold,split2026,1,StructRSMA: Contact500 pretraining plus SCA
164,4.301030158996582,4.923463344573975,4.301030158996582,5.513881206512451,4.301030158996582,0.6224331855773926,1.2128510475158691,-0.5904178619384766,0.9310344827586208,0.160919540229885,0.160919540229885,cold_scaffold,split2026,1,StructRSMA: Contact500 pretraining plus SCA
840,5.744727611541748,6.065980911254883,5.744727611541748,6.280244827270508,5.744727611541748,0.32125329971313477,0.5355172157287598,-0.214263916015625,0.55,0.5873015873015873,0.55,cold_scaffold,split2026,1,StructRSMA: Contact500 pretraining plus SCA
2188,4.92081880569458,5.311410427093506,4.92081880569458,5.948013305664063,4.92081880569458,0.3905916213989258,1.0271944999694833,-0.6366028785705575,0.5625,0.7555555555555555,0.5625,cold_scaffold,split2026,1,StructRSMA: Contact500 pretraining plus SCA
2191,5.744727611541748,5.311291217803955,5.744727611541748,5.94228982925415,5.744727611541748,0.43343639373779297,0.19756221771240234,0.23587417602539062,0.5625,0.8809523809523809,0.5625,cold_scaffold,split2026,1,StructRSMA: Contact500 pretraining plus SCA
133,3.665546178817749,4.9463396072387695,3.665546178817749,4.716572284698486,3.665546178817749,1.2807934284210205,1.0510261058807373,0.2297673225402832,0.9310344827586208,0.2653061224489796,0.2653061224489796,cold_scaffold,split2026,1,StructRSMA: Contact500 pretraining plus SCA
619,4.619788646697998,5.029818058013916,4.619788646697998,5.504565238952637,4.619788646697998,0.41002941131591797,0.8847765922546387,-0.4747471809387207,0.9310344827586208,0.6363636363636364,0.6363636363636364,cold_scaffold,split2026,1,StructRSMA: Contact500 pretraining plus SCA
2429,7.522878646850586,6.310373306274414,7.522878646850586,6.502388000488281,7.522878646850586,1.2125053405761719,1.0204906463623047,0.1920146942138672,0.5,0.5873015873015873,0.5,cold_scaffold,split2026,1,StructRSMA: Contact500 pretraining plus SCA
1352,5.638272285461426,5.898004055023193,5.638272285461426,5.932447910308838,5.638272285461426,0.2597317695617676,0.2941756248474121,-0.03444385528564453,0.5588235294117647,0.15625,0.15625,cold_scaffold,split2026,1,StructRSMA: Contact500 pretraining plus SCA
849,5.522878646850586,5.538839817047119,5.522878646850586,6.297490119934082,5.522878646850586,0.015961170196533203,0.7746114730834961,-0.7586503028869629,0.5657894736842105,0.5873015873015873,0.5657894736842105,cold_scaffold,split2026,1,StructRSMA: Contact500 pretraining plus SCA
112,3.585026741027832,4.569431304931641,3.585026741027832,4.630949974060059,3.585026741027832,0.9844045639038086,1.0459232330322266,-0.06151866912841797,0.9310344827586208,0.275,0.275,cold_scaffold,split2026,1,StructRSMA: Contact500 pretraining plus SCA
611,4.28399658203125,5.1402692794799805,4.28399658203125,5.681865692138672,4.28399658203125,0.8562726974487305,1.3978691101074219,-0.5415964126586914,0.9310344827586208,0.3442622950819672,0.3442622950819672,cold_scaffold,split2026,1,StructRSMA: Contact500 pretraining plus SCA
910,3.0,4.436574459075928,3.0,4.9152116775512695,3.0,1.4365744590759277,1.9152116775512695,-0.4786372184753418,0.5714285714285714,0.2571428571428571,0.2571428571428571,cold_scaffold,split2026,1,StructRSMA: Contact500 pretraining plus SCA
752,5.180456161499023,5.325845241546631,5.180456161499023,5.219686985015869,5.180456161499023,0.14538908004760742,0.0392308235168457,0.10615825653076172,0.6388888888888888,0.1923076923076923,0.1923076923076923,cold_scaffold,split2026,1,StructRSMA: Contact500 pretraining plus SCA
793,3.6777806282043457,5.500096797943115,3.6777806282043457,5.268126487731934,3.6777806282043457,1.8223161697387695,1.590345859527588,0.23197031021118164,0.6388888888888888,1.0,0.6388888888888888,cold_scaffold,split2026,1,StructRSMA: Contact500 pretraining plus SCA
1821,7.698969841003418,7.409042835235596,7.698969841003418,7.238753318786621,7.698969841003418,0.28992700576782227,0.4602165222167969,-0.1702895164489746,0.525,0.2016129032258064,0.2016129032258064,cold_scaffold,split2026,1,StructRSMA: Contact500 pretraining plus SCA
809,7.096909999847412,6.356283664703369,7.096909999847412,6.422923564910889,7.096909999847412,0.740626335144043,0.6739864349365234,0.06663990020751953,0.5,1.0,0.5,cold_scaffold,split2026,1,StructRSMA: Contact500 pretraining plus SCA
1202,4.086185932159424,5.3165283203125,4.086185932159424,6.252556324005127,4.086185932159424,1.2303423881530762,2.166370391845703,-0.936028003692627,0.515625,0.2285714285714285,0.2285714285714285,cold_scaffold,split2026,1,StructRSMA: Contact500 pretraining plus SCA
2145,6.15490198135376,6.066172122955322,6.15490198135376,5.882595539093018,6.15490198135376,0.0887298583984375,0.2723064422607422,-0.1835765838623047,0.6111111111111112,0.8085106382978723,0.6111111111111112,cold_scaffold,split2026,1,StructRSMA: Contact500 pretraining plus SCA
992,5.958607196807861,5.713457107543945,5.958607196807861,4.745894432067871,5.958607196807861,0.24515008926391602,1.2127127647399902,-0.9675626754760742,0.5084745762711864,0.2075471698113207,0.2075471698113207,cold_scaffold,split2026,1,StructRSMA: Contact500 pretraining plus SCA
297,6.494850158691406,8.492110252380371,6.494850158691406,8.221752166748047,6.494850158691406,1.9972600936889648,1.7269020080566406,0.2703580856323242,0.135523613963039,0.1506849315068493,0.135523613963039,cold_scaffold,split2026,1,StructRSMA: Contact500 pretraining plus SCA
2417,6.958607196807861,6.029880046844482,6.958607196807861,6.333354949951172,6.958607196807861,0.9287271499633789,0.6252522468566895,0.30347490310668945,0.5227272727272727,0.8809523809523809,0.5227272727272727,cold_scaffold,split2026,1,StructRSMA: Contact500 pretraining plus SCA
2146,6.602059841156006,6.065698623657227,6.602059841156006,5.866133213043213,6.602059841156006,0.5363612174987793,0.735926628112793,-0.19956541061401367,0.6111111111111112,0.8913043478260869,0.6111111111111112,cold_scaffold,split2026,1,StructRSMA: Contact500 pretraining plus SCA
2446,7.045757293701172,6.152806758880615,7.045757293701172,5.817490577697754,7.045757293701172,0.8929505348205566,1.228266716003418,-0.33531618118286133,0.5,1.0,0.5,cold_scaffold,split2026,1,StructRSMA: Contact500 pretraining plus SCA
753,6.045757293701172,5.411704063415527,6.045757293701172,5.117553234100342,6.045757293701172,0.6340532302856445,0.9282040596008301,-0.29415082931518555,0.6388888888888888,0.1904761904761904,0.1904761904761904,cold_scaffold,split2026,1,StructRSMA: Contact500 pretraining plus SCA
1585,3.995678663253784,6.060534477233887,3.995678663253784,5.474729537963867,3.995678663253784,2.0648558139801025,1.479050874710083,0.5858049392700195,0.5116279069767442,1.0,0.5116279069767442,cold_scaffold,split2026,1,StructRSMA: Contact500 pretraining plus SCA
1394,4.300162315368652,6.487858295440674,4.300162315368652,5.760383129119873,4.300162315368652,2.1876959800720215,1.4602208137512207,0.7274751663208008,0.5074626865671642,0.3627450980392157,0.3627450980392157,cold_scaffold,split2026,1,StructRSMA: Contact500 pretraining plus SCA
346,6.15490198135376,5.265599727630615,6.15490198135376,5.860902309417725,6.15490198135376,0.8893022537231445,0.29399967193603516,0.5953025817871094,0.9310344827586208,0.6428571428571429,0.6428571428571429,cold_scaffold,split2026,1,StructRSMA: Contact500 pretraining plus SCA
1600,5.267606258392334,5.749969482421875,5.267606258392334,5.726291179656982,5.267606258392334,0.482363224029541,0.45868492126464844,0.023678302764892578,0.5217391304347826,0.2696629213483146,0.2696629213483146,cold_scaffold,split2026,1,StructRSMA: Contact500 pretraining plus SCA
949,6.455932140350342,5.911930084228516,6.455932140350342,6.431155204772949,6.455932140350342,0.5440020561218262,0.024776935577392578,0.5192251205444336,1.0,0.1693548387096774,0.1693548387096774,cold_scaffold,split2026,1,StructRSMA: Contact500 pretraining plus SCA
2437,7.15490198135376,6.156820774078369,7.15490198135376,5.695649147033691,7.15490198135376,0.9980812072753906,1.4592528343200684,-0.46117162704467773,0.5,1.0,0.5,cold_scaffold,split2026,1,StructRSMA: Contact500 pretraining plus SCA
2113,6.647817611694336,4.880863189697266,6.647817611694336,4.917684555053711,6.647817611694336,1.7669544219970703,1.730133056640625,0.03682136535644531,1.0,0.52,0.52,cold_scaffold,split2026,1,StructRSMA: Contact500 pretraining plus SCA
2361,5.698969841003418,5.472599983215332,5.698969841003418,5.5307488441467285,5.698969841003418,0.22636985778808594,0.16822099685668945,0.058148860931396484,0.9310344827586208,0.4666666666666667,0.4666666666666667,cold_scaffold,split2026,1,StructRSMA: Contact500 pretraining plus SCA
2176,5.30980396270752,5.055479049682617,5.30980396270752,5.297123908996582,5.30980396270752,0.25432491302490323,0.012680053710938388,0.24164485931396484,0.5555555555555556,0.8809523809523809,0.5555555555555556,cold_scaffold,split2026,1,StructRSMA: Contact500 pretraining plus SCA
2426,7.0,6.307203769683838,7.0,6.371289253234863,7.0,0.6927962303161621,0.6287107467651367,0.06408548355102539,0.5,0.8809523809523809,0.5,cold_scaffold,split2026,1,StructRSMA: Contact500 pretraining plus SCA
337,6.698969841003418,5.210945129394531,6.698969841003418,5.816170692443848,6.698969841003418,1.4880247116088867,0.8827991485595703,0.6052255630493164,0.9310344827586208,0.6022727272727273,0.6022727272727273,cold_scaffold,split2026,1,StructRSMA: Contact500 pretraining plus SCA
2484,4.903090000152588,5.674047470092773,4.903090000152588,5.46480655670166,4.903090000152588,0.7709574699401855,0.5617165565490723,0.20924091339111328,0.6428571428571428,0.8809523809523809,0.6428571428571428,cold_scaffold,split2026,1,StructRSMA: Contact500 pretraining plus SCA
39,4.0,6.673977851867676,4.0,6.297118663787842,4.0,2.673977851867676,2.297118663787842,0.376859188079834,0.4924242424242424,0.1643835616438356,0.1643835616438356,cold_scaffold,split2026,1,StructRSMA: Contact500 pretraining plus SCA
1176,5.744727611541748,6.2485032081604,5.744727611541748,6.2211012840271,5.744727611541748,0.5037755966186523,0.47637367248535156,0.02740192413330078,0.5806451612903225,0.2191780821917808,0.2191780821917808,cold_scaffold,split2026,1,StructRSMA: Contact500 pretraining plus SCA
2283,5.590066909790039,5.830211639404297,5.590066909790039,6.838447093963623,5.590066909790039,0.2401447296142578,1.248380184173584,-1.0082354545593262,0.5595238095238095,0.1395348837209302,0.1395348837209302,cold_scaffold,split2026,1,StructRSMA: Contact500 pretraining plus SCA
1795,6.0087738037109375,6.301926612854004,6.0087738037109375,6.586087703704834,6.0087738037109375,0.2931528091430664,0.5773138999938965,-0.2841610908508301,0.5333333333333333,0.2032520325203252,0.2032520325203252,cold_scaffold,split2026,1,StructRSMA: Contact500 pretraining plus SCA
1407,4.3665313720703125,6.729564666748047,4.3665313720703125,6.009836673736572,4.3665313720703125,2.3630332946777344,1.6433053016662598,0.7197279930114746,0.4927536231884057,0.3663366336633663,0.3663366336633663,cold_scaffold,split2026,1,StructRSMA: Contact500 pretraining plus SCA
2154,6.0,6.066141128540039,6.0,5.875288009643555,6.0,0.06614112854003906,0.12471199035644531,-0.05857086181640625,0.6111111111111112,0.8297872340425532,0.6111111111111112,cold_scaffold,split2026,1,StructRSMA: Contact500 pretraining plus SCA
296,6.853871822357178,7.749982357025146,6.853871822357178,7.757334232330322,6.853871822357178,0.8961105346679679,0.9034624099731445,-0.007351875305176669,0.135523613963039,0.174757281553398,0.135523613963039,cold_scaffold,split2026,1,StructRSMA: Contact500 pretraining plus SCA
613,4.494850158691406,5.145486354827881,4.494850158691406,5.711867332458496,4.494850158691406,0.6506361961364746,1.2170171737670898,-0.5663809776306152,0.9310344827586208,0.5263157894736842,0.5263157894736842,cold_scaffold,split2026,1,StructRSMA: Contact500 pretraining plus SCA
1062,6.045757293701172,7.041833877563477,6.045757293701172,6.738993644714356,6.045757293701172,0.9960765838623047,0.6932363510131845,0.3028402328491202,0.55,0.2148148148148148,0.2148148148148148,cold_scaffold,split2026,1,StructRSMA: Contact500 pretraining plus SCA
292,7.0,5.8850202560424805,7.0,6.909128189086914,7.0,1.1149797439575195,0.09087181091308594,1.0241079330444336,0.2561608300907911,0.1584158415841584,0.1584158415841584,cold_scaffold,split2026,1,StructRSMA: Contact500 pretraining plus SCA
270,2.522878646850586,5.260244369506836,2.522878646850586,5.621541976928711,2.522878646850586,2.73736572265625,3.098663330078125,-0.361297607421875,1.0,0.6545454545454545,0.6545454545454545,cold_scaffold,split2027,1,Contact500 pretraining without SCA
1327,6.272784233093262,5.802231788635254,6.272784233093262,5.703868865966797,6.272784233093262,0.4705524444580078,0.5689153671264648,-0.09836292266845703,0.8333333333333334,0.1666666666666666,0.1666666666666666,cold_scaffold,split2027,1,Contact500 pretraining without SCA
1907,6.443697452545166,5.536434650421143,6.443697452545166,5.682023048400879,6.443697452545166,0.9072628021240234,0.7616744041442871,0.14558839797973633,0.5238095238095238,0.1492537313432835,0.1492537313432835,cold_scaffold,split2027,1,Contact500 pretraining without SCA
740,4.301030158996582,5.034505844116211,4.301030158996582,5.125906944274902,4.301030158996582,0.7334756851196289,0.8248767852783203,-0.0914011001586914,0.62,0.6923076923076923,0.62,cold_scaffold,split2027,1,Contact500 pretraining without SCA
249,6.0,5.848438262939453,6.0,6.309513568878174,6.0,0.15156173706054688,0.30951356887817383,-0.15795183181762695,1.0,0.1587301587301587,0.1587301587301587,cold_scaffold,split2027,1,Contact500 pretraining without SCA
118,4.221848964691162,4.522244930267334,4.221848964691162,4.734859466552734,4.221848964691162,0.3003959655761719,0.5130105018615723,-0.2126145362854004,0.9310344827586208,0.3103448275862069,0.3103448275862069,cold_scaffold,split2027,1,Contact500 pretraining without SCA
1574,5.096909999847412,5.532230377197266,5.096909999847412,5.419076919555664,5.096909999847412,0.4353203773498535,0.32216691970825195,0.11315345764160156,0.5925925925925926,0.25,0.25,cold_scaffold,split2027,1,Contact500 pretraining without SCA
1889,6.494850158691406,5.350604057312012,6.494850158691406,5.940088272094727,6.494850158691406,1.1442461013793945,0.5547618865966797,0.5894842147827148,0.8266666666666667,1.0,0.8266666666666667,cold_scaffold,split2027,1,Contact500 pretraining without SCA
265,2.301029920578003,5.353696346282959,2.301029920578003,5.566817760467529,2.301029920578003,3.052666425704956,3.2657878398895264,-0.2131214141845703,1.0,0.6904761904761905,0.6904761904761905,cold_scaffold,split2027,1,Contact500 pretraining without SCA
1846,6.619788646697998,6.286327838897705,6.619788646697998,5.552530288696289,6.619788646697998,0.33346080780029297,1.067258358001709,-0.733797550201416,0.5319148936170213,0.1739130434782608,0.1739130434782608,cold_scaffold,split2027,1,Contact500 pretraining without SCA
125,2.0,4.280894756317139,2.0,4.331998825073242,2.0,2.2808947563171387,2.331998825073242,-0.051104068756103516,0.9310344827586208,0.1698113207547169,0.1698113207547169,cold_scaffold,split2027,1,Contact500 pretraining without SCA
338,7.0,5.393068313598633,7.0,5.161969184875488,7.0,1.6069316864013672,1.8380308151245117,-0.23109912872314453,0.9310344827586208,0.7088607594936709,0.7088607594936709,cold_scaffold,split2027,1,Contact500 pretraining without SCA
324,7.552842140197754,5.8301286697387695,7.552842140197754,6.084756374359131,7.552842140197754,1.7227134704589844,1.468085765838623,0.25462770462036133,0.9310344827586208,1.0,0.9310344827586208,cold_scaffold,split2027,1,Contact500 pretraining without SCA
2272,6.9281182289123535,8.112112045288086,6.9281182289123535,6.75413990020752,6.9281182289123535,1.1839938163757324,0.1739783287048331,1.0100154876708993,0.5476190476190477,0.1809523809523809,0.1809523809523809,cold_scaffold,split2027,1,Contact500 pretraining without SCA
1397,4.560667514801025,4.972736358642578,4.560667514801025,4.631192207336426,4.560667514801025,0.41206884384155273,0.07052469253540039,0.34154415130615234,0.5074626865671642,0.3737373737373737,0.3737373737373737,cold_scaffold,split2027,1,Contact500 pretraining without SCA
665,3.910094976425171,4.75733757019043,3.910094976425171,4.60585355758667,3.910094976425171,0.8472425937652588,0.695758581161499,0.15148401260375977,0.9310344827586208,0.2391304347826087,0.2391304347826087,cold_scaffold,split2027,1,Contact500 pretraining without SCA
142,3.8356471061706543,4.210690498352051,3.8356471061706543,4.203592300415039,3.8356471061706543,0.3750433921813965,0.36794519424438477,0.007098197937011719,0.9310344827586208,0.1851851851851851,0.1851851851851851,cold_scaffold,split2027,1,Contact500 pretraining without SCA
1867,5.387216091156006,6.367252826690674,5.387216091156006,6.270282745361328,5.387216091156006,0.980036735534668,0.8830666542053223,0.0969700813293457,0.5357142857142857,0.180722891566265,0.180722891566265,cold_scaffold,split2027,1,Contact500 pretraining without SCA
153,3.686132669448853,4.716061592102051,3.686132669448853,4.942257404327393,3.686132669448853,1.0299289226531978,1.2561247348785396,-0.2261958122253418,0.9310344827586208,0.265625,0.265625,cold_scaffold,split2027,1,Contact500 pretraining without SCA
259,2.301029920578003,5.469980716705322,2.301029920578003,5.738274097442627,2.301029920578003,3.1689507961273193,3.437244176864624,-0.2682933807373047,1.0,0.5102040816326531,0.5102040816326531,cold_scaffold,split2027,1,Contact500 pretraining without SCA
247,3.568636178970337,5.503118991851807,3.568636178970337,5.854101657867432,3.568636178970337,1.9344828128814697,2.2854654788970947,-0.350982666015625,1.0,0.4032258064516129,0.4032258064516129,cold_scaffold,split2027,1,Contact500 pretraining without SCA
139,3.396855592727661,4.690786361694336,3.396855592727661,4.8418073654174805,3.396855592727661,1.2939307689666748,1.4449517726898193,-0.15102100372314453,0.9310344827586208,0.2727272727272727,0.2727272727272727,cold_scaffold,split2027,1,Contact500 pretraining without SCA
110,3.638272047042847,4.271541118621826,3.638272047042847,4.392676830291748,3.638272047042847,0.633269071578979,0.7544047832489009,-0.12113571166992188,0.9310344827586208,0.2702702702702703,0.2702702702702703,cold_scaffold,split2027,1,Contact500 pretraining without SCA
1766,6.715343952178955,8.283299446105957,6.715343952178955,9.402008056640623,6.715343952178955,1.567955493927002,2.686664104461668,-1.1187086105346662,0.675,0.5164835164835165,0.5164835164835165,cold_scaffold,split2027,1,Contact500 pretraining without SCA
1710,4.3665313720703125,5.376020908355713,4.3665313720703125,4.97316837310791,4.3665313720703125,1.0094895362854004,0.6066370010375977,0.40285253524780273,1.0,0.7209302325581395,0.7209302325581395,cold_scaffold,split2027,1,Contact500 pretraining without SCA
233,6.136677265167236,5.70646858215332,6.136677265167236,5.88328742980957,6.136677265167236,0.430208683013916,0.253389835357666,0.17681884765625,1.0,1.0,1.0,cold_scaffold,split2027,1,Contact500 pretraining without SCA
269,2.522878646850586,5.1647562980651855,2.522878646850586,5.097453594207764,2.522878646850586,2.6418776512145996,2.5745749473571777,0.06730270385742188,1.0,0.5645161290322581,0.5645161290322581,cold_scaffold,split2027,1,Contact500 pretraining without SCA
1003,4.356547355651856,5.374546051025391,4.356547355651856,4.80919075012207,4.356547355651856,1.0179986953735343,0.45264339447021396,0.5653553009033203,0.5084745762711864,0.2,0.2,cold_scaffold,split2027,1,Contact500 pretraining without SCA
1006,5.494850158691406,4.383945941925049,5.494850158691406,4.55225944519043,5.494850158691406,1.1109042167663574,0.9425907135009766,0.16831350326538086,0.5,0.2075471698113207,0.2075471698113207,cold_scaffold,split2027,1,Contact500 pretraining without SCA
351,5.443697452545166,5.382111549377441,5.443697452545166,5.342903137207031,5.443697452545166,0.06158590316772461,0.10079431533813477,-0.039208412170410156,0.9310344827586208,0.625,0.625,cold_scaffold,split2027,1,Contact500 pretraining without SCA
392,8.0,6.977944374084473,8.0,8.577811241149902,8.0,1.0220556259155273,0.5778112411499023,0.444244384765625,1.0,1.0,1.0,cold_scaffold,split2027,1,Contact500 pretraining without SCA
143,3.844663858413696,4.96003007888794,3.844663858413696,5.26573657989502,3.844663858413696,1.1153662204742445,1.4210727214813246,-0.3057065010070801,0.9310344827586208,0.2241379310344827,0.2241379310344827,cold_scaffold,split2027,1,Contact500 pretraining without SCA
2430,7.397940158843994,6.483907699584961,7.397940158843994,6.974633693695068,7.397940158843994,0.9140324592590332,0.4233064651489258,0.4907259941101074,0.5,1.0,0.5,cold_scaffold,split2027,1,Contact500 pretraining without SCA
121,3.221848726272583,4.24840259552002,3.221848726272583,4.416918754577637,3.221848726272583,1.0265538692474374,1.1950700283050537,-0.1685161590576163,0.9310344827586208,0.1964285714285714,0.1964285714285714,cold_scaffold,split2027,1,Contact500 pretraining without SCA
398,6.221848964691162,6.376087665557861,6.221848964691162,6.826567649841309,6.221848964691162,0.15423870086669922,0.6047186851501465,-0.45047998428344727,0.975,0.8596491228070176,0.8596491228070176,cold_scaffold,split2027,1,Contact500 pretraining without SCA
396,8.886056900024414,6.991957664489746,8.886056900024414,7.890895366668701,8.886056900024414,1.894099235534668,0.9951615333557129,0.8989377021789551,0.1366931308249913,0.1550387596899224,0.1366931308249913,cold_scaffold,split2027,1,Contact500 pretraining without SCA
1146,6.958607196807861,6.4082441329956055,6.958607196807861,5.571995258331299,6.958607196807861,0.5503630638122559,1.3866119384765625,-0.8362488746643066,1.0,0.2638888888888889,0.2638888888888889,cold_scaffold,split2027,1,Contact500 pretraining without SCA
228,4.455932140350342,4.485334396362305,4.455932140350342,4.686106204986572,4.455932140350342,0.02940225601196289,0.23017406463623047,-0.20077180862426758,0.9310344827586208,0.3823529411764705,0.3823529411764705,cold_scaffold,split2027,1,Contact500 pretraining without SCA
1557,6.425968647003174,6.556393146514893,6.425968647003174,5.905551910400391,6.425968647003174,0.13042449951171875,0.5204167366027832,-0.38999223709106445,0.4788732394366197,0.1964285714285714,0.1964285714285714,cold_scaffold,split2027,1,Contact500 pretraining without SCA
1559,5.397940158843994,5.86632251739502,5.397940158843994,6.212906837463379,5.397940158843994,0.4683823585510263,0.8149666786193848,-0.3465843200683585,0.6111111111111112,0.2,0.2,cold_scaffold,split2027,1,Contact500 pretraining without SCA
374,5.823908805847168,5.523736000061035,5.823908805847168,5.418623924255371,5.823908805847168,0.3001728057861328,0.4052848815917969,-0.10511207580566406,0.9310344827586208,0.5393258426966292,0.5393258426966292,cold_scaffold,split2027,1,Contact500 pretraining without SCA
997,5.7695512771606445,4.912312030792236,5.7695512771606445,4.6975531578063965,5.7695512771606445,0.8572392463684082,1.071998119354248,-0.21475887298583984,0.5084745762711864,0.1917808219178082,0.1917808219178082,cold_scaffold,split2027,1,Contact500 pretraining without SCA
1562,5.698969841003418,5.972607612609863,5.698969841003418,6.769079685211182,5.698969841003418,0.2736377716064453,1.0701098442077637,-0.7964720726013184,0.5555555555555556,0.2,0.2,cold_scaffold,split2027,1,Contact500 pretraining without SCA
1589,5.397940158843994,4.881718635559082,5.397940158843994,5.200959205627441,5.397940158843994,0.5162215232849121,0.19698095321655273,0.3192405700683594,0.5,1.0,0.5,cold_scaffold,split2027,1,Contact500 pretraining without SCA
307,5.79587984085083,6.045056343078613,5.79587984085083,6.30545711517334,5.79587984085083,0.2491765022277832,0.5095772743225098,-0.26040077209472656,0.5657894736842105,0.2461538461538461,0.2461538461538461,cold_scaffold,split2027,1,Contact500 pretraining without SCA
2462,5.955852508544922,6.556456565856934,5.955852508544922,7.190971374511719,5.955852508544922,0.6006040573120117,1.2351188659667969,-0.6345148086547852,0.5151515151515151,0.5222222222222223,0.5151515151515151,cold_scaffold,split2027,1,Contact500 pretraining without SCA
263,3.259637355804444,5.223400115966797,3.259637355804444,5.493183612823486,3.259637355804444,1.963762760162353,2.2335462570190425,-0.26978349685668945,1.0,0.6274509803921569,0.6274509803921569,cold_scaffold,split2027,1,Contact500 pretraining without SCA
129,4.221848964691162,4.427711009979248,4.221848964691162,4.612772464752197,4.221848964691162,0.20586204528808594,0.39092350006103516,-0.18506145477294922,0.9310344827586208,0.3,0.3,cold_scaffold,split2027,1,Contact500 pretraining without SCA
897,4.129011154174805,5.338521480560303,4.129011154174805,5.72794246673584,4.129011154174805,1.209510326385498,1.5989313125610352,-0.3894209861755371,1.0,1.0,1.0,cold_scaffold,split2027,1,Contact500 pretraining without SCA
782,4.721246242523193,5.649836540222168,4.721246242523193,4.905164241790772,4.721246242523193,0.9285902976989746,0.183917999267579,0.7446722984313956,0.5862068965517242,0.2886597938144329,0.2886597938144329,cold_scaffold,split2027,1,Contact500 pretraining without SCA
256,3.568636178970337,5.504202365875244,3.568636178970337,5.77101469039917,3.568636178970337,1.9355661869049072,2.202378511428833,-0.2668123245239258,1.0,1.0,1.0,cold_scaffold,split2027,1,Contact500 pretraining without SCA
1768,7.4685211181640625,8.10152530670166,7.4685211181640625,8.348852157592773,7.4685211181640625,0.6330041885375977,0.8803310394287109,-0.24732685089111328,0.65,0.5164835164835165,0.5164835164835165,cold_scaffold,split2027,1,Contact500 pretraining without SCA
664,3.0,4.721523761749268,3.0,4.562814235687256,3.0,1.7215237617492676,1.5628142356872559,0.15870952606201172,0.9310344827586208,0.2558139534883721,0.2558139534883721,cold_scaffold,split2027,1,Contact500 pretraining without SCA
1384,3.22402572631836,4.893917083740234,3.22402572631836,5.0774688720703125,3.22402572631836,1.6698913574218746,1.8534431457519527,-0.18355178833007812,0.5074626865671642,0.5,0.5,cold_scaffold,split2027,1,Contact500 pretraining without SCA
1556,6.522878646850586,6.761009216308594,6.522878646850586,6.044227123260498,6.522878646850586,0.2381305694580078,0.4786515235900879,-0.24052095413208008,0.4788732394366197,0.2,0.2,cold_scaffold,split2027,1,Contact500 pretraining without SCA
739,7.301030158996582,5.465689659118652,7.301030158996582,6.2068071365356445,7.301030158996582,1.8353404998779297,1.0942230224609375,0.7411174774169922,0.62,0.8596491228070176,0.62,cold_scaffold,split2027,1,Contact500 pretraining without SCA
1059,5.823908805847168,6.86848783493042,5.823908805847168,5.963557243347168,5.823908805847168,1.044579029083252,0.1396484375,0.904930591583252,0.5027027027027027,0.3877551020408163,0.3877551020408163,cold_scaffold,split2027,1,Contact500 pretraining without SCA
1025,3.218963146209717,4.518706321716309,3.218963146209717,4.955466747283936,3.218963146209717,1.2997431755065918,1.7365036010742196,-0.43676042556762784,0.5833333333333333,0.4098360655737705,0.4098360655737705,cold_scaffold,split2027,1,Contact500 pretraining without SCA
1521,4.77211332321167,4.939970970153809,4.77211332321167,4.571238994598389,4.77211332321167,0.16785764694213867,0.20087432861328125,-0.03301668167114258,0.96,0.2705882352941176,0.2705882352941176,cold_scaffold,split2027,1,Contact500 pretraining without SCA
1275,6.221848964691162,6.415459156036377,6.221848964691162,5.395780086517334,6.221848964691162,0.19361019134521484,0.8260688781738281,-0.6324586868286133,0.5657894736842105,0.2285714285714285,0.2285714285714285,cold_scaffold,split2027,1,Contact500 pretraining without SCA
278,2.301029920578003,4.791763782501221,2.301029920578003,4.812745571136475,2.301029920578003,2.4907338619232178,2.5117156505584717,-0.020981788635253906,1.0,0.3666666666666666,0.3666666666666666,cold_scaffold,split2027,1,Contact500 pretraining without SCA
1878,5.886056423187256,6.235605716705322,5.886056423187256,5.501322746276856,5.886056423187256,0.3495492935180664,0.3847336769103995,-0.035184383392333096,0.5714285714285714,0.2,0.2,cold_scaffold,split2027,1,Contact500 pretraining without SCA
1373,5.677780628204346,5.259203910827637,5.677780628204346,5.8951029777526855,5.677780628204346,0.418576717376709,0.21732234954833984,0.20125436782836914,0.5588235294117647,0.1529411764705882,0.1529411764705882,cold_scaffold,split2027,1,Contact500 pretraining without SCA
966,3.869666337966919,5.290317535400391,3.869666337966919,4.728065490722656,3.869666337966919,1.4206511974334717,0.8583991527557373,0.5622520446777344,0.5084745762711864,0.3333333333333333,0.3333333333333333,cold_scaffold,split2027,1,Contact500 pretraining without SCA
2421,7.397940158843994,6.724658012390137,7.397940158843994,6.859765529632568,7.397940158843994,0.6732821464538574,0.5381746292114258,0.13510751724243164,0.5227272727272727,1.0,0.5227272727272727,cold_scaffold,split2027,1,Contact500 pretraining without SCA
1041,5.721246242523193,6.309882640838623,5.721246242523193,6.013081073760986,5.721246242523193,0.5886363983154297,0.29183483123779297,0.2968015670776367,0.6190476190476191,0.1637931034482758,0.1637931034482758,cold_scaffold,split2027,1,Contact500 pretraining without SCA
1875,5.1674909591674805,6.422737121582031,5.1674909591674805,5.573304176330566,5.1674909591674805,1.2552461624145508,0.40581321716308594,0.8494329452514648,0.5714285714285714,0.1739130434782608,0.1739130434782608,cold_scaffold,split2027,1,Contact500 pretraining without SCA
2470,5.883060455322266,6.213879585266113,5.883060455322266,6.946750164031982,5.883060455322266,0.33081912994384766,1.0636897087097168,-0.7328705787658691,0.6153846153846154,0.5164835164835165,0.5164835164835165,cold_scaffold,split2027,1,Contact500 pretraining without SCA
1368,5.292429924011231,5.694737911224365,5.292429924011231,5.448556900024414,5.292429924011231,0.4023079872131339,0.1561269760131827,0.24618101119995117,0.5588235294117647,0.2054794520547945,0.2054794520547945,cold_scaffold,split2027,1,Contact500 pretraining without SCA
904,3.903090000152588,5.196568965911865,3.903090000152588,4.446037769317627,3.903090000152588,1.2934789657592773,0.5429477691650391,0.7505311965942383,0.6388888888888888,0.2058823529411764,0.2058823529411764,cold_scaffold,split2027,1,Contact500 pretraining without SCA
248,3.568636178970337,5.303274631500244,3.568636178970337,5.669458866119385,3.568636178970337,1.7346384525299072,2.100822687149048,-0.3661842346191406,1.0,0.4098360655737705,0.4098360655737705,cold_scaffold,split2027,1,Contact500 pretraining without SCA
95,2.397939920425415,6.163320541381836,2.397939920425415,7.231629848480225,2.397939920425415,3.765380620956421,4.83368992805481,-1.0683093070983887,1.0,0.6862745098039216,0.6862745098039216,cold_scaffold,split2027,1,Contact500 pretraining without SCA
261,2.522878646850586,5.3991007804870605,2.522878646850586,5.621730804443359,2.522878646850586,2.8762221336364746,3.0988521575927734,-0.22263002395629883,1.0,0.7021276595744681,0.7021276595744681,cold_scaffold,split2027,1,Contact500 pretraining without SCA
2281,5.616184711456299,7.904318332672119,5.616184711456299,5.884738922119141,5.616184711456299,2.2881336212158203,0.2685542106628418,2.0195794105529785,0.5357142857142857,0.1809523809523809,0.1809523809523809,cold_scaffold,split2027,1,Contact500 pretraining without SCA
1318,4.7798919677734375,5.802231788635254,4.7798919677734375,5.703868865966797,4.7798919677734375,1.0223398208618164,0.9239768981933594,0.09836292266845703,0.8333333333333334,0.1666666666666666,0.1666666666666666,cold_scaffold,split2027,1,Contact500 pretraining without SCA
1033,5.387216091156006,6.056097507476807,5.387216091156006,5.818031311035156,5.387216091156006,0.6688814163208008,0.4308152198791504,0.2380661964416504,0.5555555555555556,0.1637931034482758,0.1637931034482758,cold_scaffold,split2027,1,Contact500 pretraining without SCA
141,3.536107063293457,4.664762496948242,3.536107063293457,4.709498405456543,3.536107063293457,1.1286554336547852,1.173391342163086,-0.04473590850830078,0.9310344827586208,0.140625,0.140625,cold_scaffold,split2027,1,Contact500 pretraining without SCA
318,7.769551277160644,6.483920097351074,7.769551277160644,6.876751899719238,7.769551277160644,1.2856311798095694,0.8927993774414054,0.39283180236816406,1.0,0.1621621621621621,0.1621621621621621,cold_scaffold,split2027,1,Contact500 pretraining without SCA
2061,5.946921348571777,5.320663928985596,5.946921348571777,5.247776508331299,5.946921348571777,0.6262574195861816,0.6991448402404785,-0.07288742065429688,1.0,0.4567901234567901,0.4567901234567901,cold_scaffold,split2027,1,Contact500 pretraining without SCA
932,5.6575775146484375,4.224634170532227,5.6575775146484375,3.943538427352905,5.6575775146484375,1.432943344116211,1.7140390872955327,-0.28109574317932173,0.5405405405405406,0.6862745098039216,0.5405405405405406,cold_scaffold,split2027,1,Contact500 pretraining without SCA
1862,5.823908805847168,6.189291000366211,5.823908805847168,5.881278991699219,5.823908805847168,0.36538219451904297,0.05737018585205078,0.3080120086669922,0.5357142857142857,0.2131147540983606,0.2131147540983606,cold_scaffold,split2027,1,Contact500 pretraining without SCA
128,4.455932140350342,4.485334396362305,4.455932140350342,4.686106204986572,4.455932140350342,0.02940225601196289,0.23017406463623047,-0.20077180862426758,0.9310344827586208,0.3823529411764705,0.3823529411764705,cold_scaffold,split2027,1,Contact500 pretraining without SCA
1864,5.721246242523193,6.2841620445251465,5.721246242523193,5.453493118286133,5.721246242523193,0.5629158020019531,0.26775312423706055,0.2951626777648926,0.5357142857142857,0.2,0.2,cold_scaffold,split2027,1,Contact500 pretraining without SCA
2245,4.431798458099365,5.228775978088379,4.431798458099365,5.268576622009277,4.431798458099365,0.7969775199890137,0.8367781639099121,-0.03980064392089844,0.5454545454545454,1.0,0.5454545454545454,cold_scaffold,split2027,1,Contact500 pretraining without SCA
1362,5.494850158691406,4.965540409088135,5.494850158691406,5.010520458221436,5.494850158691406,0.5293097496032715,0.4843297004699698,0.04498004913330167,0.5588235294117647,0.1818181818181818,0.1818181818181818,cold_scaffold,split2027,1,Contact500 pretraining without SCA
1520,4.8181562423706055,5.477276802062988,4.8181562423706055,5.588403224945068,4.8181562423706055,0.6591205596923828,0.7702469825744629,-0.11112642288208008,0.96,0.2045454545454545,0.2045454545454545,cold_scaffold,split2027,1,Contact500 pretraining without SCA
2136,6.0,5.18402910232544,6.0,5.575178146362305,6.0,0.8159708976745597,0.4248218536376953,0.39114904403686435,0.5182926829268293,1.0,0.5182926829268293,cold_scaffold,split2027,1,Contact500 pretraining without SCA
1892,5.853871822357178,4.966215133666992,5.853871822357178,4.8991217613220215,5.853871822357178,0.8876566886901855,0.9547500610351562,-0.0670933723449707,0.8266666666666667,0.3157894736842105,0.3157894736842105,cold_scaffold,split2027,1,Contact500 pretraining without SCA
1808,4.92081880569458,4.131814479827881,4.92081880569458,4.3560709953308105,4.92081880569458,0.7890043258666992,0.5647478103637695,0.2242565155029297,0.9310344827586208,0.2,0.2,cold_scaffold,split2027,1,Contact500 pretraining without SCA
1037,5.017728805541992,6.056097984313965,5.017728805541992,5.818031311035156,5.017728805541992,1.0383691787719727,0.8003025054931641,0.2380666732788086,0.5555555555555556,0.1637931034482758,0.1637931034482758,cold_scaffold,split2027,1,Contact500 pretraining without SCA
113,4.045757293701172,4.443567276000977,4.045757293701172,4.602410793304443,4.045757293701172,0.3978099822998047,0.5566534996032715,-0.1588435173034668,0.9310344827586208,0.3243243243243243,0.3243243243243243,cold_scaffold,split2027,1,Contact500 pretraining without SCA
1416,4.473660945892334,5.105965614318848,4.473660945892334,4.700844764709473,4.473660945892334,0.6323046684265137,0.22718381881713867,0.405120849609375,0.4927536231884057,0.3663366336633663,0.3663366336633663,cold_scaffold,split2027,1,Contact500 pretraining without SCA
1388,4.705533981323242,5.2726731300354,4.705533981323242,5.593184947967529,4.705533981323242,0.5671391487121582,0.8876509666442871,-0.3205118179321289,0.5074626865671642,0.4021739130434782,0.4021739130434782,cold_scaffold,split2027,1,Contact500 pretraining without SCA
266,3.259637355804444,4.828238487243652,3.259637355804444,4.776994705200195,3.259637355804444,1.5686011314392085,1.5173573493957515,0.05124378204345703,1.0,0.6666666666666666,0.6666666666666666,cold_scaffold,split2027,1,Contact500 pretraining without SCA
2137,3.096909999847412,5.111354827880859,3.096909999847412,5.454514980316162,3.096909999847412,2.0144448280334473,2.35760498046875,-0.34316015243530273,0.5182926829268293,1.0,0.5182926829268293,cold_scaffold,split2027,1,Contact500 pretraining without SCA
419,8.12493896484375,5.9970784187316895,8.12493896484375,6.874567985534668,8.12493896484375,2.1278605461120605,1.250370979309082,0.8774895668029785,0.1366931308249913,0.1530612244897959,0.1366931308249913,cold_scaffold,split2027,1,Contact500 pretraining without SCA
2377,5.040958404541016,6.499050140380859,5.040958404541016,6.730756759643555,5.040958404541016,1.4580917358398438,1.689798355102539,-0.2317066192626953,0.8076923076923077,0.1935483870967742,0.1935483870967742,cold_scaffold,split2027,1,Contact500 pretraining without SCA
1601,5.096909999847412,5.110995292663574,5.096909999847412,5.204470157623291,5.096909999847412,0.01408529281616211,0.1075601577758789,-0.0934748649597168,0.5217391304347826,1.0,0.5217391304347826,cold_scaffold,split2027,1,Contact500 pretraining without SCA
122,5.522878646850586,4.2491536140441895,5.522878646850586,4.4225172996521,5.522878646850586,1.2737250328063965,1.1003613471984863,0.17336368560791016,0.9310344827586208,0.2,0.2,cold_scaffold,split2027,1,Contact500 pretraining without SCA
115,3.795880079269409,4.377616882324219,3.795880079269409,4.54732084274292,3.795880079269409,0.5817368030548096,0.7514407634735107,-0.16970396041870117,0.9310344827586208,0.275,0.275,cold_scaffold,split2027,1,Contact500 pretraining without SCA
933,5.853871822357178,3.959684610366821,5.853871822357178,4.336837768554688,5.853871822357178,1.894187211990357,1.5170340538024893,0.37715315818786754,0.5405405405405406,0.6724137931034483,0.5405405405405406,cold_scaffold,split2027,1,Contact500 pretraining without SCA
1175,5.585026741027832,5.34834098815918,5.585026741027832,4.723411083221436,5.585026741027832,0.23668575286865234,0.8616156578063956,-0.6249299049377433,0.5806451612903225,0.2361111111111111,0.2361111111111111,cold_scaffold,split2027,1,Contact500 pretraining without SCA
1339,5.677780628204346,5.602367877960205,5.677780628204346,5.91386604309082,5.677780628204346,0.07541275024414062,0.2360854148864746,-0.16067266464233398,0.5588235294117647,0.1857142857142857,0.1857142857142857,cold_scaffold,split2027,1,Contact500 pretraining without SCA
711,4.924453258514404,4.905129909515381,4.924453258514404,4.881873607635498,4.924453258514404,0.019323348999023438,0.04257965087890625,-0.023256301879882812,1.0,0.4310344827586206,0.4310344827586206,cold_scaffold,split2027,1,Contact500 pretraining without SCA
394,5.744727611541748,6.894343376159668,5.744727611541748,8.07754898071289,5.744727611541748,1.14961576461792,2.3328213691711426,-1.1832056045532227,0.1366931308249913,0.1932773109243697,0.1366931308249913,cold_scaffold,split2027,1,Contact500 pretraining without SCA
1057,4.79587984085083,5.992956638336182,4.79587984085083,4.58304500579834,4.79587984085083,1.1970767974853516,0.21283483505249023,0.9842419624328613,1.0,0.1637931034482758,0.1637931034482758,cold_scaffold,split2027,1,Contact500 pretraining without SCA
1777,6.096909999847412,6.112478256225586,6.096909999847412,6.807743072509766,6.096909999847412,0.015568256378173828,0.7108330726623535,-0.6952648162841797,0.5211267605633803,0.2181818181818181,0.2181818181818181,cold_scaffold,split2027,1,Contact500 pretraining without SCA
1370,5.698969841003418,5.696505069732666,5.698969841003418,6.05866003036499,5.698969841003418,0.002464771270751953,0.35969018936157227,-0.3572254180908203,0.5588235294117647,0.2028985507246377,0.2028985507246377,cold_scaffold,split2027,1,Contact500 pretraining without SCA
2439,7.522878646850586,6.566254138946533,7.522878646850586,7.048614025115967,7.522878646850586,0.9566245079040527,0.47426462173461914,0.4823598861694336,0.5,1.0,0.5,cold_scaffold,split2027,1,Contact500 pretraining without SCA
1850,5.853871822357178,6.004031181335449,5.853871822357178,5.909672737121582,5.853871822357178,0.15015935897827148,0.0558009147644043,0.09435844421386719,0.5319148936170213,0.2131147540983606,0.2131147540983606,cold_scaffold,split2027,1,Contact500 pretraining without SCA
393,6.585026741027832,5.870084285736084,6.585026741027832,6.3004069328308105,6.585026741027832,0.714942455291748,0.2846198081970215,0.43032264709472656,0.6111111111111112,1.0,0.6111111111111112,cold_scaffold,split2027,1,Contact500 pretraining without SCA
1891,5.638272285461426,5.159960746765137,5.638272285461426,5.041277885437012,5.638272285461426,0.47831153869628906,0.5969944000244141,-0.118682861328125,0.8266666666666667,0.6938775510204082,0.6938775510204082,cold_scaffold,split2027,1,Contact500 pretraining without SCA
1774,6.37633752822876,8.213046073913574,6.37633752822876,9.071770668029783,6.37633752822876,1.8367085456848145,2.6954331398010236,-0.8587245941162092,0.65,0.5164835164835165,0.5164835164835165,cold_scaffold,split2027,1,Contact500 pretraining without SCA
2278,4.752026557922363,7.973302841186523,4.752026557922363,5.921868324279785,4.752026557922363,3.22127628326416,1.1698417663574219,2.0514345169067383,0.5357142857142857,0.1809523809523809,0.1809523809523809,cold_scaffold,split2027,1,Contact500 pretraining without SCA
1870,6.721246242523193,6.694355487823486,6.721246242523193,6.214162826538086,6.721246242523193,0.02689075469970703,0.5070834159851074,-0.4801926612854004,0.5510204081632653,0.1739130434782608,0.1739130434782608,cold_scaffold,split2027,1,Contact500 pretraining without SCA
680,3.0390539169311523,4.292341232299805,3.0390539169311523,4.521212100982666,3.0390539169311523,1.2532873153686523,1.4821581840515137,-0.22887086868286133,0.9310344827586208,0.3043478260869565,0.3043478260869565,cold_scaffold,split2027,1,Contact500 pretraining without SCA
1383,2.978810787200928,4.670101642608643,2.978810787200928,4.180294513702393,2.978810787200928,1.6912908554077144,1.2014837265014644,0.48980712890625,0.5074626865671642,0.5,0.5,cold_scaffold,split2027,1,Contact500 pretraining without SCA
1880,7.017728805541992,6.916712760925293,7.017728805541992,6.810286045074463,7.017728805541992,0.10101604461669922,0.2074427604675293,-0.10642671585083008,0.4968944099378882,0.1739130434782608,0.1739130434782608,cold_scaffold,split2027,1,Contact500 pretraining without SCA
1045,5.327902317047119,6.057027339935303,5.327902317047119,5.412362575531006,5.327902317047119,0.7291250228881836,0.08446025848388672,0.6446647644042969,0.6111111111111112,0.1637931034482758,0.1637931034482758,cold_scaffold,split2027,1,Contact500 pretraining without SCA
327,6.045757293701172,5.391308784484863,6.045757293701172,5.435601711273193,6.045757293701172,0.6544485092163086,0.6101555824279785,0.04429292678833008,0.9310344827586208,0.5274725274725275,0.5274725274725275,cold_scaffold,split2027,1,Contact500 pretraining without SCA
276,3.259637355804444,4.9370222091674805,3.259637355804444,4.850108623504639,3.259637355804444,1.6773848533630367,1.5904712677001949,0.0869135856628418,1.0,0.4137931034482758,0.4137931034482758,cold_scaffold,split2027,1,Contact500 pretraining without SCA
2045,3.0,6.2911696434021,3.0,6.219473361968994,3.0,3.2911696434020996,3.219473361968994,0.07169628143310547,1.0,0.4285714285714285,0.4285714285714285,cold_scaffold,split2027,1,Contact500 pretraining without SCA
1143,6.619788646697998,6.307711601257324,6.619788646697998,5.518874168395996,6.619788646697998,0.31207704544067383,1.100914478302002,-0.7888374328613281,1.0,0.25,0.25,cold_scaffold,split2027,1,Contact500 pretraining without SCA
2056,6.368556022644043,5.452728271484375,6.368556022644043,5.655673027038574,6.368556022644043,0.915827751159668,0.7128829956054688,0.20294475555419922,1.0,0.4729729729729729,0.4729729729729729,cold_scaffold,split2027,1,Contact500 pretraining without SCA
714,3.798602819442749,5.504202365875244,3.798602819442749,5.771014213562012,3.798602819442749,1.7055995464324951,1.9724113941192627,-0.2668118476867676,1.0,1.0,1.0,cold_scaffold,split2027,1,Contact500 pretraining without SCA
899,3.4814860820770264,5.632794380187988,3.4814860820770264,5.664595127105713,3.4814860820770264,2.151308298110962,2.1831090450286865,-0.03180074691772461,0.6052631578947368,1.0,0.6052631578947368,cold_scaffold,split2027,1,Contact500 pretraining without SCA
1818,6.236571788787842,5.307762622833252,6.236571788787842,5.989380836486816,6.236571788787842,0.9288091659545898,0.2471909523010254,0.6816182136535645,0.5869565217391304,0.4565217391304347,0.4565217391304347,cold_scaffold,split2027,1,Contact500 pretraining without SCA
2284,4.978810787200928,7.6957855224609375,4.978810787200928,6.12656307220459,4.978810787200928,2.7169747352600098,1.147752285003662,1.5692224502563477,0.5595238095238095,0.1809523809523809,0.1809523809523809,cold_scaffold,split2027,1,Contact500 pretraining without SCA
926,5.096909999847412,5.169624328613281,5.096909999847412,4.44610071182251,5.096909999847412,0.07271432876586914,0.6508092880249023,-0.5780949592590332,0.6190476190476191,0.4047619047619047,0.4047619047619047,cold_scaffold,split2027,1,Contact500 pretraining without SCA
277,2.522878646850586,4.905129909515381,2.522878646850586,4.881873607635498,2.522878646850586,2.382251262664795,2.358994960784912,0.023256301879882812,1.0,0.4310344827586206,0.4310344827586206,cold_scaffold,split2027,1,Contact500 pretraining without SCA
742,6.79587984085083,5.14100980758667,6.79587984085083,5.781818389892578,6.79587984085083,1.6548700332641602,1.014061450958252,0.6408085823059082,0.62,0.0,0.0,cold_scaffold,split2027,1,Contact500 pretraining without SCA
969,6.173925399780273,4.765133857727051,6.173925399780273,5.086918830871582,6.173925399780273,1.4087915420532227,1.0870065689086914,0.32178497314453125,0.5084745762711864,0.2435897435897435,0.2435897435897435,cold_scaffold,split2027,1,Contact500 pretraining without SCA
1873,5.935542106628418,6.507388114929199,5.935542106628418,6.141468524932861,5.935542106628418,0.5718460083007812,0.20592641830444336,0.3659195899963379,0.5510204081632653,0.2,0.2,cold_scaffold,split2027,1,Contact500 pretraining without SCA
91,5.397940158843994,5.707258224487305,5.397940158843994,7.3744797706604,5.397940158843994,0.30931806564331055,1.9765396118164062,-1.6672215461730957,1.0,1.0,1.0,cold_scaffold,split2027,1,Contact500 pretraining without SCA
935,5.096909999847412,4.087947845458984,5.096909999847412,4.1833038330078125,5.096909999847412,1.0089621543884277,0.9136061668395996,0.09535598754882812,0.5405405405405406,1.0,0.5405405405405406,cold_scaffold,split2027,1,Contact500 pretraining without SCA
111,3.091515064239502,4.376789093017578,3.091515064239502,4.530062675476074,3.091515064239502,1.2852740287780762,1.4385476112365723,-0.1532735824584961,0.9310344827586208,0.2941176470588235,0.2941176470588235,cold_scaffold,split2027,1,Contact500 pretraining without SCA
1333,5.853871822357178,5.725529670715332,5.853871822357178,6.085801601409912,5.853871822357178,0.1283421516418457,0.23192977905273438,-0.10358762741088867,0.5588235294117647,0.1917808219178082,0.1917808219178082,cold_scaffold,split2027,1,Contact500 pretraining without SCA
1402,4.630784034729004,5.107240676879883,4.630784034729004,4.724661350250244,4.630784034729004,0.4764566421508789,0.09387731552124023,0.38257932662963867,0.5074626865671642,0.3663366336633663,0.3663366336633663,cold_scaffold,split2027,1,Contact500 pretraining without SCA
1385,3.838632106781006,4.764997005462647,3.838632106781006,4.324077606201172,3.838632106781006,0.9263648986816415,0.485445499420166,0.4409193992614755,0.5074626865671642,0.4512195121951219,0.4512195121951219,cold_scaffold,split2027,1,Contact500 pretraining without SCA
2140,5.522878646850586,5.30472469329834,5.522878646850586,5.608129978179932,5.522878646850586,0.2181539535522461,0.0852513313293457,0.1329026222229004,0.56875,1.0,0.56875,cold_scaffold,split2027,1,Contact500 pretraining without SCA
1287,6.387216091156006,5.979067325592041,6.387216091156006,5.747084617614746,6.387216091156006,0.40814876556396484,0.6401314735412598,-0.23198270797729492,0.4907407407407407,0.1739130434782608,0.1739130434782608,cold_scaffold,split2027,1,Contact500 pretraining without SCA
900,2.744727611541748,5.602893352508545,2.744727611541748,5.760043144226074,2.744727611541748,2.858165740966797,3.015315532684326,-0.1571497917175293,0.6,1.0,0.6,cold_scaffold,split2027,1,Contact500 pretraining without SCA
1010,5.659555912017822,4.26119327545166,5.659555912017822,4.3008575439453125,5.659555912017822,1.398362636566162,1.3586983680725098,0.039664268493652344,0.5,0.1917808219178082,0.1917808219178082,cold_scaffold,split2027,1,Contact500 pretraining without SCA
2044,4.698969841003418,6.2901105880737305,4.698969841003418,6.319457054138184,4.698969841003418,1.5911407470703125,1.6204872131347656,-0.029346466064453125,1.0,0.3888888888888889,0.3888888888888889,cold_scaffold,split2027,1,Contact500 pretraining without SCA
2391,5.853871822357178,5.258565902709961,5.853871822357178,5.581911563873291,5.853871822357178,0.5953059196472168,0.2719602584838867,0.3233456611633301,0.5084745762711864,0.1791044776119403,0.1791044776119403,cold_scaffold,split2027,1,Contact500 pretraining without SCA
2138,3.0,5.074018955230713,3.0,5.379279613494873,3.0,2.074018955230713,2.379279613494873,-0.30526065826416016,0.5182926829268293,0.8245614035087719,0.5182926829268293,cold_scaffold,split2027,1,Contact500 pretraining without SCA
1355,5.638272285461426,5.596686840057373,5.638272285461426,5.919332027435303,5.638272285461426,0.041585445404052734,0.28105974197387695,-0.23947429656982422,0.5588235294117647,0.2083333333333333,0.2083333333333333,cold_scaffold,split2027,1,Contact500 pretraining without SCA
305,5.301030158996582,5.953035831451416,5.301030158996582,6.187056064605713,5.301030158996582,0.652005672454834,0.8860259056091309,-0.23402023315429688,0.5657894736842105,0.1774193548387097,0.1774193548387097,cold_scaffold,split2027,1,Contact500 pretraining without SCA
120,3.0043647289276123,4.441862106323242,3.0043647289276123,4.577651500701904,3.0043647289276123,1.4374973773956299,1.573286771774292,-0.1357893943786621,0.9310344827586208,0.2121212121212121,0.2121212121212121,cold_scaffold,split2027,1,Contact500 pretraining without SCA
119,3.7695510387420654,4.576541900634766,3.7695510387420654,4.8219146728515625,3.7695510387420654,0.8069908618927002,1.052363634109497,-0.24537277221679688,0.9310344827586208,0.3103448275862069,0.3103448275862069,cold_scaffold,split2027,1,Contact500 pretraining without SCA
1338,5.537601947784424,4.9462056159973145,5.537601947784424,5.010962009429932,5.537601947784424,0.5913963317871094,0.5266399383544922,0.06475639343261719,0.5588235294117647,0.1627906976744186,0.1627906976744186,cold_scaffold,split2027,1,Contact500 pretraining without SCA
1335,5.6575775146484375,5.11163330078125,5.6575775146484375,5.854795455932617,5.6575775146484375,0.5459442138671875,0.1972179412841797,0.3487262725830078,0.5588235294117647,0.1940298507462686,0.1940298507462686,cold_scaffold,split2027,1,Contact500 pretraining without SCA
2453,6.023650169372559,6.628625392913818,6.023650169372559,6.650396347045898,6.023650169372559,0.6049752235412598,0.6267461776733398,-0.021770954132080078,0.4848484848484848,0.5222222222222223,0.4848484848484848,cold_scaffold,split2027,1,Contact500 pretraining without SCA
1020,5.698969841003418,4.528453826904297,5.698969841003418,4.344077110290527,5.698969841003418,1.170516014099121,1.3548927307128906,-0.18437671661376953,0.5833333333333333,0.1917808219178082,0.1917808219178082,cold_scaffold,split2027,1,Contact500 pretraining without SCA
271,2.301029920578003,5.020657062530518,2.301029920578003,4.978571891784668,2.301029920578003,2.7196271419525146,2.677541971206665,0.04208517074584961,1.0,0.5833333333333334,0.5833333333333334,cold_scaffold,split2027,1,Contact500 pretraining without SCA
1594,4.468521118164063,4.957185745239258,4.468521118164063,5.312597751617432,4.468521118164063,0.4886646270751944,0.8440766334533683,-0.35541200637817383,0.5,0.8387096774193549,0.5,cold_scaffold,split2027,1,Contact500 pretraining without SCA
1332,5.522878646850586,5.725775241851807,5.522878646850586,6.094563961029053,5.522878646850586,0.2028965950012207,0.5716853141784668,-0.3687887191772461,0.5588235294117647,0.2191780821917808,0.2191780821917808,cold_scaffold,split2027,1,Contact500 pretraining without SCA
1261,6.03245210647583,5.197454452514648,6.03245210647583,5.484253406524658,6.03245210647583,0.8349976539611816,0.5481986999511719,0.28679895401000977,0.5806451612903225,0.2653061224489796,0.2653061224489796,cold_scaffold,split2027,1,Contact500 pretraining without SCA
957,5.896196365356445,6.717123031616211,5.896196365356445,6.058696269989014,5.896196365356445,0.8209266662597656,0.16249990463256836,0.6584267616271973,0.5084745762711864,0.175,0.175,cold_scaffold,split2027,1,Contact500 pretraining without SCA
1350,5.494850158691406,5.007943153381348,5.494850158691406,4.941427230834961,5.494850158691406,0.4869070053100586,0.5534229278564453,-0.06651592254638672,0.5588235294117647,0.1728395061728395,0.1728395061728395,cold_scaffold,split2027,1,Contact500 pretraining without SCA
287,4.7695512771606445,5.538330078125,4.7695512771606445,6.090167999267578,4.7695512771606445,0.7687788009643555,1.3206167221069336,-0.5518379211425781,0.6111111111111112,0.4262295081967213,0.4262295081967213,cold_scaffold,split2027,1,Contact500 pretraining without SCA
254,3.744727611541748,5.119448661804199,3.744727611541748,5.04854154586792,3.744727611541748,1.3747210502624512,1.3038139343261719,0.0709071159362793,1.0,0.5737704918032787,0.5737704918032787,cold_scaffold,split2027,1,Contact500 pretraining without SCA
415,5.86966609954834,6.977944374084473,5.86966609954834,8.577811241149902,5.86966609954834,1.1082782745361328,2.7081451416015625,-1.5998668670654297,1.0,1.0,1.0,cold_scaffold,split2027,1,Contact500 pretraining without SCA
1372,6.0,5.514297008514404,6.0,5.811907768249512,6.0,0.4857029914855957,0.18809223175048828,0.2976107597351074,0.5588235294117647,0.1728395061728395,0.1728395061728395,cold_scaffold,split2027,1,Contact500 pretraining without SCA
206,4.853871822357178,5.984399318695068,4.853871822357178,5.395981311798096,4.853871822357178,1.1305274963378906,0.542109489440918,0.5884180068969727,1.0,0.2886597938144329,0.2886597938144329,cold_scaffold,split2027,1,Contact500 pretraining without SCA
1058,5.602059841156006,6.921701431274414,5.602059841156006,6.034295082092285,5.602059841156006,1.3196415901184082,0.4322352409362793,0.8874063491821289,0.5027027027027027,0.3181818181818182,0.3181818181818182,cold_scaffold,split2027,1,Contact500 pretraining without SCA
658,3.301029920578003,4.441091060638428,3.301029920578003,3.3620731830596924,3.301029920578003,1.1400611400604248,0.06104326248168945,1.0790178775787354,0.9310344827586208,0.1866666666666666,0.1866666666666666,cold_scaffold,split2027,1,Contact500 pretraining without SCA
1342,5.92081880569458,5.677313327789307,5.92081880569458,6.058663368225098,5.92081880569458,0.24350547790527344,0.13784456253051758,0.10566091537475586,0.5588235294117647,0.1842105263157894,0.1842105263157894,cold_scaffold,split2027,1,Contact500 pretraining without SCA
414,6.305394649505615,5.465689659118652,6.305394649505615,6.206806659698486,6.305394649505615,0.8397049903869629,0.0985879898071289,0.741117000579834,0.62,0.8596491228070176,0.62,cold_scaffold,split2027,1,Contact500 pretraining without SCA
1913,6.251811981201172,5.494512557983398,6.251811981201172,5.610668182373047,6.251811981201172,0.7572994232177734,0.641143798828125,0.11615562438964844,0.5238095238095238,0.1648351648351648,0.1648351648351648,cold_scaffold,split2027,1,Contact500 pretraining without SCA
681,3.0,4.403464317321777,3.0,4.503997325897217,3.0,1.4034643173217773,1.5039973258972168,-0.10053300857543945,0.9310344827586208,0.1833333333333333,0.1833333333333333,cold_scaffold,split2027,1,Contact500 pretraining without SCA
1016,5.6575775146484375,4.651206016540527,5.6575775146484375,4.595059871673584,5.6575775146484375,1.0063714981079102,1.0625176429748535,-0.05614614486694336,0.5833333333333333,0.2075471698113207,0.2075471698113207,cold_scaffold,split2027,1,Contact500 pretraining without SCA
375,6.045757293701172,5.523736000061035,6.045757293701172,5.418623924255371,6.045757293701172,0.5220212936401367,0.6271333694458008,-0.10511207580566406,0.9310344827586208,0.5393258426966292,0.5393258426966292,cold_scaffold,split2027,1,Contact500 pretraining without SCA
135,3.954677104949951,4.73310136795044,3.954677104949951,4.472864627838135,3.954677104949951,0.7784242630004892,0.5181875228881836,0.2602367401123056,0.9310344827586208,0.1354166666666666,0.1354166666666666,cold_scaffold,split2027,1,Contact500 pretraining without SCA
757,5.12493896484375,6.1312994956970215,5.12493896484375,5.593596458435059,5.12493896484375,1.0063605308532715,0.4686574935913086,0.5377030372619629,0.6111111111111112,0.1637931034482758,0.1637931034482758,cold_scaffold,split2027,1,Contact500 pretraining without SCA
991,4.958607196807861,5.034777641296387,4.958607196807861,5.267642498016357,4.958607196807861,0.07617044448852539,0.3090353012084961,-0.2328648567199707,0.5084745762711864,0.2093023255813953,0.2093023255813953,cold_scaffold,split2027,1,Contact500 pretraining without SCA
1563,5.522878646850586,5.772242069244385,5.522878646850586,6.642746925354004,5.522878646850586,0.24936342239379883,1.119868278503418,-0.8705048561096191,0.5555555555555556,0.1964285714285714,0.1964285714285714,cold_scaffold,split2027,1,Contact500 pretraining without SCA
1083,6.552842140197754,7.845968723297119,6.552842140197754,7.703470230102539,6.552842140197754,1.2931265830993652,1.1506280899047852,0.14249849319458008,0.5555555555555556,0.2248062015503876,0.2248062015503876,cold_scaffold,split2027,1,Contact500 pretraining without SCA
1240,5.744727611541748,5.7672038078308105,5.744727611541748,5.01581335067749,5.744727611541748,0.0224761962890625,0.7289142608642578,-0.7064380645751953,0.5657894736842105,0.16,0.16,cold_scaffold,split2027,1,Contact500 pretraining without SCA
281,3.9141745567321777,4.488363742828369,3.9141745567321777,4.865667343139648,3.9141745567321777,0.5741891860961914,0.9514927864074707,-0.3773036003112793,1.0,0.3265306122448979,0.3265306122448979,cold_scaffold,split2027,1,Contact500 pretraining without SCA
765,7.0,7.846596240997314,7.0,6.979400157928467,7.0,0.8465962409973136,0.020599842071533203,0.8259963989257804,0.5686274509803921,0.2276422764227642,0.2276422764227642,cold_scaffold,split2027,1,Contact500 pretraining without SCA
2404,5.638272285461426,4.876922130584717,5.638272285461426,5.220882415771484,5.638272285461426,0.761350154876709,0.4173898696899414,0.3439602851867676,0.5833333333333333,0.1791044776119403,0.1791044776119403,cold_scaffold,split2027,1,Contact500 pretraining without SCA
941,1.6946486234664917,4.271410942077637,1.6946486234664917,4.427545070648193,1.6946486234664917,2.576762318611145,2.7328964471817017,-0.15613412857055664,0.5405405405405406,0.6862745098039216,0.5405405405405406,cold_scaffold,split2027,1,Contact500 pretraining without SCA
1886,7.148741722106934,7.425021171569824,7.148741722106934,7.853542327880859,7.148741722106934,0.2762794494628906,0.7048006057739258,-0.42852115631103516,0.4039900249376559,0.1739130434782608,0.1739130434782608,cold_scaffold,split2027,1,Contact500 pretraining without SCA
260,2.522878646850586,5.429193496704102,2.522878646850586,5.656013011932373,2.522878646850586,2.9063148498535156,3.133134365081787,-0.22681951522827148,1.0,0.5185185185185185,0.5185185185185185,cold_scaffold,split2027,1,Contact500 pretraining without SCA
1371,5.494850158691406,5.458415985107422,5.494850158691406,5.884252071380615,5.494850158691406,0.036434173583984375,0.389401912689209,-0.3529677391052246,0.5588235294117647,0.1547619047619047,0.1547619047619047,cold_scaffold,split2027,1,Contact500 pretraining without SCA
264,2.522878646850586,5.412454605102539,2.522878646850586,5.652381420135498,2.522878646850586,2.889575958251953,3.129502773284912,-0.23992681503295898,1.0,0.6122448979591837,0.6122448979591837,cold_scaffold,split2027,1,Contact500 pretraining without SCA
1102,6.494850158691406,6.453441619873047,6.494850158691406,5.520959854125977,6.494850158691406,0.041408538818359375,0.9738903045654297,-0.9324817657470703,0.5909090909090908,0.15,0.15,cold_scaffold,split2027,1,Contact500 pretraining without SCA
732,5.552842140197754,6.494114398956299,5.552842140197754,5.049576759338379,5.552842140197754,0.9412722587585449,0.503265380859375,0.4380068778991699,0.8076923076923077,0.1809523809523809,0.1809523809523809,cold_scaffold,split2027,1,Contact500 pretraining without SCA
1911,6.552842140197754,5.667192459106445,6.552842140197754,5.748650074005127,6.552842140197754,0.8856496810913086,0.804192066192627,0.08145761489868164,0.5238095238095238,0.1684210526315789,0.1684210526315789,cold_scaffold,split2027,1,Contact500 pretraining without SCA
751,6.013228416442871,4.744495391845703,6.013228416442871,4.54632043838501,6.013228416442871,1.268733024597168,1.4669079780578613,-0.19817495346069336,0.4779116465863453,0.1944444444444444,0.1944444444444444,cold_scaffold,split2027,1,Contact500 pretraining without SCA
1262,5.430625915527344,5.860963344573975,5.430625915527344,5.9805684089660645,5.430625915527344,0.43033742904663086,0.5499424934387207,-0.11960506439208984,0.6111111111111112,0.2653061224489796,0.2653061224489796,cold_scaffold,split2027,1,Contact500 pretraining without SCA
808,7.522878646850586,6.459383010864258,7.522878646850586,7.041266441345215,7.522878646850586,1.0634956359863281,0.4816122055053711,0.581883430480957,0.5,1.0,0.5,cold_scaffold,split2027,1,Contact500 pretraining without SCA
1909,6.318758964538574,5.555628299713135,6.318758964538574,5.653036594390869,6.318758964538574,0.7631306648254395,0.6657223701477051,0.09740829467773438,0.5238095238095238,0.1789473684210526,0.1789473684210526,cold_scaffold,split2027,1,Contact500 pretraining without SCA
1369,5.08092212677002,5.64060115814209,5.08092212677002,5.898320198059082,5.08092212677002,0.5596790313720694,0.8173980712890616,-0.2577190399169922,0.5588235294117647,0.1666666666666666,0.1666666666666666,cold_scaffold,split2027,1,Contact500 pretraining without SCA
336,7.0,5.424172401428223,7.0,5.400769233703613,7.0,1.5758275985717773,1.5992307662963867,-0.023403167724609375,0.9310344827586208,0.524390243902439,0.524390243902439,cold_scaffold,split2027,1,Contact500 pretraining without SCA
1560,5.301030158996582,5.66554594039917,5.301030158996582,6.075060844421387,5.301030158996582,0.3645157814025879,0.7740306854248047,-0.4095149040222168,0.6111111111111112,0.1964285714285714,0.1964285714285714,cold_scaffold,split2027,1,Contact500 pretraining without SCA
667,3.655607700347901,4.008601665496826,3.655607700347901,3.3687117099761963,3.655607700347901,0.35299396514892534,0.28689599037170455,0.06609797477722079,0.9310344827586208,0.0,0.0,cold_scaffold,split2027,1,Contact500 pretraining without SCA
916,4.958607196807861,5.146523475646973,4.958607196807861,4.432257652282715,4.958607196807861,0.18791627883911133,0.5263495445251465,-0.33843326568603516,0.625,0.4047619047619047,0.4047619047619047,cold_scaffold,split2027,1,Contact500 pretraining without SCA
779,4.677780628204346,5.627963542938232,4.677780628204346,4.983810901641846,4.677780628204346,0.9501829147338867,0.3060302734375,0.6441526412963867,0.5714285714285714,0.2886597938144329,0.2886597938144329,cold_scaffold,split2027,1,Contact500 pretraining without SCA
1374,5.568636417388916,5.203433513641357,5.568636417388916,5.676474094390869,5.568636417388916,0.3652029037475586,0.10783767700195312,0.25736522674560547,0.5588235294117647,0.1923076923076923,0.1923076923076923,cold_scaffold,split2027,1,Contact500 pretraining without SCA
1319,0.4672456085681915,5.150842189788818,0.4672456085681915,5.728180885314941,0.4672456085681915,4.683596581220627,5.26093527674675,-0.577338695526123,0.6071428571428572,0.1666666666666666,0.1666666666666666,cold_scaffold,split2027,1,Contact500 pretraining without SCA
114,3.6575772762298575,4.351925373077393,3.6575772762298575,4.505672931671143,3.6575772762298575,0.6943480968475351,0.8480956554412851,-0.15374755859375,0.9310344827586208,0.2619047619047619,0.2619047619047619,cold_scaffold,split2027,1,Contact500 pretraining without SCA
2471,5.829151630401611,6.257374286651611,5.829151630401611,6.973410606384277,5.829151630401611,0.42822265625,1.144258975982666,-0.716036319732666,0.6153846153846154,0.5222222222222223,0.5222222222222223,cold_scaffold,split2027,1,Contact500 pretraining without SCA
662,3.0,4.647307872772217,3.0,4.406411647796631,3.0,1.6473078727722168,1.4064116477966309,0.24089622497558594,0.9310344827586208,0.1666666666666666,0.1666666666666666,cold_scaffold,split2027,1,Contact500 pretraining without SCA
2413,4.958607196807861,4.7468976974487305,4.958607196807861,4.026414394378662,4.958607196807861,0.21170949935913086,0.9321928024291992,-0.7204833030700684,0.6388888888888888,0.2826086956521739,0.2826086956521739,cold_scaffold,split2027,1,Contact500 pretraining without SCA
1053,4.677780628204346,5.743030548095703,4.677780628204346,5.501061916351318,4.677780628204346,1.0652499198913574,0.8232812881469727,0.24196863174438477,0.6086956521739131,0.1637931034482758,0.1637931034482758,cold_scaffold,split2027,1,Contact500 pretraining without SCA
273,3.259637355804444,4.893889427185059,3.259637355804444,4.841083526611328,3.259637355804444,1.6342520713806148,1.5814461708068843,0.05280590057373047,1.0,0.423728813559322,0.423728813559322,cold_scaffold,split2027,1,Contact500 pretraining without SCA
253,5.86966609954834,5.781007289886475,5.86966609954834,5.989339351654053,5.86966609954834,0.08865880966186523,0.11967325210571289,-0.031014442443847656,1.0,0.8387096774193549,0.8387096774193549,cold_scaffold,split2027,1,Contact500 pretraining without SCA
1855,5.275723934173584,6.182137489318848,5.275723934173584,6.29845142364502,5.275723934173584,0.9064135551452637,1.0227274894714364,-0.11631393432617276,0.5319148936170213,0.180722891566265,0.180722891566265,cold_scaffold,split2027,1,Contact500 pretraining without SCA
1582,4.455932140350342,5.116469383239746,4.455932140350342,5.313065528869629,4.455932140350342,0.6605372428894043,0.8571333885192871,-0.1965961456298828,0.5116279069767442,0.8387096774193549,0.5116279069767442,cold_scaffold,split2027,1,Contact500 pretraining without SCA
123,4.698969841003418,4.29345178604126,4.698969841003418,4.398987770080566,4.698969841003418,0.4055180549621582,0.29998207092285156,0.10553598403930664,0.9310344827586208,0.2727272727272727,0.2727272727272727,cold_scaffold,split2027,1,Contact500 pretraining without SCA
1326,7.23173189163208,5.802231788635254,7.23173189163208,5.703868865966797,7.23173189163208,1.4295001029968262,1.5278630256652832,-0.09836292266845703,0.8333333333333334,0.1666666666666666,0.1666666666666666,cold_scaffold,split2027,1,Contact500 pretraining without SCA
1365,5.92081880569458,4.954071998596191,5.92081880569458,4.973694801330566,5.92081880569458,0.9667468070983887,0.9471240043640137,0.019622802734375,0.5588235294117647,0.1578947368421052,0.1578947368421052,cold_scaffold,split2027,1,Contact500 pretraining without SCA
127,4.1674909591674805,4.206407070159912,4.1674909591674805,4.36640214920044,4.1674909591674805,0.03891611099243164,0.19891119003295987,-0.15999507904052823,0.9310344827586208,0.2222222222222222,0.2222222222222222,cold_scaffold,split2027,1,Contact500 pretraining without SCA
1325,5.148741722106934,5.734696388244629,5.148741722106934,5.865657806396484,5.148741722106934,0.5859546661376953,0.7169160842895508,-0.13096141815185547,0.5454545454545454,0.1666666666666666,0.1666666666666666,cold_scaffold,split2027,1,Contact500 pretraining without SCA
1323,5.530178070068359,5.238226890563965,5.530178070068359,5.607329845428467,5.530178070068359,0.29195117950439453,0.07715177536010742,0.2147994041442871,0.5277777777777778,0.1666666666666666,0.1666666666666666,cold_scaffold,split2027,1,Contact500 pretraining without SCA
1422,5.93930196762085,4.68587589263916,5.93930196762085,5.379263877868652,5.93930196762085,1.2534260749816895,0.5600380897521973,0.6933879852294922,0.5074626865671642,0.1666666666666666,0.1666666666666666,cold_scaffold,split2027,1,Contact500 pretraining without SCA
2399,5.522878646850586,4.876922130584717,5.522878646850586,5.220882415771484,5.522878646850586,0.6459565162658691,0.30199623107910156,0.3439602851867676,0.5833333333333333,0.1791044776119403,0.1791044776119403,cold_scaffold,split2027,1,Contact500 pretraining without SCA
1577,5.397940158843994,5.041140556335449,5.397940158843994,5.201345443725586,5.397940158843994,0.3567996025085449,0.1965947151184082,0.16020488739013672,0.5116279069767442,1.0,0.5116279069767442,cold_scaffold,split2027,1,Contact500 pretraining without SCA
1505,5.229147911071777,4.589737415313721,5.229147911071777,4.267349243164063,5.229147911071777,0.6394104957580566,0.961798667907714,-0.3223881721496573,0.5454545454545454,0.1304347826086956,0.1304347826086956,cold_scaffold,split2027,1,Contact500 pretraining without SCA
1251,5.12493896484375,5.58530855178833,5.12493896484375,4.952060699462891,5.12493896484375,0.4603695869445801,0.17287826538085938,0.2874913215637207,1.0,0.2738095238095238,0.2738095238095238,cold_scaffold,split2027,1,Contact500 pretraining without SCA
1772,7.221848964691162,8.271245956420898,7.221848964691162,9.250375747680664,7.221848964691162,1.0493969917297363,2.028526782989502,-0.9791297912597656,0.65,0.5164835164835165,0.5164835164835165,cold_scaffold,split2027,1,Contact500 pretraining without SCA
1192,7.221848964691162,5.863366603851318,7.221848964691162,4.965005874633789,7.221848964691162,1.3584823608398438,2.256843090057373,-0.8983607292175293,0.5217391304347826,0.2045454545454545,0.2045454545454545,cold_scaffold,split2027,1,Contact500 pretraining without SCA
130,3.3098039627075195,4.404630184173584,3.3098039627075195,4.532177925109863,3.3098039627075195,1.0948262214660645,1.2223739624023438,-0.1275477409362793,0.9310344827586208,0.21875,0.21875,cold_scaffold,split2027,1,Contact500 pretraining without SCA
902,5.045757293701172,5.182573795318604,5.045757293701172,4.451716899871826,5.045757293701172,0.13681650161743253,0.5940403938293457,-0.4572238922119132,0.6388888888888888,0.2058823529411764,0.2058823529411764,cold_scaffold,split2027,1,Contact500 pretraining without SCA
235,3.568636178970337,5.504202365875244,3.568636178970337,5.771014213562012,3.568636178970337,1.9355661869049072,2.202378034591675,-0.2668118476867676,1.0,1.0,1.0,cold_scaffold,split2027,1,Contact500 pretraining without SCA
1770,6.370794296264648,8.21910572052002,6.370794296264648,8.839282035827637,6.370794296264648,1.848311424255371,2.4684877395629883,-0.6201763153076172,0.65,0.5164835164835165,0.5164835164835165,cold_scaffold,split2027,1,Contact500 pretraining without SCA
223,4.698969841003418,6.287324905395508,4.698969841003418,6.26998233795166,4.698969841003418,1.5883550643920898,1.5710124969482422,0.017342567443847656,1.0,1.0,1.0,cold_scaffold,split2027,1,Contact500 pretraining without SCA
1883,7.055517196655273,7.099544525146484,7.055517196655273,6.794435501098633,7.055517196655273,0.04402732849121094,0.2610816955566406,-0.2170543670654297,0.4435897435897435,0.1739130434782608,0.1739130434782608,cold_scaffold,split2027,1,Contact500 pretraining without SCA
2452,6.088842391967773,6.585073471069336,6.088842391967773,6.613704681396484,6.088842391967773,0.4962310791015625,0.5248622894287109,-0.028631210327148438,0.4848484848484848,0.5164835164835165,0.4848484848484848,cold_scaffold,split2027,1,Contact500 pretraining without SCA
1049,5.221848964691162,6.048846244812012,5.221848964691162,5.646247386932373,5.221848964691162,0.8269972801208496,0.42439842224121094,0.40259885787963867,0.5789473684210527,0.1637931034482758,0.1637931034482758,cold_scaffold,split2027,1,Contact500 pretraining without SCA
747,6.443697452545166,4.466052055358887,6.443697452545166,4.398205757141113,6.443697452545166,1.9776453971862793,2.0454916954040527,-0.06784629821777344,0.4779116465863453,0.64,0.4779116465863453,cold_scaffold,split2027,1,Contact500 pretraining without SCA
1249,3.795880079269409,5.828390121459961,3.795880079269409,4.666818618774414,3.795880079269409,2.0325100421905518,0.8709385395050049,1.1615715026855469,0.5689655172413793,0.2,0.2,cold_scaffold,split2027,1,Contact500 pretraining without SCA
1324,6.356547355651856,5.763508796691895,6.356547355651856,5.912788391113281,6.356547355651856,0.5930385589599609,0.4437589645385751,0.14927959442138583,0.5238095238095238,0.1666666666666666,0.1666666666666666,cold_scaffold,split2027,1,Contact500 pretraining without SCA
2448,7.221848964691162,6.585137367248535,7.221848964691162,7.179344177246094,7.221848964691162,0.636711597442627,0.04250478744506836,0.5942068099975586,0.5,1.0,0.5,cold_scaffold,split2027,1,Contact500 pretraining without SCA
163,4.508638381958008,4.595494747161865,4.508638381958008,4.779760837554932,4.508638381958008,0.08685636520385742,0.27112245559692383,-0.1842660903930664,0.9310344827586208,0.2608695652173913,0.2608695652173913,cold_scaffold,split2027,1,Contact500 pretraining without SCA
1411,4.636387825012207,4.971618175506592,4.636387825012207,4.6074395179748535,4.636387825012207,0.33523035049438477,0.028948307037353516,0.30628204345703125,0.4927536231884057,0.3737373737373737,0.3737373737373737,cold_scaffold,split2027,1,Contact500 pretraining without SCA
1331,6.15490198135376,5.654664039611816,6.15490198135376,5.457803249359131,6.15490198135376,0.5002379417419434,0.6970987319946289,-0.19686079025268555,0.5588235294117647,0.2054794520547945,0.2054794520547945,cold_scaffold,split2027,1,Contact500 pretraining without SCA
1858,5.443697452545166,6.471363067626953,5.443697452545166,5.525447845458984,5.443697452545166,1.027665615081787,0.08175039291381836,0.9459152221679688,0.5357142857142857,0.1739130434782608,0.1739130434782608,cold_scaffold,split2027,1,Contact500 pretraining without SCA
1775,4.537601947784424,5.82860803604126,4.537601947784424,6.478045463562012,4.537601947784424,1.291006088256836,1.940443515777588,-0.649437427520752,0.5211267605633803,0.3428571428571428,0.3428571428571428,cold_scaffold,split2027,1,Contact500 pretraining without SCA
1731,6.892789840698242,6.2822465896606445,6.892789840698242,6.279512882232666,6.892789840698242,0.6105432510375977,0.6132769584655762,-0.0027337074279785156,0.5333333333333333,0.2342342342342342,0.2342342342342342,cold_scaffold,split2027,1,Contact500 pretraining without SCA
718,2.0092172622680664,4.828238487243652,2.0092172622680664,4.776994705200195,2.0092172622680664,2.819021224975586,2.767777442932129,0.05124378204345703,1.0,0.6666666666666666,0.6666666666666666,cold_scaffold,split2027,1,Contact500 pretraining without SCA
124,4.6575775146484375,4.248874187469482,4.6575775146484375,4.42002010345459,4.6575775146484375,0.4087033271789551,0.23755741119384766,0.17114591598510742,0.9310344827586208,0.2037037037037037,0.2037037037037037,cold_scaffold,split2027,1,Contact500 pretraining without SCA
326,6.221848964691162,5.369453430175781,6.221848964691162,5.465891361236572,6.221848964691162,0.8523955345153809,0.7559576034545898,0.09643793106079102,0.9310344827586208,0.4891304347826087,0.4891304347826087,cold_scaffold,split2027,1,Contact500 pretraining without SCA
1168,8.619789123535156,7.451241493225098,8.619789123535156,7.785448551177978,8.619789123535156,1.1685476303100586,0.8343405723571786,0.33420705795287997,0.5185185185185186,0.2407407407407407,0.2407407407407407,cold_scaffold,split2027,1,Contact500 pretraining without SCA
2141,3.0,5.267458915710449,3.0,5.532895088195801,3.0,2.267458915710449,2.532895088195801,-0.26543617248535156,0.56875,0.8245614035087719,0.56875,cold_scaffold,split2027,1,Contact500 pretraining without SCA
784,4.698969841003418,5.549746513366699,4.698969841003418,5.15382719039917,4.698969841003418,0.8507766723632812,0.45485734939575195,0.3959193229675293,0.5555555555555556,0.2886597938144329,0.2886597938144329,cold_scaffold,split2027,1,Contact500 pretraining without SCA
225,8.397939682006836,6.354831695556641,8.397939682006836,6.266980171203613,8.397939682006836,2.0431079864501953,2.1309595108032227,-0.08785152435302734,1.0,0.1621621621621621,0.1621621621621621,cold_scaffold,split2027,1,Contact500 pretraining without SCA
272,3.259637355804444,4.881078243255615,3.259637355804444,4.751181125640869,3.259637355804444,1.6214408874511714,1.4915437698364253,0.1298971176147461,1.0,0.4561403508771929,0.4561403508771929,cold_scaffold,split2027,1,Contact500 pretraining without SCA
306,7.0,5.985248565673828,7.0,6.263894081115723,7.0,1.0147514343261719,0.7361059188842773,0.27864551544189453,0.5657894736842105,0.2456140350877192,0.2456140350877192,cold_scaffold,split2027,1,Contact500 pretraining without SCA
955,6.327902317047119,5.786879062652588,6.327902317047119,5.218031406402588,6.327902317047119,0.5410232543945312,1.1098709106445312,-0.56884765625,0.5084745762711864,0.1739130434782608,0.1739130434782608,cold_scaffold,split2027,1,Contact500 pretraining without SCA
112,3.585026741027832,4.378498554229736,3.585026741027832,4.5477824211120605,3.585026741027832,0.7934718132019043,0.9627556800842285,-0.16928386688232422,0.9310344827586208,0.275,0.275,cold_scaffold,split2027,1,Contact500 pretraining without SCA
1320,6.6575775146484375,5.296636581420898,6.6575775146484375,5.57697343826294,6.6575775146484375,1.360940933227539,1.0806040763854972,0.2803368568420419,0.5454545454545454,0.1666666666666666,0.1666666666666666,cold_scaffold,split2027,1,Contact500 pretraining without SCA
2185,5.3665313720703125,5.339475154876709,5.3665313720703125,5.390488624572754,5.3665313720703125,0.027056217193603516,0.023957252502441406,0.0030989646911621094,0.5625,1.0,0.5625,cold_scaffold,split2027,1,Contact500 pretraining without SCA
229,4.7695512771606445,4.512935161590576,4.7695512771606445,4.499003410339356,4.7695512771606445,0.25661611557006836,0.2705478668212882,-0.013931751251219815,0.9310344827586208,0.25,0.25,cold_scaffold,split2027,1,Contact500 pretraining without SCA
2215,4.823908805847168,5.096493244171143,4.823908805847168,5.404682636260986,4.823908805847168,0.2725844383239746,0.5807738304138184,-0.30818939208984375,0.5853658536585367,1.0,0.5853658536585367,cold_scaffold,split2027,1,Contact500 pretraining without SCA
262,2.522878646850586,5.400487422943115,2.522878646850586,5.605914115905762,2.522878646850586,2.8776087760925293,3.083035469055176,-0.20542669296264648,1.0,0.5686274509803921,0.5686274509803921,cold_scaffold,split2027,1,Contact500 pretraining without SCA
2048,2.744727611541748,5.72736406326294,2.744727611541748,6.146529197692871,2.744727611541748,2.9826364517211923,3.401801586151123,-0.41916513442993075,0.6842105263157895,1.0,0.6842105263157895,cold_scaffold,split2027,1,Contact500 pretraining without SCA
1566,5.301030158996582,6.632818698883057,5.301030158996582,6.48563289642334,5.301030158996582,1.3317885398864746,1.1846027374267578,0.1471858024597168,0.5306122448979591,0.1964285714285714,0.1964285714285714,cold_scaffold,split2027,1,Contact500 pretraining without SCA
2386,6.638272285461426,7.458292961120605,6.638272285461426,6.460010051727295,6.638272285461426,0.8200206756591788,0.17826223373413086,0.6417584419250479,0.8076923076923077,0.1666666666666666,0.1666666666666666,cold_scaffold,split2027,1,Contact500 pretraining without SCA
898,3.443697452545166,4.7527265548706055,3.443697452545166,5.048213958740234,3.443697452545166,1.3090291023254395,1.6045165061950684,-0.2954874038696289,0.9310344827586208,1.0,0.9310344827586208,cold_scaffold,split2027,1,Contact500 pretraining without SCA
936,2.853872060775757,4.035680294036865,2.853872060775757,3.9796276092529297,2.853872060775757,1.1818082332611084,1.1257555484771729,0.05605268478393555,0.5405405405405406,0.64,0.5405405405405406,cold_scaffold,split2027,1,Contact500 pretraining without SCA
1157,8.12493896484375,7.010844230651856,8.12493896484375,8.206892013549805,8.12493896484375,1.1140947341918936,0.08195304870605469,1.032141685485839,0.5393939393939393,0.3428571428571428,0.3428571428571428,cold_scaffold,split2027,1,Contact500 pretraining without SCA
992,5.958607196807861,5.034050941467285,5.958607196807861,4.95419454574585,5.958607196807861,0.9245562553405762,1.0044126510620117,-0.07985639572143555,0.5084745762711864,0.2075471698113207,0.2075471698113207,cold_scaffold,split2027,1,Contact500 pretraining without SCA
2053,6.32239294052124,5.172885894775391,6.32239294052124,5.163107395172119,6.32239294052124,1.1495070457458496,1.159285545349121,-0.009778499603271484,1.0,0.4545454545454545,0.4545454545454545,cold_scaffold,split2027,1,Contact500 pretraining without SCA
1852,6.568636417388916,6.098981857299805,6.568636417388916,5.480262756347656,6.568636417388916,0.46965456008911133,1.0883736610412598,-0.6187191009521484,0.5319148936170213,0.2,0.2,cold_scaffold,split2027,1,Contact500 pretraining without SCA
940,1.889410257339477,3.8423044681549072,1.889410257339477,4.09258508682251,1.889410257339477,1.9528942108154301,2.2031748294830327,-0.25028061866760254,0.5405405405405406,0.7321428571428571,0.5405405405405406,cold_scaffold,split2027,1,Contact500 pretraining without SCA
1565,5.397940158843994,6.836750507354736,5.397940158843994,6.614279747009277,5.397940158843994,1.4388103485107422,1.2163395881652832,0.22247076034545898,0.5306122448979591,0.2,0.2,cold_scaffold,split2027,1,Contact500 pretraining without SCA
92,8.301025390625,5.33745002746582,8.301025390625,5.972239971160889,8.301025390625,2.9635753631591797,2.3287854194641113,0.6347899436950684,1.0,1.0,1.0,cold_scaffold,split2027,1,Contact500 pretraining without SCA
1266,4.838632106781006,5.565470218658447,4.838632106781006,5.950883865356445,4.838632106781006,0.7268381118774414,1.1122517585754395,-0.38541364669799805,0.5454545454545454,0.2653061224489796,0.2653061224489796,cold_scaffold,split2027,1,Contact500 pretraining without SCA
911,4.468521118164063,5.070975303649902,4.468521118164063,4.497462272644043,4.468521118164063,0.602454185485839,0.02894115447997958,0.5735130310058594,0.5714285714285714,0.4047619047619047,0.4047619047619047,cold_scaffold,split2027,1,Contact500 pretraining without SCA
1005,4.045757293701172,4.9010748863220215,4.045757293701172,5.318632125854492,4.045757293701172,0.8553175926208496,1.2728748321533203,-0.4175572395324707,0.5084745762711864,0.4098360655737705,0.4098360655737705,cold_scaffold,split2027,1,Contact500 pretraining without SCA
1263,4.673664093017578,5.364001274108887,4.673664093017578,5.847672939300537,4.673664093017578,0.6903371810913086,1.174008846282959,-0.4836716651916504,0.6071428571428572,0.2653061224489796,0.2653061224489796,cold_scaffold,split2027,1,Contact500 pretraining without SCA
938,2.537601947784424,5.038978576660156,2.537601947784424,5.732802867889404,2.537601947784424,2.5013766288757324,3.1952009201049805,-0.693824291229248,0.5405405405405406,1.0,0.5405405405405406,cold_scaffold,split2027,1,Contact500 pretraining without SCA
1255,4.296708583831787,4.760628700256348,4.296708583831787,4.366183757781982,4.296708583831787,0.46392011642456055,0.06947517395019531,0.39444494247436523,1.0,0.7209302325581395,0.7209302325581395,cold_scaffold,split2027,1,Contact500 pretraining without SCA
39,4.0,7.81252908706665,4.0,8.88536548614502,4.0,3.8125290870666504,4.8853654861450195,-1.0728363990783691,0.4924242424242424,0.1643835616438356,0.1643835616438356,cold_scaffold,split2027,1,Contact500 pretraining without SCA
1795,6.0087738037109375,7.601404190063477,6.0087738037109375,7.0556640625,6.0087738037109375,1.592630386352539,1.0468902587890625,0.5457401275634766,0.5333333333333333,0.2032520325203252,0.2032520325203252,cold_scaffold,split2027,1,Contact500 pretraining without SCA
921,4.958607196807861,5.194085121154785,4.958607196807861,4.448320865631104,4.958607196807861,0.23547792434692383,0.5102863311767569,-0.2748084068298331,0.6470588235294117,0.4047619047619047,0.4047619047619047,cold_scaffold,split2027,1,Contact500 pretraining without SCA
2461,6.057000637054443,6.5129241943359375,6.057000637054443,7.155510425567627,6.057000637054443,0.45592355728149414,1.0985097885131836,-0.6425862312316895,0.5151515151515151,0.5164835164835165,0.5151515151515151,cold_scaffold,split2027,1,Contact500 pretraining without SCA
2170,4.92081880569458,5.57551383972168,4.92081880569458,6.014161586761475,4.92081880569458,0.6546950340270996,1.0933427810668945,-0.4386477470397949,0.5555555555555556,1.0,0.5555555555555556,cold_scaffold,split2027,1,Contact500 pretraining without SCA
257,2.522878646850586,5.428729057312012,2.522878646850586,5.665183067321777,2.522878646850586,2.905850410461426,3.1423044204711914,-0.23645401000976562,1.0,0.64,0.64,cold_scaffold,split2027,1,Contact500 pretraining without SCA
1015,2.955068349838257,4.24997615814209,2.955068349838257,4.9131622314453125,2.955068349838257,1.294907808303833,1.9580938816070557,-0.6631860733032227,0.5,0.4098360655737705,0.4098360655737705,cold_scaffold,split2027,1,Contact500 pretraining without SCA
258,3.259637355804444,4.828238487243652,3.259637355804444,4.776994228363037,3.259637355804444,1.5686011314392085,1.5173568725585933,0.051244258880615234,1.0,0.6666666666666666,0.6666666666666666,cold_scaffold,split2027,1,Contact500 pretraining without SCA
1322,5.86012077331543,4.98438835144043,5.86012077331543,5.364741325378418,5.86012077331543,0.875732421875,0.4953794479370117,0.3803529739379883,0.5806451612903225,0.1666666666666666,0.1666666666666666,cold_scaffold,split2027,1,Contact500 pretraining without SCA
2047,3.4814860820770264,5.632794380187988,3.4814860820770264,5.664595127105713,3.4814860820770264,2.151308298110962,2.1831090450286865,-0.03180074691772461,0.6052631578947368,1.0,0.6052631578947368,cold_scaffold,split2027,1,Contact500 pretraining without SCA
2055,5.473660945892334,5.627276420593262,5.473660945892334,6.095177173614502,5.473660945892334,0.15361547470092773,0.621516227722168,-0.46790075302124023,1.0,0.4390243902439024,0.4390243902439024,cold_scaffold,split2027,1,Contact500 pretraining without SCA
126,3.978810787200928,4.246938705444336,3.978810787200928,4.396444320678711,3.978810787200928,0.26812791824340776,0.41763353347778276,-0.149505615234375,0.9310344827586208,0.25,0.25,cold_scaffold,split2027,1,Contact500 pretraining without SCA
2139,8.0,5.377243995666504,8.0,5.728776454925537,8.0,2.622756004333496,2.271223545074463,0.3515324592590332,0.56875,1.0,0.56875,cold_scaffold,split2027,1,Contact500 pretraining without SCA
416,5.744727611541748,4.466052055358887,5.744727611541748,4.398206233978272,5.744727611541748,1.2786755561828613,1.3465213775634757,-0.06784582138061435,0.4779116465863453,0.64,0.4779116465863453,cold_scaffold,split2027,1,Contact500 pretraining without SCA
1248,4.222573280334473,5.828390121459961,4.222573280334473,4.666818618774414,4.222573280334473,1.6058168411254883,0.4442453384399414,1.1615715026855469,0.5689655172413793,0.2,0.2,cold_scaffold,split2027,1,Contact500 pretraining without SCA
1336,5.677780628204346,5.3204498291015625,5.677780628204346,5.895623207092285,5.677780628204346,0.3573307991027832,0.21784257888793945,0.13948822021484375,0.5588235294117647,0.1645569620253164,0.1645569620253164,cold_scaffold,split2027,1,Contact500 pretraining without SCA
224,7.698969841003418,5.126394271850586,7.698969841003418,4.505352020263672,7.698969841003418,2.572575569152832,3.193617820739746,-0.6210422515869141,1.0,0.6551724137931034,0.6551724137931034,cold_scaffold,split2028,1,Contact500 pretraining without SCA
216,3.301029920578003,4.9250593185424805,3.301029920578003,4.270923614501953,3.301029920578003,1.6240293979644775,0.9698936939239502,0.6541357040405273,0.6428571428571428,0.3243243243243243,0.3243243243243243,cold_scaffold,split2028,1,Contact500 pretraining without SCA
1809,6.661543369293213,6.062509059906006,6.661543369293213,5.811511039733887,6.661543369293213,0.599034309387207,0.8500323295593262,-0.25099802017211914,0.527027027027027,0.5,0.5,cold_scaffold,split2028,1,Contact500 pretraining without SCA
1584,4.045757293701172,5.3863301277160645,4.045757293701172,4.744149208068848,4.045757293701172,1.3405728340148926,0.6983919143676758,0.6421809196472168,0.5116279069767442,1.0,0.5116279069767442,cold_scaffold,split2028,1,Contact500 pretraining without SCA
2501,5.744727611541748,5.460156440734863,5.744727611541748,5.164096832275391,5.744727611541748,0.28457117080688477,0.5806307792663574,-0.29605960845947266,0.6388888888888888,0.1904761904761904,0.1904761904761904,cold_scaffold,split2028,1,Contact500 pretraining without SCA
1816,8.690369606018066,5.989383697509766,8.690369606018066,5.166494369506836,8.690369606018066,2.700985908508301,3.5238752365112305,-0.8228893280029297,0.5593220338983051,0.5,0.5,cold_scaffold,split2028,1,Contact500 pretraining without SCA
963,5.853871822357178,5.41372537612915,5.853871822357178,4.680398464202881,5.853871822357178,0.44014644622802734,1.1734733581542969,-0.7333269119262695,0.5084745762711864,0.3260869565217391,0.3260869565217391,cold_scaffold,split2028,1,Contact500 pretraining without SCA
359,5.853871822357178,5.623841762542725,5.853871822357178,5.430738925933838,5.853871822357178,0.23003005981445312,0.42313289642333984,-0.19310283660888672,0.9310344827586208,0.6172839506172839,0.6172839506172839,cold_scaffold,split2028,1,Contact500 pretraining without SCA
1846,6.619788646697998,5.823929309844971,6.619788646697998,5.208542346954346,6.619788646697998,0.7958593368530273,1.4112462997436523,-0.615386962890625,0.5319148936170213,0.1739130434782608,0.1739130434782608,cold_scaffold,split2028,1,Contact500 pretraining without SCA
376,5.568636417388916,5.513809680938721,5.568636417388916,5.384546279907227,5.568636417388916,0.05482673645019531,0.18409013748168945,-0.12926340103149414,0.9310344827586208,0.5058823529411764,0.5058823529411764,cold_scaffold,split2028,1,Contact500 pretraining without SCA
125,2.0,4.958779335021973,2.0,4.410611629486084,2.0,2.9587793350219727,2.410611629486084,0.5481677055358887,0.9310344827586208,0.1698113207547169,0.1698113207547169,cold_scaffold,split2028,1,Contact500 pretraining without SCA
104,6.903090000152588,5.386530876159668,6.903090000152588,4.838233470916748,6.903090000152588,1.51655912399292,2.06485652923584,-0.5482974052429199,0.9310344827586208,1.0,0.9310344827586208,cold_scaffold,split2028,1,Contact500 pretraining without SCA
1302,6.289036750793457,5.435407638549805,6.289036750793457,4.556967258453369,6.289036750793457,0.8536291122436523,1.732069492340088,-0.8784403800964355,0.5714285714285714,0.1929824561403508,0.1929824561403508,cold_scaffold,split2028,1,Contact500 pretraining without SCA
2467,5.456925868988037,5.326221942901611,5.456925868988037,4.81187915802002,5.456925868988037,0.13070392608642578,0.6450467109680167,-0.5143427848815909,0.6153846153846154,0.8809523809523809,0.6153846153846154,cold_scaffold,split2028,1,Contact500 pretraining without SCA
324,7.552842140197754,5.935342311859131,7.552842140197754,5.376566410064697,7.552842140197754,1.617499828338623,2.1762757301330566,-0.5587759017944336,0.9310344827586208,1.0,0.9310344827586208,cold_scaffold,split2028,1,Contact500 pretraining without SCA
2089,5.511449337005615,5.760698318481445,5.511449337005615,5.200000762939453,5.511449337005615,0.24924898147583008,0.3114485740661621,-0.06219959259033203,0.6190476190476191,0.2741935483870967,0.2741935483870967,cold_scaffold,split2028,1,Contact500 pretraining without SCA
1882,6.677780628204346,5.995873928070068,6.677780628204346,5.330880165100098,6.677780628204346,0.6819067001342773,1.346900463104248,-0.6649937629699707,0.4968944099378882,0.3137254901960784,0.3137254901960784,cold_scaffold,split2028,1,Contact500 pretraining without SCA
1592,4.886056423187256,5.486497402191162,4.886056423187256,5.116078853607178,4.886056423187256,0.6004409790039062,0.23002243041992188,0.3704185485839844,0.5,0.7,0.5,cold_scaffold,split2028,1,Contact500 pretraining without SCA
1874,6.443697452545166,5.755537033081055,6.443697452545166,5.1357927322387695,6.443697452545166,0.6881604194641113,1.3079047203063965,-0.6197443008422852,0.5510204081632653,0.3137254901960784,0.3137254901960784,cold_scaffold,split2028,1,Contact500 pretraining without SCA
639,5.823908805847168,5.403038024902344,5.823908805847168,4.925146579742432,5.823908805847168,0.4208707809448242,0.8987622261047363,-0.4778914451599121,0.9310344827586208,0.3258426966292135,0.3258426966292135,cold_scaffold,split2028,1,Contact500 pretraining without SCA
2485,5.200659275054932,5.4285759925842285,5.200659275054932,5.360076427459717,5.200659275054932,0.22791671752929688,0.15941715240478516,0.06849956512451172,0.6785714285714286,0.8809523809523809,0.6785714285714286,cold_scaffold,split2028,1,Contact500 pretraining without SCA
1783,4.886056423187256,5.612213611602783,4.886056423187256,5.14537239074707,4.886056423187256,0.7261571884155273,0.25931596755981445,0.4668412208557129,1.0,0.2072072072072072,0.2072072072072072,cold_scaffold,split2028,1,Contact500 pretraining without SCA
231,6.522878646850586,7.3368940353393555,6.522878646850586,6.70794677734375,6.522878646850586,0.8140153884887695,0.18506813049316406,0.6289472579956055,0.5261044176706827,0.4893617021276595,0.4893617021276595,cold_scaffold,split2028,1,Contact500 pretraining without SCA
2428,7.0,5.460184574127197,7.0,4.639074325561523,7.0,1.5398154258728027,2.3609256744384766,-0.8211102485656738,0.5,1.0,0.5,cold_scaffold,split2028,1,Contact500 pretraining without SCA
251,6.0,5.181926250457764,6.0,4.647068977355957,6.0,0.8180737495422363,1.352931022644043,-0.5348572731018066,1.0,0.2962962962962963,0.2962962962962963,cold_scaffold,split2028,1,Contact500 pretraining without SCA
1382,3.314258337020874,6.164951801300049,3.314258337020874,5.5553741455078125,3.314258337020874,2.850693464279175,2.2411158084869385,0.6095776557922363,0.5074626865671642,0.4805194805194805,0.4805194805194805,cold_scaffold,split2028,1,Contact500 pretraining without SCA
2424,6.886056423187256,5.719648361206055,6.886056423187256,4.940051078796387,6.886056423187256,1.1664080619812012,1.9460053443908691,-0.779597282409668,0.5,1.0,0.5,cold_scaffold,split2028,1,Contact500 pretraining without SCA
2480,5.251811981201172,5.547224044799805,5.251811981201172,4.858066558837891,5.251811981201172,0.2954120635986328,0.39374542236328125,-0.09833335876464844,0.5657894736842105,0.8809523809523809,0.5657894736842105,cold_scaffold,split2028,1,Contact500 pretraining without SCA
790,3.102372884750366,5.645659923553467,3.102372884750366,5.41801643371582,3.102372884750366,2.5432870388031006,2.315643548965454,0.22764348983764648,0.6388888888888888,0.676056338028169,0.6388888888888888,cold_scaffold,split2028,1,Contact500 pretraining without SCA
351,5.443697452545166,5.532276153564453,5.443697452545166,5.3803582191467285,5.443697452545166,0.08857870101928711,0.0633392333984375,0.02523946762084961,0.9310344827586208,0.625,0.625,cold_scaffold,split2028,1,Contact500 pretraining without SCA
93,4.638272285461426,6.1578216552734375,4.638272285461426,6.190525531768799,4.638272285461426,1.5195493698120117,1.552253246307373,-0.03270387649536133,1.0,0.5494505494505495,0.5494505494505495,cold_scaffold,split2028,1,Contact500 pretraining without SCA
121,3.221848726272583,4.944349765777588,3.221848726272583,4.291711807250977,3.221848726272583,1.7225010395050049,1.0698630809783936,0.6526379585266113,0.9310344827586208,0.1964285714285714,0.1964285714285714,cold_scaffold,split2028,1,Contact500 pretraining without SCA
1146,6.958607196807861,6.1430439949035645,6.958607196807861,5.610438823699951,6.958607196807861,0.8155632019042969,1.3481683731079102,-0.5326051712036133,1.0,0.2638888888888889,0.2638888888888889,cold_scaffold,split2028,1,Contact500 pretraining without SCA
149,3.467245578765869,5.288193702697754,3.467245578765869,4.584272384643555,3.467245578765869,1.8209481239318848,1.1170268058776855,0.7039213180541992,0.9310344827586208,0.2033898305084746,0.2033898305084746,cold_scaffold,split2028,1,Contact500 pretraining without SCA
944,4.853871822357178,5.088372230529785,4.853871822357178,4.512811183929443,4.853871822357178,0.23450040817260742,0.3410606384277344,-0.10656023025512695,0.5757575757575757,0.4382022471910112,0.4382022471910112,cold_scaffold,split2028,1,Contact500 pretraining without SCA
844,4.823908805847168,5.7093377113342285,4.823908805847168,5.085234642028809,4.823908805847168,0.8854289054870605,0.2613258361816406,0.6241030693054199,0.55,1.0,0.55,cold_scaffold,split2028,1,Contact500 pretraining without SCA
815,5.660548686981201,5.380415439605713,5.660548686981201,4.745032787322998,5.660548686981201,0.2801332473754883,0.9155158996582031,-0.6353826522827148,0.4848484848484848,0.8809523809523809,0.4848484848484848,cold_scaffold,split2028,1,Contact500 pretraining without SCA
40,3.221848726272583,6.1798248291015625,3.221848726272583,5.579554557800293,3.221848726272583,2.9579761028289795,2.35770583152771,0.6002702713012695,0.4961832061068703,0.1739130434782608,0.1739130434782608,cold_scaffold,split2028,1,Contact500 pretraining without SCA
323,5.7695512771606445,5.3321027755737305,5.7695512771606445,4.779265880584717,5.7695512771606445,0.43744850158691406,0.9902853965759277,-0.5528368949890137,0.9310344827586208,1.0,0.9310344827586208,cold_scaffold,split2028,1,Contact500 pretraining without SCA
913,3.602060079574585,5.63663387298584,3.602060079574585,5.140812397003174,3.602060079574585,2.034573793411255,1.5387523174285889,0.495821475982666,0.5714285714285714,0.0,0.0,cold_scaffold,split2028,1,Contact500 pretraining without SCA
2433,7.15490198135376,5.716263771057129,7.15490198135376,4.9189133644104,7.15490198135376,1.4386382102966309,2.2359886169433594,-0.7973504066467285,0.5,1.0,0.5,cold_scaffold,split2028,1,Contact500 pretraining without SCA
2427,6.92081880569458,5.516364097595215,6.92081880569458,4.7464799880981445,6.92081880569458,1.4044547080993652,2.1743388175964355,-0.7698841094970703,0.5,1.0,0.5,cold_scaffold,split2028,1,Contact500 pretraining without SCA
952,6.187086582183838,6.52118730545044,6.187086582183838,5.873355388641357,6.187086582183838,0.33410072326660245,0.31373119354248047,0.020369529724121982,1.0,0.1796875,0.1796875,cold_scaffold,split2028,1,Contact500 pretraining without SCA
1612,4.943095207214356,5.410577297210693,4.943095207214356,4.651087284088135,4.943095207214356,0.467482089996337,0.2920079231262216,0.1754741668701154,0.5217391304347826,0.2638888888888889,0.2638888888888889,cold_scaffold,split2028,1,Contact500 pretraining without SCA
381,7.096909999847412,5.405268669128418,7.096909999847412,4.846328258514404,7.096909999847412,1.6916413307189941,2.250581741333008,-0.5589404106140137,0.9310344827586208,0.8809523809523809,0.8809523809523809,cold_scaffold,split2028,1,Contact500 pretraining without SCA
2062,5.241845607757568,5.730334758758545,5.241845607757568,5.200723648071289,5.241845607757568,0.48848915100097656,0.0411219596862793,0.44736719131469727,0.7142857142857143,0.2741935483870967,0.2741935483870967,cold_scaffold,split2028,1,Contact500 pretraining without SCA
2465,5.54775333404541,5.251301765441895,5.54775333404541,4.696259021759033,5.54775333404541,0.29645156860351474,0.851494312286377,-0.5550427436828622,0.6153846153846154,1.0,0.6153846153846154,cold_scaffold,split2028,1,Contact500 pretraining without SCA
2456,5.594482898712158,5.291599750518799,5.594482898712158,4.639501571655273,5.594482898712158,0.3028831481933594,0.9549813270568848,-0.6520981788635254,0.5151515151515151,1.0,0.5151515151515151,cold_scaffold,split2028,1,Contact500 pretraining without SCA
210,6.494850158691406,4.976410865783691,6.494850158691406,4.302666664123535,6.494850158691406,1.5184392929077148,2.192183494567871,-0.6737442016601562,0.6428571428571428,1.0,0.6428571428571428,cold_scaffold,split2028,1,Contact500 pretraining without SCA
1164,7.602059841156006,5.1100263595581055,7.602059841156006,4.433715343475342,7.602059841156006,2.4920334815979004,3.168344497680664,-0.6763110160827637,0.6338028169014085,0.6551724137931034,0.6338028169014085,cold_scaffold,split2028,1,Contact500 pretraining without SCA
1384,3.22402572631836,6.121861457824707,3.22402572631836,5.516310214996338,3.22402572631836,2.897835731506347,2.292284488677978,0.6055512428283691,0.5074626865671642,0.5,0.5,cold_scaffold,split2028,1,Contact500 pretraining without SCA
2194,4.92081880569458,5.688875198364258,4.92081880569458,4.9444427490234375,4.92081880569458,0.7680563926696777,0.023623943328857422,0.7444324493408203,0.5625,0.8297872340425532,0.5625,cold_scaffold,split2028,1,Contact500 pretraining without SCA
103,5.7695512771606445,5.330376148223877,5.7695512771606445,4.730693817138672,5.7695512771606445,0.4391751289367676,1.0388574600219727,-0.5996823310852051,0.9310344827586208,1.0,0.9310344827586208,cold_scaffold,split2028,1,Contact500 pretraining without SCA
1814,8.649751663208008,5.984999656677246,8.649751663208008,5.195137023925781,8.649751663208008,2.6647520065307617,3.4546146392822266,-0.7898626327514648,0.5352112676056338,0.5,0.5,cold_scaffold,split2028,1,Contact500 pretraining without SCA
2085,5.692503929138184,5.739236354827881,5.692503929138184,5.317692756652832,5.692503929138184,0.046732425689697266,0.37481117248535156,-0.3280787467956543,0.6666666666666667,0.2741935483870967,0.2741935483870967,cold_scaffold,split2028,1,Contact500 pretraining without SCA
2147,5.568636417388916,5.357592582702637,5.568636417388916,5.774092197418213,5.568636417388916,0.2110438346862793,0.20545578002929688,0.005588054656982422,0.6111111111111112,0.8809523809523809,0.6111111111111112,cold_scaffold,split2028,1,Contact500 pretraining without SCA
925,3.0,5.181914329528809,3.0,4.540108680725098,3.0,2.1819143295288086,1.5401086807250977,0.6418056488037109,0.6190476190476191,0.2571428571428571,0.2571428571428571,cold_scaffold,split2028,1,Contact500 pretraining without SCA
1875,5.1674909591674805,5.900767803192139,5.1674909591674805,5.154978752136231,5.1674909591674805,0.7332768440246582,0.012512207031249112,0.7207646369934091,0.5714285714285714,0.1739130434782608,0.1739130434782608,cold_scaffold,split2028,1,Contact500 pretraining without SCA
2414,6.698969841003418,5.62375020980835,6.698969841003418,4.842461109161377,6.698969841003418,1.0752196311950684,1.856508731842041,-0.7812891006469727,0.5227272727272727,0.8307692307692308,0.5227272727272727,cold_scaffold,split2028,1,Contact500 pretraining without SCA
2436,6.522878646850586,5.512979030609131,6.522878646850586,4.725329399108887,6.522878646850586,1.009899616241455,1.7975492477416992,-0.7876496315002441,0.5,1.0,0.5,cold_scaffold,split2028,1,Contact500 pretraining without SCA
918,3.602060079574585,5.656975269317627,3.602060079574585,5.173091411590576,3.602060079574585,2.054915189743042,1.5710313320159912,0.4838838577270508,0.625,0.0,0.0,cold_scaffold,split2028,1,Contact500 pretraining without SCA
1300,6.600326061248779,5.4946722984313965,6.600326061248779,5.539493083953857,6.600326061248779,1.1056537628173828,1.0608329772949219,0.04482078552246094,0.6,0.1929824561403508,0.1929824561403508,cold_scaffold,split2028,1,Contact500 pretraining without SCA
824,4.698969841003418,5.504487991333008,4.698969841003418,5.35434103012085,4.698969841003418,0.8055181503295898,0.6553711891174316,0.1501469612121582,0.5853658536585367,1.0,0.5853658536585367,cold_scaffold,split2028,1,Contact500 pretraining without SCA
1915,6.301030158996582,5.641214370727539,6.301030158996582,5.797410011291504,6.301030158996582,0.659815788269043,0.5036201477050781,0.15619564056396484,0.5238095238095238,0.1777777777777777,0.1777777777777777,cold_scaffold,split2028,1,Contact500 pretraining without SCA
931,1.787812352180481,5.053702831268311,1.787812352180481,4.373043060302734,1.787812352180481,3.2658904790878305,2.5852307081222534,0.6806597709655771,0.5405405405405406,0.5161290322580645,0.5161290322580645,cold_scaffold,split2028,1,Contact500 pretraining without SCA
1811,6.166215419769287,6.06442403793335,6.166215419769287,6.007652282714844,6.166215419769287,0.1017913818359375,0.15856313705444336,-0.05677175521850586,0.5263157894736843,0.5,0.5,cold_scaffold,split2028,1,Contact500 pretraining without SCA
1417,3.995678663253784,6.405054092407227,3.995678663253784,5.674621105194092,3.995678663253784,2.4093754291534424,1.6789424419403076,0.7304329872131348,0.4927536231884057,0.4666666666666667,0.4666666666666667,cold_scaffold,split2028,1,Contact500 pretraining without SCA
928,3.602060079574585,5.66934061050415,3.602060079574585,5.144181251525879,3.602060079574585,2.0672805309295654,1.542121171951294,0.5251593589782715,0.6190476190476191,0.0,0.0,cold_scaffold,split2028,1,Contact500 pretraining without SCA
1580,4.79587984085083,5.483710289001465,4.79587984085083,4.783109188079834,4.79587984085083,0.6878304481506348,0.012770652770996094,0.6750597953796387,0.5116279069767442,0.7,0.5116279069767442,cold_scaffold,split2028,1,Contact500 pretraining without SCA
817,4.698969841003418,5.697455406188965,4.698969841003418,5.5787763595581055,4.698969841003418,0.9984855651855469,0.8798065185546875,0.11867904663085938,0.5853658536585367,0.676056338028169,0.5853658536585367,cold_scaffold,split2028,1,Contact500 pretraining without SCA
1862,5.823908805847168,5.461023330688477,5.823908805847168,4.88900899887085,5.823908805847168,0.3628854751586914,0.9348998069763184,-0.572014331817627,0.5357142857142857,0.2131147540983606,0.2131147540983606,cold_scaffold,split2028,1,Contact500 pretraining without SCA
2418,6.537601947784424,5.475124359130859,6.537601947784424,4.707446575164795,6.537601947784424,1.0624775886535645,1.830155372619629,-0.7676777839660645,0.5227272727272727,1.0,0.5227272727272727,cold_scaffold,split2028,1,Contact500 pretraining without SCA
800,5.3665313720703125,5.353758811950684,5.3665313720703125,4.813741207122803,5.3665313720703125,0.012772560119628906,0.5527901649475098,-0.5400176048278809,1.0,1.0,1.0,cold_scaffold,split2028,1,Contact500 pretraining without SCA
2174,5.744727611541748,5.622358322143555,5.744727611541748,4.951062679290772,5.744727611541748,0.12236928939819336,0.7936649322509757,-0.6712956428527823,0.5555555555555556,0.8085106382978723,0.5555555555555556,cold_scaffold,split2028,1,Contact500 pretraining without SCA
1001,4.879426002502441,5.637170314788818,4.879426002502441,4.839776515960693,4.879426002502441,0.757744312286377,0.03964948654174805,0.7180948257446289,0.5084745762711864,0.2087912087912088,0.2087912087912088,cold_scaffold,split2028,1,Contact500 pretraining without SCA
1060,5.397940158843994,7.017466068267822,5.397940158843994,6.511302947998047,5.397940158843994,1.6195259094238281,1.1133627891540527,0.5061631202697754,0.525,0.2148148148148148,0.2148148148148148,cold_scaffold,split2028,1,Contact500 pretraining without SCA
1064,5.92081880569458,7.057995796203613,5.92081880569458,6.370203971862793,5.92081880569458,1.1371769905090332,0.4493851661682129,0.6877918243408203,0.5423728813559322,0.2148148148148148,0.2148148148148148,cold_scaffold,split2028,1,Contact500 pretraining without SCA
2144,5.1674909591674805,5.357502937316895,5.1674909591674805,5.774927616119385,5.1674909591674805,0.19001197814941495,0.6074366569519043,-0.41742467880248935,0.6111111111111112,0.7555555555555555,0.6111111111111112,cold_scaffold,split2028,1,Contact500 pretraining without SCA
1292,8.236572265625,5.340721607208252,8.236572265625,4.784031867980957,8.236572265625,2.895850658416748,3.452540397644043,-0.5566897392272949,0.5357142857142857,1.0,0.5357142857142857,cold_scaffold,split2028,1,Contact500 pretraining without SCA
1024,5.12493896484375,5.253232002258301,5.12493896484375,4.53602933883667,5.12493896484375,0.12829303741455078,0.5889096260070801,-0.4606165885925293,0.5833333333333333,0.2087912087912088,0.2087912087912088,cold_scaffold,split2028,1,Contact500 pretraining without SCA
2220,6.08092212677002,5.683752059936523,6.08092212677002,5.536221981048584,6.08092212677002,0.397170066833497,0.5447001457214364,-0.14753007888793945,0.5853658536585367,0.8913043478260869,0.5853658536585367,cold_scaffold,split2028,1,Contact500 pretraining without SCA
345,6.0,5.689397811889648,6.0,5.457797050476074,6.0,0.31060218811035156,0.5422029495239258,-0.23160076141357422,0.9310344827586208,0.6506024096385542,0.6506024096385542,cold_scaffold,split2028,1,Contact500 pretraining without SCA
2179,6.0,5.622389316558838,6.0,4.950925350189209,6.0,0.3776106834411621,1.049074649810791,-0.6714639663696289,0.5555555555555556,0.8297872340425532,0.5555555555555556,cold_scaffold,split2028,1,Contact500 pretraining without SCA
217,6.031517028808594,5.051867485046387,6.031517028808594,4.379624366760254,6.031517028808594,0.979649543762207,1.6518926620483398,-0.6722431182861328,0.6428571428571428,0.5897435897435898,0.5897435897435898,cold_scaffold,split2028,1,Contact500 pretraining without SCA
1892,5.853871822357178,5.2494215965271,5.853871822357178,4.456628322601318,5.853871822357178,0.6044502258300781,1.3972434997558594,-0.7927932739257812,0.8266666666666667,0.3157894736842105,0.3157894736842105,cold_scaffold,split2028,1,Contact500 pretraining without SCA
2221,5.1674909591674805,5.398508548736572,5.1674909591674805,5.242502212524414,5.1674909591674805,0.2310175895690918,0.0750112533569336,0.1560063362121582,0.5853658536585367,0.8809523809523809,0.5853658536585367,cold_scaffold,split2028,1,Contact500 pretraining without SCA
198,5.669586181640625,6.797890186309815,5.669586181640625,6.495261192321777,5.669586181640625,1.1283040046691903,0.8256750106811523,0.302628993988038,0.2561608300907911,0.8809523809523809,0.2561608300907911,cold_scaffold,split2028,1,Contact500 pretraining without SCA
915,3.0,5.16954517364502,3.0,4.569382667541504,3.0,2.1695451736450204,1.569382667541504,0.6001625061035165,0.625,0.2571428571428571,0.2571428571428571,cold_scaffold,split2028,1,Contact500 pretraining without SCA
1808,4.92081880569458,4.902724742889404,4.92081880569458,4.257205009460449,4.92081880569458,0.01809406280517578,0.6636137962341309,-0.6455197334289551,0.9310344827586208,0.2,0.2,cold_scaffold,split2028,1,Contact500 pretraining without SCA
2258,5.292429924011231,5.621252059936523,5.292429924011231,4.983116149902344,5.292429924011231,0.3288221359252921,0.3093137741088876,0.019508361816404474,0.5454545454545454,0.8297872340425532,0.5454545454545454,cold_scaffold,split2028,1,Contact500 pretraining without SCA
934,5.318758964538574,5.031087398529053,5.318758964538574,4.549996852874756,5.318758964538574,0.2876715660095215,0.7687621116638184,-0.4810905456542969,0.5405405405405406,0.7272727272727273,0.5405405405405406,cold_scaffold,split2028,1,Contact500 pretraining without SCA
280,5.320571899414063,5.558533668518066,5.320571899414063,5.056907176971436,5.320571899414063,0.23796176910400302,0.26366472244262695,-0.025702953338623935,1.0,0.8307692307692308,0.8307692307692308,cold_scaffold,split2028,1,Contact500 pretraining without SCA
1221,4.301030158996582,5.437201023101807,4.301030158996582,4.570953845977783,4.301030158996582,1.1361708641052246,0.26992368698120117,0.8662471771240234,0.6071428571428572,0.1746031746031746,0.1746031746031746,cold_scaffold,split2028,1,Contact500 pretraining without SCA
951,6.3665313720703125,6.526247978210449,6.3665313720703125,5.885087966918945,6.3665313720703125,0.15971660614013672,0.4814434051513672,-0.32172679901123047,1.0,0.1864406779661017,0.1864406779661017,cold_scaffold,split2028,1,Contact500 pretraining without SCA
1888,6.853871822357178,6.601267814636231,6.853871822357178,6.264933109283447,6.853871822357178,0.2526040077209464,0.5889387130737305,-0.3363347053527841,0.4039900249376559,0.3137254901960784,0.3137254901960784,cold_scaffold,split2028,1,Contact500 pretraining without SCA
2459,6.146301746368408,6.094803810119629,6.146301746368408,5.374224662780762,6.146301746368408,0.0514979362487793,0.7720770835876465,-0.7205791473388672,0.5151515151515151,0.2608695652173913,0.2608695652173913,cold_scaffold,split2028,1,Contact500 pretraining without SCA
309,5.481485843658447,5.371176719665527,5.481485843658447,4.776135444641113,5.481485843658447,0.11030912399291992,0.705350399017334,-0.5950412750244141,0.5925925925925926,1.0,0.5925925925925926,cold_scaffold,split2028,1,Contact500 pretraining without SCA
1416,4.473660945892334,6.659640789031982,4.473660945892334,5.930112838745117,4.473660945892334,2.1859798431396484,1.4564518928527832,0.7295279502868652,0.4927536231884057,0.3663366336633663,0.3663366336633663,cold_scaffold,split2028,1,Contact500 pretraining without SCA
971,5.397940158843994,5.474893093109131,5.397940158843994,5.202213287353516,5.397940158843994,0.07695293426513672,0.19572687149047852,-0.1187739372253418,0.6388888888888888,0.1904761904761904,0.1904761904761904,cold_scaffold,split2028,1,Contact500 pretraining without SCA
2442,6.92081880569458,5.734073162078857,6.92081880569458,4.904043674468994,6.92081880569458,1.1867456436157227,2.016775131225586,-0.8300294876098633,0.5,1.0,0.5,cold_scaffold,split2028,1,Contact500 pretraining without SCA
1586,3.8728952407836914,5.679185390472412,3.8728952407836914,5.048341274261475,3.8728952407836914,1.8062901496887207,1.1754460334777832,0.6308441162109375,0.5116279069767442,0.676056338028169,0.5116279069767442,cold_scaffold,split2028,1,Contact500 pretraining without SCA
1781,4.522878646850586,5.491497039794922,4.522878646850586,5.024607181549072,4.522878646850586,0.9686183929443359,0.5017285346984863,0.4668898582458496,1.0,0.2149532710280373,0.2149532710280373,cold_scaffold,split2028,1,Contact500 pretraining without SCA
410,6.235823631286621,5.101833343505859,6.235823631286621,4.396676540374756,6.235823631286621,1.1339902877807617,1.8391470909118652,-0.7051568031311035,0.6338028169014085,0.5161290322580645,0.5161290322580645,cold_scaffold,split2028,1,Contact500 pretraining without SCA
1166,7.698969841003418,5.1133575439453125,7.698969841003418,4.519022941589356,7.698969841003418,2.5856122970581055,3.1799468994140616,-0.5943346023559561,1.0,0.5135135135135135,0.5135135135135135,cold_scaffold,split2028,1,Contact500 pretraining without SCA
1285,4.12493896484375,5.222194671630859,4.12493896484375,4.909584045410156,4.12493896484375,1.0972557067871094,0.7846450805664062,0.3126106262207031,0.4819277108433735,0.2222222222222222,0.2222222222222222,cold_scaffold,split2028,1,Contact500 pretraining without SCA
2450,6.1348958015441895,6.108695030212402,6.1348958015441895,5.364250183105469,6.1348958015441895,0.02620077133178711,0.7706456184387207,-0.7444448471069336,0.4848484848484848,0.2608695652173913,0.2608695652173913,cold_scaffold,split2028,1,Contact500 pretraining without SCA
2189,5.522878646850586,5.688844203948975,5.522878646850586,4.94458532333374,5.522878646850586,0.16596555709838867,0.5782933235168457,-0.41232776641845703,0.5625,0.8085106382978723,0.5625,cold_scaffold,split2028,1,Contact500 pretraining without SCA
2093,5.692503929138184,5.750286102294922,5.692503929138184,5.28148889541626,5.692503929138184,0.05778217315673828,0.41101503372192383,-0.35323286056518555,0.5789473684210527,0.2741935483870967,0.2741935483870967,cold_scaffold,split2028,1,Contact500 pretraining without SCA
122,5.522878646850586,4.944198131561279,5.522878646850586,4.29215669631958,5.522878646850586,0.5786805152893066,1.2307219505310059,-0.6520414352416992,0.9310344827586208,0.2,0.2,cold_scaffold,split2028,1,Contact500 pretraining without SCA
2224,5.301030158996582,5.683647155761719,5.301030158996582,5.536176681518555,5.301030158996582,0.3826169967651367,0.23514652252197266,0.14747047424316406,0.5853658536585367,0.8297872340425532,0.5853658536585367,cold_scaffold,split2028,1,Contact500 pretraining without SCA
839,4.522878646850586,5.551497936248779,4.522878646850586,4.912764549255371,4.522878646850586,1.0286192893981934,0.38988590240478516,0.6387333869934082,0.55,1.0,0.55,cold_scaffold,split2028,1,Contact500 pretraining without SCA
1283,4.886056423187256,5.226478576660156,4.886056423187256,4.890436172485352,4.886056423187256,0.3404221534729004,0.004379749298095703,0.3360424041748047,0.4819277108433735,0.2222222222222222,0.2222222222222222,cold_scaffold,split2028,1,Contact500 pretraining without SCA
1583,4.356547355651856,5.440766334533691,4.356547355651856,4.8030781745910645,4.356547355651856,1.084218978881835,0.4465308189392081,0.637688159942627,0.5116279069767442,1.0,0.5116279069767442,cold_scaffold,split2028,1,Contact500 pretraining without SCA
950,6.455932140350342,6.568244457244873,6.455932140350342,5.907791614532471,6.455932140350342,0.11231231689453125,0.5481405258178711,-0.43582820892333984,1.0,0.1721311475409836,0.1721311475409836,cold_scaffold,split2028,1,Contact500 pretraining without SCA
679,3.27164626121521,5.103510856628418,3.27164626121521,4.419355869293213,3.27164626121521,1.831864595413208,1.147709608078003,0.6841549873352051,0.9310344827586208,0.1967213114754098,0.1967213114754098,cold_scaffold,split2028,1,Contact500 pretraining without SCA
640,5.698969841003418,5.494565486907959,5.698969841003418,4.99221658706665,5.698969841003418,0.20440435409545898,0.7067532539367676,-0.5023488998413086,0.9310344827586208,0.348314606741573,0.348314606741573,cold_scaffold,split2028,1,Contact500 pretraining without SCA
1850,5.853871822357178,5.461336612701416,5.853871822357178,4.891909122467041,5.853871822357178,0.3925352096557617,0.9619626998901367,-0.569427490234375,0.5319148936170213,0.2131147540983606,0.2131147540983606,cold_scaffold,split2028,1,Contact500 pretraining without SCA
847,6.0,5.76690673828125,6.0,5.0951008796691895,6.0,0.23309326171875,0.9048991203308105,-0.6718058586120605,0.5657894736842105,0.676056338028169,0.5657894736842105,cold_scaffold,split2028,1,Contact500 pretraining without SCA
1870,6.721246242523193,5.887874603271484,6.721246242523193,5.27101469039917,6.721246242523193,0.833371639251709,1.4502315521240234,-0.6168599128723145,0.5510204081632653,0.1739130434782608,0.1739130434782608,cold_scaffold,split2028,1,Contact500 pretraining without SCA
2218,4.721246242523193,5.398419380187988,4.721246242523193,5.243370056152344,4.721246242523193,0.6771731376647949,0.5221238136291504,0.15504932403564453,0.5853658536585367,0.7555555555555555,0.5853658536585367,cold_scaffold,split2028,1,Contact500 pretraining without SCA
1383,2.978810787200928,6.157565116882324,2.978810787200928,5.552031517028809,2.978810787200928,3.178754329681396,2.5732207298278804,0.6055335998535156,0.5074626865671642,0.5,0.5,cold_scaffold,split2028,1,Contact500 pretraining without SCA
636,3.4225082397460938,4.634426116943359,3.4225082397460938,4.434651374816895,3.4225082397460938,1.2119178771972656,1.0121431350708017,0.19977474212646396,0.9310344827586208,0.3269230769230769,0.3269230769230769,cold_scaffold,split2028,1,Contact500 pretraining without SCA
1880,7.017728805541992,6.1286301612854,7.017728805541992,5.465755939483643,7.017728805541992,0.8890986442565918,1.5519728660583496,-0.6628742218017578,0.4968944099378882,0.1739130434782608,0.1739130434782608,cold_scaffold,split2028,1,Contact500 pretraining without SCA
315,6.328827381134033,5.090951919555664,6.328827381134033,4.445781230926514,6.328827381134033,1.2378754615783691,1.8830461502075195,-0.6451706886291504,1.0,0.5161290322580645,0.5161290322580645,cold_scaffold,split2028,1,Contact500 pretraining without SCA
1391,4.829738140106201,6.435702800750732,4.829738140106201,5.8021416664123535,4.829738140106201,1.6059646606445312,0.9724035263061523,0.6335611343383789,0.5074626865671642,0.4157303370786517,0.4157303370786517,cold_scaffold,split2028,1,Contact500 pretraining without SCA
2435,7.0,5.531708240509033,7.0,4.733434677124023,7.0,1.4682917594909668,2.2665653228759766,-0.7982735633850098,0.5,0.8809523809523809,0.5,cold_scaffold,split2028,1,Contact500 pretraining without SCA
1602,4.732828140258789,5.62451696395874,4.732828140258789,4.859601974487305,4.732828140258789,0.8916888236999512,0.12677383422851562,0.7649149894714355,0.5217391304347826,0.2891566265060241,0.2891566265060241,cold_scaffold,split2028,1,Contact500 pretraining without SCA
794,3.823908805847168,5.425988674163818,3.823908805847168,5.180149555206299,3.823908805847168,1.6020798683166504,1.3562407493591309,0.24583911895751953,0.6388888888888888,0.8809523809523809,0.6388888888888888,cold_scaffold,split2028,1,Contact500 pretraining without SCA
1143,6.619788646697998,5.991910457611084,6.619788646697998,5.4371514320373535,6.619788646697998,0.6278781890869141,1.1826372146606445,-0.5547590255737305,1.0,0.25,0.25,cold_scaffold,split2028,1,Contact500 pretraining without SCA
2056,6.368556022644043,5.30434513092041,6.368556022644043,4.645964622497559,6.368556022644043,1.0642108917236328,1.7225914001464844,-0.6583805084228516,1.0,0.4729729729729729,0.4729729729729729,cold_scaffold,split2028,1,Contact500 pretraining without SCA
2249,5.79587984085083,5.621222019195557,5.79587984085083,4.9832611083984375,5.79587984085083,0.17465782165527344,0.8126187324523926,-0.6379609107971191,0.5454545454545454,0.8085106382978723,0.5454545454545454,cold_scaffold,split2028,1,Contact500 pretraining without SCA
2251,5.091515064239502,5.336084842681885,5.091515064239502,4.690889835357666,5.091515064239502,0.2445697784423828,0.40062522888183594,-0.15605545043945312,0.5454545454545454,0.8809523809523809,0.5454545454545454,cold_scaffold,split2028,1,Contact500 pretraining without SCA
1785,4.853871822357178,5.507705211639404,4.853871822357178,5.00355339050293,4.853871822357178,0.6538333892822266,0.14968156814575195,0.5041518211364746,1.0,0.2149532710280373,0.2149532710280373,cold_scaffold,split2028,1,Contact500 pretraining without SCA
2385,5.847711563110352,6.768616676330566,5.847711563110352,5.998165607452393,5.847711563110352,0.9209051132202148,0.15045404434204102,0.7704510688781738,0.8076923076923077,0.1666666666666666,0.1666666666666666,cold_scaffold,split2028,1,Contact500 pretraining without SCA
2499,5.522878646850586,5.466926574707031,5.522878646850586,5.1414947509765625,5.522878646850586,0.05595207214355469,0.38138389587402344,-0.32543182373046875,0.6388888888888888,0.1904761904761904,0.1904761904761904,cold_scaffold,split2028,1,Contact500 pretraining without SCA
200,5.735182285308838,6.72240686416626,5.735182285308838,6.379960060119629,5.735182285308838,0.9872245788574219,0.644777774810791,0.34244680404663086,0.2561608300907911,1.0,0.2561608300907911,cold_scaffold,split2028,1,Contact500 pretraining without SCA
1220,4.522878646850586,5.410488605499268,4.522878646850586,5.271909713745117,4.522878646850586,0.8876099586486816,0.7490310668945312,0.1385788917541504,0.6190476190476191,0.1746031746031746,0.1746031746031746,cold_scaffold,split2028,1,Contact500 pretraining without SCA
851,4.045757293701172,5.547224044799805,4.045757293701172,4.858067035675049,4.045757293701172,1.5014667510986328,0.812309741973877,0.6891570091247559,0.5657894736842105,0.8809523809523809,0.5657894736842105,cold_scaffold,split2028,1,Contact500 pretraining without SCA
1294,7.2441253662109375,5.340721607208252,7.2441253662109375,4.784031867980957,7.2441253662109375,1.9034037590026855,2.4600934982299805,-0.5566897392272949,0.5357142857142857,1.0,0.5357142857142857,cold_scaffold,split2028,1,Contact500 pretraining without SCA
2444,6.886056423187256,5.549524307250977,6.886056423187256,4.718623161315918,6.886056423187256,1.3365321159362793,2.167433261871338,-0.8309011459350586,0.5,0.8809523809523809,0.5,cold_scaffold,split2028,1,Contact500 pretraining without SCA
219,5.070580959320068,4.925464630126953,5.070580959320068,4.271623611450195,5.070580959320068,0.14511632919311523,0.798957347869873,-0.6538410186767578,0.6428571428571428,0.5142857142857142,0.5142857142857142,cold_scaffold,split2028,1,Contact500 pretraining without SCA
1231,6.142667293548584,5.639450550079346,6.142667293548584,4.817797183990479,6.142667293548584,0.5032167434692383,1.3248701095581046,-0.8216533660888663,0.5189873417721519,0.2933333333333333,0.2933333333333333,cold_scaffold,split2028,1,Contact500 pretraining without SCA
1575,4.259637355804443,6.264401435852051,4.259637355804443,5.55406665802002,4.259637355804443,2.0047640800476074,1.294429302215577,0.7103347778320304,0.5925925925925926,0.1797752808988764,0.1797752808988764,cold_scaffold,split2028,1,Contact500 pretraining without SCA
2362,5.698969841003418,5.405269622802734,5.698969841003418,4.846328258514404,5.698969841003418,0.2937002182006836,0.8526415824890137,-0.5589413642883301,0.9310344827586208,0.8809523809523809,0.8809523809523809,cold_scaffold,split2028,1,Contact500 pretraining without SCA
816,5.565750598907471,5.305532455444336,5.565750598907471,4.6296210289001465,5.565750598907471,0.26021814346313477,0.9361295700073242,-0.6759114265441895,0.4848484848484848,1.0,0.4848484848484848,cold_scaffold,split2028,1,Contact500 pretraining without SCA
1402,4.630784034729004,6.608856201171875,4.630784034729004,5.963748455047607,4.630784034729004,1.978072166442871,1.3329644203186035,0.6451077461242676,0.5074626865671642,0.3663366336633663,0.3663366336633663,cold_scaffold,split2028,1,Contact500 pretraining without SCA
1879,5.28399658203125,5.76845121383667,5.28399658203125,5.019775867462158,5.28399658203125,0.4844546318054199,0.2642207145690918,0.22023391723632812,0.5714285714285714,0.3137254901960784,0.3137254901960784,cold_scaffold,split2028,1,Contact500 pretraining without SCA
134,3.686132669448853,5.169466495513916,3.686132669448853,4.467327117919922,3.686132669448853,1.483333826065063,0.7811944484710689,0.7021393775939941,0.9310344827586208,0.1764705882352941,0.1764705882352941,cold_scaffold,split2028,1,Contact500 pretraining without SCA
1287,6.387216091156006,6.232922554016113,6.387216091156006,6.131711483001709,6.387216091156006,0.15429353713989258,0.2555046081542969,-0.1012110710144043,0.4907407407407407,0.1739130434782608,0.1739130434782608,cold_scaffold,split2028,1,Contact500 pretraining without SCA
1784,5.0,5.998871326446533,5.0,5.510263442993164,5.0,0.9988713264465332,0.5102634429931641,0.48860788345336914,1.0,0.2142857142857142,0.2142857142857142,cold_scaffold,split2028,1,Contact500 pretraining without SCA
1812,6.86966609954834,6.045539379119873,6.86966609954834,5.327182292938232,6.86966609954834,0.8241267204284668,1.5424838066101074,-0.7183570861816406,0.55,0.5,0.5,cold_scaffold,split2028,1,Contact500 pretraining without SCA
2391,5.853871822357178,5.616598606109619,5.853871822357178,4.798533916473389,5.853871822357178,0.2372732162475586,1.055337905883789,-0.8180646896362305,0.5084745762711864,0.1791044776119403,0.1791044776119403,cold_scaffold,split2028,1,Contact500 pretraining without SCA
2486,4.876148223876953,5.435253620147705,4.876148223876953,5.438894271850586,4.876148223876953,0.559105396270752,0.5627460479736328,-0.0036406517028808594,0.6333333333333333,0.8809523809523809,0.6333333333333333,cold_scaffold,split2028,1,Contact500 pretraining without SCA
1581,4.6575775146484375,6.263734340667725,4.6575775146484375,5.555060863494873,4.6575775146484375,1.606156826019287,0.8974833488464355,0.7086734771728516,0.5116279069767442,0.4666666666666667,0.4666666666666667,cold_scaffold,split2028,1,Contact500 pretraining without SCA
2468,5.95194673538208,6.0546064376831055,5.95194673538208,5.431687355041504,5.95194673538208,0.10265970230102539,0.5202593803405762,-0.4175996780395508,0.6153846153846154,0.2608695652173913,0.2608695652173913,cold_scaffold,split2028,1,Contact500 pretraining without SCA
282,7.259637355804443,5.589850902557373,7.259637355804443,5.0321221351623535,7.259637355804443,1.6697864532470703,2.22751522064209,-0.5577287673950195,0.9310344827586208,1.0,0.9310344827586208,cold_scaffold,split2028,1,Contact500 pretraining without SCA
2081,5.56383752822876,5.73861837387085,5.56383752822876,5.319530010223389,5.56383752822876,0.17478084564208984,0.2443075180053711,-0.06952667236328125,0.6470588235294117,0.2741935483870967,0.2741935483870967,cold_scaffold,split2028,1,Contact500 pretraining without SCA
1813,8.86012077331543,5.982030868530273,8.86012077331543,5.215151309967041,8.86012077331543,2.8780899047851562,3.6449694633483887,-0.7668795585632324,0.5365853658536586,0.5,0.5,cold_scaffold,split2028,1,Contact500 pretraining without SCA
1815,8.593460083007812,5.983479976654053,8.593460083007812,5.203113555908203,8.593460083007812,2.6099801063537598,3.3903465270996094,-0.7803664207458496,0.5365853658536586,0.5,0.5,cold_scaffold,split2028,1,Contact500 pretraining without SCA
1219,5.337242126464844,5.557117938995361,5.337242126464844,4.946908950805664,5.337242126464844,0.21987581253051758,0.3903331756591797,-0.1704573631286621,0.5686274509803921,0.1746031746031746,0.1746031746031746,cold_scaffold,split2028,1,Contact500 pretraining without SCA
1061,5.92081880569458,7.055108070373535,5.92081880569458,6.53985595703125,5.92081880569458,1.134289264678955,0.6190371513366699,0.5152521133422852,0.525,0.2148148148148148,0.2148148148148148,cold_scaffold,split2028,1,Contact500 pretraining without SCA
1597,4.026872158050537,5.488993644714356,4.026872158050537,5.157792091369629,4.026872158050537,1.4621214866638192,1.1309199333190918,0.33120155334472745,0.5,1.0,0.5,cold_scaffold,split2028,1,Contact500 pretraining without SCA
1591,4.853871822357178,5.646853446960449,4.853871822357178,5.330400466918945,4.853871822357178,0.7929816246032715,0.4765286445617676,0.3164529800415039,0.5,1.0,0.5,cold_scaffold,split2028,1,Contact500 pretraining without SCA
2184,5.7695512771606445,5.622389316558838,5.7695512771606445,4.950925827026367,5.7695512771606445,0.14716196060180664,0.8186254501342773,-0.6714634895324707,0.5555555555555556,0.8297872340425532,0.5555555555555556,cold_scaffold,split2028,1,Contact500 pretraining without SCA
2199,5.022276401519775,5.688875198364258,5.022276401519775,4.9444427490234375,5.022276401519775,0.6665987968444824,0.07783365249633789,0.5887651443481445,0.5625,0.8297872340425532,0.5625,cold_scaffold,split2028,1,Contact500 pretraining without SCA
1159,8.180456161499023,5.730584144592285,8.180456161499023,5.321526527404785,8.180456161499023,2.4498720169067383,2.8589296340942383,-0.4090576171875,0.9553571428571428,0.6764705882352942,0.6764705882352942,cold_scaffold,split2028,1,Contact500 pretraining without SCA
201,6.782516002655029,7.525917053222656,6.782516002655029,7.116318225860596,6.782516002655029,0.743401050567627,0.3338022232055664,0.40959882736206055,0.2561608300907911,0.2608695652173913,0.2561608300907911,cold_scaffold,split2028,1,Contact500 pretraining without SCA
1252,4.756961822509766,5.456216812133789,4.756961822509766,4.889875888824463,4.756961822509766,0.6992549896240234,0.13291406631469727,0.5663409233093262,1.0,0.2584269662921348,0.2584269662921348,cold_scaffold,split2028,1,Contact500 pretraining without SCA
290,7.229147911071777,7.673601150512695,7.229147911071777,7.375790596008301,7.229147911071777,0.44445323944091797,0.14664268493652344,0.29781055450439453,0.1366931308249913,0.1603053435114503,0.1366931308249913,cold_scaffold,split2028,1,Contact500 pretraining without SCA
2077,5.844664096832275,5.755103588104248,5.844664096832275,5.245218276977539,5.844664096832275,0.08956050872802734,0.5994458198547363,-0.509885311126709,0.6470588235294117,0.2741935483870967,0.2741935483870967,cold_scaffold,split2028,1,Contact500 pretraining without SCA
319,7.698969841003418,5.1133575439453125,7.698969841003418,4.519022941589356,7.698969841003418,2.5856122970581055,3.1799468994140616,-0.5943346023559561,1.0,0.5135135135135135,0.5135135135135135,cold_scaffold,split2028,1,Contact500 pretraining without SCA
1386,4.79587984085083,6.4819207191467285,4.79587984085083,5.840646266937256,4.79587984085083,1.6860408782958984,1.0447664260864258,0.6412744522094727,0.5074626865671642,0.3854166666666667,0.3854166666666667,cold_scaffold,split2028,1,Contact500 pretraining without SCA
1063,4.698969841003418,7.058826923370361,4.698969841003418,6.371228694915772,4.698969841003418,2.3598570823669434,1.6722588539123544,0.687598228454589,0.5434782608695652,0.2148148148148148,0.2148148148148148,cold_scaffold,split2028,1,Contact500 pretraining without SCA
1598,3.9393022060394287,5.681980609893799,3.9393022060394287,5.382174015045166,3.9393022060394287,1.7426784038543701,1.4428718090057373,0.2998065948486328,0.5,0.676056338028169,0.5,cold_scaffold,split2028,1,Contact500 pretraining without SCA
2419,7.221848964691162,5.418940544128418,7.221848964691162,4.599993705749512,7.221848964691162,1.8029084205627441,2.6218552589416504,-0.8189468383789062,0.5227272727272727,1.0,0.5227272727272727,cold_scaffold,split2028,1,Contact500 pretraining without SCA
845,5.221848964691162,5.449872016906738,5.221848964691162,4.783291816711426,5.221848964691162,0.22802305221557617,0.43855714797973633,-0.21053409576416016,0.55,1.0,0.55,cold_scaffold,split2028,1,Contact500 pretraining without SCA
1885,6.721246242523193,6.291183948516846,6.721246242523193,5.698627471923828,6.721246242523193,0.43006229400634766,1.0226187705993652,-0.5925564765930176,0.4435897435897435,0.3137254901960784,0.3137254901960784,cold_scaffold,split2028,1,Contact500 pretraining without SCA
826,5.0,5.45905065536499,5.0,5.332762241363525,5.0,0.45905065536499023,0.3327622413635254,0.12628841400146484,0.5853658536585367,1.0,0.5853658536585367,cold_scaffold,split2028,1,Contact500 pretraining without SCA
1822,6.0087738037109375,7.071091651916504,6.0087738037109375,6.23245096206665,6.0087738037109375,1.0623178482055664,0.2236771583557129,0.8386406898498535,0.5333333333333333,0.2066115702479339,0.2066115702479339,cold_scaffold,split2028,1,Contact500 pretraining without SCA
810,7.096909999847412,5.443704605102539,7.096909999847412,4.598761081695557,7.096909999847412,1.653205394744873,2.4981489181518555,-0.8449435234069824,0.5,1.0,0.5,cold_scaffold,split2028,1,Contact500 pretraining without SCA
923,3.602060079574585,5.6637349128723145,3.602060079574585,5.18941068649292,3.602060079574585,2.0616748332977295,1.587350606918335,0.47432422637939453,0.6470588235294117,0.0,0.0,cold_scaffold,split2028,1,Contact500 pretraining without SCA
832,4.602059841156006,5.744455337524414,4.602059841156006,5.137003421783447,4.602059841156006,1.1423954963684082,0.5349435806274414,0.6074519157409668,0.55,0.676056338028169,0.55,cold_scaffold,split2028,1,Contact500 pretraining without SCA
1603,4.292429924011231,5.797062873840332,4.292429924011231,5.057769298553467,4.292429924011231,1.5046329498291007,0.7653393745422354,0.7392935752868652,0.5217391304347826,0.2886597938144329,0.2886597938144329,cold_scaffold,split2028,1,Contact500 pretraining without SCA
211,2.4559319019317627,5.000201225280762,2.4559319019317627,4.312150478363037,2.4559319019317627,2.544269323348999,1.8562185764312744,0.6880507469177246,0.6428571428571428,0.4571428571428571,0.4571428571428571,cold_scaffold,split2028,1,Contact500 pretraining without SCA
1853,5.853871822357178,5.803962707519531,5.853871822357178,5.138209819793701,5.853871822357178,0.049909114837646484,0.7156620025634766,-0.6657528877258301,0.5319148936170213,0.1864406779661017,0.1864406779661017,cold_scaffold,split2028,1,Contact500 pretraining without SCA
2248,4.602059841156006,5.335995197296143,4.602059841156006,4.691757678985596,4.602059841156006,0.7339353561401367,0.08969783782958984,0.6442375183105469,0.5454545454545454,0.7555555555555555,0.5454545454545454,cold_scaffold,split2028,1,Contact500 pretraining without SCA
1782,5.096909999847412,5.829049110412598,5.096909999847412,5.333024024963379,5.096909999847412,0.7321391105651855,0.2361140251159668,0.49602508544921875,1.0,0.2201834862385321,0.2201834862385321,cold_scaffold,split2028,1,Contact500 pretraining without SCA
2250,5.026872158050537,5.621356010437012,5.026872158050537,4.9831414222717285,5.026872158050537,0.5944838523864746,0.043730735778808594,0.550753116607666,0.5454545454545454,0.8913043478260869,0.5454545454545454,cold_scaffold,split2028,1,Contact500 pretraining without SCA
2173,4.958607196807861,5.33714771270752,4.958607196807861,4.658526420593262,4.958607196807861,0.3785405158996591,0.3000807762145996,0.07845973968505948,0.5555555555555556,0.7555555555555555,0.5555555555555556,cold_scaffold,split2028,1,Contact500 pretraining without SCA
2404,5.638272285461426,5.232638359069824,5.638272285461426,4.494406700134277,5.638272285461426,0.40563392639160156,1.1438655853271484,-0.7382316589355469,0.5833333333333333,0.1791044776119403,0.1791044776119403,cold_scaffold,split2028,1,Contact500 pretraining without SCA
1886,7.148741722106934,6.735269069671631,7.148741722106934,6.397833347320557,7.148741722106934,0.41347265243530273,0.750908374786377,-0.3374357223510742,0.4039900249376559,0.1739130434782608,0.1739130434782608,cold_scaffold,split2028,1,Contact500 pretraining without SCA
1065,5.823908805847168,7.060781478881836,5.823908805847168,6.37160587310791,5.823908805847168,1.236872673034668,0.5476970672607422,0.6891756057739258,0.5434782608695652,0.2148148148148148,0.2148148148148148,cold_scaffold,split2028,1,Contact500 pretraining without SCA
1596,4.107905387878418,5.389115810394287,4.107905387878418,5.077046871185303,4.107905387878418,1.2812104225158691,0.9691414833068848,0.3120689392089844,0.5,1.0,0.5,cold_scaffold,split2028,1,Contact500 pretraining without SCA
2069,5.199283123016357,5.724656581878662,5.199283123016357,5.28279447555542,5.199283123016357,0.5253734588623047,0.0835113525390625,0.4418621063232422,0.631578947368421,0.2741935483870967,0.2741935483870967,cold_scaffold,split2028,1,Contact500 pretraining without SCA
2073,5.684029579162598,5.748338222503662,5.684029579162598,5.228795528411865,5.684029579162598,0.06430864334106445,0.4552340507507324,-0.39092540740966797,0.625,0.2741935483870967,0.2741935483870967,cold_scaffold,split2028,1,Contact500 pretraining without SCA
2322,8.180456161499023,5.4967241287231445,8.180456161499023,5.394687175750732,8.180456161499023,2.683732032775879,2.785768985748291,-0.10203695297241211,1.0,0.6764705882352942,0.6764705882352942,cold_scaffold,split2028,1,Contact500 pretraining without SCA
1865,6.15490198135376,5.80365800857544,6.15490198135376,5.135299682617188,6.15490198135376,0.3512439727783194,1.0196022987365714,-0.668358325958252,0.5357142857142857,0.1864406779661017,0.1864406779661017,cold_scaffold,split2028,1,Contact500 pretraining without SCA
2441,6.585026741027832,5.679426193237305,6.585026741027832,4.845546722412109,6.585026741027832,0.9056005477905273,1.7394800186157227,-0.8338794708251953,0.5,0.8307692307692308,0.5,cold_scaffold,split2028,1,Contact500 pretraining without SCA
2253,4.853871822357178,5.621252059936523,4.853871822357178,4.983116149902344,4.853871822357178,0.7673802375793457,0.12924432754516602,0.6381359100341797,0.5454545454545454,0.8297872340425532,0.5454545454545454,cold_scaffold,split2028,1,Contact500 pretraining without SCA
2190,6.376750946044922,5.68897819519043,6.376750946044922,4.944467067718506,6.376750946044922,0.6877727508544922,1.432283878326416,-0.7445111274719238,0.5625,0.8913043478260869,0.5625,cold_scaffold,split2028,1,Contact500 pretraining without SCA
1920,4.84163761138916,5.494325160980225,4.84163761138916,5.628088474273682,4.84163761138916,0.6526875495910645,0.7864508628845215,-0.13376331329345703,0.5238095238095238,0.1797752808988764,0.1797752808988764,cold_scaffold,split2028,1,Contact500 pretraining without SCA
1923,4.031517028808594,5.493961334228516,4.031517028808594,5.693565845489502,4.031517028808594,1.4624443054199219,1.6620488166809082,-0.19960451126098633,0.5238095238095238,0.2133333333333333,0.2133333333333333,cold_scaffold,split2028,1,Contact500 pretraining without SCA
1298,3.694648742675781,5.3393168449401855,3.694648742675781,4.78399658203125,3.694648742675781,1.6446681022644047,1.0893478393554692,0.5553202629089355,0.5333333333333333,1.0,0.5333333333333333,cold_scaffold,split2028,1,Contact500 pretraining without SCA
222,5.789146423339844,5.119292259216309,5.789146423339844,4.469405651092529,5.789146423339844,0.6698541641235352,1.3197407722473145,-0.6498866081237793,1.0,0.4838709677419355,0.4838709677419355,cold_scaffold,split2028,1,Contact500 pretraining without SCA
807,6.958607196807861,5.518621444702148,6.958607196807861,4.714272499084473,6.958607196807861,1.439985752105713,2.2443346977233887,-0.8043489456176758,0.5,0.8809523809523809,0.5,cold_scaffold,split2028,1,Contact500 pretraining without SCA
1403,3.681936740875244,6.35426139831543,3.681936740875244,5.708141803741455,3.681936740875244,2.6723246574401855,2.026205062866211,0.6461195945739746,0.5074626865671642,0.4666666666666667,0.4666666666666667,cold_scaffold,split2028,1,Contact500 pretraining without SCA
1593,4.638272285461426,6.266547679901123,4.638272285461426,5.890416145324707,4.638272285461426,1.6282753944396973,1.2521438598632812,0.376131534576416,0.5,0.4666666666666667,0.4666666666666667,cold_scaffold,split2028,1,Contact500 pretraining without SCA
830,5.522878646850586,5.4028639793396,5.522878646850586,5.225052356719971,5.522878646850586,0.12001466751098633,0.29782629013061523,-0.1778116226196289,0.5853658536585367,1.0,0.5853658536585367,cold_scaffold,split2028,1,Contact500 pretraining without SCA
806,6.7695512771606445,5.499890804290772,6.7695512771606445,4.706165790557861,6.7695512771606445,1.2696604728698722,2.063385486602783,-0.793725013732911,0.5,1.0,0.5,cold_scaffold,split2028,1,Contact500 pretraining without SCA
234,5.812479496002197,5.613212585449219,5.812479496002197,5.115577220916748,5.812479496002197,0.19926691055297852,0.6969022750854492,-0.4976353645324707,1.0,1.0,1.0,cold_scaffold,split2028,1,Contact500 pretraining without SCA
798,5.619788646697998,5.6483330726623535,5.619788646697998,5.167327880859375,5.619788646697998,0.02854442596435547,0.45246076583862305,-0.4239163398742676,1.0,0.676056338028169,0.676056338028169,cold_scaffold,split2028,1,Contact500 pretraining without SCA
797,3.1191864013671875,5.610541820526123,3.1191864013671875,5.366194248199463,3.1191864013671875,2.4913554191589355,2.2470078468322754,0.24434757232666016,0.6388888888888888,1.0,0.6388888888888888,cold_scaffold,split2028,1,Contact500 pretraining without SCA
2229,5.221848964691162,5.683647155761719,5.221848964691162,5.536176681518555,5.221848964691162,0.46179819107055664,0.3143277168273926,0.14747047424316406,0.5853658536585367,0.8297872340425532,0.5853658536585367,cold_scaffold,split2028,1,Contact500 pretraining without SCA
1014,4.92081880569458,5.292796611785889,4.92081880569458,4.588721752166748,4.92081880569458,0.3719778060913086,0.33209705352783203,0.03988075256347656,0.5,0.2087912087912088,0.2087912087912088,cold_scaffold,split2028,1,Contact500 pretraining without SCA
2458,5.61475133895874,5.366487979888916,5.61475133895874,4.754929542541504,5.61475133895874,0.24826335906982422,0.8598217964172363,-0.6115584373474121,0.5151515151515151,0.8809523809523809,0.5151515151515151,cold_scaffold,split2028,1,Contact500 pretraining without SCA
829,5.0,5.662332534790039,5.0,5.526943206787109,5.0,0.6623325347900391,0.5269432067871094,0.1353893280029297,0.5853658536585367,1.0,0.5853658536585367,cold_scaffold,split2028,1,Contact500 pretraining without SCA
1922,4.408935546875,5.316962718963623,4.408935546875,5.4977803230285645,4.408935546875,0.908027172088623,1.0888447761535645,-0.1808176040649414,0.5238095238095238,0.196078431372549,0.196078431372549,cold_scaffold,split2028,1,Contact500 pretraining without SCA
1868,5.267606258392334,5.691526412963867,5.267606258392334,5.070276260375977,5.267606258392334,0.4239201545715332,0.19732999801635742,0.22659015655517578,0.5357142857142857,0.3137254901960784,0.3137254901960784,cold_scaffold,split2028,1,Contact500 pretraining without SCA
634,3.5606672763824463,4.638491153717041,3.5606672763824463,4.401278018951416,3.5606672763824463,1.0778238773345947,0.8406107425689697,0.237213134765625,0.9310344827586208,0.3269230769230769,0.3269230769230769,cold_scaffold,split2028,1,Contact500 pretraining without SCA
2415,7.15490198135376,5.67840051651001,7.15490198135376,4.900979995727539,7.15490198135376,1.47650146484375,2.2539219856262207,-0.7774205207824707,0.5227272727272727,1.0,0.5227272727272727,cold_scaffold,split2028,1,Contact500 pretraining without SCA
123,4.698969841003418,4.971894264221191,4.698969841003418,4.303697109222412,4.698969841003418,0.27292442321777344,0.39527273178100586,-0.12234830856323242,0.9310344827586208,0.2727272727272727,0.2727272727272727,cold_scaffold,split2028,1,Contact500 pretraining without SCA
2149,5.638272285461426,5.642757415771484,5.638272285461426,6.068746089935303,5.638272285461426,0.004485130310058594,0.43047380447387695,-0.42598867416381836,0.6111111111111112,0.8297872340425532,0.6111111111111112,cold_scaffold,split2028,1,Contact500 pretraining without SCA
1301,7.017728805541992,5.478415966033936,7.017728805541992,4.597762584686279,7.017728805541992,1.5393128395080558,2.419966220855713,-0.8806533813476571,0.5714285714285714,0.1929824561403508,0.1929824561403508,cold_scaffold,split2028,1,Contact500 pretraining without SCA
637,4.1674909591674805,5.228540897369385,4.1674909591674805,4.774654388427734,4.1674909591674805,1.0610499382019043,0.6071634292602539,0.4538865089416504,0.9310344827586208,0.2571428571428571,0.2571428571428571,cold_scaffold,split2028,1,Contact500 pretraining without SCA
1297,6.602059841156006,5.340721607208252,6.602059841156006,4.784031867980957,6.602059841156006,1.261338233947754,1.8180279731750488,-0.5566897392272949,0.5357142857142857,1.0,0.5357142857142857,cold_scaffold,split2028,1,Contact500 pretraining without SCA
1579,4.823908805847168,5.644058704376221,4.823908805847168,4.996655464172363,4.823908805847168,0.8201498985290527,0.1727466583251953,0.6474032402038574,0.5116279069767442,1.0,0.5116279069767442,cold_scaffold,split2028,1,Contact500 pretraining without SCA
1927,4.0,5.4989447593688965,4.0,5.691498756408691,4.0,1.4989447593688965,1.6914987564086914,-0.19255399703979492,0.5238095238095238,0.1818181818181818,0.1818181818181818,cold_scaffold,split2028,1,Contact500 pretraining without SCA
127,4.1674909591674805,4.929581642150879,4.1674909591674805,4.283596992492676,4.1674909591674805,0.7620906829833984,0.11610603332519531,0.6459846496582031,0.9310344827586208,0.2222222222222222,0.2222222222222222,cold_scaffold,split2028,1,Contact500 pretraining without SCA
2292,6.397940158843994,7.767023086547852,6.397940158843994,7.343021869659424,6.397940158843994,1.3690829277038574,0.9450817108154297,0.42400121688842773,0.1366931308249913,0.1693548387096774,0.1366931308249913,cold_scaffold,split2028,1,Contact500 pretraining without SCA
2399,5.522878646850586,5.232638359069824,5.522878646850586,4.494406700134277,5.522878646850586,0.2902402877807617,1.0284719467163086,-0.7382316589355469,0.5833333333333333,0.1791044776119403,0.1791044776119403,cold_scaffold,split2028,1,Contact500 pretraining without SCA
1066,4.301030158996582,6.887083530426025,4.301030158996582,6.030513286590576,4.301030158996582,2.5860533714294434,1.7294831275939941,0.8565702438354492,0.6071428571428572,0.2148148148148148,0.2148148148148148,cold_scaffold,split2028,1,Contact500 pretraining without SCA
1595,4.346787452697754,5.443553924560547,4.346787452697754,5.136194705963135,4.346787452697754,1.096766471862793,0.7894072532653809,0.3073592185974121,0.5,1.0,0.5,cold_scaffold,split2028,1,Contact500 pretraining without SCA
1251,5.12493896484375,5.448279857635498,5.12493896484375,4.874729633331299,5.12493896484375,0.32334089279174805,0.25020933151245117,0.07313156127929688,1.0,0.2738095238095238,0.2738095238095238,cold_scaffold,split2028,1,Contact500 pretraining without SCA
1895,5.251811981201172,5.185425758361816,5.251811981201172,4.405933856964111,5.251811981201172,0.06638622283935547,0.8458781242370605,-0.7794919013977051,0.8266666666666667,0.3050847457627119,0.3050847457627119,cold_scaffold,split2028,1,Contact500 pretraining without SCA
1823,6.92081880569458,7.242814064025879,6.92081880569458,6.326701641082764,6.92081880569458,0.32199525833129883,0.5941171646118164,-0.2721219062805176,0.5423728813559322,0.1968503937007874,0.1968503937007874,cold_scaffold,split2028,1,Contact500 pretraining without SCA
1295,7.136677265167236,5.3393168449401855,7.136677265167236,4.783997058868408,7.136677265167236,1.7973604202270508,2.352680206298828,-0.5553197860717773,0.5333333333333333,1.0,0.5333333333333333,cold_scaffold,split2028,1,Contact500 pretraining without SCA
1101,7.065501689910889,5.868576049804688,7.065501689910889,5.196444511413574,7.065501689910889,1.1969256401062003,1.8690571784973145,-0.6721315383911142,0.5833333333333333,0.1650485436893204,0.1650485436893204,cold_scaffold,split2028,1,Contact500 pretraining without SCA
2432,6.823908805847168,5.661612033843994,6.823908805847168,4.860396385192871,6.823908805847168,1.1622967720031738,1.9635124206542969,-0.801215648651123,0.5,0.8307692307692308,0.5,cold_scaffold,split2028,1,Contact500 pretraining without SCA
828,4.096909999847412,5.404617786407471,4.096909999847412,5.27366304397583,4.096909999847412,1.3077077865600586,1.176753044128418,0.13095474243164062,0.5853658536585367,1.0,0.5853658536585367,cold_scaffold,split2028,1,Contact500 pretraining without SCA
2500,5.79587984085083,5.466762065887451,5.79587984085083,5.141867637634277,5.79587984085083,0.3291177749633789,0.6540122032165527,-0.32489442825317383,0.6388888888888888,0.1904761904761904,0.1904761904761904,cold_scaffold,split2028,1,Contact500 pretraining without SCA
2175,6.207608222961426,5.622494220733643,6.207608222961426,4.950973510742188,6.207608222961426,0.5851140022277832,1.2566347122192374,-0.6715207099914542,0.5555555555555556,0.8913043478260869,0.5555555555555556,cold_scaffold,split2028,1,Contact500 pretraining without SCA
221,6.397940158843994,5.091462135314941,6.397940158843994,4.4450273513793945,6.397940158843994,1.3064780235290527,1.9529128074645996,-0.6464347839355469,1.0,0.5161290322580645,0.5161290322580645,cold_scaffold,split2028,1,Contact500 pretraining without SCA
769,6.0,5.548397541046143,6.0,5.518024444580078,6.0,0.4516024589538574,0.4819755554199219,-0.030373096466064453,0.5686274509803921,0.6140350877192983,0.5686274509803921,cold_scaffold,split2028,1,Contact500 pretraining without SCA
749,4.522878646850586,5.356683731079102,4.522878646850586,4.860257625579834,4.522878646850586,0.8338050842285156,0.33737897872924805,0.4964261054992676,0.4779116465863453,0.1714285714285714,0.1714285714285714,cold_scaffold,split2028,1,Contact500 pretraining without SCA
2219,5.958607196807861,5.683617115020752,5.958607196807861,5.536312103271484,5.958607196807861,0.2749900817871094,0.42229509353637695,-0.14730501174926758,0.5853658536585367,0.8085106382978723,0.5853658536585367,cold_scaffold,split2028,1,Contact500 pretraining without SCA
608,7.397940158843994,5.695304393768311,7.397940158843994,5.496492862701416,7.397940158843994,1.7026357650756827,1.9014472961425781,-0.19881153106689542,0.9310344827586208,0.5535714285714286,0.5535714285714286,cold_scaffold,split2028,1,Contact500 pretraining without SCA
843,4.045757293701172,5.451633930206299,4.045757293701172,4.832011699676514,4.045757293701172,1.405876636505127,0.7862544059753418,0.6196222305297852,0.55,1.0,0.55,cold_scaffold,split2028,1,Contact500 pretraining without SCA
1883,7.055517196655273,6.424548625946045,7.055517196655273,5.8316850662231445,7.055517196655273,0.6309685707092285,1.223832130432129,-0.5928635597229004,0.4435897435897435,0.1739130434782608,0.1739130434782608,cold_scaffold,split2028,1,Contact500 pretraining without SCA
1088,7.301030158996582,6.709392070770264,7.301030158996582,6.404464244842529,7.301030158996582,0.5916380882263184,0.8965659141540527,-0.3049278259277344,0.5555555555555556,0.1923076923076923,0.1923076923076923,cold_scaffold,split2028,1,Contact500 pretraining without SCA
2320,7.79587984085083,5.4967241287231445,7.79587984085083,5.394687175750732,7.79587984085083,2.2991557121276855,2.4011926651000977,-0.10203695297241211,1.0,0.6764705882352942,0.6764705882352942,cold_scaffold,split2028,1,Contact500 pretraining without SCA
796,3.92081880569458,5.351097583770752,3.92081880569458,5.06435489654541,3.92081880569458,1.4302787780761719,1.14353609085083,0.2867426872253418,0.6388888888888888,1.0,0.6388888888888888,cold_scaffold,split2028,1,Contact500 pretraining without SCA
842,5.301030158996582,5.524794578552246,5.301030158996582,4.899251461029053,5.301030158996582,0.22376441955566406,0.4017786979675293,-0.17801427841186523,0.55,0.8809523809523809,0.55,cold_scaffold,split2028,1,Contact500 pretraining without SCA
1786,4.886056423187256,5.806999206542969,4.886056423187256,5.290263652801514,4.886056423187256,0.9209427833557129,0.4042072296142578,0.5167355537414551,1.0,0.2201834862385321,0.2201834862385321,cold_scaffold,split2028,1,Contact500 pretraining without SCA
2393,4.494850158691406,5.609353542327881,4.494850158691406,4.843556880950928,4.494850158691406,1.1145033836364746,0.3487067222595215,0.7657966613769531,0.5084745762711864,0.203125,0.203125,cold_scaffold,split2028,1,Contact500 pretraining without SCA
1856,6.443697452545166,5.691830158233643,6.443697452545166,5.073183536529541,6.443697452545166,0.7518672943115234,1.370513916015625,-0.6186466217041016,0.5319148936170213,0.3137254901960784,0.3137254901960784,cold_scaffold,split2028,1,Contact500 pretraining without SCA
850,3.124938726425171,5.528491497039795,3.124938726425171,4.84998083114624,3.124938726425171,2.403552770614624,1.7250421047210693,0.6785106658935547,0.5657894736842105,1.0,0.5657894736842105,cold_scaffold,split2028,1,Contact500 pretraining without SCA
1858,5.443697452545166,5.823625087738037,5.443697452545166,5.205618858337402,5.443697452545166,0.3799276351928711,0.23807859420776367,0.14184904098510742,0.5357142857142857,0.1739130434782608,0.1739130434782608,cold_scaffold,split2028,1,Contact500 pretraining without SCA
1731,6.892789840698242,6.265674114227295,6.892789840698242,5.393448829650879,6.892789840698242,0.6271157264709473,1.4993410110473633,-0.872225284576416,0.5333333333333333,0.2342342342342342,0.2342342342342342,cold_scaffold,split2028,1,Contact500 pretraining without SCA
841,4.698969841003418,5.506063461303711,4.698969841003418,4.891170501708984,4.698969841003418,0.807093620300293,0.1922006607055664,0.6148929595947266,0.55,1.0,0.55,cold_scaffold,split2028,1,Contact500 pretraining without SCA
827,5.602059841156006,5.477785110473633,5.602059841156006,5.340811729431152,5.602059841156006,0.12427473068237305,0.2612481117248535,-0.13697338104248047,0.5853658536585367,0.8809523809523809,0.5853658536585367,cold_scaffold,split2028,1,Contact500 pretraining without SCA
920,3.0,5.176258563995361,3.0,4.585818290710449,3.0,2.1762585639953613,1.5858182907104492,0.5904402732849121,0.6470588235294117,0.2571428571428571,0.2571428571428571,cold_scaffold,split2028,1,Contact500 pretraining without SCA
124,4.6575775146484375,4.944538116455078,4.6575775146484375,4.292405128479004,4.6575775146484375,0.2869606018066406,0.3651723861694336,-0.07821178436279297,0.9310344827586208,0.2037037037037037,0.2037037037037037,cold_scaffold,split2028,1,Contact500 pretraining without SCA
1293,7.386157989501953,5.340721607208252,7.386157989501953,4.784031867980957,7.386157989501953,2.045436382293701,2.602126121520996,-0.5566897392272949,0.5357142857142857,1.0,0.5357142857142857,cold_scaffold,split2028,1,Contact500 pretraining without SCA
811,6.698969841003418,5.648517608642578,6.698969841003418,4.841137886047363,6.698969841003418,1.0504522323608398,1.8578319549560547,-0.8073797225952148,0.5,0.8307692307692308,0.5,cold_scaffold,split2028,1,Contact500 pretraining without SCA
2445,6.619788646697998,5.530787944793701,6.619788646697998,4.71051836013794,6.619788646697998,1.0890007019042969,1.9092702865600577,-0.8202695846557608,0.5,1.0,0.5,cold_scaffold,split2028,1,Contact500 pretraining without SCA
1168,8.619789123535156,5.707790851593018,8.619789123535156,5.007994174957275,8.619789123535156,2.9119982719421387,3.611794948577881,-0.6997966766357422,0.5185185185185186,0.2407407407407407,0.2407407407407407,cold_scaffold,split2028,1,Contact500 pretraining without SCA
2188,4.92081880569458,5.403627395629883,4.92081880569458,4.6524271965026855,4.92081880569458,0.48280858993530273,0.26839160919189453,0.2144169807434082,0.5625,0.7555555555555555,0.5625,cold_scaffold,split2028,1,Contact500 pretraining without SCA
214,3.301029920578003,4.949034214019775,3.301029920578003,4.2784037590026855,3.301029920578003,1.6480042934417725,0.9773738384246826,0.6706304550170898,0.6428571428571428,0.2926829268292683,0.2926829268292683,cold_scaffold,split2028,1,Contact500 pretraining without SCA
2191,5.744727611541748,5.403716564178467,5.744727611541748,4.651558876037598,5.744727611541748,0.34101104736328125,1.0931687355041504,-0.7521576881408691,0.5625,0.8809523809523809,0.5625,cold_scaffold,split2028,1,Contact500 pretraining without SCA
955,6.327902317047119,6.156983852386475,6.327902317047119,5.398115634918213,6.327902317047119,0.17091846466064453,0.9297866821289062,-0.7588682174682617,0.5084745762711864,0.1739130434782608,0.1739130434782608,cold_scaffold,split2028,1,Contact500 pretraining without SCA
136,3.6903698444366455,5.395042419433594,3.6903698444366455,4.7293620109558105,3.6903698444366455,1.7046725749969482,1.038992166519165,0.6656804084777832,0.9310344827586208,0.2298850574712643,0.2298850574712643,cold_scaffold,split2028,1,Contact500 pretraining without SCA
942,6.823908805847168,4.94189977645874,6.823908805847168,4.386427879333496,6.823908805847168,1.8820090293884277,2.437480926513672,-0.5554718971252441,0.9090909090909092,1.0,0.9090909090909092,cold_scaffold,split2028,1,Contact500 pretraining without SCA
1291,7.195860385894775,5.340721607208252,7.195860385894775,4.784031867980957,7.195860385894775,1.8551387786865234,2.4118285179138184,-0.5566897392272949,0.5357142857142857,1.0,0.5357142857142857,cold_scaffold,split2028,1,Contact500 pretraining without SCA
910,3.0,5.1492462158203125,3.0,4.536330223083496,3.0,2.1492462158203125,1.536330223083496,0.6129159927368164,0.5714285714285714,0.2571428571428571,0.2571428571428571,cold_scaffold,split2028,1,Contact500 pretraining without SCA
793,3.6777806282043457,5.40725040435791,3.6777806282043457,5.172087669372559,3.6777806282043457,1.7294697761535645,1.494307041168213,0.23516273498535156,0.6388888888888888,1.0,0.6388888888888888,cold_scaffold,split2028,1,Contact500 pretraining without SCA
809,7.096909999847412,5.70316743850708,7.096909999847412,4.899620056152344,7.096909999847412,1.393742561340332,2.1972899436950684,-0.8035473823547363,0.5,1.0,0.5,cold_scaffold,split2028,1,Contact500 pretraining without SCA
1519,4.78515625,5.369556903839111,4.78515625,5.67941427230835,4.78515625,0.5844006538391113,0.8942580223083496,-0.3098573684692383,0.96,0.2835820895522388,0.2835820895522388,cold_scaffold,split2028,1,Contact500 pretraining without SCA
215,5.698969841003418,4.924944877624512,5.698969841003418,4.270781993865967,5.698969841003418,0.7740249633789062,1.4281878471374512,-0.6541628837585449,0.6428571428571428,0.5588235294117647,0.5588235294117647,cold_scaffold,split2028,1,Contact500 pretraining without SCA
2145,6.15490198135376,5.642726421356201,6.15490198135376,6.068880558013916,6.15490198135376,0.5121755599975586,0.08602142333984375,0.42615413665771484,0.6111111111111112,0.8085106382978723,0.6111111111111112,cold_scaffold,split2028,1,Contact500 pretraining without SCA
2417,6.958607196807861,5.493856906890869,6.958607196807861,4.715551853179932,6.958607196807861,1.4647502899169922,2.2430553436279297,-0.7783050537109375,0.5227272727272727,0.8809523809523809,0.5227272727272727,cold_scaffold,split2028,1,Contact500 pretraining without SCA
2146,6.602059841156006,5.642861366271973,6.602059841156006,6.068795204162598,6.602059841156006,0.9591984748840332,0.5332646369934082,0.425933837890625,0.6111111111111112,0.8913043478260869,0.6111111111111112,cold_scaffold,split2028,1,Contact500 pretraining without SCA
2446,7.045757293701172,5.47463321685791,7.045757293701172,4.603095531463623,7.045757293701172,1.5711240768432617,2.442661762237549,-0.8715376853942871,0.5,1.0,0.5,cold_scaffold,split2028,1,Contact500 pretraining without SCA
753,6.045757293701172,5.535770893096924,6.045757293701172,5.263803005218506,6.045757293701172,0.509986400604248,0.781954288482666,-0.27196788787841797,0.6388888888888888,0.1904761904761904,0.1904761904761904,cold_scaffold,split2028,1,Contact500 pretraining without SCA
1585,3.995678663253784,5.486206531524658,3.995678663253784,4.82464599609375,3.995678663253784,1.490527868270874,0.8289673328399658,0.6615605354309082,0.5116279069767442,1.0,0.5116279069767442,cold_scaffold,split2028,1,Contact500 pretraining without SCA
346,6.15490198135376,5.742961883544922,6.15490198135376,5.483386516571045,6.15490198135376,0.4119400978088379,0.6715154647827148,-0.25957536697387695,0.9310344827586208,0.6428571428571429,0.6428571428571429,cold_scaffold,split2028,1,Contact500 pretraining without SCA
949,6.455932140350342,6.629786491394043,6.455932140350342,5.959521770477295,6.455932140350342,0.17385435104370117,0.4964103698730469,-0.3225560188293457,1.0,0.1693548387096774,0.1693548387096774,cold_scaffold,split2028,1,Contact500 pretraining without SCA
2437,7.15490198135376,5.456790924072266,7.15490198135376,4.617883205413818,7.15490198135376,1.6981110572814941,2.5370187759399414,-0.8389077186584473,0.5,1.0,0.5,cold_scaffold,split2028,1,Contact500 pretraining without SCA
2361,5.698969841003418,6.209510803222656,5.698969841003418,5.591296195983887,5.698969841003418,0.5105409622192383,0.10767364501953125,0.40286731719970703,0.9310344827586208,0.4666666666666667,0.4666666666666667,cold_scaffold,split2028,1,Contact500 pretraining without SCA
2176,5.30980396270752,5.337236881256104,5.30980396270752,4.657658100128174,5.30980396270752,0.027432918548583984,0.6521458625793466,-0.6247129440307626,0.5555555555555556,0.8809523809523809,0.5555555555555556,cold_scaffold,split2028,1,Contact500 pretraining without SCA
2426,7.0,5.535097599029541,7.0,4.754586219787598,7.0,1.464902400970459,2.2454137802124023,-0.7805113792419434,0.5,0.8809523809523809,0.5,cold_scaffold,split2028,1,Contact500 pretraining without SCA
157,3.863279342651367,5.376187801361084,3.863279342651367,4.715224266052246,3.863279342651367,1.5129084587097168,0.8519449234008789,0.6609635353088379,0.9310344827586208,0.2352941176470588,0.2352941176470588,cold_scaffold,split2028,1,Contact500 pretraining without SCA
831,4.823908805847168,5.607676029205322,4.823908805847168,5.468201160430908,4.823908805847168,0.7837672233581543,0.6442923545837402,0.13947486877441406,0.5853658536585367,0.8307692307692308,0.5853658536585367,cold_scaffold,split2028,1,Contact500 pretraining without SCA
2354,3.2564902305603027,4.879395484924316,3.2564902305603027,4.577314853668213,3.2564902305603027,1.6229052543640137,1.3208246231079102,0.3020806312561035,0.9310344827586208,0.3050847457627119,0.3050847457627119,cold_scaffold,split2028,1,Contact500 pretraining without SCA
2484,4.903090000152588,5.427693843841553,4.903090000152588,5.403717041015625,4.903090000152588,0.5246038436889648,0.5006270408630371,0.023976802825927734,0.6428571428571428,0.8809523809523809,0.6428571428571428,cold_scaffold,split2028,1,Contact500 pretraining without SCA
39,4.0,6.541329860687256,4.0,6.02866792678833,4.0,2.541329860687256,2.02866792678833,0.5126619338989258,0.4924242424242424,0.1643835616438356,0.1643835616438356,cold_scaffold,split2028,1,Contact500 pretraining without SCA
846,4.602059841156006,5.65468692779541,4.602059841156006,5.026544094085693,4.602059841156006,1.0526270866394043,0.4244842529296875,0.6281428337097168,0.55,0.8307692307692308,0.55,cold_scaffold,split2028,1,Contact500 pretraining without SCA
1180,5.0,5.414114952087402,5.0,5.683777332305908,5.0,0.41411495208740234,0.6837773323059082,-0.26966238021850586,0.96,0.2272727272727272,0.2272727272727272,cold_scaffold,split2028,1,Contact500 pretraining without SCA
1296,8.769551277160645,5.340721607208252,8.769551277160645,4.784031867980957,8.769551277160645,3.4288296699523926,3.9855194091796875,-0.5566897392272949,0.5357142857142857,1.0,0.5357142857142857,cold_scaffold,split2028,1,Contact500 pretraining without SCA
1299,7.12493896484375,5.478040218353272,7.12493896484375,5.573495864868164,7.12493896484375,1.6468987464904776,1.551443099975586,0.09545564651489169,0.6666666666666667,0.1929824561403508,0.1929824561403508,cold_scaffold,split2028,1,Contact500 pretraining without SCA
2423,6.698969841003418,5.664999008178711,6.698969841003418,4.881534099578857,6.698969841003418,1.033970832824707,1.8174357414245605,-0.7834649085998535,0.5,0.8307692307692308,0.5,cold_scaffold,split2028,1,Contact500 pretraining without SCA
1896,6.221848964691162,5.276804924011231,6.221848964691162,4.481446266174316,6.221848964691162,0.9450440406799308,1.7404026985168457,-0.795358657836915,0.8266666666666667,0.3,0.3,cold_scaffold,split2028,1,Contact500 pretraining without SCA
126,3.978810787200928,4.942018985748291,3.978810787200928,4.287356853485107,3.978810787200928,0.9632081985473628,0.30854606628417924,0.6546621322631836,0.9310344827586208,0.25,0.25,cold_scaffold,split2028,1,Contact500 pretraining without SCA
2154,6.0,5.642757415771484,6.0,6.068746089935303,6.0,0.3572425842285156,0.06874608993530273,0.2884964942932129,0.6111111111111112,0.8297872340425532,0.6111111111111112,cold_scaffold,split2028,1,Contact500 pretraining without SCA
1062,6.045757293701172,6.997844696044922,6.045757293701172,6.434002876281738,6.045757293701172,0.95208740234375,0.3882455825805664,0.5638418197631836,0.55,0.2148148148148148,0.2148148148148148,cold_scaffold,split2028,1,Contact500 pretraining without SCA
1378,5.443697452545166,5.481575012207031,5.443697452545166,5.026200294494629,5.443697452545166,0.037877559661865234,0.4174971580505371,-0.3796195983886719,0.5588235294117647,0.1395348837209302,0.1395348837209302,cold_scaffold,split2028,1,Contact500 pretraining without SCA
1810,5.882728576660156,6.052196502685547,5.882728576660156,5.695476055145264,5.882728576660156,0.16946792602539062,0.18725252151489258,-0.017784595489501953,0.5263157894736843,0.5,0.5,cold_scaffold,split2028,1,Contact500 pretraining without SCA
270,2.522878646850586,5.740004062652588,2.522878646850586,4.04414176940918,2.522878646850586,3.217125415802002,1.5212631225585938,1.6958622932434082,1.0,0.6545454545454545,0.6545454545454545,double_cold,split2026,1,Contact500 pretraining without SCA
1097,7.879426002502441,5.988012313842773,7.879426002502441,7.47291898727417,7.879426002502441,1.891413688659668,0.4065070152282715,1.4849066734313965,0.6111111111111112,0.2040816326530612,0.2040816326530612,double_cold,split2026,1,Contact500 pretraining without SCA
265,2.301029920578003,5.797686576843262,2.301029920578003,4.504034042358398,2.301029920578003,3.496656656265259,2.2030041217803955,1.2936525344848633,1.0,0.6904761904761905,0.6904761904761905,double_cold,split2026,1,Contact500 pretraining without SCA
1846,6.619788646697998,6.610469341278076,6.619788646697998,5.687794208526611,6.619788646697998,0.009319305419921875,0.9319944381713867,-0.9226751327514648,0.5319148936170213,0.1739130434782608,0.1739130434782608,double_cold,split2026,1,Contact500 pretraining without SCA
457,5.337242126464844,5.704475402832031,5.337242126464844,7.405857086181641,5.337242126464844,0.3672332763671875,2.068614959716797,-1.7013816833496094,0.3052208835341365,0.2407407407407407,0.2407407407407407,double_cold,split2026,1,Contact500 pretraining without SCA
1042,5.031517028808594,4.4599785804748535,5.031517028808594,5.016213893890381,5.031517028808594,0.5715384483337402,0.01530313491821289,0.5562353134155273,0.6111111111111112,0.1909090909090909,0.1909090909090909,double_cold,split2026,1,Contact500 pretraining without SCA
756,5.259637355804443,5.136553287506104,5.259637355804443,5.1369452476501465,5.259637355804443,0.12308406829833896,0.12269210815429688,0.00039196014404208057,0.6111111111111112,0.1764705882352941,0.1764705882352941,double_cold,split2026,1,Contact500 pretraining without SCA
1271,6.179141998291016,4.602181434631348,6.179141998291016,6.654046058654785,6.179141998291016,1.576960563659668,0.47490406036376953,1.1020565032958984,0.5333333333333333,0.2178217821782178,0.2178217821782178,double_cold,split2026,1,Contact500 pretraining without SCA
2101,8.42021656036377,7.000858306884766,8.42021656036377,7.678679466247559,8.42021656036377,1.419358253479004,0.7415370941162109,0.677821159362793,0.1366931308249913,0.1666666666666666,0.1366931308249913,double_cold,split2026,1,Contact500 pretraining without SCA
1894,3.823908805847168,5.143584728240967,3.823908805847168,4.7481536865234375,3.823908805847168,1.3196759223937988,0.9242448806762695,0.3954310417175293,0.8266666666666667,0.3518518518518518,0.3518518518518518,double_cold,split2026,1,Contact500 pretraining without SCA
259,2.301029920578003,5.894484043121338,2.301029920578003,4.640622138977051,2.301029920578003,3.593454122543335,2.339592218399048,1.253861904144287,1.0,0.5102040816326531,0.5102040816326531,double_cold,split2026,1,Contact500 pretraining without SCA
1783,4.886056423187256,5.982776165008545,4.886056423187256,4.280667304992676,4.886056423187256,1.096719741821289,0.6053891181945801,0.491330623626709,1.0,0.2072072072072072,0.2072072072072072,double_cold,split2026,1,Contact500 pretraining without SCA
2096,5.649752140045166,4.744098663330078,5.649752140045166,5.050577640533447,5.649752140045166,0.9056534767150879,0.5991744995117188,0.30647897720336914,0.5789473684210527,0.2615384615384615,0.2615384615384615,double_cold,split2026,1,Contact500 pretraining without SCA
247,3.568636178970337,5.960893154144287,3.568636178970337,4.774102687835693,3.568636178970337,2.39225697517395,1.2054665088653564,1.1867904663085938,1.0,0.4032258064516129,0.4032258064516129,double_cold,split2026,1,Contact500 pretraining without SCA
1382,3.314258337020874,5.825057029724121,3.314258337020874,4.965646266937256,3.314258337020874,2.510798692703247,1.6513879299163818,0.8594107627868652,0.5074626865671642,0.4805194805194805,0.4805194805194805,double_cold,split2026,1,Contact500 pretraining without SCA
1424,6.721246242523193,4.602181434631348,6.721246242523193,6.654045581817627,6.721246242523193,2.1190648078918457,0.0672006607055664,2.0518641471862793,0.5333333333333333,0.2178217821782178,0.2178217821782178,double_cold,split2026,1,Contact500 pretraining without SCA
778,5.958607196807861,6.784744739532471,5.958607196807861,6.138426780700684,5.958607196807861,0.8261375427246094,0.17981958389282227,0.6463179588317871,0.5714285714285714,0.1755725190839694,0.1755725190839694,double_cold,split2026,1,Contact500 pretraining without SCA
233,6.136677265167236,6.237740516662598,6.136677265167236,5.11620569229126,6.136677265167236,0.10106325149536133,1.0204715728759766,-0.9194083213806152,1.0,1.0,1.0,double_cold,split2026,1,Contact500 pretraining without SCA
2063,6.200659275054932,4.2443156242370605,6.200659275054932,4.673548698425293,6.200659275054932,1.956343650817871,1.5271105766296387,0.4292330741882324,0.7142857142857143,0.25,0.25,double_cold,split2026,1,Contact500 pretraining without SCA
1253,5.619788646697998,5.929201602935791,5.619788646697998,4.952520847320557,5.619788646697998,0.30941295623779297,0.6672677993774414,-0.35785484313964844,1.0,0.2083333333333333,0.2083333333333333,double_cold,split2026,1,Contact500 pretraining without SCA
1208,6.721246242523193,6.280411243438721,6.721246242523193,5.787633895874023,6.721246242523193,0.44083499908447266,0.9336123466491699,-0.49277734756469727,0.5454545454545454,0.2894736842105263,0.2894736842105263,double_cold,split2026,1,Contact500 pretraining without SCA
1146,6.958607196807861,6.975014686584473,6.958607196807861,6.32799243927002,6.958607196807861,0.016407489776611328,0.6306147575378409,-0.6142072677612296,1.0,0.2638888888888889,0.2638888888888889,double_cold,split2026,1,Contact500 pretraining without SCA
944,4.853871822357178,4.524716377258301,4.853871822357178,5.221210479736328,4.853871822357178,0.32915544509887695,0.3673386573791504,-0.03818321228027344,0.5757575757575757,0.4382022471910112,0.4382022471910112,double_cold,split2026,1,Contact500 pretraining without SCA
241,7.259637355804443,6.264617919921875,7.259637355804443,5.152868270874023,7.259637355804443,0.9950194358825684,2.10676908493042,-1.1117496490478516,1.0,1.0,1.0,double_cold,split2026,1,Contact500 pretraining without SCA
1000,4.954677104949951,5.676204681396484,4.954677104949951,4.510110378265381,4.954677104949951,0.7215275764465332,0.4445667266845703,0.2769608497619629,0.5084745762711864,0.2765957446808511,0.2765957446808511,double_cold,split2026,1,Contact500 pretraining without SCA
2379,6.481485843658447,4.597862720489502,6.481485843658447,4.954447269439697,6.481485843658447,1.8836231231689453,1.52703857421875,0.3565845489501953,0.5909090909090908,0.1858407079646017,0.1858407079646017,double_cold,split2026,1,Contact500 pretraining without SCA
242,5.698969841003418,5.928937911987305,5.698969841003418,4.758599758148193,5.698969841003418,0.22996807098388672,0.9403700828552246,-0.7104020118713379,1.0,0.6415094339622641,0.6415094339622641,double_cold,split2026,1,Contact500 pretraining without SCA
2062,5.241845607757568,4.146285057067871,5.241845607757568,4.594995975494385,5.241845607757568,1.0955605506896973,0.6468496322631836,0.44871091842651367,0.7142857142857143,0.2741935483870967,0.2741935483870967,double_cold,split2026,1,Contact500 pretraining without SCA
263,3.259637355804444,5.825385093688965,3.259637355804444,4.770318508148193,3.259637355804444,2.565747737884521,1.5106811523437496,1.0550665855407715,1.0,0.6274509803921569,0.6274509803921569,double_cold,split2026,1,Contact500 pretraining without SCA
897,4.129011154174805,5.663974761962891,4.129011154174805,3.966381072998047,4.129011154174805,1.534963607788086,0.1626300811767578,1.3723335266113281,1.0,1.0,1.0,double_cold,split2026,1,Contact500 pretraining without SCA
404,6.0,5.957086086273193,6.0,6.280028820037842,6.0,0.04291391372680664,0.2800288200378418,-0.23711490631103516,0.1363636363636363,0.2023809523809523,0.1363636363636363,double_cold,split2026,1,Contact500 pretraining without SCA
782,4.721246242523193,6.138824939727783,4.721246242523193,4.382031440734863,4.721246242523193,1.4175786972045898,0.3392148017883301,1.0783638954162598,0.5862068965517242,0.2886597938144329,0.2886597938144329,double_cold,split2026,1,Contact500 pretraining without SCA
256,3.568636178970337,5.945437908172607,3.568636178970337,4.706043243408203,3.568636178970337,2.3768017292022705,1.1374070644378662,1.2393946647644043,1.0,1.0,1.0,double_cold,split2026,1,Contact500 pretraining without SCA
2288,5.301030158996582,6.097164630889893,5.301030158996582,6.397426605224609,5.301030158996582,0.7961344718933105,1.0963964462280273,-0.3002619743347168,0.1366931308249913,0.2,0.1366931308249913,double_cold,split2026,1,Contact500 pretraining without SCA
2094,6.823908805847168,4.830286979675293,6.823908805847168,5.175065517425537,6.823908805847168,1.993621826171875,1.6488432884216309,0.34477853775024414,0.5789473684210527,0.2758620689655172,0.2758620689655172,double_cold,split2026,1,Contact500 pretraining without SCA
1025,3.218963146209717,6.404629707336426,3.218963146209717,6.331559181213379,3.218963146209717,3.185666561126709,3.112596035003662,0.07307052612304688,0.5833333333333333,0.4098360655737705,0.4098360655737705,double_cold,split2026,1,Contact500 pretraining without SCA
966,3.869666337966919,6.087963104248047,3.869666337966919,5.522548198699951,3.869666337966919,2.218296766281128,1.6528818607330322,0.5654149055480957,0.5084745762711864,0.3333333333333333,0.3333333333333333,double_cold,split2026,1,Contact500 pretraining without SCA
252,6.0,6.1031694412231445,6.0,4.894320011138916,6.0,0.10316944122314453,1.105679988861084,-1.0025105476379395,1.0,0.1891891891891892,0.1891891891891892,double_cold,split2026,1,Contact500 pretraining without SCA
2470,5.883060455322266,4.644524574279785,5.883060455322266,5.558741092681885,5.883060455322266,1.2385358810424805,0.32431936264038086,0.9142165184020996,0.6153846153846154,0.5164835164835165,0.5164835164835165,double_cold,split2026,1,Contact500 pretraining without SCA
2057,5.517126560211182,5.864068031311035,5.517126560211182,4.118539333343506,5.517126560211182,0.3469414710998535,1.3985872268676758,-1.0516457557678223,1.0,0.4556962025316455,0.4556962025316455,double_cold,split2026,1,Contact500 pretraining without SCA
390,3.318758726119995,6.2730889320373535,3.318758726119995,6.753488063812256,3.318758726119995,2.9543302059173584,3.4347293376922607,-0.48039913177490234,0.1366931308249913,0.3837209302325581,0.1366931308249913,double_cold,split2026,1,Contact500 pretraining without SCA
1112,5.301030158996582,5.502648830413818,5.301030158996582,7.251609802246094,5.301030158996582,0.20161867141723633,1.9505796432495117,-1.7489609718322754,0.6111111111111112,0.1948051948051948,0.1948051948051948,double_cold,split2026,1,Contact500 pretraining without SCA
2400,5.214670181274414,6.057125568389893,5.214670181274414,5.285429000854492,5.214670181274414,0.8424553871154785,0.07075881958007812,0.7716965675354004,0.5833333333333333,0.1311475409836065,0.1311475409836065,double_cold,split2026,1,Contact500 pretraining without SCA
248,3.568636178970337,5.935238838195801,3.568636178970337,4.926239490509033,3.568636178970337,2.366602659225464,1.3576033115386963,1.0089993476867676,1.0,0.4098360655737705,0.4098360655737705,double_cold,split2026,1,Contact500 pretraining without SCA
261,2.522878646850586,5.86397123336792,2.522878646850586,4.587374687194824,2.522878646850586,3.341092586517334,2.0644960403442383,1.2765965461730957,1.0,0.7021276595744681,0.7021276595744681,double_cold,split2026,1,Contact500 pretraining without SCA
995,5.0,5.585231304168701,5.0,4.7947869300842285,5.0,0.5852313041687012,0.20521306991577148,0.3800182342529297,0.5084745762711864,0.2,0.2,double_cold,split2026,1,Contact500 pretraining without SCA
1399,4.471083164215088,6.170676708221436,4.471083164215088,5.168569564819336,4.471083164215088,1.6995935440063485,0.697486400604248,1.0021071434021005,0.5074626865671642,0.3854166666666667,0.3854166666666667,double_cold,split2026,1,Contact500 pretraining without SCA
318,7.769551277160644,4.588128089904785,7.769551277160644,4.916450500488281,7.769551277160644,3.1814231872558585,2.8531007766723624,0.3283224105834961,1.0,0.1621621621621621,0.1621621621621621,double_cold,split2026,1,Contact500 pretraining without SCA
1001,4.879426002502441,5.951897621154785,4.879426002502441,5.400792121887207,4.879426002502441,1.0724716186523438,0.5213661193847656,0.5511054992675781,0.5084745762711864,0.2087912087912088,0.2087912087912088,double_cold,split2026,1,Contact500 pretraining without SCA
1306,7.08092212677002,3.9929800033569336,7.08092212677002,5.074732780456543,7.08092212677002,3.087942123413087,2.0061893463134775,1.0817527770996094,0.5714285714285714,0.1929824561403508,0.1929824561403508,double_cold,split2026,1,Contact500 pretraining without SCA
996,4.1674909591674805,5.704068183898926,4.1674909591674805,4.93265962600708,4.1674909591674805,1.5365772247314453,0.7651686668395996,0.7714085578918457,0.5084745762711864,0.2553191489361702,0.2553191489361702,double_cold,split2026,1,Contact500 pretraining without SCA
1217,6.275723934173584,3.68277645111084,6.275723934173584,4.884652137756348,6.275723934173584,2.592947483062744,1.3910717964172363,1.2018756866455078,0.6111111111111112,0.2166666666666666,0.2166666666666666,double_cold,split2026,1,Contact500 pretraining without SCA
2245,4.431798458099365,5.13507890701294,4.431798458099365,5.7383713722229,4.431798458099365,0.7032804489135751,1.3065729141235352,-0.60329246520996,0.5454545454545454,1.0,0.5454545454545454,double_cold,split2026,1,Contact500 pretraining without SCA
1024,5.12493896484375,6.509067058563232,5.12493896484375,6.297666549682617,5.12493896484375,1.3841280937194824,1.1727275848388672,0.21140050888061523,0.5833333333333333,0.2087912087912088,0.2087912087912088,double_cold,split2026,1,Contact500 pretraining without SCA
905,5.408935546875,6.5912675857543945,5.408935546875,5.668312072753906,5.408935546875,1.1823320388793945,0.25937652587890625,0.9229555130004883,0.5428571428571429,0.1891891891891892,0.1891891891891892,double_cold,split2026,1,Contact500 pretraining without SCA
289,5.698969841003418,5.966545104980469,5.698969841003418,6.309619426727295,5.698969841003418,0.2675752639770508,0.610649585723877,-0.34307432174682617,0.1366931308249913,0.1486486486486486,0.1366931308249913,double_cold,split2026,1,Contact500 pretraining without SCA
280,5.320571899414063,6.5487141609191895,5.320571899414063,5.571065425872803,5.320571899414063,1.228142261505126,0.25049352645873935,0.9776487350463867,1.0,0.8307692307692308,0.8307692307692308,double_cold,split2026,1,Contact500 pretraining without SCA
238,5.0,6.428799629211426,5.0,5.481219291687012,5.0,1.4287996292114258,0.4812192916870117,0.9475803375244141,1.0,0.3013698630136986,0.3013698630136986,double_cold,split2026,1,Contact500 pretraining without SCA
2392,5.823908805847168,5.497122287750244,5.823908805847168,4.414879322052002,5.823908805847168,0.32678651809692383,1.409029483795166,-1.0822429656982422,0.5084745762711864,0.1311475409836065,0.1311475409836065,double_cold,split2026,1,Contact500 pretraining without SCA
266,3.259637355804444,5.8176751136779785,3.259637355804444,4.567088603973389,3.259637355804444,2.5580377578735347,1.3074512481689449,1.2505865097045898,1.0,0.6666666666666666,0.6666666666666666,double_cold,split2026,1,Contact500 pretraining without SCA
207,4.886056423187256,5.016472339630127,4.886056423187256,4.488251209259033,4.886056423187256,0.1304159164428711,0.39780521392822266,-0.26738929748535156,1.0,0.2962962962962963,0.2962962962962963,double_cold,split2026,1,Contact500 pretraining without SCA
419,8.12493896484375,6.227393627166748,8.12493896484375,6.582699298858643,8.12493896484375,1.897545337677002,1.5422396659851074,0.35530567169189453,0.1366931308249913,0.1530612244897959,0.1366931308249913,double_cold,split2026,1,Contact500 pretraining without SCA
1781,4.522878646850586,6.025416374206543,4.522878646850586,4.222867012023926,4.522878646850586,1.502537727355957,0.30001163482666016,1.2025260925292969,1.0,0.2149532710280373,0.2149532710280373,double_cold,split2026,1,Contact500 pretraining without SCA
1421,6.275723934173584,5.020983695983887,6.275723934173584,4.435504913330078,6.275723934173584,1.2547402381896973,1.8402190208435059,-0.5854787826538086,0.5074626865671642,0.8571428571428571,0.5074626865671642,double_cold,split2026,1,Contact500 pretraining without SCA
1285,4.12493896484375,5.584316253662109,4.12493896484375,5.161552906036377,4.12493896484375,1.4593772888183594,1.036613941192627,0.4227633476257324,0.4819277108433735,0.2222222222222222,0.2222222222222222,double_cold,split2026,1,Contact500 pretraining without SCA
2093,5.692503929138184,4.727026462554932,5.692503929138184,5.016356945037842,5.692503929138184,0.965477466583252,0.6761469841003418,0.28933048248291016,0.5789473684210527,0.2741935483870967,0.2741935483870967,double_cold,split2026,1,Contact500 pretraining without SCA
400,8.560667037963867,7.423552513122559,8.560667037963867,8.230406761169434,8.560667037963867,1.1371145248413086,0.3302602767944336,0.806854248046875,0.1366931308249913,0.1773049645390071,0.1366931308249913,double_cold,split2026,1,Contact500 pretraining without SCA
1283,4.886056423187256,5.616961479187012,4.886056423187256,5.195168972015381,4.886056423187256,0.7309050559997559,0.309112548828125,0.42179250717163086,0.4819277108433735,0.2222222222222222,0.2222222222222222,double_cold,split2026,1,Contact500 pretraining without SCA
711,4.924453258514404,5.915523052215576,4.924453258514404,4.727569580078125,4.924453258514404,0.9910697937011719,0.1968836784362793,0.7941861152648926,1.0,0.4310344827586206,0.4310344827586206,double_cold,split2026,1,Contact500 pretraining without SCA
783,4.1674909591674805,6.150483131408691,4.1674909591674805,4.465275764465332,4.1674909591674805,1.982992172241211,0.29778480529785156,1.6852073669433594,0.5862068965517242,0.2962962962962963,0.2962962962962963,double_cold,split2026,1,Contact500 pretraining without SCA
1104,5.096909999847412,4.828261375427246,5.096909999847412,6.029394149780273,5.096909999847412,0.268648624420166,0.9324841499328613,-0.6638355255126953,0.6111111111111112,0.2307692307692307,0.2307692307692307,double_cold,split2026,1,Contact500 pretraining without SCA
408,3.324221611022949,5.949729919433594,3.324221611022949,6.381608009338379,3.324221611022949,2.6255083084106445,3.0573863983154297,-0.43187808990478516,0.1363636363636363,0.1976744186046511,0.1363636363636363,double_cold,split2026,1,Contact500 pretraining without SCA
847,6.0,4.810786247253418,6.0,6.219704627990723,6.0,1.189213752746582,0.21970462799072266,0.9695091247558594,0.5657894736842105,0.676056338028169,0.5657894736842105,double_cold,split2026,1,Contact500 pretraining without SCA
1383,2.978810787200928,5.890023231506348,2.978810787200928,4.991940498352051,2.978810787200928,2.9112124443054195,2.0131297111511226,0.8980827331542969,0.5074626865671642,0.5,0.5,double_cold,split2026,1,Contact500 pretraining without SCA
2095,6.318758964538574,4.824914932250977,6.318758964538574,5.094775676727295,6.318758964538574,1.4938440322875977,1.2239832878112793,0.26986074447631836,0.5789473684210527,0.25,0.25,double_cold,split2026,1,Contact500 pretraining without SCA
999,4.958607196807861,6.378573894500732,4.958607196807861,6.105307579040527,4.958607196807861,1.419966697692871,1.146700382232666,0.2732663154602051,0.5084745762711864,0.1967213114754098,0.1967213114754098,double_cold,split2026,1,Contact500 pretraining without SCA
2045,3.0,4.508592128753662,3.0,4.722681522369385,3.0,1.508592128753662,1.7226815223693848,-0.21408939361572266,1.0,0.4285714285714285,0.4285714285714285,double_cold,split2026,1,Contact500 pretraining without SCA
1390,4.336298942565918,6.043812274932861,4.336298942565918,5.065867900848389,4.336298942565918,1.7075133323669434,0.7295689582824707,0.9779443740844727,0.5074626865671642,0.3894736842105263,0.3894736842105263,double_cold,split2026,1,Contact500 pretraining without SCA
1143,6.619788646697998,6.820446968078613,6.619788646697998,6.06901216506958,6.619788646697998,0.20065832138061523,0.550776481628418,-0.35011816024780273,1.0,0.25,0.25,double_cold,split2026,1,Contact500 pretraining without SCA
2056,6.368556022644043,5.711559772491455,6.368556022644043,4.020061492919922,6.368556022644043,0.6569962501525879,2.348494529724121,-1.6914982795715332,1.0,0.4729729729729729,0.4729729729729729,double_cold,split2026,1,Contact500 pretraining without SCA
1785,4.853871822357178,6.037283897399902,4.853871822357178,4.237914085388184,4.853871822357178,1.1834120750427246,0.6159577369689941,0.5674543380737305,1.0,0.2149532710280373,0.2149532710280373,double_cold,split2026,1,Contact500 pretraining without SCA
1122,7.221848964691162,5.406187057495117,7.221848964691162,7.853826522827148,7.221848964691162,1.815661907196045,0.6319775581359863,1.1836843490600586,0.5833333333333333,0.1801801801801801,0.1801801801801801,double_cold,split2026,1,Contact500 pretraining without SCA
716,3.0472075939178467,5.9467387199401855,3.0472075939178467,4.093321800231934,3.0472075939178467,2.899531126022339,1.046114206314087,1.853416919708252,1.0,0.0,0.0,double_cold,split2026,1,Contact500 pretraining without SCA
714,3.798602819442749,5.945437908172607,3.798602819442749,4.706043243408203,3.798602819442749,2.1468350887298584,0.9074404239654541,1.2393946647644043,1.0,1.0,1.0,double_cold,split2026,1,Contact500 pretraining without SCA
1861,5.30980396270752,6.396615982055664,5.30980396270752,5.258984088897705,5.30980396270752,1.0868120193481436,0.05081987380981534,1.0359921455383283,0.5357142857142857,0.2207792207792207,0.2207792207792207,double_cold,split2026,1,Contact500 pretraining without SCA
780,4.6575775146484375,6.123833179473877,4.6575775146484375,4.505878925323486,4.6575775146484375,1.4662556648254395,0.15169858932495117,1.3145570755004883,0.5714285714285714,0.2962962962962963,0.2962962962962963,double_cold,split2026,1,Contact500 pretraining without SCA
277,2.522878646850586,5.915523052215576,2.522878646850586,4.727569580078125,2.522878646850586,3.3926444053649902,2.204690933227539,1.1879534721374512,1.0,0.4310344827586206,0.4310344827586206,double_cold,split2026,1,Contact500 pretraining without SCA
1433,4.744727611541748,6.898803234100342,4.744727611541748,5.067240715026856,4.744727611541748,2.1540756225585938,0.3225131034851083,1.8315625190734854,0.5254237288135593,0.1758241758241758,0.1758241758241758,double_cold,split2026,1,Contact500 pretraining without SCA
969,6.173925399780273,5.777749538421631,6.173925399780273,4.663288593292236,6.173925399780273,0.3961758613586426,1.510636806488037,-1.1144609451293945,0.5084745762711864,0.2435897435897435,0.2435897435897435,double_cold,split2026,1,Contact500 pretraining without SCA
1287,6.387216091156006,6.134845733642578,6.387216091156006,6.444382190704346,6.387216091156006,0.25237035751342773,0.057166099548339844,0.1952042579650879,0.4907407407407407,0.1739130434782608,0.1739130434782608,double_cold,split2026,1,Contact500 pretraining without SCA
1784,5.0,6.278379440307617,5.0,4.562932014465332,5.0,1.2783794403076172,0.43706798553466797,0.8413114547729492,1.0,0.2142857142857142,0.2142857142857142,double_cold,split2026,1,Contact500 pretraining without SCA
968,3.804100275039673,6.009433269500732,3.804100275039673,5.367536067962647,3.804100275039673,2.2053329944610596,1.5634357929229745,0.641897201538085,0.5084745762711864,0.1891891891891892,0.1891891891891892,double_cold,split2026,1,Contact500 pretraining without SCA
2044,4.698969841003418,4.55517578125,4.698969841003418,4.87622594833374,4.698969841003418,0.14379405975341797,0.17725610733032227,-0.0334620475769043,1.0,0.3888888888888889,0.3888888888888889,double_cold,split2026,1,Contact500 pretraining without SCA
764,6.886056423187256,6.846295833587647,6.886056423187256,5.959412097930908,6.886056423187256,0.03976058959960849,0.9266443252563477,-0.8868837356567392,0.5686274509803921,0.2473118279569892,0.2473118279569892,double_cold,split2026,1,Contact500 pretraining without SCA
1167,7.0,4.604440212249756,7.0,4.885811805725098,7.0,2.395559787750244,2.1141881942749023,0.2813715934753418,1.0,0.3611111111111111,0.3611111111111111,double_cold,split2026,1,Contact500 pretraining without SCA
2107,8.113509178161621,7.013369083404541,8.113509178161621,7.679938316345215,8.113509178161621,1.10014009475708,0.43357086181640625,0.6665692329406738,0.1366931308249913,0.1743119266055046,0.1366931308249913,double_cold,split2026,1,Contact500 pretraining without SCA
1887,7.0,5.185240745544434,7.0,6.086134910583496,7.0,1.8147592544555664,0.9138650894165039,0.9008941650390625,0.4039900249376559,0.2207792207792207,0.2207792207792207,double_cold,split2026,1,Contact500 pretraining without SCA
271,2.301029920578003,5.677886486053467,2.301029920578003,3.979334831237793,2.301029920578003,3.376856565475464,1.67830491065979,1.6985516548156738,1.0,0.5833333333333334,0.5833333333333334,double_cold,split2026,1,Contact500 pretraining without SCA
98,7.06048059463501,6.262185573577881,7.06048059463501,7.510047435760498,7.06048059463501,0.7982950210571289,0.4495668411254883,0.3487281799316406,0.8571428571428572,0.546583850931677,0.546583850931677,double_cold,split2026,1,Contact500 pretraining without SCA
1044,5.193819999694824,4.489134788513184,5.193819999694824,5.076678276062012,5.193819999694824,0.7046852111816406,0.1171417236328125,0.5875434875488281,0.6111111111111112,0.1764705882352941,0.1764705882352941,double_cold,split2026,1,Contact500 pretraining without SCA
204,4.853871822357178,5.680017948150635,4.853871822357178,6.145228385925293,4.853871822357178,0.826146125793457,1.2913565635681152,-0.4652104377746582,1.0,0.1755725190839694,0.1755725190839694,double_cold,split2026,1,Contact500 pretraining without SCA
957,5.896196365356445,6.85180139541626,5.896196365356445,5.679483890533447,5.896196365356445,0.9556050300598145,0.21671247482299805,0.7388925552368164,0.5084745762711864,0.175,0.175,double_cold,split2026,1,Contact500 pretraining without SCA
206,4.853871822357178,5.0047807693481445,4.853871822357178,4.404685497283936,4.853871822357178,0.1509089469909668,0.4491863250732413,-0.2982773780822745,1.0,0.2886597938144329,0.2886597938144329,double_cold,split2026,1,Contact500 pretraining without SCA
943,5.677780628204346,5.118025779724121,5.677780628204346,6.1352715492248535,5.677780628204346,0.5597548484802246,0.4574909210205078,0.1022639274597168,0.5757575757575757,0.4642857142857143,0.4642857142857143,double_cold,split2026,1,Contact500 pretraining without SCA
713,4.593459606170654,6.210041999816895,4.593459606170654,4.998333930969238,4.593459606170654,1.6165823936462411,0.404874324798584,1.2117080688476571,1.0,0.1864406779661017,0.1864406779661017,double_cold,split2026,1,Contact500 pretraining without SCA
1847,5.958607196807861,6.368468284606934,5.958607196807861,5.357664108276367,5.958607196807861,0.40986108779907227,0.6009430885314941,-0.19108200073242188,0.5319148936170213,1.0,0.5319148936170213,double_cold,split2026,1,Contact500 pretraining without SCA
1022,5.050610065460205,6.936126232147217,5.050610065460205,7.0095062255859375,5.050610065460205,1.8855161666870117,1.9588961601257324,-0.0733799934387207,0.5833333333333333,0.1967213114754098,0.1967213114754098,double_cold,split2026,1,Contact500 pretraining without SCA
1023,4.853871822357178,6.235573768615723,4.853871822357178,5.370343208312988,4.853871822357178,1.381701946258545,0.5164713859558105,0.8652305603027344,0.5833333333333333,0.2765957446808511,0.2765957446808511,double_cold,split2026,1,Contact500 pretraining without SCA
770,7.301030158996582,7.705653190612793,7.301030158996582,7.378071308135986,7.301030158996582,0.40462303161621094,0.0770411491394043,0.32758188247680664,0.5686274509803921,0.3645833333333333,0.3645833333333333,double_cold,split2026,1,Contact500 pretraining without SCA
1782,5.096909999847412,6.288849830627441,5.096909999847412,4.690086364746094,5.096909999847412,1.1919398307800293,0.40682363510131836,0.7851161956787109,1.0,0.2201834862385321,0.2201834862385321,double_cold,split2026,1,Contact500 pretraining without SCA
765,7.0,7.361453533172607,7.0,5.724361419677734,7.0,0.3614535331726074,1.2756385803222656,-0.9141850471496582,0.5686274509803921,0.2276422764227642,0.2276422764227642,double_cold,split2026,1,Contact500 pretraining without SCA
1886,7.148741722106934,5.451085567474365,7.148741722106934,6.515655517578125,7.148741722106934,1.6976561546325684,0.6330862045288086,1.0645699501037598,0.4039900249376559,0.1739130434782608,0.1739130434782608,double_cold,split2026,1,Contact500 pretraining without SCA
758,4.958607196807861,4.636258125305176,4.958607196807861,5.379582405090332,4.958607196807861,0.32234907150268555,0.4209752082824707,-0.09862613677978516,0.6111111111111112,0.2465753424657534,0.2465753424657534,double_cold,split2026,1,Contact500 pretraining without SCA
710,5.844664096832275,5.5984649658203125,5.844664096832275,3.913996458053589,5.844664096832275,0.2461991310119629,1.9306676387786865,-1.6844685077667236,1.0,0.1846153846153846,0.1846153846153846,double_cold,split2026,1,Contact500 pretraining without SCA
260,2.522878646850586,5.891827583312988,2.522878646850586,4.619868755340576,2.522878646850586,3.3689489364624023,2.0969901084899902,1.271958827972412,1.0,0.5185185185185185,0.5185185185185185,double_cold,split2026,1,Contact500 pretraining without SCA
264,2.522878646850586,5.844972610473633,2.522878646850586,4.572437763214111,2.522878646850586,3.322093963623047,2.0495591163635254,1.2725348472595215,1.0,0.6122448979591837,0.6122448979591837,double_cold,split2026,1,Contact500 pretraining without SCA
1859,6.431798458099365,6.422951698303223,6.431798458099365,5.364152908325195,6.431798458099365,0.008846759796142578,1.06764554977417,-1.0587987899780273,0.5357142857142857,1.0,0.5357142857142857,double_cold,split2026,1,Contact500 pretraining without SCA
1403,3.681936740875244,6.016703128814697,3.681936740875244,5.0683794021606445,3.681936740875244,2.334766387939453,1.3864426612854004,0.9483237266540527,0.5074626865671642,0.4666666666666667,0.4666666666666667,double_cold,split2026,1,Contact500 pretraining without SCA
1849,6.481485843658447,6.342106342315674,6.481485843658447,5.2524614334106445,6.481485843658447,0.13937950134277344,1.2290244102478027,-1.0896449089050293,0.5319148936170213,0.2207792207792207,0.2207792207792207,double_cold,split2026,1,Contact500 pretraining without SCA
779,4.677780628204346,6.112174034118652,4.677780628204346,4.42270565032959,4.677780628204346,1.4343934059143066,0.25507497787475586,1.1793184280395508,0.5714285714285714,0.2886597938144329,0.2886597938144329,double_cold,split2026,1,Contact500 pretraining without SCA
2471,5.829151630401611,4.68678092956543,5.829151630401611,5.597848892211914,5.829151630401611,1.1423707008361816,0.23130273818969727,0.9110679626464844,0.6153846153846154,0.5222222222222223,0.5222222222222223,double_cold,split2026,1,Contact500 pretraining without SCA
798,5.619788646697998,6.612210750579834,5.619788646697998,5.719791412353516,5.619788646697998,0.9924221038818359,0.10000276565551758,0.8924193382263184,1.0,0.676056338028169,0.676056338028169,double_cold,split2026,1,Contact500 pretraining without SCA
2066,5.866461277008057,4.24978494644165,5.866461277008057,4.753219127655029,5.866461277008057,1.6166763305664062,1.1132421493530273,0.5034341812133789,0.7142857142857143,0.2758620689655172,0.2758620689655172,double_cold,split2026,1,Contact500 pretraining without SCA
1173,5.468521118164063,5.790496826171875,5.468521118164063,5.641446590423584,5.468521118164063,0.3219757080078116,0.1729254722595206,0.14905023574829102,0.5806451612903225,0.2166666666666666,0.2166666666666666,double_cold,split2026,1,Contact500 pretraining without SCA
1019,3.552841901779175,6.142673492431641,3.552841901779175,5.684134483337402,3.552841901779175,2.589831590652466,2.1312925815582275,0.4585390090942383,0.5833333333333333,0.2,0.2,double_cold,split2026,1,Contact500 pretraining without SCA
279,2.301029920578003,5.985462665557861,2.301029920578003,4.797298431396484,2.301029920578003,3.6844327449798584,2.4962685108184814,1.188164234161377,1.0,0.3666666666666666,0.3666666666666666,double_cold,split2026,1,Contact500 pretraining without SCA
273,3.259637355804444,5.6069440841674805,3.259637355804444,3.949453592300415,3.259637355804444,2.3473067283630367,0.6898162364959712,1.6574904918670654,1.0,0.423728813559322,0.423728813559322,double_cold,split2026,1,Contact500 pretraining without SCA
253,5.86966609954834,6.300821781158447,5.86966609954834,5.209778785705566,5.86966609954834,0.4311556816101074,0.6598873138427734,-0.22873163223266602,1.0,0.8387096774193549,0.8387096774193549,double_cold,split2026,1,Contact500 pretraining without SCA
391,8.698969841003418,6.332577705383301,8.698969841003418,6.746011257171631,8.698969841003418,2.366392135620117,1.952958583831787,0.4134335517883301,0.1366931308249913,0.16,0.1366931308249913,double_cold,split2026,1,Contact500 pretraining without SCA
1207,7.15490198135376,6.662283897399902,7.15490198135376,5.721436500549316,7.15490198135376,0.4926180839538574,1.4334654808044434,-0.9408473968505859,0.5686274509803921,0.2894736842105263,0.2894736842105263,double_cold,split2026,1,Contact500 pretraining without SCA
1251,5.12493896484375,6.159818172454834,5.12493896484375,5.108292102813721,5.12493896484375,1.034879207611084,0.016646862030029297,1.0182323455810547,1.0,0.2738095238095238,0.2738095238095238,double_cold,split2026,1,Contact500 pretraining without SCA
1895,5.251811981201172,4.980880260467529,5.251811981201172,4.32184362411499,5.251811981201172,0.2709317207336426,0.9299683570861816,-0.6590366363525391,0.8266666666666667,0.3050847457627119,0.3050847457627119,double_cold,split2026,1,Contact500 pretraining without SCA
1215,6.903090000152588,4.243844032287598,6.903090000152588,5.062389850616455,6.903090000152588,2.6592459678649902,1.8407001495361328,0.8185458183288574,0.6111111111111112,0.2166666666666666,0.2166666666666666,double_cold,split2026,1,Contact500 pretraining without SCA
1218,4.602059841156006,3.722012519836426,4.602059841156006,4.803046226501465,4.602059841156006,0.8800473213195801,0.20098638534545898,0.6790609359741211,0.6111111111111112,0.2166666666666666,0.2166666666666666,double_cold,split2026,1,Contact500 pretraining without SCA
967,3.7878124713897705,6.289745807647705,3.7878124713897705,5.848735809326172,3.7878124713897705,2.5019333362579346,2.0609233379364014,0.4410099983215332,0.5084745762711864,0.1506849315068493,0.1506849315068493,double_cold,split2026,1,Contact500 pretraining without SCA
1192,7.221848964691162,6.438667297363281,7.221848964691162,5.482500553131104,7.221848964691162,0.7831816673278809,1.7393484115600577,-0.9561667442321768,0.5217391304347826,0.2045454545454545,0.2045454545454545,double_cold,split2026,1,Contact500 pretraining without SCA
235,3.568636178970337,5.945437908172607,3.568636178970337,4.706042766571045,3.568636178970337,2.3768017292022705,1.137406587600708,1.2393951416015625,1.0,1.0,1.0,double_cold,split2026,1,Contact500 pretraining without SCA
223,4.698969841003418,4.532133102416992,4.698969841003418,4.80705451965332,4.698969841003418,0.16683673858642578,0.10808467864990234,0.05875205993652344,1.0,1.0,1.0,double_cold,split2026,1,Contact500 pretraining without SCA
1883,7.055517196655273,4.734719276428223,7.055517196655273,6.432861804962158,7.055517196655273,2.320797920227051,0.6226553916931152,1.6981425285339355,0.4435897435897435,0.1739130434782608,0.1739130434782608,double_cold,split2026,1,Contact500 pretraining without SCA
310,4.522878646850586,7.8522868156433105,4.522878646850586,8.87762451171875,4.522878646850586,3.3294081687927246,4.354745864868164,-1.0253376960754395,0.1363636363636363,0.1461988304093567,0.1363636363636363,double_cold,split2026,1,Contact500 pretraining without SCA
407,4.026872158050537,5.949729919433594,4.026872158050537,6.381608009338379,4.026872158050537,1.9228577613830566,2.354735851287842,-0.43187808990478516,0.1363636363636363,0.1976744186046511,0.1363636363636363,double_cold,split2026,1,Contact500 pretraining without SCA
1786,4.886056423187256,6.241431713104248,4.886056423187256,4.515554904937744,4.886056423187256,1.3553752899169922,0.3705015182495117,0.9848737716674805,1.0,0.2201834862385321,0.2201834862385321,double_cold,split2026,1,Contact500 pretraining without SCA
288,5.243896484375,4.953463554382324,5.243896484375,5.204838752746582,5.243896484375,0.2904329299926758,0.03905773162841797,0.2513751983642578,0.5181818181818182,1.0,0.5181818181818182,double_cold,split2026,1,Contact500 pretraining without SCA
1858,5.443697452545166,6.66494083404541,5.443697452545166,5.694228649139404,5.443697452545166,1.2212433815002441,0.2505311965942383,0.9707121849060059,0.5357142857142857,0.1739130434782608,0.1739130434782608,double_cold,split2026,1,Contact500 pretraining without SCA
1825,7.07572078704834,7.357738018035889,7.07572078704834,5.966197490692139,7.07572078704834,0.28201723098754883,1.1095232963562012,-0.8275060653686523,0.525,0.3402777777777778,0.3402777777777778,double_cold,split2026,1,Contact500 pretraining without SCA
1423,6.79587984085083,4.602181434631348,6.79587984085083,6.654046535491943,6.79587984085083,2.1936984062194824,0.14183330535888672,2.0518651008605957,0.5333333333333333,0.2178217821782178,0.2178217821782178,double_cold,split2026,1,Contact500 pretraining without SCA
718,2.0092172622680664,5.8176751136779785,2.0092172622680664,4.567089557647705,2.0092172622680664,3.808457851409912,2.5578722953796387,1.2505855560302734,1.0,0.6666666666666666,0.6666666666666666,double_cold,split2026,1,Contact500 pretraining without SCA
2382,4.397940158843994,5.117968559265137,4.397940158843994,5.097093105316162,4.397940158843994,0.7200284004211426,0.699152946472168,0.02087545394897461,0.5833333333333333,0.1858407079646017,0.1858407079646017,double_cold,split2026,1,Contact500 pretraining without SCA
784,4.698969841003418,6.1428542137146,4.698969841003418,4.3951029777526855,4.698969841003418,1.4438843727111816,0.3038668632507324,1.1400175094604492,0.5555555555555556,0.2886597938144329,0.2886597938144329,double_cold,split2026,1,Contact500 pretraining without SCA
225,8.397939682006836,4.602068901062012,8.397939682006836,4.915195465087891,8.397939682006836,3.795870780944824,3.4827442169189453,0.3131265640258789,1.0,0.1621621621621621,0.1621621621621621,double_cold,split2026,1,Contact500 pretraining without SCA
272,3.259637355804444,5.920797348022461,3.259637355804444,4.70032262802124,3.259637355804444,2.661159992218017,1.4406852722167964,1.2204747200012207,1.0,0.4561403508771929,0.4561403508771929,double_cold,split2026,1,Contact500 pretraining without SCA
1111,5.221848964691162,5.594834327697754,5.221848964691162,7.030155181884766,5.221848964691162,0.3729853630065918,1.8083062171936035,-1.4353208541870117,0.6111111111111112,0.1948051948051948,0.1948051948051948,double_cold,split2026,1,Contact500 pretraining without SCA
401,5.096909999847412,6.061473846435547,5.096909999847412,6.3805999755859375,5.096909999847412,0.9645638465881348,1.2836899757385254,-0.3191261291503906,0.1366931308249913,0.1827956989247312,0.1366931308249913,double_cold,split2026,1,Contact500 pretraining without SCA
1109,7.065501689910889,4.332016468048096,7.065501689910889,6.542803287506104,7.065501689910889,2.733485221862793,0.5226984024047843,2.2107868194580087,0.5833333333333333,0.2307692307692307,0.2307692307692307,double_cold,split2026,1,Contact500 pretraining without SCA
754,5.15490198135376,5.445870399475098,5.15490198135376,5.4240546226501465,5.15490198135376,0.2909684181213379,0.2691526412963867,0.021815776824951172,0.6111111111111112,0.1909090909090909,0.1909090909090909,double_cold,split2026,1,Contact500 pretraining without SCA
998,5.346787452697754,6.289597511291504,5.346787452697754,5.8487091064453125,5.346787452697754,0.94281005859375,0.5019216537475586,0.4408884048461914,0.5084745762711864,0.1506849315068493,0.1506849315068493,double_cold,split2026,1,Contact500 pretraining without SCA
262,2.522878646850586,5.863828182220459,2.522878646850586,4.588008403778076,2.522878646850586,3.340949535369873,2.0651297569274902,1.2758197784423828,1.0,0.5686274509803921,0.5686274509803921,double_cold,split2026,1,Contact500 pretraining without SCA
239,5.0,5.939265727996826,5.0,4.212310314178467,5.0,0.9392657279968262,0.7876896858215332,0.15157604217529297,1.0,0.1555555555555555,0.1555555555555555,double_cold,split2026,1,Contact500 pretraining without SCA
1005,4.045757293701172,5.846742153167725,4.045757293701172,5.436044216156006,4.045757293701172,1.8009848594665527,1.390286922454834,0.41069793701171875,0.5084745762711864,0.4098360655737705,0.4098360655737705,double_cold,split2026,1,Contact500 pretraining without SCA
1263,4.673664093017578,5.079322814941406,4.673664093017578,6.278017520904541,4.673664093017578,0.4056587219238281,1.604353427886963,-1.1986947059631348,0.6071428571428572,0.2653061224489796,0.2653061224489796,double_cold,split2026,1,Contact500 pretraining without SCA
1021,5.387216091156006,6.847484111785889,5.387216091156006,6.750695705413818,5.387216091156006,1.4602680206298828,1.3634796142578125,0.09678840637207031,0.5833333333333333,0.1506849315068493,0.1506849315068493,double_cold,split2026,1,Contact500 pretraining without SCA
961,5.823908805847168,5.792423725128174,5.823908805847168,5.198047637939453,5.823908805847168,0.03148508071899414,0.6258611679077148,-0.5943760871887207,0.5084745762711864,0.1290322580645161,0.1290322580645161,double_cold,split2026,1,Contact500 pretraining without SCA
1795,6.0087738037109375,4.933617115020752,6.0087738037109375,6.010268688201904,6.0087738037109375,1.0751566886901855,0.0014948844909667969,1.0736618041992188,0.5333333333333333,0.2032520325203252,0.2032520325203252,double_cold,split2026,1,Contact500 pretraining without SCA
2170,4.92081880569458,5.63042688369751,4.92081880569458,5.052904605865479,4.92081880569458,0.7096080780029297,0.13208580017089933,0.5775222778320304,0.5555555555555556,1.0,0.5555555555555556,double_cold,split2026,1,Contact500 pretraining without SCA
2064,5.295849323272705,4.163366317749023,5.295849323272705,4.629218101501465,5.295849323272705,1.1324830055236816,0.6666312217712402,0.4658517837524414,0.7142857142857143,0.2615384615384615,0.2615384615384615,double_cold,split2026,1,Contact500 pretraining without SCA
1884,6.958607196807861,4.467961311340332,6.958607196807861,5.998550891876221,6.958607196807861,2.4906458854675293,0.9600563049316406,1.5305895805358887,0.4435897435897435,0.2207792207792207,0.2207792207792207,double_cold,split2026,1,Contact500 pretraining without SCA
257,2.522878646850586,5.892422199249268,2.522878646850586,4.619552612304688,2.522878646850586,3.3695435523986816,2.0966739654541025,1.2728695869445792,1.0,0.64,0.64,double_cold,split2026,1,Contact500 pretraining without SCA
1896,6.221848964691162,5.223935127258301,6.221848964691162,4.889204502105713,6.221848964691162,0.9979138374328613,1.3326444625854492,-0.3347306251525879,0.8266666666666667,0.3,0.3,double_cold,split2026,1,Contact500 pretraining without SCA
258,3.259637355804444,5.8176751136779785,3.259637355804444,4.567088603973389,3.259637355804444,2.5580377578735347,1.3074512481689449,1.2505865097045898,1.0,0.6666666666666666,0.6666666666666666,double_cold,split2026,1,Contact500 pretraining without SCA
2405,5.107905387878418,6.057125568389893,5.107905387878418,5.285429000854492,5.107905387878418,0.9492201805114746,0.17752361297607422,0.7716965675354004,0.5833333333333333,0.1311475409836065,0.1311475409836065,double_cold,split2026,1,Contact500 pretraining without SCA
270,2.522878646850586,5.740004062652588,2.522878646850586,4.178493976593018,2.522878646850586,3.217125415802002,1.6556153297424316,1.5615100860595703,1.0,0.6545454545454545,0.6545454545454545,double_cold,split2026,1,StructRSMA: Contact500 pretraining plus SCA
1097,7.879426002502441,5.988012313842773,7.879426002502441,6.54838752746582,7.879426002502441,1.891413688659668,1.331038475036621,0.5603752136230469,0.6111111111111112,0.2040816326530612,0.2040816326530612,double_cold,split2026,1,StructRSMA: Contact500 pretraining plus SCA
265,2.301029920578003,5.797686576843262,2.301029920578003,4.420802593231201,2.301029920578003,3.496656656265259,2.1197726726531982,1.3768839836120605,1.0,0.6904761904761905,0.6904761904761905,double_cold,split2026,1,StructRSMA: Contact500 pretraining plus SCA
1846,6.619788646697998,6.610469341278076,6.619788646697998,5.246538639068604,6.619788646697998,0.009319305419921875,1.3732500076293936,-1.3639307022094718,0.5319148936170213,0.1739130434782608,0.1739130434782608,double_cold,split2026,1,StructRSMA: Contact500 pretraining plus SCA
457,5.337242126464844,5.704475402832031,5.337242126464844,4.8871588706970215,5.337242126464844,0.3672332763671875,0.45008325576782227,-0.08284997940063477,0.3052208835341365,0.2407407407407407,0.2407407407407407,double_cold,split2026,1,StructRSMA: Contact500 pretraining plus SCA
1042,5.031517028808594,4.4599785804748535,5.031517028808594,6.058990001678467,5.031517028808594,0.5715384483337402,1.027472972869873,-0.4559345245361328,0.6111111111111112,0.1909090909090909,0.1909090909090909,double_cold,split2026,1,StructRSMA: Contact500 pretraining plus SCA
756,5.259637355804443,5.136553287506104,5.259637355804443,5.708906173706055,5.259637355804443,0.12308406829833896,0.44926881790161133,-0.3261847496032724,0.6111111111111112,0.1764705882352941,0.1764705882352941,double_cold,split2026,1,StructRSMA: Contact500 pretraining plus SCA
1271,6.179141998291016,4.602181434631348,6.179141998291016,5.883031368255615,6.179141998291016,1.576960563659668,0.2961106300354004,1.2808499336242676,0.5333333333333333,0.2178217821782178,0.2178217821782178,double_cold,split2026,1,StructRSMA: Contact500 pretraining plus SCA
2101,8.42021656036377,7.000858306884766,8.42021656036377,6.907413959503174,8.42021656036377,1.419358253479004,1.5128026008605957,-0.0934443473815918,0.1366931308249913,0.1666666666666666,0.1366931308249913,double_cold,split2026,1,StructRSMA: Contact500 pretraining plus SCA
1894,3.823908805847168,5.143584728240967,3.823908805847168,4.373735904693604,3.823908805847168,1.3196759223937988,0.5498270988464364,0.7698488235473624,0.8266666666666667,0.3518518518518518,0.3518518518518518,double_cold,split2026,1,StructRSMA: Contact500 pretraining plus SCA
259,2.301029920578003,5.894484043121338,2.301029920578003,4.534139156341553,2.301029920578003,3.593454122543335,2.23310923576355,1.3603448867797852,1.0,0.5102040816326531,0.5102040816326531,double_cold,split2026,1,StructRSMA: Contact500 pretraining plus SCA
1783,4.886056423187256,5.982776165008545,4.886056423187256,4.751295566558838,4.886056423187256,1.096719741821289,0.13476085662841797,0.9619588851928711,1.0,0.2072072072072072,0.2072072072072072,double_cold,split2026,1,StructRSMA: Contact500 pretraining plus SCA
2096,5.649752140045166,4.744098663330078,5.649752140045166,5.496145248413086,5.649752140045166,0.9056534767150879,0.15360689163208008,0.7520465850830078,0.5789473684210527,0.2615384615384615,0.2615384615384615,double_cold,split2026,1,StructRSMA: Contact500 pretraining plus SCA
247,3.568636178970337,5.960893154144287,3.568636178970337,4.642958164215088,3.568636178970337,2.39225697517395,1.074321985244751,1.3179349899291992,1.0,0.4032258064516129,0.4032258064516129,double_cold,split2026,1,StructRSMA: Contact500 pretraining plus SCA
1382,3.314258337020874,5.825057029724121,3.314258337020874,5.592846870422363,3.314258337020874,2.510798692703247,2.2785885334014893,0.2322101593017578,0.5074626865671642,0.4805194805194805,0.4805194805194805,double_cold,split2026,1,StructRSMA: Contact500 pretraining plus SCA
1424,6.721246242523193,4.602181434631348,6.721246242523193,5.883031368255615,6.721246242523193,2.1190648078918457,0.8382148742675781,1.2808499336242676,0.5333333333333333,0.2178217821782178,0.2178217821782178,double_cold,split2026,1,StructRSMA: Contact500 pretraining plus SCA
778,5.958607196807861,6.784744739532471,5.958607196807861,5.6985273361206055,5.958607196807861,0.8261375427246094,0.26007986068725586,0.5660576820373535,0.5714285714285714,0.1755725190839694,0.1755725190839694,double_cold,split2026,1,StructRSMA: Contact500 pretraining plus SCA
233,6.136677265167236,6.237740516662598,6.136677265167236,4.881519794464111,6.136677265167236,0.10106325149536133,1.255157470703125,-1.1540942192077637,1.0,1.0,1.0,double_cold,split2026,1,StructRSMA: Contact500 pretraining plus SCA
2063,6.200659275054932,4.2443156242370605,6.200659275054932,5.380366325378418,6.200659275054932,1.956343650817871,0.8202929496765137,1.1360507011413574,0.7142857142857143,0.25,0.25,double_cold,split2026,1,StructRSMA: Contact500 pretraining plus SCA
1253,5.619788646697998,5.929201602935791,5.619788646697998,4.777010917663574,5.619788646697998,0.30941295623779297,0.8427777290344238,-0.5333647727966309,1.0,0.2083333333333333,0.2083333333333333,double_cold,split2026,1,StructRSMA: Contact500 pretraining plus SCA
1208,6.721246242523193,6.280411243438721,6.721246242523193,5.274715423583984,6.721246242523193,0.44083499908447266,1.446530818939209,-1.0056958198547363,0.5454545454545454,0.2894736842105263,0.2894736842105263,double_cold,split2026,1,StructRSMA: Contact500 pretraining plus SCA
1146,6.958607196807861,6.975014686584473,6.958607196807861,5.9051055908203125,6.958607196807861,0.016407489776611328,1.0535016059875488,-1.0370941162109375,1.0,0.2638888888888889,0.2638888888888889,double_cold,split2026,1,StructRSMA: Contact500 pretraining plus SCA
944,4.853871822357178,4.524716377258301,4.853871822357178,4.727951049804688,4.853871822357178,0.32915544509887695,0.12592077255248935,0.2032346725463876,0.5757575757575757,0.4382022471910112,0.4382022471910112,double_cold,split2026,1,StructRSMA: Contact500 pretraining plus SCA
241,7.259637355804443,6.264617919921875,7.259637355804443,4.920050621032715,7.259637355804443,0.9950194358825684,2.3395867347717285,-1.3445672988891602,1.0,1.0,1.0,double_cold,split2026,1,StructRSMA: Contact500 pretraining plus SCA
1000,4.954677104949951,5.676204681396484,4.954677104949951,4.459174633026123,4.954677104949951,0.7215275764465332,0.4955024719238281,0.22602510452270508,0.5084745762711864,0.2765957446808511,0.2765957446808511,double_cold,split2026,1,StructRSMA: Contact500 pretraining plus SCA
2379,6.481485843658447,4.597862720489502,6.481485843658447,5.748968124389648,6.481485843658447,1.8836231231689453,0.7325177192687988,1.1511054039001465,0.5909090909090908,0.1858407079646017,0.1858407079646017,double_cold,split2026,1,StructRSMA: Contact500 pretraining plus SCA
242,5.698969841003418,5.928937911987305,5.698969841003418,4.610064506530762,5.698969841003418,0.22996807098388672,1.0889053344726562,-0.8589372634887695,1.0,0.6415094339622641,0.6415094339622641,double_cold,split2026,1,StructRSMA: Contact500 pretraining plus SCA
2062,5.241845607757568,4.146285057067871,5.241845607757568,5.282370567321777,5.241845607757568,1.0955605506896973,0.040524959564208984,1.0550355911254883,0.7142857142857143,0.2741935483870967,0.2741935483870967,double_cold,split2026,1,StructRSMA: Contact500 pretraining plus SCA
263,3.259637355804444,5.825385093688965,3.259637355804444,4.635732650756836,3.259637355804444,2.565747737884521,1.3760952949523921,1.189652442932129,1.0,0.6274509803921569,0.6274509803921569,double_cold,split2026,1,StructRSMA: Contact500 pretraining plus SCA
897,4.129011154174805,5.663974761962891,4.129011154174805,4.09397029876709,4.129011154174805,1.534963607788086,0.035040855407714844,1.499922752380371,1.0,1.0,1.0,double_cold,split2026,1,StructRSMA: Contact500 pretraining plus SCA
404,6.0,5.957086086273193,6.0,5.660344123840332,6.0,0.04291391372680664,0.33965587615966797,-0.29674196243286133,0.1363636363636363,0.2023809523809523,0.1363636363636363,double_cold,split2026,1,StructRSMA: Contact500 pretraining plus SCA
782,4.721246242523193,6.138824939727783,4.721246242523193,5.001657485961914,4.721246242523193,1.4175786972045898,0.2804112434387207,1.1371674537658691,0.5862068965517242,0.2886597938144329,0.2886597938144329,double_cold,split2026,1,StructRSMA: Contact500 pretraining plus SCA
256,3.568636178970337,5.945437908172607,3.568636178970337,4.57505989074707,3.568636178970337,2.3768017292022705,1.0064237117767334,1.370378017425537,1.0,1.0,1.0,double_cold,split2026,1,StructRSMA: Contact500 pretraining plus SCA
2288,5.301030158996582,6.097164630889893,5.301030158996582,5.756845474243164,5.301030158996582,0.7961344718933105,0.45581531524658203,0.3403191566467285,0.1366931308249913,0.2,0.1366931308249913,double_cold,split2026,1,StructRSMA: Contact500 pretraining plus SCA
2094,6.823908805847168,4.830286979675293,6.823908805847168,5.63671350479126,6.823908805847168,1.993621826171875,1.1871953010559082,0.8064265251159668,0.5789473684210527,0.2758620689655172,0.2758620689655172,double_cold,split2026,1,StructRSMA: Contact500 pretraining plus SCA
1025,3.218963146209717,6.404629707336426,3.218963146209717,4.960788249969482,3.218963146209717,3.185666561126709,1.7418251037597656,1.4438414573669434,0.5833333333333333,0.4098360655737705,0.4098360655737705,double_cold,split2026,1,StructRSMA: Contact500 pretraining plus SCA
966,3.869666337966919,6.087963104248047,3.869666337966919,4.994699001312256,3.869666337966919,2.218296766281128,1.125032663345337,1.093264102935791,0.5084745762711864,0.3333333333333333,0.3333333333333333,double_cold,split2026,1,StructRSMA: Contact500 pretraining plus SCA
252,6.0,6.1031694412231445,6.0,4.704257011413574,6.0,0.10316944122314453,1.2957429885864258,-1.1925735473632812,1.0,0.1891891891891892,0.1891891891891892,double_cold,split2026,1,StructRSMA: Contact500 pretraining plus SCA
2470,5.883060455322266,4.644524574279785,5.883060455322266,5.828370094299316,5.883060455322266,1.2385358810424805,0.05469036102294922,1.1838455200195312,0.6153846153846154,0.5164835164835165,0.5164835164835165,double_cold,split2026,1,StructRSMA: Contact500 pretraining plus SCA
2057,5.517126560211182,5.864068031311035,5.517126560211182,4.209986686706543,5.517126560211182,0.3469414710998535,1.3071398735046387,-0.9601984024047852,1.0,0.4556962025316455,0.4556962025316455,double_cold,split2026,1,StructRSMA: Contact500 pretraining plus SCA
390,3.318758726119995,6.2730889320373535,3.318758726119995,6.105143070220947,3.318758726119995,2.9543302059173584,2.786384344100952,0.16794586181640625,0.1366931308249913,0.3837209302325581,0.1366931308249913,double_cold,split2026,1,StructRSMA: Contact500 pretraining plus SCA
1112,5.301030158996582,5.502648830413818,5.301030158996582,6.3091020584106445,5.301030158996582,0.20161867141723633,1.0080718994140625,-0.8064532279968262,0.6111111111111112,0.1948051948051948,0.1948051948051948,double_cold,split2026,1,StructRSMA: Contact500 pretraining plus SCA
2400,5.214670181274414,6.057125568389893,5.214670181274414,4.207297801971436,5.214670181274414,0.8424553871154785,1.0073723793029776,-0.1649169921874991,0.5833333333333333,0.1311475409836065,0.1311475409836065,double_cold,split2026,1,StructRSMA: Contact500 pretraining plus SCA
248,3.568636178970337,5.935238838195801,3.568636178970337,4.766656875610352,3.568636178970337,2.366602659225464,1.1980206966400146,1.1685819625854492,1.0,0.4098360655737705,0.4098360655737705,double_cold,split2026,1,StructRSMA: Contact500 pretraining plus SCA
261,2.522878646850586,5.86397123336792,2.522878646850586,4.484897136688232,2.522878646850586,3.341092586517334,1.9620184898376465,1.3790740966796875,1.0,0.7021276595744681,0.7021276595744681,double_cold,split2026,1,StructRSMA: Contact500 pretraining plus SCA
995,5.0,5.585231304168701,5.0,4.439560890197754,5.0,0.5852313041687012,0.5604391098022461,0.024792194366455078,0.5084745762711864,0.2,0.2,double_cold,split2026,1,StructRSMA: Contact500 pretraining plus SCA
1399,4.471083164215088,6.170676708221436,4.471083164215088,5.854676723480225,4.471083164215088,1.6995935440063485,1.3835935592651367,0.3159999847412118,0.5074626865671642,0.3854166666666667,0.3854166666666667,double_cold,split2026,1,StructRSMA: Contact500 pretraining plus SCA
318,7.769551277160644,4.588128089904785,7.769551277160644,4.507796764373779,7.769551277160644,3.1814231872558585,3.2617545127868643,-0.08033132553100586,1.0,0.1621621621621621,0.1621621621621621,double_cold,split2026,1,StructRSMA: Contact500 pretraining plus SCA
1001,4.879426002502441,5.951897621154785,4.879426002502441,4.966028690338135,4.879426002502441,1.0724716186523438,0.08660268783569336,0.9858689308166504,0.5084745762711864,0.2087912087912088,0.2087912087912088,double_cold,split2026,1,StructRSMA: Contact500 pretraining plus SCA
1306,7.08092212677002,3.9929800033569336,7.08092212677002,4.8943071365356445,7.08092212677002,3.087942123413087,2.186614990234376,0.9013271331787109,0.5714285714285714,0.1929824561403508,0.1929824561403508,double_cold,split2026,1,StructRSMA: Contact500 pretraining plus SCA
996,4.1674909591674805,5.704068183898926,4.1674909591674805,4.543705940246582,4.1674909591674805,1.5365772247314453,0.37621498107910156,1.1603622436523438,0.5084745762711864,0.2553191489361702,0.2553191489361702,double_cold,split2026,1,StructRSMA: Contact500 pretraining plus SCA
1217,6.275723934173584,3.68277645111084,6.275723934173584,4.78595781326294,6.275723934173584,2.592947483062744,1.4897661209106436,1.1031813621521005,0.6111111111111112,0.2166666666666666,0.2166666666666666,double_cold,split2026,1,StructRSMA: Contact500 pretraining plus SCA
2245,4.431798458099365,5.13507890701294,4.431798458099365,5.163227558135986,4.431798458099365,0.7032804489135751,0.7314291000366211,-0.028148651123045987,0.5454545454545454,1.0,0.5454545454545454,double_cold,split2026,1,StructRSMA: Contact500 pretraining plus SCA
1024,5.12493896484375,6.509067058563232,5.12493896484375,4.938658714294434,5.12493896484375,1.3841280937194824,0.1862802505493164,1.197847843170166,0.5833333333333333,0.2087912087912088,0.2087912087912088,double_cold,split2026,1,StructRSMA: Contact500 pretraining plus SCA
905,5.408935546875,6.5912675857543945,5.408935546875,5.10612678527832,5.408935546875,1.1823320388793945,0.3028087615966797,0.8795232772827148,0.5428571428571429,0.1891891891891892,0.1891891891891892,double_cold,split2026,1,StructRSMA: Contact500 pretraining plus SCA
289,5.698969841003418,5.966545104980469,5.698969841003418,5.597262382507324,5.698969841003418,0.2675752639770508,0.10170745849609375,0.16586780548095703,0.1366931308249913,0.1486486486486486,0.1366931308249913,double_cold,split2026,1,StructRSMA: Contact500 pretraining plus SCA
280,5.320571899414063,6.5487141609191895,5.320571899414063,5.275643825531006,5.320571899414063,1.228142261505126,0.04492807388305753,1.1832141876220685,1.0,0.8307692307692308,0.8307692307692308,double_cold,split2026,1,StructRSMA: Contact500 pretraining plus SCA
238,5.0,6.428799629211426,5.0,5.260849952697754,5.0,1.4287996292114258,0.2608499526977539,1.1679496765136719,1.0,0.3013698630136986,0.3013698630136986,double_cold,split2026,1,StructRSMA: Contact500 pretraining plus SCA
2392,5.823908805847168,5.497122287750244,5.823908805847168,4.265066146850586,5.823908805847168,0.32678651809692383,1.558842658996582,-1.2320561408996582,0.5084745762711864,0.1311475409836065,0.1311475409836065,double_cold,split2026,1,StructRSMA: Contact500 pretraining plus SCA
266,3.259637355804444,5.8176751136779785,3.259637355804444,4.473250865936279,3.259637355804444,2.5580377578735347,1.2136135101318355,1.3444242477416992,1.0,0.6666666666666666,0.6666666666666666,double_cold,split2026,1,StructRSMA: Contact500 pretraining plus SCA
207,4.886056423187256,5.016472339630127,4.886056423187256,5.193241596221924,4.886056423187256,0.1304159164428711,0.30718517303466797,-0.17676925659179688,1.0,0.2962962962962963,0.2962962962962963,double_cold,split2026,1,StructRSMA: Contact500 pretraining plus SCA
419,8.12493896484375,6.227393627166748,8.12493896484375,5.931506633758545,8.12493896484375,1.897545337677002,2.193432331085205,-0.2958869934082031,0.1366931308249913,0.1530612244897959,0.1366931308249913,double_cold,split2026,1,StructRSMA: Contact500 pretraining plus SCA
1781,4.522878646850586,6.025416374206543,4.522878646850586,4.457986354827881,4.522878646850586,1.502537727355957,0.06489229202270508,1.437645435333252,1.0,0.2149532710280373,0.2149532710280373,double_cold,split2026,1,StructRSMA: Contact500 pretraining plus SCA
1421,6.275723934173584,5.020983695983887,6.275723934173584,4.332070350646973,6.275723934173584,1.2547402381896973,1.9436535835266113,-0.6889133453369141,0.5074626865671642,0.8571428571428571,0.5074626865671642,double_cold,split2026,1,StructRSMA: Contact500 pretraining plus SCA
1285,4.12493896484375,5.584316253662109,4.12493896484375,4.584380626678467,4.12493896484375,1.4593772888183594,0.4594416618347168,0.9999356269836426,0.4819277108433735,0.2222222222222222,0.2222222222222222,double_cold,split2026,1,StructRSMA: Contact500 pretraining plus SCA
2093,5.692503929138184,4.727026462554932,5.692503929138184,5.433835506439209,5.692503929138184,0.965477466583252,0.2586684226989746,0.7068090438842773,0.5789473684210527,0.2741935483870967,0.2741935483870967,double_cold,split2026,1,StructRSMA: Contact500 pretraining plus SCA
400,8.560667037963867,7.423552513122559,8.560667037963867,7.360466003417969,8.560667037963867,1.1371145248413086,1.2002010345458984,-0.06308650970458984,0.1366931308249913,0.1773049645390071,0.1366931308249913,double_cold,split2026,1,StructRSMA: Contact500 pretraining plus SCA
1283,4.886056423187256,5.616961479187012,4.886056423187256,4.558795928955078,4.886056423187256,0.7309050559997559,0.32726049423217773,0.4036445617675781,0.4819277108433735,0.2222222222222222,0.2222222222222222,double_cold,split2026,1,StructRSMA: Contact500 pretraining plus SCA
711,4.924453258514404,5.915523052215576,4.924453258514404,4.605001449584961,4.924453258514404,0.9910697937011719,0.31945180892944336,0.6716179847717285,1.0,0.4310344827586206,0.4310344827586206,double_cold,split2026,1,StructRSMA: Contact500 pretraining plus SCA
783,4.1674909591674805,6.150483131408691,4.1674909591674805,5.120604991912842,4.1674909591674805,1.982992172241211,0.9531140327453613,1.0298781394958496,0.5862068965517242,0.2962962962962963,0.2962962962962963,double_cold,split2026,1,StructRSMA: Contact500 pretraining plus SCA
1104,5.096909999847412,4.828261375427246,5.096909999847412,5.567431926727295,5.096909999847412,0.268648624420166,0.4705219268798828,-0.2018733024597168,0.6111111111111112,0.2307692307692307,0.2307692307692307,double_cold,split2026,1,StructRSMA: Contact500 pretraining plus SCA
408,3.324221611022949,5.949729919433594,3.324221611022949,5.725775241851807,3.324221611022949,2.6255083084106445,2.4015536308288574,0.2239546775817871,0.1363636363636363,0.1976744186046511,0.1363636363636363,double_cold,split2026,1,StructRSMA: Contact500 pretraining plus SCA
847,6.0,4.810786247253418,6.0,5.723596572875977,6.0,1.189213752746582,0.27640342712402344,0.9128103256225586,0.5657894736842105,0.676056338028169,0.5657894736842105,double_cold,split2026,1,StructRSMA: Contact500 pretraining plus SCA
1383,2.978810787200928,5.890023231506348,2.978810787200928,5.717506408691406,2.978810787200928,2.9112124443054195,2.738695621490478,0.1725168228149414,0.5074626865671642,0.5,0.5,double_cold,split2026,1,StructRSMA: Contact500 pretraining plus SCA
2095,6.318758964538574,4.824914932250977,6.318758964538574,5.533962249755859,6.318758964538574,1.4938440322875977,0.7847967147827148,0.7090473175048828,0.5789473684210527,0.25,0.25,double_cold,split2026,1,StructRSMA: Contact500 pretraining plus SCA
999,4.958607196807861,6.378573894500732,4.958607196807861,5.560636520385742,4.958607196807861,1.419966697692871,0.6020293235778809,0.8179373741149902,0.5084745762711864,0.1967213114754098,0.1967213114754098,double_cold,split2026,1,StructRSMA: Contact500 pretraining plus SCA
2045,3.0,4.508592128753662,3.0,4.333551406860352,3.0,1.508592128753662,1.3335514068603516,0.17504072189331055,1.0,0.4285714285714285,0.4285714285714285,double_cold,split2026,1,StructRSMA: Contact500 pretraining plus SCA
1390,4.336298942565918,6.043812274932861,4.336298942565918,5.793972015380859,4.336298942565918,1.7075133323669434,1.4576730728149414,0.24984025955200195,0.5074626865671642,0.3894736842105263,0.3894736842105263,double_cold,split2026,1,StructRSMA: Contact500 pretraining plus SCA
1143,6.619788646697998,6.820446968078613,6.619788646697998,5.68149995803833,6.619788646697998,0.20065832138061523,0.938288688659668,-0.7376303672790527,1.0,0.25,0.25,double_cold,split2026,1,StructRSMA: Contact500 pretraining plus SCA
2056,6.368556022644043,5.711559772491455,6.368556022644043,4.1133012771606445,6.368556022644043,0.6569962501525879,2.2552547454833984,-1.5982584953308105,1.0,0.4729729729729729,0.4729729729729729,double_cold,split2026,1,StructRSMA: Contact500 pretraining plus SCA
1785,4.853871822357178,6.037283897399902,4.853871822357178,4.437664031982422,4.853871822357178,1.1834120750427246,0.41620779037475586,0.7672042846679688,1.0,0.2149532710280373,0.2149532710280373,double_cold,split2026,1,StructRSMA: Contact500 pretraining plus SCA
1122,7.221848964691162,5.406187057495117,7.221848964691162,6.692737579345703,7.221848964691162,1.815661907196045,0.529111385345459,1.286550521850586,0.5833333333333333,0.1801801801801801,0.1801801801801801,double_cold,split2026,1,StructRSMA: Contact500 pretraining plus SCA
716,3.0472075939178467,5.9467387199401855,3.0472075939178467,4.373575687408447,3.0472075939178467,2.899531126022339,1.3263680934906006,1.5731630325317383,1.0,0.0,0.0,double_cold,split2026,1,StructRSMA: Contact500 pretraining plus SCA
714,3.798602819442749,5.945437908172607,3.798602819442749,4.57505989074707,3.798602819442749,2.1468350887298584,0.7764570713043213,1.370378017425537,1.0,1.0,1.0,double_cold,split2026,1,StructRSMA: Contact500 pretraining plus SCA
1861,5.30980396270752,6.396615982055664,5.30980396270752,4.842960357666016,5.30980396270752,1.0868120193481436,0.4668436050415048,0.6199684143066388,0.5357142857142857,0.2207792207792207,0.2207792207792207,double_cold,split2026,1,StructRSMA: Contact500 pretraining plus SCA
780,4.6575775146484375,6.123833179473877,4.6575775146484375,5.090297222137451,4.6575775146484375,1.4662556648254395,0.43271970748901367,1.0335359573364258,0.5714285714285714,0.2962962962962963,0.2962962962962963,double_cold,split2026,1,StructRSMA: Contact500 pretraining plus SCA
277,2.522878646850586,5.915523052215576,2.522878646850586,4.605001449584961,2.522878646850586,3.3926444053649902,2.082122802734375,1.3105216026306152,1.0,0.4310344827586206,0.4310344827586206,double_cold,split2026,1,StructRSMA: Contact500 pretraining plus SCA
1433,4.744727611541748,6.898803234100342,4.744727611541748,5.630900859832764,4.744727611541748,2.1540756225585938,0.8861732482910156,1.2679023742675781,0.5254237288135593,0.1758241758241758,0.1758241758241758,double_cold,split2026,1,StructRSMA: Contact500 pretraining plus SCA
969,6.173925399780273,5.777749538421631,6.173925399780273,4.531132698059082,6.173925399780273,0.3961758613586426,1.6427927017211914,-1.2466168403625488,0.5084745762711864,0.2435897435897435,0.2435897435897435,double_cold,split2026,1,StructRSMA: Contact500 pretraining plus SCA
1287,6.387216091156006,6.134845733642578,6.387216091156006,5.600935459136963,6.387216091156006,0.25237035751342773,0.786280632019043,-0.5339102745056152,0.4907407407407407,0.1739130434782608,0.1739130434782608,double_cold,split2026,1,StructRSMA: Contact500 pretraining plus SCA
1784,5.0,6.278379440307617,5.0,5.329896926879883,5.0,1.2783794403076172,0.3298969268798828,0.9484825134277344,1.0,0.2142857142857142,0.2142857142857142,double_cold,split2026,1,StructRSMA: Contact500 pretraining plus SCA
968,3.804100275039673,6.009433269500732,3.804100275039673,4.894480228424072,3.804100275039673,2.2053329944610596,1.0903799533843994,1.1149530410766602,0.5084745762711864,0.1891891891891892,0.1891891891891892,double_cold,split2026,1,StructRSMA: Contact500 pretraining plus SCA
2044,4.698969841003418,4.55517578125,4.698969841003418,4.467995643615723,4.698969841003418,0.14379405975341797,0.2309741973876953,-0.08718013763427734,1.0,0.3888888888888889,0.3888888888888889,double_cold,split2026,1,StructRSMA: Contact500 pretraining plus SCA
764,6.886056423187256,6.846295833587647,6.886056423187256,5.519733428955078,6.886056423187256,0.03976058959960849,1.3663229942321777,-1.3265624046325692,0.5686274509803921,0.2473118279569892,0.2473118279569892,double_cold,split2026,1,StructRSMA: Contact500 pretraining plus SCA
1167,7.0,4.604440212249756,7.0,4.454512119293213,7.0,2.395559787750244,2.545487880706787,-0.14992809295654297,1.0,0.3611111111111111,0.3611111111111111,double_cold,split2026,1,StructRSMA: Contact500 pretraining plus SCA
2107,8.113509178161621,7.013369083404541,8.113509178161621,6.900518417358398,8.113509178161621,1.10014009475708,1.2129907608032227,-0.11285066604614258,0.1366931308249913,0.1743119266055046,0.1366931308249913,double_cold,split2026,1,StructRSMA: Contact500 pretraining plus SCA
1887,7.0,5.185240745544434,7.0,5.6879096031188965,7.0,1.8147592544555664,1.3120903968811035,0.5026688575744629,0.4039900249376559,0.2207792207792207,0.2207792207792207,double_cold,split2026,1,StructRSMA: Contact500 pretraining plus SCA
271,2.301029920578003,5.677886486053467,2.301029920578003,4.150729656219482,2.301029920578003,3.376856565475464,1.8496997356414795,1.5271568298339844,1.0,0.5833333333333334,0.5833333333333334,double_cold,split2026,1,StructRSMA: Contact500 pretraining plus SCA
98,7.06048059463501,6.262185573577881,7.06048059463501,6.797267913818359,7.06048059463501,0.7982950210571289,0.2632126808166504,0.5350823402404785,0.8571428571428572,0.546583850931677,0.546583850931677,double_cold,split2026,1,StructRSMA: Contact500 pretraining plus SCA
1044,5.193819999694824,4.489134788513184,5.193819999694824,6.015468597412109,5.193819999694824,0.7046852111816406,0.8216485977172852,-0.11696338653564453,0.6111111111111112,0.1764705882352941,0.1764705882352941,double_cold,split2026,1,StructRSMA: Contact500 pretraining plus SCA
204,4.853871822357178,5.680017948150635,4.853871822357178,5.794264793395996,4.853871822357178,0.826146125793457,0.9403929710388184,-0.11424684524536133,1.0,0.1755725190839694,0.1755725190839694,double_cold,split2026,1,StructRSMA: Contact500 pretraining plus SCA
957,5.896196365356445,6.85180139541626,5.896196365356445,6.140904426574707,5.896196365356445,0.9556050300598145,0.24470806121826172,0.7108969688415527,0.5084745762711864,0.175,0.175,double_cold,split2026,1,StructRSMA: Contact500 pretraining plus SCA
206,4.853871822357178,5.0047807693481445,4.853871822357178,5.072269439697266,4.853871822357178,0.1509089469909668,0.2183976173400879,-0.0674886703491211,1.0,0.2886597938144329,0.2886597938144329,double_cold,split2026,1,StructRSMA: Contact500 pretraining plus SCA
943,5.677780628204346,5.118025779724121,5.677780628204346,5.575555801391602,5.677780628204346,0.5597548484802246,0.10222482681274414,0.45753002166748047,0.5757575757575757,0.4642857142857143,0.4642857142857143,double_cold,split2026,1,StructRSMA: Contact500 pretraining plus SCA
713,4.593459606170654,6.210041999816895,4.593459606170654,4.75222635269165,4.593459606170654,1.6165823936462411,0.1587667465209961,1.457815647125245,1.0,0.1864406779661017,0.1864406779661017,double_cold,split2026,1,StructRSMA: Contact500 pretraining plus SCA
1847,5.958607196807861,6.368468284606934,5.958607196807861,4.850109577178955,5.958607196807861,0.40986108779907227,1.1084976196289062,-0.698636531829834,0.5319148936170213,1.0,0.5319148936170213,double_cold,split2026,1,StructRSMA: Contact500 pretraining plus SCA
1022,5.050610065460205,6.936126232147217,5.050610065460205,5.515792846679688,5.050610065460205,1.8855161666870117,0.4651827812194833,1.4203333854675284,0.5833333333333333,0.1967213114754098,0.1967213114754098,double_cold,split2026,1,StructRSMA: Contact500 pretraining plus SCA
1023,4.853871822357178,6.235573768615723,4.853871822357178,4.371891975402832,4.853871822357178,1.381701946258545,0.4819798469543457,0.8997220993041992,0.5833333333333333,0.2765957446808511,0.2765957446808511,double_cold,split2026,1,StructRSMA: Contact500 pretraining plus SCA
770,7.301030158996582,7.705653190612793,7.301030158996582,6.6424078941345215,7.301030158996582,0.40462303161621094,0.6586222648620605,-0.2539992332458496,0.5686274509803921,0.3645833333333333,0.3645833333333333,double_cold,split2026,1,StructRSMA: Contact500 pretraining plus SCA
1782,5.096909999847412,6.288849830627441,5.096909999847412,5.108760833740234,5.096909999847412,1.1919398307800293,0.011850833892822266,1.180088996887207,1.0,0.2201834862385321,0.2201834862385321,double_cold,split2026,1,StructRSMA: Contact500 pretraining plus SCA
765,7.0,7.361453533172607,7.0,6.1802287101745605,7.0,0.3614535331726074,0.8197712898254395,-0.45831775665283203,0.5686274509803921,0.2276422764227642,0.2276422764227642,double_cold,split2026,1,StructRSMA: Contact500 pretraining plus SCA
1886,7.148741722106934,5.451085567474365,7.148741722106934,6.091300010681152,7.148741722106934,1.6976561546325684,1.0574417114257812,0.6402144432067871,0.4039900249376559,0.1739130434782608,0.1739130434782608,double_cold,split2026,1,StructRSMA: Contact500 pretraining plus SCA
758,4.958607196807861,4.636258125305176,4.958607196807861,5.0032958984375,4.958607196807861,0.32234907150268555,0.04468870162963867,0.2776603698730469,0.6111111111111112,0.2465753424657534,0.2465753424657534,double_cold,split2026,1,StructRSMA: Contact500 pretraining plus SCA
710,5.844664096832275,5.5984649658203125,5.844664096832275,4.155486106872559,5.844664096832275,0.2461991310119629,1.6891779899597168,-1.442978858947754,1.0,0.1846153846153846,0.1846153846153846,double_cold,split2026,1,StructRSMA: Contact500 pretraining plus SCA
260,2.522878646850586,5.891827583312988,2.522878646850586,4.5077080726623535,2.522878646850586,3.3689489364624023,1.9848294258117676,1.3841195106506348,1.0,0.5185185185185185,0.5185185185185185,double_cold,split2026,1,StructRSMA: Contact500 pretraining plus SCA
264,2.522878646850586,5.844972610473633,2.522878646850586,4.479057312011719,2.522878646850586,3.322093963623047,1.9561786651611328,1.365915298461914,1.0,0.6122448979591837,0.6122448979591837,double_cold,split2026,1,StructRSMA: Contact500 pretraining plus SCA
1859,6.431798458099365,6.422951698303223,6.431798458099365,4.842690467834473,6.431798458099365,0.008846759796142578,1.5891079902648926,-1.58026123046875,0.5357142857142857,1.0,0.5357142857142857,double_cold,split2026,1,StructRSMA: Contact500 pretraining plus SCA
1403,3.681936740875244,6.016703128814697,3.681936740875244,5.645549297332764,3.681936740875244,2.334766387939453,1.9636125564575195,0.3711538314819336,0.5074626865671642,0.4666666666666667,0.4666666666666667,double_cold,split2026,1,StructRSMA: Contact500 pretraining plus SCA
1849,6.481485843658447,6.342106342315674,6.481485843658447,4.850130558013916,6.481485843658447,0.13937950134277344,1.6313552856445312,-1.4919757843017578,0.5319148936170213,0.2207792207792207,0.2207792207792207,double_cold,split2026,1,StructRSMA: Contact500 pretraining plus SCA
779,4.677780628204346,6.112174034118652,4.677780628204346,4.9701337814331055,4.677780628204346,1.4343934059143066,0.29235315322875977,1.1420402526855469,0.5714285714285714,0.2886597938144329,0.2886597938144329,double_cold,split2026,1,StructRSMA: Contact500 pretraining plus SCA
2471,5.829151630401611,4.68678092956543,5.829151630401611,5.896905899047852,5.829151630401611,1.1423707008361816,0.06775426864624023,1.0746164321899414,0.6153846153846154,0.5222222222222223,0.5222222222222223,double_cold,split2026,1,StructRSMA: Contact500 pretraining plus SCA
798,5.619788646697998,6.612210750579834,5.619788646697998,5.409615516662598,5.619788646697998,0.9924221038818359,0.2101731300354004,0.7822489738464355,1.0,0.676056338028169,0.676056338028169,double_cold,split2026,1,StructRSMA: Contact500 pretraining plus SCA
2066,5.866461277008057,4.24978494644165,5.866461277008057,5.4780144691467285,5.866461277008057,1.6166763305664062,0.3884468078613281,1.2282295227050781,0.7142857142857143,0.2758620689655172,0.2758620689655172,double_cold,split2026,1,StructRSMA: Contact500 pretraining plus SCA
1173,5.468521118164063,5.790496826171875,5.468521118164063,4.939187049865723,5.468521118164063,0.3219757080078116,0.5293340682983407,-0.20735836029052912,0.5806451612903225,0.2166666666666666,0.2166666666666666,double_cold,split2026,1,StructRSMA: Contact500 pretraining plus SCA
1019,3.552841901779175,6.142673492431641,3.552841901779175,4.4508056640625,3.552841901779175,2.589831590652466,0.8979637622833252,1.6918678283691406,0.5833333333333333,0.2,0.2,double_cold,split2026,1,StructRSMA: Contact500 pretraining plus SCA
279,2.301029920578003,5.985462665557861,2.301029920578003,4.652570724487305,2.301029920578003,3.6844327449798584,2.3515408039093018,1.3328919410705566,1.0,0.3666666666666666,0.3666666666666666,double_cold,split2026,1,StructRSMA: Contact500 pretraining plus SCA
273,3.259637355804444,5.6069440841674805,3.259637355804444,4.065332412719727,3.259637355804444,2.3473067283630367,0.8056950569152828,1.541611671447754,1.0,0.423728813559322,0.423728813559322,double_cold,split2026,1,StructRSMA: Contact500 pretraining plus SCA
253,5.86966609954834,6.300821781158447,5.86966609954834,4.967431545257568,5.86966609954834,0.4311556816101074,0.9022345542907715,-0.47107887268066406,1.0,0.8387096774193549,0.8387096774193549,double_cold,split2026,1,StructRSMA: Contact500 pretraining plus SCA
391,8.698969841003418,6.332577705383301,8.698969841003418,6.1099853515625,8.698969841003418,2.366392135620117,2.588984489440918,-0.22259235382080078,0.1366931308249913,0.16,0.1366931308249913,double_cold,split2026,1,StructRSMA: Contact500 pretraining plus SCA
1207,7.15490198135376,6.662283897399902,7.15490198135376,5.320910453796387,7.15490198135376,0.4926180839538574,1.833991527557373,-1.3413734436035156,0.5686274509803921,0.2894736842105263,0.2894736842105263,double_cold,split2026,1,StructRSMA: Contact500 pretraining plus SCA
1251,5.12493896484375,6.159818172454834,5.12493896484375,4.824409008026123,5.12493896484375,1.034879207611084,0.30052995681762695,0.734349250793457,1.0,0.2738095238095238,0.2738095238095238,double_cold,split2026,1,StructRSMA: Contact500 pretraining plus SCA
1895,5.251811981201172,4.980880260467529,5.251811981201172,4.07582950592041,5.251811981201172,0.2709317207336426,1.1759824752807617,-0.9050507545471191,0.8266666666666667,0.3050847457627119,0.3050847457627119,double_cold,split2026,1,StructRSMA: Contact500 pretraining plus SCA
1215,6.903090000152588,4.243844032287598,6.903090000152588,4.768028259277344,6.903090000152588,2.6592459678649902,2.135061740875244,0.5241842269897461,0.6111111111111112,0.2166666666666666,0.2166666666666666,double_cold,split2026,1,StructRSMA: Contact500 pretraining plus SCA
1218,4.602059841156006,3.722012519836426,4.602059841156006,4.722115993499756,4.602059841156006,0.8800473213195801,0.12005615234375,0.7599911689758301,0.6111111111111112,0.2166666666666666,0.2166666666666666,double_cold,split2026,1,StructRSMA: Contact500 pretraining plus SCA
967,3.7878124713897705,6.289745807647705,3.7878124713897705,5.341436386108398,3.7878124713897705,2.5019333362579346,1.553623914718628,0.9483094215393066,0.5084745762711864,0.1506849315068493,0.1506849315068493,double_cold,split2026,1,StructRSMA: Contact500 pretraining plus SCA
1192,7.221848964691162,6.438667297363281,7.221848964691162,4.861649513244629,7.221848964691162,0.7831816673278809,2.360199451446533,-1.5770177841186523,0.5217391304347826,0.2045454545454545,0.2045454545454545,double_cold,split2026,1,StructRSMA: Contact500 pretraining plus SCA
235,3.568636178970337,5.945437908172607,3.568636178970337,4.57505989074707,3.568636178970337,2.3768017292022705,1.0064237117767334,1.370378017425537,1.0,1.0,1.0,double_cold,split2026,1,StructRSMA: Contact500 pretraining plus SCA
223,4.698969841003418,4.532133102416992,4.698969841003418,4.407222270965576,4.698969841003418,0.16683673858642578,0.2917475700378418,-0.12491083145141602,1.0,1.0,1.0,double_cold,split2026,1,StructRSMA: Contact500 pretraining plus SCA
1883,7.055517196655273,4.734719276428223,7.055517196655273,6.076646327972412,7.055517196655273,2.320797920227051,0.9788708686828613,1.3419270515441895,0.4435897435897435,0.1739130434782608,0.1739130434782608,double_cold,split2026,1,StructRSMA: Contact500 pretraining plus SCA
310,4.522878646850586,7.8522868156433105,4.522878646850586,7.876042366027832,4.522878646850586,3.3294081687927246,3.353163719177246,-0.023755550384521484,0.1363636363636363,0.1461988304093567,0.1363636363636363,double_cold,split2026,1,StructRSMA: Contact500 pretraining plus SCA
407,4.026872158050537,5.949729919433594,4.026872158050537,5.725775241851807,4.026872158050537,1.9228577613830566,1.6989030838012695,0.2239546775817871,0.1363636363636363,0.1976744186046511,0.1363636363636363,double_cold,split2026,1,StructRSMA: Contact500 pretraining plus SCA
1786,4.886056423187256,6.241431713104248,4.886056423187256,4.944217681884766,4.886056423187256,1.3553752899169922,0.058161258697509766,1.2972140312194824,1.0,0.2201834862385321,0.2201834862385321,double_cold,split2026,1,StructRSMA: Contact500 pretraining plus SCA
288,5.243896484375,4.953463554382324,5.243896484375,4.673401355743408,5.243896484375,0.2904329299926758,0.5704951286315918,-0.280062198638916,0.5181818181818182,1.0,0.5181818181818182,double_cold,split2026,1,StructRSMA: Contact500 pretraining plus SCA
1858,5.443697452545166,6.66494083404541,5.443697452545166,5.239569187164307,5.443697452545166,1.2212433815002441,0.20412826538085938,1.0171151161193848,0.5357142857142857,0.1739130434782608,0.1739130434782608,double_cold,split2026,1,StructRSMA: Contact500 pretraining plus SCA
1825,7.07572078704834,7.357738018035889,7.07572078704834,6.25401496887207,7.07572078704834,0.28201723098754883,0.8217058181762695,-0.5396885871887207,0.525,0.3402777777777778,0.3402777777777778,double_cold,split2026,1,StructRSMA: Contact500 pretraining plus SCA
1423,6.79587984085083,4.602181434631348,6.79587984085083,5.883031368255615,6.79587984085083,2.1936984062194824,0.9128484725952148,1.2808499336242676,0.5333333333333333,0.2178217821782178,0.2178217821782178,double_cold,split2026,1,StructRSMA: Contact500 pretraining plus SCA
718,2.0092172622680664,5.8176751136779785,2.0092172622680664,4.4732513427734375,2.0092172622680664,3.808457851409912,2.464034080505371,1.344423770904541,1.0,0.6666666666666666,0.6666666666666666,double_cold,split2026,1,StructRSMA: Contact500 pretraining plus SCA
2382,4.397940158843994,5.117968559265137,4.397940158843994,5.553213596343994,4.397940158843994,0.7200284004211426,1.1552734375,-0.4352450370788574,0.5833333333333333,0.1858407079646017,0.1858407079646017,double_cold,split2026,1,StructRSMA: Contact500 pretraining plus SCA
784,4.698969841003418,6.1428542137146,4.698969841003418,4.960865497589111,4.698969841003418,1.4438843727111816,0.26189565658569336,1.1819887161254883,0.5555555555555556,0.2886597938144329,0.2886597938144329,double_cold,split2026,1,StructRSMA: Contact500 pretraining plus SCA
225,8.397939682006836,4.602068901062012,8.397939682006836,4.507782459259033,8.397939682006836,3.795870780944824,3.8901572227478027,-0.09428644180297852,1.0,0.1621621621621621,0.1621621621621621,double_cold,split2026,1,StructRSMA: Contact500 pretraining plus SCA
272,3.259637355804444,5.920797348022461,3.259637355804444,4.5631422996521,3.259637355804444,2.661159992218017,1.3035049438476558,1.3576550483703613,1.0,0.4561403508771929,0.4561403508771929,double_cold,split2026,1,StructRSMA: Contact500 pretraining plus SCA
1111,5.221848964691162,5.594834327697754,5.221848964691162,6.27431058883667,5.221848964691162,0.3729853630065918,1.0524616241455078,-0.679476261138916,0.6111111111111112,0.1948051948051948,0.1948051948051948,double_cold,split2026,1,StructRSMA: Contact500 pretraining plus SCA
401,5.096909999847412,6.061473846435547,5.096909999847412,5.744612693786621,5.096909999847412,0.9645638465881348,0.647702693939209,0.3168611526489258,0.1366931308249913,0.1827956989247312,0.1366931308249913,double_cold,split2026,1,StructRSMA: Contact500 pretraining plus SCA
1109,7.065501689910889,4.332016468048096,7.065501689910889,5.820487022399902,7.065501689910889,2.733485221862793,1.2450146675109863,1.4884705543518066,0.5833333333333333,0.2307692307692307,0.2307692307692307,double_cold,split2026,1,StructRSMA: Contact500 pretraining plus SCA
754,5.15490198135376,5.445870399475098,5.15490198135376,5.897005081176758,5.15490198135376,0.2909684181213379,0.742103099822998,-0.45113468170166016,0.6111111111111112,0.1909090909090909,0.1909090909090909,double_cold,split2026,1,StructRSMA: Contact500 pretraining plus SCA
998,5.346787452697754,6.289597511291504,5.346787452697754,5.343061447143555,5.346787452697754,0.94281005859375,0.0037260055541992188,0.9390840530395508,0.5084745762711864,0.1506849315068493,0.1506849315068493,double_cold,split2026,1,StructRSMA: Contact500 pretraining plus SCA
262,2.522878646850586,5.863828182220459,2.522878646850586,4.484808921813965,2.522878646850586,3.340949535369873,1.961930274963379,1.3790192604064941,1.0,0.5686274509803921,0.5686274509803921,double_cold,split2026,1,StructRSMA: Contact500 pretraining plus SCA
239,5.0,5.939265727996826,5.0,4.535843849182129,5.0,0.9392657279968262,0.4641561508178711,0.4751095771789551,1.0,0.1555555555555555,0.1555555555555555,double_cold,split2026,1,StructRSMA: Contact500 pretraining plus SCA
1005,4.045757293701172,5.846742153167725,4.045757293701172,5.01012134552002,4.045757293701172,1.8009848594665527,0.9643640518188485,0.8366208076477042,0.5084745762711864,0.4098360655737705,0.4098360655737705,double_cold,split2026,1,StructRSMA: Contact500 pretraining plus SCA
1263,4.673664093017578,5.079322814941406,4.673664093017578,5.669083118438721,4.673664093017578,0.4056587219238281,0.9954190254211426,-0.5897603034973145,0.6071428571428572,0.2653061224489796,0.2653061224489796,double_cold,split2026,1,StructRSMA: Contact500 pretraining plus SCA
1021,5.387216091156006,6.847484111785889,5.387216091156006,5.2997212409973145,5.387216091156006,1.4602680206298828,0.0874948501586914,1.3727731704711914,0.5833333333333333,0.1506849315068493,0.1506849315068493,double_cold,split2026,1,StructRSMA: Contact500 pretraining plus SCA
961,5.823908805847168,5.792423725128174,5.823908805847168,4.757806777954102,5.823908805847168,0.03148508071899414,1.0661020278930664,-1.0346169471740723,0.5084745762711864,0.1290322580645161,0.1290322580645161,double_cold,split2026,1,StructRSMA: Contact500 pretraining plus SCA
1795,6.0087738037109375,4.933617115020752,6.0087738037109375,6.081655025482178,6.0087738037109375,1.0751566886901855,0.07288122177124023,1.0022754669189453,0.5333333333333333,0.2032520325203252,0.2032520325203252,double_cold,split2026,1,StructRSMA: Contact500 pretraining plus SCA
2170,4.92081880569458,5.63042688369751,4.92081880569458,4.759515762329102,4.92081880569458,0.7096080780029297,0.16130304336547852,0.5483050346374512,0.5555555555555556,1.0,0.5555555555555556,double_cold,split2026,1,StructRSMA: Contact500 pretraining plus SCA
2064,5.295849323272705,4.163366317749023,5.295849323272705,5.3416290283203125,5.295849323272705,1.1324830055236816,0.04577970504760742,1.0867033004760742,0.7142857142857143,0.2615384615384615,0.2615384615384615,double_cold,split2026,1,StructRSMA: Contact500 pretraining plus SCA
1884,6.958607196807861,4.467961311340332,6.958607196807861,5.656251907348633,6.958607196807861,2.4906458854675293,1.3023552894592285,1.1882905960083008,0.4435897435897435,0.2207792207792207,0.2207792207792207,double_cold,split2026,1,StructRSMA: Contact500 pretraining plus SCA
257,2.522878646850586,5.892422199249268,2.522878646850586,4.507388591766357,2.522878646850586,3.3695435523986816,1.9845099449157715,1.3850336074829102,1.0,0.64,0.64,double_cold,split2026,1,StructRSMA: Contact500 pretraining plus SCA
1896,6.221848964691162,5.223935127258301,6.221848964691162,4.522860527038574,6.221848964691162,0.9979138374328613,1.698988437652588,-0.7010746002197266,0.8266666666666667,0.3,0.3,double_cold,split2026,1,StructRSMA: Contact500 pretraining plus SCA
258,3.259637355804444,5.8176751136779785,3.259637355804444,4.4732513427734375,3.259637355804444,2.5580377578735347,1.2136139869689937,1.344423770904541,1.0,0.6666666666666666,0.6666666666666666,double_cold,split2026,1,StructRSMA: Contact500 pretraining plus SCA
2405,5.107905387878418,6.057125568389893,5.107905387878418,4.207297325134277,5.107905387878418,0.9492201805114746,0.9006080627441406,0.048612117767333984,0.5833333333333333,0.1311475409836065,0.1311475409836065,double_cold,split2026,1,StructRSMA: Contact500 pretraining plus SCA
270,2.522878646850586,5.2246809005737305,2.522878646850586,4.813385963439941,2.522878646850586,2.7018022537231445,2.2905073165893555,0.41129493713378906,1.0,0.6545454545454545,0.6545454545454545,double_cold,split2027,1,Contact500 pretraining without SCA
216,3.301029920578003,5.457602500915527,3.301029920578003,6.075623035430908,3.301029920578003,2.1565725803375244,2.7745931148529053,-0.6180205345153809,0.6428571428571428,0.3243243243243243,0.3243243243243243,double_cold,split2027,1,Contact500 pretraining without SCA
2355,3.2564902305603027,4.700462818145752,3.2564902305603027,4.51732349395752,3.2564902305603027,1.4439725875854492,1.2608332633972177,0.18313932418823153,0.9310344827586208,0.3114754098360656,0.3114754098360656,double_cold,split2027,1,Contact500 pretraining without SCA
118,4.221848964691162,5.318531036376953,4.221848964691162,5.838255882263184,4.221848964691162,1.096682071685791,1.6164069175720215,-0.5197248458862305,0.9310344827586208,0.3103448275862069,0.3103448275862069,double_cold,split2027,1,Contact500 pretraining without SCA
1172,7.0,5.730155944824219,7.0,5.332746982574463,7.0,1.2698440551757812,1.667253017425537,-0.39740896224975586,0.5185185185185186,0.1720430107526881,0.1720430107526881,double_cold,split2027,1,Contact500 pretraining without SCA
265,2.301029920578003,5.1766886711120605,2.301029920578003,5.365052700042725,2.301029920578003,2.8756587505340576,3.0640227794647217,-0.18836402893066406,1.0,0.6904761904761905,0.6904761904761905,double_cold,split2027,1,Contact500 pretraining without SCA
2051,6.659555912017822,5.501165390014648,6.659555912017822,5.215094089508057,6.659555912017822,1.1583905220031738,1.4444618225097656,-0.2860713005065918,1.0,0.3529411764705882,0.3529411764705882,double_cold,split2027,1,Contact500 pretraining without SCA
376,5.568636417388916,5.314035415649414,5.568636417388916,5.935067653656006,5.568636417388916,0.25460100173950195,0.36643123626708984,-0.11183023452758789,0.9310344827586208,0.5058823529411764,0.5058823529411764,double_cold,split2027,1,Contact500 pretraining without SCA
125,2.0,5.009065628051758,2.0,5.155752658843994,2.0,3.009065628051758,3.155752658843994,-0.14668703079223633,0.9310344827586208,0.1698113207547169,0.1698113207547169,double_cold,split2027,1,Contact500 pretraining without SCA
1794,4.698969841003418,5.586170196533203,4.698969841003418,5.030997276306152,4.698969841003418,0.8872003555297852,0.3320274353027344,0.5551729202270508,0.5333333333333333,0.2244897959183673,0.2244897959183673,double_cold,split2027,1,Contact500 pretraining without SCA
104,6.903090000152588,5.314689159393311,6.903090000152588,5.030850887298584,6.903090000152588,1.5884008407592765,1.872239112854004,-0.28383827209472745,0.9310344827586208,1.0,0.9310344827586208,double_cold,split2027,1,Contact500 pretraining without SCA
1271,6.179141998291016,5.670144081115723,6.179141998291016,5.226342678070068,6.179141998291016,0.508997917175293,0.9527993202209473,-0.4438014030456543,0.5333333333333333,0.2178217821782178,0.2178217821782178,double_cold,split2027,1,Contact500 pretraining without SCA
153,3.686132669448853,5.428903579711914,3.686132669448853,4.97355842590332,3.686132669448853,1.742770910263061,1.2874257564544673,0.45534515380859375,0.9310344827586208,0.265625,0.265625,double_cold,split2027,1,Contact500 pretraining without SCA
259,2.301029920578003,5.270150661468506,2.301029920578003,4.936915874481201,2.301029920578003,2.969120740890503,2.6358859539031982,0.3332347869873047,1.0,0.5102040816326531,0.5102040816326531,double_cold,split2027,1,Contact500 pretraining without SCA
2485,5.200659275054932,4.977739810943604,5.200659275054932,4.926912784576416,5.200659275054932,0.22291946411132724,0.2737464904785156,-0.05082702636718839,0.6785714285714286,0.8809523809523809,0.6785714285714286,double_cold,split2027,1,Contact500 pretraining without SCA
1783,4.886056423187256,5.02441930770874,4.886056423187256,4.58840799331665,4.886056423187256,0.13836288452148438,0.29764842987060547,-0.1592855453491211,1.0,0.2072072072072072,0.2072072072072072,double_cold,split2027,1,Contact500 pretraining without SCA
2096,5.649752140045166,4.96217679977417,5.649752140045166,5.5933918952941895,5.649752140045166,0.6875753402709961,0.05636024475097656,0.6312150955200195,0.5789473684210527,0.2615384615384615,0.2615384615384615,double_cold,split2027,1,Contact500 pretraining without SCA
247,3.568636178970337,5.3160176277160645,3.568636178970337,4.908945083618164,3.568636178970337,1.7473814487457275,1.3403089046478271,0.4070725440979004,1.0,0.4032258064516129,0.4032258064516129,double_cold,split2027,1,Contact500 pretraining without SCA
2428,7.0,5.218262195587158,7.0,5.355785369873047,7.0,1.7817378044128418,1.6442146301269531,0.13752317428588867,0.5,1.0,0.5,double_cold,split2027,1,Contact500 pretraining without SCA
251,6.0,5.087177276611328,6.0,4.682395458221436,6.0,0.9128227233886719,1.3176045417785636,-0.4047818183898917,1.0,0.2962962962962963,0.2962962962962963,double_cold,split2027,1,Contact500 pretraining without SCA
1424,6.721246242523193,5.670144081115723,6.721246242523193,5.226342678070068,6.721246242523193,1.0511021614074707,1.494903564453125,-0.4438014030456543,0.5333333333333333,0.2178217821782178,0.2178217821782178,double_cold,split2027,1,Contact500 pretraining without SCA
2424,6.886056423187256,5.36060094833374,6.886056423187256,6.369332313537598,6.886056423187256,1.5254554748535156,0.5167241096496582,1.0087313652038574,0.5,1.0,0.5,double_cold,split2027,1,Contact500 pretraining without SCA
641,5.638272285461426,4.977847099304199,5.638272285461426,5.146247386932373,5.638272285461426,0.6604251861572266,0.49202489852905273,0.16840028762817383,0.9310344827586208,0.3625,0.3625,double_cold,split2027,1,Contact500 pretraining without SCA
367,1.787812352180481,5.350933074951172,1.787812352180481,5.867175102233887,1.787812352180481,3.563120722770691,4.079362750053406,-0.5162420272827148,0.9310344827586208,0.547945205479452,0.547945205479452,double_cold,split2027,1,Contact500 pretraining without SCA
1006,5.494850158691406,5.4821553230285645,5.494850158691406,4.942348957061768,5.494850158691406,0.012694835662841797,0.5525012016296387,-0.5398063659667969,0.5,0.2075471698113207,0.2075471698113207,double_cold,split2027,1,Contact500 pretraining without SCA
1253,5.619788646697998,5.3673014640808105,5.619788646697998,4.705882549285889,5.619788646697998,0.2524871826171875,0.9139060974121094,-0.6614189147949219,1.0,0.2083333333333333,0.2083333333333333,double_cold,split2027,1,Contact500 pretraining without SCA
1963,5.79587984085083,5.603541851043701,5.79587984085083,6.870206832885742,5.79587984085083,0.1923379898071289,1.074326992034912,-0.8819890022277832,0.6071428571428572,0.238095238095238,0.238095238095238,double_cold,split2027,1,Contact500 pretraining without SCA
143,3.844663858413696,5.695374965667725,3.844663858413696,5.077048301696777,3.844663858413696,1.8507111072540288,1.2323844432830815,0.6183266639709473,0.9310344827586208,0.2241379310344827,0.2241379310344827,double_cold,split2027,1,Contact500 pretraining without SCA
121,3.221848726272583,5.104425430297852,3.221848726272583,5.445779323577881,3.221848726272583,1.8825767040252686,2.223930597305298,-0.3413538932800293,0.9310344827586208,0.1964285714285714,0.1964285714285714,double_cold,split2027,1,Contact500 pretraining without SCA
1805,5.79587984085083,5.268041133880615,5.79587984085083,5.276238441467285,5.79587984085083,0.5278387069702148,0.5196413993835449,0.008197307586669922,0.9310344827586208,0.2542372881355932,0.2542372881355932,double_cold,split2027,1,Contact500 pretraining without SCA
228,4.455932140350342,5.326731204986572,4.455932140350342,5.779566287994385,4.455932140350342,0.8707990646362305,1.323634147644043,-0.4528350830078125,0.9310344827586208,0.3823529411764705,0.3823529411764705,double_cold,split2027,1,Contact500 pretraining without SCA
1557,6.425968647003174,5.205456256866455,6.425968647003174,5.708683490753174,6.425968647003174,1.2205123901367188,0.71728515625,0.5032272338867188,0.4788732394366197,0.1964285714285714,0.1964285714285714,double_cold,split2027,1,Contact500 pretraining without SCA
149,3.467245578765869,5.477184295654297,3.467245578765869,5.032747268676758,3.467245578765869,2.0099387168884277,1.5655016899108887,0.44443702697753906,0.9310344827586208,0.2033898305084746,0.2033898305084746,double_cold,split2027,1,Contact500 pretraining without SCA
2433,7.15490198135376,5.343403339385986,7.15490198135376,6.317073822021484,7.15490198135376,1.8114986419677734,0.8378281593322754,0.973670482635498,0.5,1.0,0.5,double_cold,split2027,1,Contact500 pretraining without SCA
1729,4.744727611541748,5.586376667022705,4.744727611541748,5.031161308288574,4.744727611541748,0.841649055480957,0.28643369674682617,0.5552153587341309,0.5333333333333333,0.2244897959183673,0.2244897959183673,double_cold,split2027,1,Contact500 pretraining without SCA
2427,6.92081880569458,5.279876232147217,6.92081880569458,5.32111120223999,6.92081880569458,1.6409425735473633,1.5997076034545898,0.04123497009277344,0.5,1.0,0.5,double_cold,split2027,1,Contact500 pretraining without SCA
242,5.698969841003418,5.129964828491211,5.698969841003418,4.95125675201416,5.698969841003418,0.569005012512207,0.7477130889892578,-0.17870807647705078,1.0,0.6415094339622641,0.6415094339622641,double_cold,split2027,1,Contact500 pretraining without SCA
381,7.096909999847412,5.289695262908936,7.096909999847412,5.051262378692627,7.096909999847412,1.8072147369384757,2.045647621154785,-0.23843288421630948,0.9310344827586208,0.8809523809523809,0.8809523809523809,double_cold,split2027,1,Contact500 pretraining without SCA
263,3.259637355804444,5.316163539886475,3.259637355804444,4.808087348937988,3.259637355804444,2.056526184082031,1.5484499931335445,0.5080761909484863,1.0,0.6274509803921569,0.6274509803921569,double_cold,split2027,1,Contact500 pretraining without SCA
129,4.221848964691162,5.283975124359131,4.221848964691162,5.733951091766357,4.221848964691162,1.0621261596679688,1.5121021270751953,-0.44997596740722656,0.9310344827586208,0.3,0.3,double_cold,split2027,1,Contact500 pretraining without SCA
897,4.129011154174805,5.215980529785156,4.129011154174805,4.956568241119385,4.129011154174805,1.0869693756103516,0.8275570869445801,0.2594122886657715,1.0,1.0,1.0,double_cold,split2027,1,Contact500 pretraining without SCA
256,3.568636178970337,5.278111457824707,3.568636178970337,5.079527854919434,3.568636178970337,1.7094752788543701,1.5108916759490967,0.19858360290527344,1.0,1.0,1.0,double_cold,split2027,1,Contact500 pretraining without SCA
1802,6.356547355651856,5.345819473266602,6.356547355651856,5.328721523284912,6.356547355651856,1.0107278823852548,1.0278258323669442,-0.017097949981689453,0.9310344827586208,0.2456140350877192,0.2456140350877192,double_cold,split2027,1,Contact500 pretraining without SCA
663,3.0,5.3514838218688965,3.0,4.868366718292236,3.0,2.3514838218688965,1.8683667182922363,0.48311710357666016,0.9310344827586208,0.1643835616438356,0.1643835616438356,double_cold,split2027,1,Contact500 pretraining without SCA
240,6.0,5.50206184387207,6.0,4.904500484466553,6.0,0.4979381561279297,1.0954995155334473,-0.5975613594055176,1.0,0.3333333333333333,0.3333333333333333,double_cold,split2027,1,Contact500 pretraining without SCA
210,6.494850158691406,5.5094428062438965,6.494850158691406,5.856271266937256,6.494850158691406,0.9854073524475098,0.6385788917541504,0.3468284606933594,0.6428571428571428,1.0,0.6428571428571428,double_cold,split2027,1,Contact500 pretraining without SCA
653,8.698969841003418,5.477803707122803,8.698969841003418,5.046182155609131,8.698969841003418,3.2211661338806152,3.652787685394287,-0.4316215515136719,0.9310344827586208,0.1836734693877551,0.1836734693877551,double_cold,split2027,1,Contact500 pretraining without SCA
362,2.853872060775757,5.399580955505371,2.853872060775757,5.960423469543457,2.853872060775757,2.5457088947296143,3.1065514087677,-0.5608425140380859,0.9310344827586208,0.5783132530120482,0.5783132530120482,double_cold,split2027,1,Contact500 pretraining without SCA
1556,6.522878646850586,5.328165054321289,6.522878646850586,5.589268207550049,6.522878646850586,1.1947135925292969,0.9336104393005371,0.26110315322875977,0.4788732394366197,0.2,0.2,double_cold,split2027,1,Contact500 pretraining without SCA
1807,5.638272285461426,5.181715965270996,5.638272285461426,5.202092170715332,5.638272285461426,0.4565563201904297,0.43618011474609375,0.020376205444335938,0.9310344827586208,0.2857142857142857,0.2857142857142857,double_cold,split2027,1,Contact500 pretraining without SCA
1025,3.218963146209717,6.144872188568115,3.218963146209717,5.491952419281006,3.218963146209717,2.9259090423583984,2.272989273071289,0.6529197692871094,0.5833333333333333,0.4098360655737705,0.4098360655737705,double_cold,split2027,1,Contact500 pretraining without SCA
150,4.275723934173584,5.502460956573486,4.275723934173584,6.022583961486816,4.275723934173584,1.2267370223999023,1.7468600273132324,-0.5201230049133301,0.9310344827586208,0.144927536231884,0.144927536231884,double_cold,split2027,1,Contact500 pretraining without SCA
363,2.6382720470428467,5.367981910705566,2.6382720470428467,5.940584182739258,2.6382720470428467,2.7297098636627197,3.302312135696411,-0.5726022720336914,0.9310344827586208,0.5555555555555556,0.5555555555555556,double_cold,split2027,1,Contact500 pretraining without SCA
103,5.7695512771606445,5.253270149230957,5.7695512771606445,5.0733513832092285,5.7695512771606445,0.5162811279296875,0.696199893951416,-0.17991876602172852,0.9310344827586208,1.0,0.9310344827586208,double_cold,split2027,1,Contact500 pretraining without SCA
2436,6.522878646850586,5.262683868408203,6.522878646850586,5.276081562042236,6.522878646850586,1.2601947784423828,1.2467970848083496,0.013397693634033203,0.5,1.0,0.5,double_cold,split2027,1,Contact500 pretraining without SCA
624,4.585026741027832,4.570362091064453,4.585026741027832,4.973464488983154,4.585026741027832,0.014664649963378906,0.38843774795532227,-0.37377309799194336,0.9310344827586208,0.5918367346938775,0.5918367346938775,double_cold,split2027,1,Contact500 pretraining without SCA
334,6.522878646850586,5.363644123077393,6.522878646850586,6.009584903717041,6.522878646850586,1.1592345237731934,0.5132937431335449,0.6459407806396484,0.9310344827586208,0.7195121951219512,0.7195121951219512,double_cold,split2027,1,Contact500 pretraining without SCA
248,3.568636178970337,5.421643257141113,3.568636178970337,5.084062576293945,3.568636178970337,1.8530070781707764,1.5154263973236084,0.33758068084716797,1.0,0.4098360655737705,0.4098360655737705,double_cold,split2027,1,Contact500 pretraining without SCA
261,2.522878646850586,5.19643497467041,2.522878646850586,5.020246982574463,2.522878646850586,2.673556327819824,2.497368335723877,0.17618799209594727,1.0,0.7021276595744681,0.7021276595744681,double_cold,split2027,1,Contact500 pretraining without SCA
2418,6.537601947784424,5.339265823364258,6.537601947784424,5.1591410636901855,6.537601947784424,1.198336124420166,1.3784608840942383,-0.18012475967407227,0.5227272727272727,1.0,0.5227272727272727,double_cold,split2027,1,Contact500 pretraining without SCA
128,4.455932140350342,5.326730728149414,4.455932140350342,5.779566287994385,4.455932140350342,0.8707985877990723,1.323634147644043,-0.4528355598449707,0.9310344827586208,0.3823529411764705,0.3823529411764705,double_cold,split2027,1,Contact500 pretraining without SCA
146,3.548213481903076,5.396823883056641,3.548213481903076,5.384339332580566,3.548213481903076,1.8486104011535645,1.8361258506774902,0.012484550476074219,0.9310344827586208,0.2307692307692307,0.2307692307692307,double_cold,split2027,1,Contact500 pretraining without SCA
800,5.3665313720703125,4.995406150817871,5.3665313720703125,4.951505184173584,5.3665313720703125,0.3711252212524414,0.4150261878967285,-0.04390096664428711,1.0,1.0,1.0,double_cold,split2027,1,Contact500 pretraining without SCA
692,4.221848964691162,5.517718315124512,4.221848964691162,5.054624080657959,4.221848964691162,1.2958693504333496,0.8327751159667969,0.46309423446655273,0.9310344827586208,0.2,0.2,double_cold,split2027,1,Contact500 pretraining without SCA
345,6.0,5.449469566345215,6.0,6.003088474273682,6.0,0.5505304336547852,0.0030884742736816406,0.5474419593811035,0.9310344827586208,0.6506024096385542,0.6506024096385542,double_cold,split2027,1,Contact500 pretraining without SCA
217,6.031517028808594,5.614702224731445,6.031517028808594,5.811443328857422,6.031517028808594,0.41681480407714844,0.22007369995117188,0.19674110412597656,0.6428571428571428,0.5897435897435898,0.5897435897435898,double_cold,split2027,1,Contact500 pretraining without SCA
1160,9.0,5.611454486846924,9.0,5.249264717102051,9.0,3.388545513153076,3.750735282897949,-0.36218976974487305,0.9553571428571428,0.4096385542168674,0.4096385542168674,double_cold,split2027,1,Contact500 pretraining without SCA
1067,6.732828140258789,6.112777233123779,6.732828140258789,6.675963401794434,6.732828140258789,0.6200509071350098,0.05686473846435547,0.5631861686706543,0.4788732394366197,0.19,0.19,double_cold,split2027,1,Contact500 pretraining without SCA
1808,4.92081880569458,5.034090518951416,4.92081880569458,5.255438804626465,4.92081880569458,0.11327171325683594,0.33461999893188477,-0.22134828567504883,0.9310344827586208,0.2,0.2,double_cold,split2027,1,Contact500 pretraining without SCA
2353,2.9669785499572754,4.657060623168945,2.9669785499572754,4.419171333312988,2.9669785499572754,1.69008207321167,1.452192783355713,0.23788928985595703,0.9310344827586208,0.293103448275862,0.293103448275862,double_cold,split2027,1,Contact500 pretraining without SCA
2054,6.821022987365723,5.092861652374268,6.821022987365723,5.261559963226318,6.821022987365723,1.728161334991455,1.5594630241394043,0.16869831085205078,1.0,0.6363636363636364,0.6363636363636364,double_cold,split2027,1,Contact500 pretraining without SCA
238,5.0,5.651264667510986,5.0,4.869942665100098,5.0,0.6512646675109863,0.13005733489990234,0.521207332611084,1.0,0.3013698630136986,0.3013698630136986,double_cold,split2027,1,Contact500 pretraining without SCA
365,2.207608222961426,5.385613441467285,2.207608222961426,6.012302875518799,2.207608222961426,3.1780052185058594,3.804694652557373,-0.6266894340515137,0.9310344827586208,0.5647058823529412,0.5647058823529412,double_cold,split2027,1,Contact500 pretraining without SCA
113,4.045757293701172,5.2462358474731445,4.045757293701172,5.760496139526367,4.045757293701172,1.2004785537719727,1.7147388458251953,-0.5142602920532227,0.9310344827586208,0.3243243243243243,0.3243243243243243,double_cold,split2027,1,Contact500 pretraining without SCA
2442,6.92081880569458,5.289248466491699,6.92081880569458,6.335517883300781,6.92081880569458,1.6315703392028809,0.5853009223937988,1.046269416809082,0.5,1.0,0.5,double_cold,split2027,1,Contact500 pretraining without SCA
1191,5.468521118164063,5.712825775146484,5.468521118164063,6.621296405792236,5.468521118164063,0.244304656982421,1.152775287628173,-0.908470630645752,0.5128205128205128,0.2178217821782178,0.2178217821782178,double_cold,split2027,1,Contact500 pretraining without SCA
266,3.259637355804444,5.190753936767578,3.259637355804444,4.883713722229004,3.259637355804444,1.9311165809631343,1.62407636642456,0.3070402145385742,1.0,0.6666666666666666,0.6666666666666666,double_cold,split2027,1,Contact500 pretraining without SCA
117,5.045757293701172,5.6518754959106445,5.045757293701172,5.003292560577393,5.045757293701172,0.6061182022094727,0.0424647331237793,0.5636534690856934,0.9310344827586208,0.2098765432098765,0.2098765432098765,double_cold,split2027,1,Contact500 pretraining without SCA
333,7.0,5.375125885009766,7.0,5.9410600662231445,7.0,1.6248741149902344,1.0589399337768555,0.5659341812133789,0.9310344827586208,0.5340909090909091,0.5340909090909091,double_cold,split2027,1,Contact500 pretraining without SCA
1781,4.522878646850586,4.976076602935791,4.522878646850586,4.587068557739258,4.522878646850586,0.4531979560852051,0.06418991088867188,0.3890080451965332,1.0,0.2149532710280373,0.2149532710280373,double_cold,split2027,1,Contact500 pretraining without SCA
1567,5.397940158843994,6.294020175933838,5.397940158843994,6.342207908630371,5.397940158843994,0.8960800170898438,0.944267749786377,-0.0481877326965332,0.5306122448979591,0.1782178217821782,0.1782178217821782,double_cold,split2027,1,Contact500 pretraining without SCA
1608,4.5100417137146,5.65587329864502,4.5100417137146,5.278761863708496,4.5100417137146,1.1458315849304208,0.7687201499938965,0.3771114349365243,0.5217391304347826,0.2972972972972973,0.2972972972972973,double_cold,split2027,1,Contact500 pretraining without SCA
1601,5.096909999847412,5.761070728302002,5.096909999847412,5.238943099975586,5.096909999847412,0.6641607284545898,0.14203310012817383,0.522127628326416,0.5217391304347826,1.0,0.5217391304347826,double_cold,split2027,1,Contact500 pretraining without SCA
1958,7.036211967468262,5.367543697357178,7.036211967468262,6.51075553894043,7.036211967468262,1.668668270111084,0.525456428527832,1.143211841583252,0.5757575757575757,0.238095238095238,0.238095238095238,double_cold,split2027,1,Contact500 pretraining without SCA
122,5.522878646850586,5.104946613311768,5.522878646850586,5.462652683258057,5.522878646850586,0.41793203353881836,0.0602259635925293,0.35770606994628906,0.9310344827586208,0.2,0.2,double_cold,split2027,1,Contact500 pretraining without SCA
1605,4.444905757904053,5.617136955261231,4.444905757904053,5.273941993713379,4.444905757904053,1.1722311973571786,0.8290362358093262,0.34319496154785245,0.5217391304347826,0.28,0.28,double_cold,split2027,1,Contact500 pretraining without SCA
1175,5.585026741027832,5.54133415222168,5.585026741027832,5.4580488204956055,5.585026741027832,0.043692588806152344,0.12697792053222656,-0.08328533172607422,0.5806451612903225,0.2361111111111111,0.2361111111111111,double_cold,split2027,1,Contact500 pretraining without SCA
711,4.924453258514404,5.288330078125,4.924453258514404,5.013758659362793,4.924453258514404,0.3638768196105957,0.08930540084838867,0.27457141876220703,1.0,0.4310344827586206,0.4310344827586206,double_cold,split2027,1,Contact500 pretraining without SCA
1245,7.721246242523193,5.446650505065918,7.721246242523193,6.00862455368042,7.721246242523193,2.2745957374572754,1.7126216888427734,0.561974048614502,1.0,0.1720430107526881,0.1720430107526881,double_cold,split2027,1,Contact500 pretraining without SCA
679,3.27164626121521,5.265597343444824,3.27164626121521,5.675370216369629,3.27164626121521,1.9939510822296143,2.403723955154419,-0.4097728729248047,0.9310344827586208,0.1967213114754098,0.1967213114754098,double_cold,split2027,1,Contact500 pretraining without SCA
2252,4.28399658203125,5.53249454498291,4.28399658203125,5.860620975494385,4.28399658203125,1.2484979629516602,1.5766243934631348,-0.3281264305114746,0.5454545454545454,0.7551020408163265,0.5454545454545454,double_cold,split2027,1,Contact500 pretraining without SCA
717,2.406713962554932,4.592307567596436,2.406713962554932,4.371788024902344,2.406713962554932,2.1855936050415044,1.9650740623474117,0.22051954269409269,1.0,0.1733333333333333,0.1733333333333333,double_cold,split2027,1,Contact500 pretraining without SCA
680,3.0390539169311523,5.207441806793213,3.0390539169311523,5.508592128753662,3.0390539169311523,2.1683878898620605,2.4695382118225098,-0.3011503219604492,0.9310344827586208,0.3043478260869565,0.3043478260869565,double_cold,split2027,1,Contact500 pretraining without SCA
636,3.4225082397460938,4.489505290985107,3.4225082397460938,4.405992031097412,3.4225082397460938,1.0669970512390137,0.9834837913513184,0.08351325988769531,0.9310344827586208,0.3269230769230769,0.3269230769230769,double_cold,split2027,1,Contact500 pretraining without SCA
2435,7.0,5.237673759460449,7.0,5.29707670211792,7.0,1.7623262405395508,1.70292329788208,0.0594029426574707,0.5,0.8809523809523809,0.5,double_cold,split2027,1,Contact500 pretraining without SCA
1011,5.292429924011231,6.146099090576172,5.292429924011231,6.080667495727539,5.292429924011231,0.8536691665649405,0.7882375717163077,0.06543159484863281,0.5,0.1506849315068493,0.1506849315068493,double_cold,split2027,1,Contact500 pretraining without SCA
2060,5.539102077484131,5.478838443756104,5.539102077484131,5.352997303009033,5.539102077484131,0.060263633728026456,0.18610477447509766,-0.1258411407470712,1.0,0.4430379746835443,0.4430379746835443,double_cold,split2027,1,Contact500 pretraining without SCA
2251,5.091515064239502,5.4048848152160645,5.091515064239502,5.476096153259277,5.091515064239502,0.3133697509765625,0.3845810890197754,-0.07121133804321289,0.5454545454545454,0.8809523809523809,0.5454545454545454,double_cold,split2027,1,Contact500 pretraining without SCA
1785,4.853871822357178,5.076849460601807,4.853871822357178,4.6175642013549805,4.853871822357178,0.2229776382446289,0.23630762100219727,-0.01332998275756836,1.0,0.2149532710280373,0.2149532710280373,double_cold,split2027,1,Contact500 pretraining without SCA
714,3.798602819442749,5.278111457824707,3.798602819442749,5.079527378082275,3.798602819442749,1.479508638381958,1.2809245586395264,0.19858407974243164,1.0,1.0,1.0,double_cold,split2027,1,Contact500 pretraining without SCA
277,2.522878646850586,5.288330078125,2.522878646850586,5.013759136199951,2.522878646850586,2.765451431274414,2.4908804893493652,0.27457094192504883,1.0,0.4310344827586206,0.4310344827586206,double_cold,split2027,1,Contact500 pretraining without SCA
360,5.318758964538574,5.512252330780029,5.318758964538574,6.023896217346191,5.318758964538574,0.19349336624145508,0.7051372528076172,-0.5116438865661621,0.9310344827586208,0.5454545454545454,0.5454545454545454,double_cold,split2027,1,Contact500 pretraining without SCA
742,6.79587984085083,5.553660392761231,6.79587984085083,5.216113567352295,6.79587984085083,1.2422194480895987,1.5797662734985352,-0.33754682540893644,0.62,0.0,0.0,double_cold,split2027,1,Contact500 pretraining without SCA
699,3.913640260696411,5.608729839324951,3.913640260696411,5.672302722930908,3.913640260696411,1.69508957862854,1.758662462234497,-0.06357288360595703,0.9310344827586208,0.0,0.0,double_cold,split2027,1,Contact500 pretraining without SCA
1409,4.472370147705078,6.090946674346924,4.472370147705078,5.834839820861816,4.472370147705078,1.6185765266418457,1.3624696731567383,0.2561068534851074,0.4927536231884057,0.3627450980392157,0.3627450980392157,double_cold,split2027,1,Contact500 pretraining without SCA
2444,6.886056423187256,5.183484554290772,6.886056423187256,5.316536903381348,6.886056423187256,1.7025718688964835,1.5695195198059082,0.13305234909057528,0.5,0.8809523809523809,0.5,double_cold,split2027,1,Contact500 pretraining without SCA
1008,5.08092212677002,5.995659828186035,5.08092212677002,5.216424942016602,5.08092212677002,0.9147377014160147,0.13550281524658114,0.7792348861694336,0.5,0.1585365853658536,0.1585365853658536,double_cold,split2027,1,Contact500 pretraining without SCA
219,5.070580959320068,5.45310115814209,5.070580959320068,5.916857719421387,5.070580959320068,0.3825201988220215,0.8462767601013184,-0.4637565612792969,0.6428571428571428,0.5142857142857142,0.5142857142857142,double_cold,split2027,1,Contact500 pretraining without SCA
1824,6.721246242523193,6.662642955780029,6.721246242523193,6.161515712738037,6.721246242523193,0.05860328674316406,0.5597305297851562,-0.5011272430419922,0.5333333333333333,0.384,0.384,double_cold,split2027,1,Contact500 pretraining without SCA
2352,3.311580181121826,4.479835033416748,3.311580181121826,4.581122398376465,3.311580181121826,1.1682548522949219,1.2695422172546387,-0.1012873649597168,0.9310344827586208,0.3137254901960784,0.3137254901960784,double_cold,split2027,1,Contact500 pretraining without SCA
2362,5.698969841003418,5.289695262908936,5.698969841003418,5.051262378692627,5.698969841003418,0.40927457809448153,0.647707462310791,-0.23843288421630948,0.9310344827586208,0.8809523809523809,0.8809523809523809,double_cold,split2027,1,Contact500 pretraining without SCA
1604,4.0,5.579168319702148,4.0,5.284282207489014,4.0,1.5791683197021484,1.2842822074890137,0.29488611221313477,0.5217391304347826,0.2702702702702703,0.2702702702702703,double_cold,split2027,1,Contact500 pretraining without SCA
268,3.259637355804444,5.021820545196533,3.259637355804444,4.811956405639648,3.259637355804444,1.7621831893920894,1.5523190498352046,0.20986413955688477,1.0,0.5737704918032787,0.5737704918032787,double_cold,split2027,1,Contact500 pretraining without SCA
1012,4.95078182220459,5.993477821350098,4.95078182220459,5.266137599945068,4.95078182220459,1.0426959991455078,0.3153557777404785,0.7273402214050293,0.5,0.1967213114754098,0.1967213114754098,double_cold,split2027,1,Contact500 pretraining without SCA
134,3.686132669448853,5.377155780792236,3.686132669448853,5.640347957611084,3.686132669448853,1.6910231113433833,1.954215288162231,-0.26319217681884766,0.9310344827586208,0.1764705882352941,0.1764705882352941,double_cold,split2027,1,Contact500 pretraining without SCA
1010,5.659555912017822,5.423346996307373,5.659555912017822,4.970677375793457,5.659555912017822,0.23620891571044922,0.6888785362243652,-0.452669620513916,0.5,0.1917808219178082,0.1917808219178082,double_cold,split2027,1,Contact500 pretraining without SCA
1784,5.0,5.344111919403076,5.0,4.900810718536377,5.0,0.34411191940307617,0.09918928146362305,0.24492263793945312,1.0,0.2142857142857142,0.2142857142857142,double_cold,split2027,1,Contact500 pretraining without SCA
2486,4.876148223876953,4.985416412353516,4.876148223876953,5.008370876312256,4.876148223876953,0.1092681884765625,0.13222265243530273,-0.022954463958740234,0.6333333333333333,0.8809523809523809,0.6333333333333333,double_cold,split2027,1,Contact500 pretraining without SCA
1018,4.9281182289123535,6.2278337478637695,4.9281182289123535,5.313544273376465,4.9281182289123535,1.299715518951416,0.38542604446411133,0.9142894744873047,0.5833333333333333,0.1585365853658536,0.1585365853658536,double_cold,split2027,1,Contact500 pretraining without SCA
120,3.0043647289276123,5.26439380645752,3.0043647289276123,5.742366313934326,3.0043647289276123,2.260029077529908,2.738001585006714,-0.47797250747680575,0.9310344827586208,0.2121212121212121,0.2121212121212121,double_cold,split2027,1,Contact500 pretraining without SCA
119,3.7695510387420654,5.367061614990234,3.7695510387420654,5.847006797790527,3.7695510387420654,1.597510576248169,2.077455759048462,-0.47994518280029297,0.9310344827586208,0.3103448275862069,0.3103448275862069,double_cold,split2027,1,Contact500 pretraining without SCA
1820,6.79587984085083,5.601068496704102,6.79587984085083,5.184634208679199,6.79587984085083,1.1948113441467285,1.6112456321716309,-0.41643428802490234,0.5333333333333333,0.2115384615384615,0.2115384615384615,double_cold,split2027,1,Contact500 pretraining without SCA
1020,5.698969841003418,5.655213356018066,5.698969841003418,5.0640716552734375,5.698969841003418,0.04375648498535156,0.6348981857299805,-0.5911417007446289,0.5833333333333333,0.1917808219178082,0.1917808219178082,double_cold,split2027,1,Contact500 pretraining without SCA
213,3.0,5.523577690124512,3.0,5.887381553649902,3.0,2.5235776901245117,2.8873815536499023,-0.3638038635253906,0.6428571428571428,0.4,0.4,double_cold,split2027,1,Contact500 pretraining without SCA
282,7.259637355804443,5.395164966583252,7.259637355804443,6.058446407318115,7.259637355804443,1.8644723892211914,1.2011909484863281,0.6632814407348633,0.9310344827586208,1.0,0.9310344827586208,double_cold,split2027,1,Contact500 pretraining without SCA
271,2.301029920578003,4.900579929351807,2.301029920578003,4.749047756195068,2.301029920578003,2.5995500087738037,2.4480178356170654,0.15153217315673828,1.0,0.5833333333333334,0.5833333333333334,double_cold,split2027,1,Contact500 pretraining without SCA
99,4.705533981323242,5.953676223754883,4.705533981323242,5.785715579986572,4.705533981323242,1.2481422424316406,1.08018159866333,0.16796064376831055,0.8571428571428572,0.3144654088050314,0.3144654088050314,double_cold,split2027,1,Contact500 pretraining without SCA
206,4.853871822357178,5.296209335327148,4.853871822357178,5.118443489074707,4.853871822357178,0.4423375129699707,0.2645716667175293,0.1777658462524414,1.0,0.2886597938144329,0.2886597938144329,double_cold,split2027,1,Contact500 pretraining without SCA
1806,4.585026741027832,5.131225109100342,4.585026741027832,5.241740703582764,4.585026741027832,0.5461983680725098,0.6567139625549316,-0.11051559448242188,0.9310344827586208,0.2545454545454545,0.2545454545454545,double_cold,split2027,1,Contact500 pretraining without SCA
274,2.301029920578003,5.0244550704956055,2.301029920578003,5.147710800170898,2.301029920578003,2.7234251499176025,2.8466808795928955,-0.12325572967529297,1.0,0.3859649122807017,0.3859649122807017,double_cold,split2027,1,Contact500 pretraining without SCA
658,3.301029920578003,4.977756977081299,3.301029920578003,4.687884330749512,3.301029920578003,1.676727056503296,1.3868544101715088,0.2898726463317871,0.9310344827586208,0.1866666666666666,0.1866666666666666,double_cold,split2027,1,Contact500 pretraining without SCA
700,3.614393711090088,5.591823101043701,3.614393711090088,5.406472682952881,3.614393711090088,1.9774293899536133,1.792078971862793,0.1853504180908203,0.9310344827586208,0.0,0.0,double_cold,split2027,1,Contact500 pretraining without SCA
2050,6.721246242523193,5.268393516540527,6.721246242523193,5.100374698638916,6.721246242523193,1.452852725982666,1.6208715438842773,-0.16801881790161133,1.0,0.4057971014492754,0.4057971014492754,double_cold,split2027,1,Contact500 pretraining without SCA
2419,7.221848964691162,5.277738571166992,7.221848964691162,5.195456981658936,7.221848964691162,1.94411039352417,2.0263919830322257,-0.08228158950805575,0.5227272727272727,1.0,0.5227272727272727,double_cold,split2027,1,Contact500 pretraining without SCA
1885,6.721246242523193,5.917483329772949,6.721246242523193,5.441283702850342,6.721246242523193,0.8037629127502441,1.2799625396728516,-0.4761996269226074,0.4435897435897435,0.3137254901960784,0.3137254901960784,double_cold,split2027,1,Contact500 pretraining without SCA
1016,5.6575775146484375,5.714320659637451,5.6575775146484375,5.0410003662109375,5.6575775146484375,0.05674314498901367,0.6165771484375,-0.5598340034484863,0.5833333333333333,0.2075471698113207,0.2075471698113207,double_cold,split2027,1,Contact500 pretraining without SCA
218,4.30980396270752,5.45740270614624,4.30980396270752,6.098269939422607,4.30980396270752,1.1475987434387198,1.788465976715087,-0.6408672332763672,0.6428571428571428,0.4615384615384615,0.4615384615384615,double_cold,split2027,1,Contact500 pretraining without SCA
1408,4.459670543670654,6.08047342300415,4.459670543670654,5.833755970001221,4.459670543670654,1.620802879333496,1.3740854263305664,0.2467174530029297,0.4927536231884057,0.3627450980392157,0.3627450980392157,double_cold,split2027,1,Contact500 pretraining without SCA
810,7.096909999847412,5.280286312103272,7.096909999847412,5.216648101806641,7.096909999847412,1.8166236877441397,1.8802618980407715,-0.06363821029663175,0.5,1.0,0.5,double_cold,split2027,1,Contact500 pretraining without SCA
1410,4.323306560516357,6.08597993850708,4.323306560516357,5.845083236694336,4.323306560516357,1.7626733779907227,1.5217766761779785,0.24089670181274414,0.4927536231884057,0.3663366336633663,0.3663366336633663,double_cold,split2027,1,Contact500 pretraining without SCA
1022,5.050610065460205,6.225518226623535,5.050610065460205,5.389001846313477,5.050610065460205,1.17490816116333,0.3383917808532715,0.8365163803100586,0.5833333333333333,0.1967213114754098,0.1967213114754098,double_cold,split2027,1,Contact500 pretraining without SCA
211,2.4559319019317627,5.53596305847168,2.4559319019317627,6.050840854644775,2.4559319019317627,3.080031156539917,3.5949089527130127,-0.5148777961730957,0.6428571428571428,0.4571428571428571,0.4571428571428571,double_cold,split2027,1,Contact500 pretraining without SCA
609,4.958607196807861,5.34494161605835,4.958607196807861,5.81561803817749,4.958607196807861,0.3863344192504883,0.8570108413696289,-0.4706764221191406,0.9310344827586208,0.3818181818181818,0.3818181818181818,double_cold,split2027,1,Contact500 pretraining without SCA
2248,4.602059841156006,5.406420707702637,4.602059841156006,5.507700443267822,4.602059841156006,0.8043608665466309,0.9056406021118164,-0.10127973556518555,0.5454545454545454,0.7555555555555555,0.5454545454545454,double_cold,split2027,1,Contact500 pretraining without SCA
340,6.221848964691162,5.402396202087402,6.221848964691162,5.89015007019043,6.221848964691162,0.8194527626037598,0.3316988945007324,0.48775386810302734,0.9310344827586208,0.4945054945054945,0.4945054945054945,double_cold,split2027,1,Contact500 pretraining without SCA
1179,5.30980396270752,5.489115238189697,5.30980396270752,5.266321182250977,5.30980396270752,0.17931127548217685,0.04348278045654386,0.135828495025633,0.5806451612903225,0.2105263157894736,0.2105263157894736,double_cold,split2027,1,Contact500 pretraining without SCA
1782,5.096909999847412,5.227234840393066,5.096909999847412,4.715464115142822,5.096909999847412,0.1303248405456543,0.38144588470458984,-0.25112104415893555,1.0,0.2201834862385321,0.2201834862385321,double_cold,split2027,1,Contact500 pretraining without SCA
1178,0.1549019664525985,5.489115238189697,0.1549019664525985,5.266321182250977,0.1549019664525985,5.334213271737099,5.111419215798378,0.2227940559387207,0.5806451612903225,0.2105263157894736,0.2105263157894736,double_cold,split2027,1,Contact500 pretraining without SCA
2404,5.638272285461426,6.080438137054443,5.638272285461426,5.256222248077393,5.638272285461426,0.4421658515930176,0.3820500373840332,0.060115814208984375,0.5833333333333333,0.1791044776119403,0.1791044776119403,double_cold,split2027,1,Contact500 pretraining without SCA
1960,7.537601947784424,5.495010852813721,7.537601947784424,7.352838516235352,7.537601947784424,2.042591094970703,0.18476343154907227,1.8578276634216309,0.515527950310559,0.238095238095238,0.238095238095238,double_cold,split2027,1,Contact500 pretraining without SCA
260,2.522878646850586,5.202362060546875,2.522878646850586,4.916584014892578,2.522878646850586,2.679483413696289,2.393705368041992,0.2857780456542969,1.0,0.5185185185185185,0.5185185185185185,double_cold,split2027,1,Contact500 pretraining without SCA
264,2.522878646850586,5.227577209472656,2.522878646850586,5.546205520629883,2.522878646850586,2.7046985626220703,3.023326873779297,-0.31862831115722656,1.0,0.6122448979591837,0.6122448979591837,double_cold,split2027,1,Contact500 pretraining without SCA
357,6.301030158996582,5.38601541519165,6.301030158996582,5.932199954986572,6.301030158996582,0.9150147438049316,0.36883020401000977,0.5461845397949219,0.9310344827586208,0.6753246753246753,0.6753246753246753,double_cold,split2027,1,Contact500 pretraining without SCA
715,3.43770718574524,5.50206184387207,3.43770718574524,4.904500484466553,3.43770718574524,2.06435465812683,1.4667932987213126,0.5975613594055176,1.0,0.3333333333333333,0.3333333333333333,double_cold,split2027,1,Contact500 pretraining without SCA
371,5.28399658203125,5.344610214233398,5.28399658203125,5.927892684936523,5.28399658203125,0.06061363220214844,0.6438961029052734,-0.583282470703125,0.9310344827586208,0.6585365853658537,0.6585365853658537,double_cold,split2027,1,Contact500 pretraining without SCA
807,6.958607196807861,5.316850185394287,6.958607196807861,5.2000837326049805,6.958607196807861,1.6417570114135742,1.7585234642028809,-0.11676645278930664,0.5,0.8809523809523809,0.5,double_cold,split2027,1,Contact500 pretraining without SCA
806,6.7695512771606445,5.341843128204346,6.7695512771606445,5.179411888122559,6.7695512771606445,1.4277081489562988,1.590139389038086,-0.1624312400817871,0.5,1.0,0.5,double_cold,split2027,1,Contact500 pretraining without SCA
234,5.812479496002197,5.137727737426758,5.812479496002197,5.930835723876953,5.812479496002197,0.6747517585754395,0.11835622787475586,0.5563955307006836,1.0,1.0,1.0,double_cold,split2027,1,Contact500 pretraining without SCA
255,3.853872060775757,5.0331645011901855,3.853872060775757,4.785724639892578,3.853872060775757,1.1792924404144287,0.9318525791168213,0.24743986129760742,1.0,0.5645161290322581,0.5645161290322581,double_cold,split2027,1,Contact500 pretraining without SCA
1173,5.468521118164063,5.446135520935059,5.468521118164063,5.3071489334106445,5.468521118164063,0.022385597229004794,0.16137218475341886,-0.13898658752441406,0.5806451612903225,0.2166666666666666,0.2166666666666666,double_cold,split2027,1,Contact500 pretraining without SCA
1190,5.886056423187256,5.712825775146484,5.886056423187256,6.621296405792236,5.886056423187256,0.17323064804077148,0.7352399826049805,-0.562009334564209,0.5128205128205128,0.2178217821782178,0.2178217821782178,double_cold,split2027,1,Contact500 pretraining without SCA
712,4.924453258514404,5.582711219787598,4.924453258514404,5.041208267211914,4.924453258514404,0.6582579612731934,0.11675500869750977,0.5415029525756836,1.0,0.1612903225806451,0.1612903225806451,double_cold,split2027,1,Contact500 pretraining without SCA
361,5.096909999847412,5.400851249694824,5.096909999847412,5.98085880279541,5.096909999847412,0.3039412498474121,0.883948802947998,-0.5800075531005859,0.9310344827586208,0.5405405405405406,0.5405405405405406,double_cold,split2027,1,Contact500 pretraining without SCA
634,3.5606672763824463,4.501810073852539,3.5606672763824463,4.360962867736816,3.5606672763824463,0.9411427974700928,0.8002955913543701,0.14084720611572266,0.9310344827586208,0.3269230769230769,0.3269230769230769,double_cold,split2027,1,Contact500 pretraining without SCA
273,3.259637355804444,5.040046691894531,3.259637355804444,5.149392604827881,3.259637355804444,1.7804093360900874,1.889755249023437,-0.10934591293334961,1.0,0.423728813559322,0.423728813559322,double_cold,split2027,1,Contact500 pretraining without SCA
701,3.172630786895752,5.363595962524414,3.172630786895752,5.174759864807129,3.172630786895752,2.190965175628662,2.002129077911377,0.18883609771728516,0.9310344827586208,0.1944444444444444,0.1944444444444444,double_cold,split2027,1,Contact500 pretraining without SCA
2415,7.15490198135376,5.419866561889648,7.15490198135376,6.20387077331543,7.15490198135376,1.7350354194641113,0.9510312080383301,0.7840042114257812,0.5227272727272727,1.0,0.5227272727272727,double_cold,split2027,1,Contact500 pretraining without SCA
275,2.301029920578003,4.821803569793701,2.301029920578003,5.05177640914917,2.301029920578003,2.5207736492156982,2.750746488571167,-0.22997283935546875,1.0,0.365079365079365,0.365079365079365,double_cold,split2027,1,Contact500 pretraining without SCA
626,4.408935546875,4.571681976318359,4.408935546875,4.920003414154053,4.408935546875,0.16274642944335938,0.5110678672790527,-0.34832143783569336,0.9310344827586208,0.5952380952380952,0.5952380952380952,double_cold,split2027,1,Contact500 pretraining without SCA
373,5.408935546875,5.548811435699463,5.408935546875,5.677972316741943,5.408935546875,0.1398758888244629,0.26903676986694336,-0.12916088104248047,0.9310344827586208,0.5333333333333333,0.5333333333333333,double_cold,split2027,1,Contact500 pretraining without SCA
123,4.698969841003418,5.136177062988281,4.698969841003418,5.445130825042725,4.698969841003418,0.4372072219848633,0.7461609840393066,-0.30895376205444336,0.9310344827586208,0.2727272727272727,0.2727272727272727,double_cold,split2027,1,Contact500 pretraining without SCA
623,4.397940158843994,4.535424709320068,4.397940158843994,4.927812099456787,4.397940158843994,0.13748455047607422,0.529871940612793,-0.39238739013671875,0.9310344827586208,0.6382978723404256,0.6382978723404256,double_cold,split2027,1,Contact500 pretraining without SCA
250,7.721246242523193,5.423434734344482,7.721246242523193,4.875883102416992,7.721246242523193,2.297811508178711,2.845363140106201,-0.5475516319274902,1.0,0.1868131868131868,0.1868131868131868,double_cold,split2027,1,Contact500 pretraining without SCA
127,4.1674909591674805,5.083511352539063,4.1674909591674805,5.509053707122803,4.1674909591674805,0.9160203933715829,1.3415627479553223,-0.42554235458373935,0.9310344827586208,0.2222222222222222,0.2222222222222222,double_cold,split2027,1,Contact500 pretraining without SCA
160,4.744727611541748,5.403336524963379,4.744727611541748,5.591507911682129,4.744727611541748,0.6586089134216309,0.8467803001403809,-0.18817138671875,0.9310344827586208,0.1686746987951807,0.1686746987951807,double_cold,split2027,1,Contact500 pretraining without SCA
2399,5.522878646850586,6.080438137054443,5.522878646850586,5.256221771240234,5.522878646850586,0.5575594902038574,0.26665687561035156,0.29090261459350586,0.5833333333333333,0.1791044776119403,0.1791044776119403,double_cold,split2027,1,Contact500 pretraining without SCA
2256,5.026872158050537,5.527833938598633,5.026872158050537,5.859866142272949,5.026872158050537,0.5009617805480957,0.8329939842224121,-0.3320322036743164,0.5454545454545454,0.7551020408163265,0.5454545454545454,double_cold,split2027,1,Contact500 pretraining without SCA
358,5.6575775146484375,5.4059834480285645,5.6575775146484375,5.966672420501709,5.6575775146484375,0.25159406661987305,0.3090949058532715,-0.05750083923339844,0.9310344827586208,0.5633802816901409,0.5633802816901409,double_cold,split2027,1,Contact500 pretraining without SCA
693,4.173925399780273,5.517098903656006,4.173925399780273,5.053647518157959,4.173925399780273,1.3431735038757324,0.8797221183776855,0.4634513854980469,0.9310344827586208,0.1976744186046511,0.1976744186046511,double_cold,split2027,1,Contact500 pretraining without SCA
130,3.3098039627075195,5.219845771789551,3.3098039627075195,5.669291019439697,3.3098039627075195,1.9100418090820312,2.3594870567321777,-0.4494452476501465,0.9310344827586208,0.21875,0.21875,double_cold,split2027,1,Contact500 pretraining without SCA
235,3.568636178970337,5.278111457824707,3.568636178970337,5.079527854919434,3.568636178970337,1.7094752788543701,1.5108916759490967,0.19858360290527344,1.0,1.0,1.0,double_cold,split2027,1,Contact500 pretraining without SCA
244,6.7931742668151855,5.47767448425293,6.7931742668151855,4.958914756774902,6.7931742668151855,1.3154997825622559,1.8342595100402832,-0.5187597274780273,1.0,0.3661971830985915,0.3661971830985915,double_cold,split2027,1,Contact500 pretraining without SCA
1610,4.0,5.636137008666992,4.0,5.288157939910889,4.0,1.6361370086669922,1.2881579399108887,0.3479790687561035,0.5217391304347826,0.3013698630136986,0.3013698630136986,double_cold,split2027,1,Contact500 pretraining without SCA
1249,3.795880079269409,5.394007682800293,3.795880079269409,5.859103679656982,3.795880079269409,1.5981276035308838,2.0632236003875732,-0.46509599685668945,0.5689655172413793,0.2,0.2,double_cold,split2027,1,Contact500 pretraining without SCA
1786,4.886056423187256,5.2375078201293945,4.886056423187256,4.768486022949219,4.886056423187256,0.35145139694213867,0.11757040023803711,0.23388099670410156,1.0,0.2201834862385321,0.2201834862385321,double_cold,split2027,1,Contact500 pretraining without SCA
368,1.6946486234664917,5.439554691314697,1.6946486234664917,5.958088397979736,1.6946486234664917,3.7449060678482056,4.263439774513245,-0.5185337066650391,0.9310344827586208,0.550561797752809,0.550561797752809,double_cold,split2027,1,Contact500 pretraining without SCA
1423,6.79587984085083,5.670144081115723,6.79587984085083,5.226342678070068,6.79587984085083,1.1257357597351074,1.5695371627807617,-0.4438014030456543,0.5333333333333333,0.2178217821782178,0.2178217821782178,double_cold,split2027,1,Contact500 pretraining without SCA
718,2.0092172622680664,5.190753936767578,2.0092172622680664,4.883713722229004,2.0092172622680664,3.1815366744995117,2.8744964599609375,0.3070402145385742,1.0,0.6666666666666666,0.6666666666666666,double_cold,split2027,1,Contact500 pretraining without SCA
625,4.958607196807861,4.5897135734558105,4.958607196807861,5.008920192718506,4.958607196807861,0.3688936233520508,0.05031299591064453,0.31858062744140625,0.9310344827586208,0.5952380952380952,0.5952380952380952,double_cold,split2027,1,Contact500 pretraining without SCA
124,4.6575775146484375,5.103277206420898,4.6575775146484375,5.459766387939453,4.6575775146484375,0.44569969177246094,0.8021888732910156,-0.3564891815185547,0.9310344827586208,0.2037037037037037,0.2037037037037037,double_cold,split2027,1,Contact500 pretraining without SCA
369,7.0,5.409553527832031,7.0,5.977673530578613,7.0,1.5904464721679688,1.0223264694213867,0.568120002746582,0.9310344827586208,0.5568181818181818,0.5568181818181818,double_cold,split2027,1,Contact500 pretraining without SCA
366,1.889410257339477,5.327244758605957,1.889410257339477,5.815452098846436,1.889410257339477,3.43783450126648,3.9260418415069593,-0.4882073402404794,0.9310344827586208,0.625,0.625,double_cold,split2027,1,Contact500 pretraining without SCA
1161,7.236571788787842,5.883679389953613,7.236571788787842,4.994532585144043,7.236571788787842,1.3528923988342285,2.242039203643799,-0.8891468048095703,0.4779116465863453,0.4096385542168674,0.4096385542168674,double_cold,split2027,1,Contact500 pretraining without SCA
2445,6.619788646697998,5.208517074584961,6.619788646697998,5.295514106750488,6.619788646697998,1.411271572113037,1.3242745399475098,0.08699703216552734,0.5,1.0,0.5,double_cold,split2027,1,Contact500 pretraining without SCA
1168,8.619789123535156,6.062453746795654,8.619789123535156,6.9602766036987305,8.619789123535156,2.557335376739502,1.6595125198364258,0.8978228569030762,0.5185185185185186,0.2407407407407407,0.2407407407407407,double_cold,split2027,1,Contact500 pretraining without SCA
702,3.0,5.607529163360596,3.0,5.2235026359558105,3.0,2.6075291633605957,2.2235026359558105,0.38402652740478516,0.9310344827586208,0.2179487179487179,0.2179487179487179,double_cold,split2027,1,Contact500 pretraining without SCA
272,3.259637355804444,5.235587596893311,3.259637355804444,4.789301872253418,3.259637355804444,1.9759502410888676,1.5296645164489742,0.44628572463989347,1.0,0.4561403508771929,0.4561403508771929,double_cold,split2027,1,Contact500 pretraining without SCA
214,3.301029920578003,5.482134819030762,3.301029920578003,6.042665004730225,3.301029920578003,2.181104898452759,2.7416350841522217,-0.5605301856994629,0.6428571428571428,0.2926829268292683,0.2926829268292683,double_cold,split2027,1,Contact500 pretraining without SCA
133,3.665546178817749,5.670444965362549,3.665546178817749,5.183903217315674,3.665546178817749,2.0048987865448,1.5183570384979248,0.486541748046875,0.9310344827586208,0.2653061224489796,0.2653061224489796,double_cold,split2027,1,Contact500 pretraining without SCA
1607,4.484126091003418,5.656216144561768,4.484126091003418,5.2760009765625,4.484126091003418,1.1720900535583496,0.791874885559082,0.3802151679992676,0.5217391304347826,0.2857142857142857,0.2857142857142857,double_cold,split2027,1,Contact500 pretraining without SCA
155,3.403402805328369,5.667099952697754,3.403402805328369,5.00869607925415,3.403402805328369,2.2636971473693848,1.6052932739257812,0.6584038734436035,0.9310344827586208,0.2068965517241379,0.2068965517241379,double_cold,split2027,1,Contact500 pretraining without SCA
1964,6.07572078704834,5.298818111419678,6.07572078704834,6.890288352966309,6.07572078704834,0.7769026756286621,0.8145675659179688,-0.03766489028930664,0.5714285714285714,0.238095238095238,0.238095238095238,double_cold,split2027,1,Contact500 pretraining without SCA
2257,5.408935546875,5.527833938598633,5.408935546875,5.859866142272949,5.408935546875,0.11889839172363281,0.4509305953979492,-0.3320322036743164,0.5454545454545454,0.7551020408163265,0.5454545454545454,double_cold,split2027,1,Contact500 pretraining without SCA
364,2.537601947784424,5.439313411712647,2.537601947784424,5.919896602630615,2.537601947784424,2.9017114639282235,3.3822946548461914,-0.48058319091796786,0.9310344827586208,0.5581395348837209,0.5581395348837209,double_cold,split2027,1,Contact500 pretraining without SCA
1804,6.0,5.3709588050842285,6.0,5.176474571228027,6.0,0.6290411949157715,0.8235254287719727,-0.19448423385620117,0.9310344827586208,0.2586206896551724,0.2586206896551724,double_cold,split2027,1,Contact500 pretraining without SCA
942,6.823908805847168,5.049168109893799,6.823908805847168,5.680319309234619,6.823908805847168,1.7747406959533691,1.1435894966125488,0.6311511993408203,0.9090909090909092,1.0,0.9090909090909092,double_cold,split2027,1,Contact500 pretraining without SCA
611,4.28399658203125,5.3229146003723145,4.28399658203125,5.713310718536377,4.28399658203125,1.0389180183410645,1.429314136505127,-0.3903961181640625,0.9310344827586208,0.3442622950819672,0.3442622950819672,double_cold,split2027,1,Contact500 pretraining without SCA
229,4.7695512771606445,5.289495944976807,4.7695512771606445,5.797511100769043,4.7695512771606445,0.5199446678161621,1.0279598236083984,-0.5080151557922363,0.9310344827586208,0.25,0.25,double_cold,split2027,1,Contact500 pretraining without SCA
1606,4.514278411865234,5.617384910583496,4.514278411865234,5.264475345611572,4.514278411865234,1.1031064987182617,0.7501969337463379,0.35290956497192383,0.5217391304347826,0.2916666666666667,0.2916666666666667,double_cold,split2027,1,Contact500 pretraining without SCA
161,3.5114493370056152,5.539816379547119,3.5114493370056152,4.92545747756958,3.5114493370056152,2.028367042541504,1.4140081405639648,0.6143589019775391,0.9310344827586208,0.1851851851851851,0.1851851851851851,double_cold,split2027,1,Contact500 pretraining without SCA
262,2.522878646850586,5.196914196014404,2.522878646850586,5.681744575500488,2.522878646850586,2.6740355491638184,3.1588659286499023,-0.484830379486084,1.0,0.5686274509803921,0.5686274509803921,double_cold,split2027,1,Contact500 pretraining without SCA
809,7.096909999847412,5.422482490539551,7.096909999847412,6.215205192565918,7.096909999847412,1.6744275093078613,0.8817048072814941,0.7927227020263672,0.5,1.0,0.5,double_cold,split2027,1,Contact500 pretraining without SCA
1566,5.301030158996582,5.359029769897461,5.301030158996582,5.434752464294434,5.301030158996582,0.057999610900878906,0.13372230529785156,-0.07572269439697266,0.5306122448979591,0.1964285714285714,0.1964285714285714,double_cold,split2027,1,Contact500 pretraining without SCA
1609,4.0,5.635976314544678,4.0,5.286888122558594,4.0,1.6359763145446777,1.2868881225585938,0.349088191986084,0.5217391304347826,0.2894736842105263,0.2894736842105263,double_cold,split2027,1,Contact500 pretraining without SCA
215,5.698969841003418,5.452943801879883,5.698969841003418,5.885851860046387,5.698969841003418,0.24602603912353516,0.18688201904296875,0.059144020080566406,0.6428571428571428,0.5588235294117647,0.5588235294117647,double_cold,split2027,1,Contact500 pretraining without SCA
898,3.443697452545166,5.535765171051025,3.443697452545166,5.201601982116699,3.443697452545166,2.0920677185058594,1.7579045295715332,0.33416318893432617,0.9310344827586208,1.0,0.9310344827586208,double_cold,split2027,1,Contact500 pretraining without SCA
2417,6.958607196807861,5.314268112182617,6.958607196807861,5.180139541625977,6.958607196807861,1.6443390846252441,1.7784676551818848,-0.13412857055664062,0.5227272727272727,0.8809523809523809,0.5227272727272727,double_cold,split2027,1,Contact500 pretraining without SCA
2053,6.32239294052124,5.204664707183838,6.32239294052124,5.236152172088623,6.32239294052124,1.1177282333374023,1.0862407684326172,0.031487464904785156,1.0,0.4545454545454545,0.4545454545454545,double_cold,split2027,1,Contact500 pretraining without SCA
2446,7.045757293701172,5.14689302444458,7.045757293701172,5.330594062805176,7.045757293701172,1.8988642692565918,1.715163230895996,0.1837010383605957,0.5,1.0,0.5,double_cold,split2027,1,Contact500 pretraining without SCA
1558,6.732828140258789,6.14228105545044,6.732828140258789,6.669692993164063,6.732828140258789,0.5905470848083487,0.06313514709472567,0.527411937713623,0.4788732394366197,0.1782178217821782,0.1782178217821782,double_cold,split2027,1,Contact500 pretraining without SCA
1565,5.397940158843994,5.482028961181641,5.397940158843994,5.321796417236328,5.397940158843994,0.08408880233764648,0.07614374160766602,0.007945060729980469,0.5306122448979591,0.2,0.2,double_cold,split2027,1,Contact500 pretraining without SCA
2437,7.15490198135376,5.201069355010986,7.15490198135376,5.310917377471924,7.15490198135376,1.9538326263427734,1.843984603881836,0.1098480224609375,0.5,1.0,0.5,double_cold,split2027,1,Contact500 pretraining without SCA
2426,7.0,5.254868507385254,7.0,5.342475891113281,7.0,1.745131492614746,1.6575241088867188,0.08760738372802734,0.5,0.8809523809523809,0.5,double_cold,split2027,1,Contact500 pretraining without SCA
1021,5.387216091156006,6.3781585693359375,5.387216091156006,6.208139419555664,5.387216091156006,0.9909424781799316,0.8209233283996582,0.17001914978027344,0.5833333333333333,0.1506849315068493,0.1506849315068493,double_cold,split2027,1,Contact500 pretraining without SCA
2354,3.2564902305603027,4.700127601623535,3.2564902305603027,4.51645565032959,3.2564902305603027,1.4436373710632324,1.259965419769287,0.1836719512939453,0.9310344827586208,0.3050847457627119,0.3050847457627119,double_cold,split2027,1,Contact500 pretraining without SCA
2484,4.903090000152588,4.973357677459717,4.903090000152588,4.985362529754639,4.903090000152588,0.0702676773071289,0.08227252960205078,-0.012004852294921875,0.6428571428571428,0.8809523809523809,0.6428571428571428,double_cold,split2027,1,Contact500 pretraining without SCA
1299,7.12493896484375,5.23486852645874,7.12493896484375,4.926913738250732,7.12493896484375,1.8900704383850098,2.1980252265930176,-0.3079547882080078,0.6666666666666667,0.1929824561403508,0.1929824561403508,double_cold,split2027,1,Contact500 pretraining without SCA
147,3.609064817428589,5.560670375823975,3.609064817428589,5.554547309875488,3.609064817428589,1.9516055583953857,1.9454824924468994,0.006123065948486328,0.9310344827586208,0.2465753424657534,0.2465753424657534,double_cold,split2027,1,Contact500 pretraining without SCA
257,2.522878646850586,5.217103004455566,2.522878646850586,4.912440776824951,2.522878646850586,2.6942243576049805,2.3895621299743652,0.30466222763061523,1.0,0.64,0.64,double_cold,split2027,1,Contact500 pretraining without SCA
1407,4.3665313720703125,6.094308853149414,4.3665313720703125,5.852205276489258,4.3665313720703125,1.7277774810791016,1.4856739044189453,0.24210357666015625,0.4927536231884057,0.3663366336633663,0.3663366336633663,double_cold,split2027,1,Contact500 pretraining without SCA
1015,2.955068349838257,5.912673473358154,2.955068349838257,5.3951592445373535,2.955068349838257,2.9576051235198975,2.4400908946990967,0.5175142288208008,0.5,0.4098360655737705,0.4098360655737705,double_cold,split2027,1,Contact500 pretraining without SCA
258,3.259637355804444,5.190754413604736,3.259637355804444,4.883713722229004,3.259637355804444,1.9311170578002925,1.62407636642456,0.3070406913757324,1.0,0.6666666666666666,0.6666666666666666,double_cold,split2027,1,Contact500 pretraining without SCA
126,3.978810787200928,5.099376678466797,3.978810787200928,5.448634147644043,3.978810787200928,1.1205658912658687,1.4698233604431148,-0.3492574691772461,0.9310344827586208,0.25,0.25,double_cold,split2027,1,Contact500 pretraining without SCA
1248,4.222573280334473,5.394007682800293,4.222573280334473,5.859103679656982,4.222573280334473,1.1714344024658203,1.6365303993225098,-0.46509599685668945,0.5689655172413793,0.2,0.2,double_cold,split2027,1,Contact500 pretraining without SCA
2501,5.744727611541748,5.157402515411377,5.744727611541748,5.422674655914307,5.744727611541748,0.5873250961303711,0.3220529556274414,0.2652721405029297,0.6388888888888888,0.1904761904761904,0.1904761904761904,double_cold,split2028,1,Contact500 pretraining without SCA
249,6.0,5.097306251525879,6.0,5.115553855895996,6.0,0.9026937484741211,0.8844461441040039,0.018247604370117188,1.0,0.1587301587301587,0.1587301587301587,double_cold,split2028,1,Contact500 pretraining without SCA
1397,4.560667514801025,6.890598297119141,4.560667514801025,7.001428127288818,4.560667514801025,2.3299307823181152,2.440760612487793,-0.11082983016967773,0.5074626865671642,0.3737373737373737,0.3737373737373737,double_cold,split2028,1,Contact500 pretraining without SCA
2275,8.455931663513184,5.691387176513672,8.455931663513184,5.742264270782471,8.455931663513184,2.7645444869995117,2.713667392730713,0.05087709426879883,0.5476190476190477,0.1717171717171717,0.1717171717171717,double_cold,split2028,1,Contact500 pretraining without SCA
1592,4.886056423187256,5.772616863250732,4.886056423187256,5.699782848358154,4.886056423187256,0.8865604400634766,0.8137264251708984,0.07283401489257812,0.5,0.7,0.5,double_cold,split2028,1,Contact500 pretraining without SCA
2457,5.639785289764404,5.81620454788208,5.639785289764404,6.799860954284668,5.639785289764404,0.17641925811767578,1.1600756645202637,-0.9836564064025879,0.5151515151515151,0.5873015873015873,0.5151515151515151,double_cold,split2028,1,Contact500 pretraining without SCA
2101,8.42021656036377,9.973699569702148,8.42021656036377,7.813568115234375,8.42021656036377,1.553483009338379,0.6066484451293945,0.9468345642089844,0.1366931308249913,0.1666666666666666,0.1366931308249913,double_cold,split2028,1,Contact500 pretraining without SCA
1799,4.721246242523193,5.736414909362793,4.721246242523193,6.229959487915039,4.721246242523193,1.0151686668395996,1.5087132453918457,-0.4935445785522461,0.59375,0.1636363636363636,0.1636363636363636,double_cold,split2028,1,Contact500 pretraining without SCA
1783,4.886056423187256,5.674455642700195,4.886056423187256,5.837402820587158,4.886056423187256,0.7883992195129395,0.9513463973999023,-0.1629471778869629,1.0,0.2072072072072072,0.2072072072072072,double_cold,split2028,1,Contact500 pretraining without SCA
2096,5.649752140045166,5.94639778137207,5.649752140045166,5.033442974090576,5.649752140045166,0.2966456413269043,0.6163091659545898,-0.31966352462768555,0.5789473684210527,0.2615384615384615,0.2615384615384615,double_cold,split2028,1,Contact500 pretraining without SCA
247,3.568636178970337,4.818589687347412,3.568636178970337,5.103514671325684,3.568636178970337,1.2499535083770752,1.5348784923553467,-0.2849249839782715,1.0,0.4032258064516129,0.4032258064516129,double_cold,split2028,1,Contact500 pretraining without SCA
251,6.0,4.951189994812012,6.0,5.159090518951416,6.0,1.0488100051879883,0.840909481048584,0.2079005241394043,1.0,0.2962962962962963,0.2962962962962963,double_cold,split2028,1,Contact500 pretraining without SCA
1382,3.314258337020874,6.485635280609131,3.314258337020874,5.607293605804443,3.314258337020874,3.171376943588257,2.2930352687835693,0.8783416748046875,0.5074626865671642,0.4805194805194805,0.4805194805194805,double_cold,split2028,1,Contact500 pretraining without SCA
1800,4.0,5.834049701690674,4.0,6.334141731262207,4.0,1.8340497016906738,2.334141731262207,-0.5000920295715332,0.6060606060606061,0.1636363636363636,0.1636363636363636,double_cold,split2028,1,Contact500 pretraining without SCA
814,5.69293212890625,5.757434844970703,5.69293212890625,6.255982875823975,5.69293212890625,0.06450271606445312,0.5630507469177246,-0.4985480308532715,0.4848484848484848,0.5873015873015873,0.4848484848484848,double_cold,split2028,1,Contact500 pretraining without SCA
1778,5.79587984085083,6.490538597106934,5.79587984085083,5.275164604187012,5.79587984085083,0.6946587562561035,0.5207152366638184,0.17394351959228516,0.5211267605633803,0.1720430107526881,0.1720430107526881,double_cold,split2028,1,Contact500 pretraining without SCA
1392,4.79587984085083,6.845222473144531,4.79587984085083,6.890237808227539,4.79587984085083,2.049342632293701,2.094357967376709,-0.04501533508300781,0.5074626865671642,0.3854166666666667,0.3854166666666667,double_cold,split2028,1,Contact500 pretraining without SCA
1578,5.096909999847412,6.8590240478515625,5.096909999847412,6.777832984924316,5.096909999847412,1.7621140480041504,1.6809229850769043,0.0811910629272461,0.5116279069767442,0.5873015873015873,0.5116279069767442,double_cold,split2028,1,Contact500 pretraining without SCA
790,3.102372884750366,5.673088073730469,3.102372884750366,5.641136169433594,3.102372884750366,2.5707151889801025,2.5387632846832275,0.031951904296875,0.6388888888888888,0.676056338028169,0.6388888888888888,double_cold,split2028,1,Contact500 pretraining without SCA
269,2.522878646850586,4.944071769714356,2.522878646850586,5.07896900177002,2.522878646850586,2.4211931228637704,2.5560903549194345,-0.13489723205566406,1.0,0.5645161290322581,0.5645161290322581,double_cold,split2028,1,Contact500 pretraining without SCA
396,8.886056900024414,10.263520240783691,8.886056900024414,8.366109848022461,8.886056900024414,1.3774633407592773,0.5199470520019531,0.8575162887573242,0.1366931308249913,0.1550387596899224,0.1366931308249913,double_cold,split2028,1,Contact500 pretraining without SCA
1557,6.425968647003174,4.910280704498291,6.425968647003174,6.994650840759277,6.425968647003174,1.5156879425048828,0.5686821937561035,0.9470057487487793,0.4788732394366197,0.1964285714285714,0.1964285714285714,double_cold,split2028,1,Contact500 pretraining without SCA
1771,8.593460083007812,7.245888710021973,8.593460083007812,7.005275249481201,8.593460083007812,1.3475713729858398,1.5881848335266113,-0.24061346054077148,0.65,0.5873015873015873,0.5873015873015873,double_cold,split2028,1,Contact500 pretraining without SCA
241,7.259637355804443,5.178735733032227,7.259637355804443,5.498837947845459,7.259637355804443,2.080901622772217,1.7607994079589844,0.3201022148132324,1.0,1.0,1.0,double_cold,split2028,1,Contact500 pretraining without SCA
1562,5.698969841003418,4.093187808990479,5.698969841003418,3.4507980346679688,5.698969841003418,1.6057820320129386,2.248171806335449,-0.6423897743225107,0.5555555555555556,0.2,0.2,double_cold,split2028,1,Contact500 pretraining without SCA
246,7.301030158996582,5.0496602058410645,7.301030158996582,3.9488911628723145,7.301030158996582,2.2513699531555176,3.3521389961242676,-1.10076904296875,1.0,1.0,1.0,double_cold,split2028,1,Contact500 pretraining without SCA
815,5.660548686981201,4.735028266906738,5.660548686981201,5.044041633605957,5.660548686981201,0.9255204200744629,0.6165070533752441,0.30901336669921875,0.4848484848484848,0.8809523809523809,0.4848484848484848,double_cold,split2028,1,Contact500 pretraining without SCA
2080,5.896196365356445,6.062505722045898,5.896196365356445,4.880584239959717,5.896196365356445,0.16630935668945312,1.0156121253967285,-0.8493027687072754,0.6470588235294117,0.2615384615384615,0.2615384615384615,double_cold,split2028,1,Contact500 pretraining without SCA
913,3.602060079574585,5.800582408905029,3.602060079574585,5.374907493591309,3.602060079574585,2.1985223293304443,1.7728474140167236,0.4256749153137207,0.5714285714285714,0.0,0.0,double_cold,split2028,1,Contact500 pretraining without SCA
1590,5.096909999847412,6.85859489440918,5.096909999847412,7.033758163452148,5.096909999847412,1.7616848945617676,1.9368481636047363,-0.17516326904296875,0.5,0.5873015873015873,0.5,double_cold,split2028,1,Contact500 pretraining without SCA
2279,6.274088382720947,5.789367198944092,6.274088382720947,5.573607444763184,6.274088382720947,0.48472118377685547,0.7004809379577637,-0.2157597541809082,0.5357142857142857,0.1529411764705882,0.1529411764705882,double_cold,split2028,1,Contact500 pretraining without SCA
404,6.0,8.783164024353027,6.0,6.700567245483398,6.0,2.7831640243530273,0.7005672454833984,2.082596778869629,0.1363636363636363,0.2023809523809523,0.1363636363636363,double_cold,split2028,1,Contact500 pretraining without SCA
2092,5.522878646850586,6.038553237915039,5.522878646850586,4.750088691711426,5.522878646850586,0.5156745910644531,0.7727899551391602,-0.25711536407470703,0.6190476190476191,0.2615384615384615,0.2615384615384615,double_cold,split2028,1,Contact500 pretraining without SCA
2456,5.594482898712158,4.54845666885376,5.594482898712158,5.431900501251221,5.594482898712158,1.0460262298583984,0.1625823974609375,0.8834438323974609,0.5151515151515151,1.0,0.5151515151515151,double_cold,split2028,1,Contact500 pretraining without SCA
1258,4.353106498718262,4.452316761016846,4.353106498718262,6.3111443519592285,4.353106498718262,0.09921026229858398,1.9580378532409668,-1.8588275909423828,1.0,0.3548387096774194,0.3548387096774194,double_cold,split2028,1,Contact500 pretraining without SCA
1110,7.602059841156006,6.116019248962402,7.602059841156006,4.495728969573975,7.602059841156006,1.4860405921936035,3.1063308715820312,-1.6202902793884277,0.5208333333333333,0.1910112359550561,0.1910112359550561,double_cold,split2028,1,Contact500 pretraining without SCA
1384,3.22402572631836,6.44403600692749,3.22402572631836,6.221791744232178,3.22402572631836,3.2200102806091304,2.997766017913818,0.2222442626953125,0.5074626865671642,0.5,0.5,double_cold,split2028,1,Contact500 pretraining without SCA
2282,6.221848964691162,5.763630390167236,6.221848964691162,5.729931354522705,6.221848964691162,0.4582185745239258,0.49191761016845703,-0.03369903564453125,0.5595238095238095,0.1529411764705882,0.1529411764705882,double_cold,split2028,1,Contact500 pretraining without SCA
2261,6.653646945953369,5.770085334777832,6.653646945953369,5.604415893554688,6.653646945953369,0.8835616111755371,1.0492310523986808,-0.16566944122314364,0.5357142857142857,0.16,0.16,double_cold,split2028,1,Contact500 pretraining without SCA
1013,5.07572078704834,3.79362726211548,5.07572078704834,5.18623161315918,5.07572078704834,1.28209352493286,0.11051082611083984,1.1715826988220202,0.5,0.2765957446808511,0.2765957446808511,double_cold,split2028,1,Contact500 pretraining without SCA
1556,6.522878646850586,4.735341548919678,6.522878646850586,4.540099143981934,6.522878646850586,1.7875370979309082,1.9827795028686523,-0.19524240493774414,0.4788732394366197,0.2,0.2,double_cold,split2028,1,Contact500 pretraining without SCA
1876,5.376750946044922,6.099145889282227,5.376750946044922,4.162633419036865,5.376750946044922,0.7223949432373047,1.2141175270080566,-0.49172258377075195,0.5714285714285714,0.2207792207792207,0.2207792207792207,double_cold,split2028,1,Contact500 pretraining without SCA
1040,5.677780628204346,6.6243391036987305,5.677780628204346,5.24672269821167,5.677780628204346,0.9465584754943848,0.4310579299926758,0.515500545501709,0.6190476190476191,0.1764705882352941,0.1764705882352941,double_cold,split2028,1,Contact500 pretraining without SCA
417,9.09691047668457,5.708297252655029,9.09691047668457,5.774221420288086,9.09691047668457,3.388613224029541,3.3226890563964844,0.06592416763305664,0.5428571428571429,0.16,0.16,double_cold,split2028,1,Contact500 pretraining without SCA
1878,5.886056423187256,6.238049507141113,5.886056423187256,5.529587745666504,5.886056423187256,0.3519930839538574,0.35646867752075195,-0.004475593566894531,0.5714285714285714,0.2,0.2,double_cold,split2028,1,Contact500 pretraining without SCA
917,5.221848964691162,5.661068439483643,5.221848964691162,4.991276741027832,5.221848964691162,0.43921947479248047,0.23057222366333008,0.2086472511291504,0.625,0.3541666666666667,0.3541666666666667,double_cold,split2028,1,Contact500 pretraining without SCA
2263,8.533132553100586,5.818800926208496,8.533132553100586,5.64595365524292,8.533132553100586,2.71433162689209,2.887178897857666,-0.17284727096557617,0.5595238095238095,0.16,0.16,double_cold,split2028,1,Contact500 pretraining without SCA
1875,5.1674909591674805,6.501630783081055,5.1674909591674805,5.780276298522949,5.1674909591674805,1.3341398239135742,0.6127853393554688,0.7213544845581055,0.5714285714285714,0.1739130434782608,0.1739130434782608,double_cold,split2028,1,Contact500 pretraining without SCA
918,3.602060079574585,5.903327465057373,3.602060079574585,5.1814045906066895,3.602060079574585,2.301267385482788,1.5793445110321045,0.7219228744506836,0.625,0.0,0.0,double_cold,split2028,1,Contact500 pretraining without SCA
252,6.0,4.902575969696045,6.0,5.17017936706543,6.0,1.097424030303955,0.8298206329345703,0.26760339736938477,1.0,0.1891891891891892,0.1891891891891892,double_cold,split2028,1,Contact500 pretraining without SCA
390,3.318758726119995,9.27776050567627,3.318758726119995,7.692288398742676,3.318758726119995,5.959001779556274,4.373529672622681,1.5854721069335938,0.1366931308249913,0.3837209302325581,0.1366931308249913,double_cold,split2028,1,Contact500 pretraining without SCA
248,3.568636178970337,4.853438377380371,3.568636178970337,4.161182403564453,3.568636178970337,1.2848021984100342,0.5925462245941162,0.692255973815918,1.0,0.4098360655737705,0.4098360655737705,double_cold,split2028,1,Contact500 pretraining without SCA
1417,3.995678663253784,7.108170509338379,3.995678663253784,7.561300277709961,3.995678663253784,3.1124918460845947,3.5656216144561768,-0.45312976837158203,0.4927536231884057,0.4666666666666667,0.4666666666666667,double_cold,split2028,1,Contact500 pretraining without SCA
928,3.602060079574585,5.9676666259765625,3.602060079574585,5.073442459106445,3.602060079574585,2.3656065464019775,1.4713823795318604,0.8942241668701172,0.6190476190476191,0.0,0.0,double_cold,split2028,1,Contact500 pretraining without SCA
2259,8.97881031036377,5.673317909240723,8.97881031036377,5.807477951049805,8.97881031036377,3.305492401123047,3.171332359313965,0.13416004180908203,0.5357142857142857,0.16,0.16,double_cold,split2028,1,Contact500 pretraining without SCA
1798,4.823908805847168,5.7293782234191895,4.823908805847168,6.272304534912109,4.823908805847168,0.9054694175720215,1.4483957290649414,-0.5429263114929199,0.6129032258064516,0.1636363636363636,0.1636363636363636,double_cold,split2028,1,Contact500 pretraining without SCA
1580,4.79587984085083,5.7739105224609375,4.79587984085083,5.442389965057373,4.79587984085083,0.9780306816101074,0.646510124206543,0.33152055740356445,0.5116279069767442,0.7,0.5116279069767442,double_cold,split2028,1,Contact500 pretraining without SCA
2061,5.946921348571777,4.962585926055908,5.946921348571777,5.32433032989502,5.946921348571777,0.9843354225158691,0.6225910186767569,0.3617444038391122,1.0,0.4567901234567901,0.4567901234567901,double_cold,split2028,1,Contact500 pretraining without SCA
2280,5.7695512771606445,5.640244007110596,5.7695512771606445,5.669563293457031,5.7695512771606445,0.12930727005004883,0.09998798370361328,0.029319286346435547,0.5357142857142857,0.1395348837209302,0.1395348837209302,double_cold,split2028,1,Contact500 pretraining without SCA
800,5.3665313720703125,5.1713080406188965,5.3665313720703125,5.643049240112305,5.3665313720703125,0.19522333145141602,0.2765178680419922,-0.08129453659057617,1.0,1.0,1.0,double_cold,split2028,1,Contact500 pretraining without SCA
2277,5.578395843505859,5.828759670257568,5.578395843505859,5.827334880828857,5.578395843505859,0.250363826751709,0.24893903732299805,0.0014247894287109375,0.5357142857142857,0.1395348837209302,0.1395348837209302,double_cold,split2028,1,Contact500 pretraining without SCA
2262,6.707744121551514,5.744350433349609,6.707744121551514,5.761057376861572,6.707744121551514,0.9633936882019043,0.9466867446899414,0.01670694351196289,0.5595238095238095,0.16,0.16,double_cold,split2028,1,Contact500 pretraining without SCA
245,6.903090000152588,5.087103366851807,6.903090000152588,4.427602767944336,6.903090000152588,1.8159866333007812,2.475487232208252,-0.6595005989074707,1.0,0.3703703703703703,0.3703703703703703,double_cold,split2028,1,Contact500 pretraining without SCA
1067,6.732828140258789,6.771201133728027,6.732828140258789,6.517717361450195,6.732828140258789,0.03837299346923828,0.21511077880859375,-0.17673778533935547,0.4788732394366197,0.19,0.19,double_cold,split2028,1,Contact500 pretraining without SCA
2054,6.821022987365723,4.888260364532471,6.821022987365723,4.894166469573975,6.821022987365723,1.932762622833252,1.926856517791748,0.005906105041503906,1.0,0.6363636363636364,0.6363636363636364,double_cold,split2028,1,Contact500 pretraining without SCA
309,5.481485843658447,5.419116973876953,5.481485843658447,5.264018058776856,5.481485843658447,0.06236886978149414,0.2174677848815909,-0.15509891510009677,0.5925925925925926,1.0,0.5925925925925926,double_cold,split2028,1,Contact500 pretraining without SCA
1388,4.705533981323242,6.7492523193359375,4.705533981323242,4.694695472717285,4.705533981323242,2.0437183380126953,0.010838508605957031,2.0328798294067383,0.5074626865671642,0.4021739130434782,0.4021739130434782,double_cold,split2028,1,Contact500 pretraining without SCA
971,5.397940158843994,5.225482940673828,5.397940158843994,5.597574234008789,5.397940158843994,0.17245721817016602,0.19963407516479492,-0.027176856994628906,0.6388888888888888,0.1904761904761904,0.1904761904761904,double_cold,split2028,1,Contact500 pretraining without SCA
1586,3.8728952407836914,6.249565601348877,3.8728952407836914,5.56395959854126,3.8728952407836914,2.3766703605651855,1.6910643577575684,0.6856060028076172,0.5116279069767442,0.676056338028169,0.5116279069767442,double_cold,split2028,1,Contact500 pretraining without SCA
2260,6.79048490524292,5.958399295806885,6.79048490524292,5.761456489562988,6.79048490524292,0.8320856094360352,1.0290284156799316,-0.19694280624389648,0.5357142857142857,0.16,0.16,double_cold,split2028,1,Contact500 pretraining without SCA
207,4.886056423187256,6.1897454261779785,4.886056423187256,6.481681346893311,4.886056423187256,1.3036890029907227,1.5956249237060556,-0.2919359207153329,1.0,0.2962962962962963,0.2962962962962963,double_cold,split2028,1,Contact500 pretraining without SCA
2271,8.749580383300781,5.831338882446289,8.749580383300781,5.70307731628418,8.749580383300781,2.918241500854492,3.0465030670166016,-0.12826156616210938,0.5476190476190477,0.1529411764705882,0.1529411764705882,double_cold,split2028,1,Contact500 pretraining without SCA
1781,4.522878646850586,5.495550632476807,4.522878646850586,4.819090366363525,4.522878646850586,0.9726719856262207,0.29621171951293945,0.6764602661132812,1.0,0.2149532710280373,0.2149532710280373,double_cold,split2028,1,Contact500 pretraining without SCA
1421,6.275723934173584,4.668684482574463,6.275723934173584,3.6643552780151367,6.275723934173584,1.607039451599121,2.6113686561584473,-1.0043292045593262,0.5074626865671642,0.8571428571428571,0.5074626865671642,double_cold,split2028,1,Contact500 pretraining without SCA
2268,8.557519912719727,5.682617664337158,8.557519912719727,5.967429637908936,8.557519912719727,2.8749022483825684,2.59009027481079,0.28481197357177823,0.5476190476190477,0.1627906976744186,0.1627906976744186,double_cold,split2028,1,Contact500 pretraining without SCA
400,8.560667037963867,10.42809772491455,8.560667037963867,8.708965301513672,8.560667037963867,1.8674306869506836,0.1482982635498047,1.719132423400879,0.1366931308249913,0.1773049645390071,0.1366931308249913,double_cold,split2028,1,Contact500 pretraining without SCA
2270,8.008773803710938,5.682285785675049,8.008773803710938,5.799568176269531,8.008773803710938,2.3264880180358887,2.2092056274414062,0.11728239059448242,0.5476190476190477,0.1395348837209302,0.1395348837209302,double_cold,split2028,1,Contact500 pretraining without SCA
711,4.924453258514404,4.759051322937012,4.924453258514404,4.276646614074707,4.924453258514404,0.16540193557739258,0.6478066444396973,-0.4824047088623047,1.0,0.4310344827586206,0.4310344827586206,double_cold,split2028,1,Contact500 pretraining without SCA
1583,4.356547355651856,5.903442859649658,4.356547355651856,5.560603141784668,4.356547355651856,1.5468955039978018,1.2040557861328116,0.34283971786499023,0.5116279069767442,1.0,0.5116279069767442,double_cold,split2028,1,Contact500 pretraining without SCA
783,4.1674909591674805,6.188729286193848,4.1674909591674805,6.441569805145264,4.1674909591674805,2.021238327026367,2.274078845977783,-0.252840518951416,0.5862068965517242,0.2962962962962963,0.2962962962962963,double_cold,split2028,1,Contact500 pretraining without SCA
1777,6.096909999847412,6.771947860717773,6.096909999847412,6.4562835693359375,6.096909999847412,0.6750378608703613,0.3593735694885254,0.31566429138183594,0.5211267605633803,0.2181818181818181,0.2181818181818181,double_cold,split2028,1,Contact500 pretraining without SCA
1765,8.288192749023438,7.270844459533691,8.288192749023438,6.976113796234131,8.288192749023438,1.017348289489746,1.3120789527893066,-0.29473066329956055,0.675,0.5873015873015873,0.5873015873015873,double_cold,split2028,1,Contact500 pretraining without SCA
1767,6.829738140106201,6.805571556091309,6.829738140106201,6.763187408447266,6.829738140106201,0.024166584014892578,0.06655073165893555,-0.04238414764404297,0.65,0.5873015873015873,0.5873015873015873,double_cold,split2028,1,Contact500 pretraining without SCA
243,6.829738140106201,5.241625308990479,6.829738140106201,5.4271159172058105,6.829738140106201,1.5881128311157218,1.4026222229003906,0.18549060821533114,1.0,0.3661971830985915,0.3661971830985915,double_cold,split2028,1,Contact500 pretraining without SCA
1870,6.721246242523193,5.839169025421143,6.721246242523193,5.8416900634765625,6.721246242523193,0.8820772171020508,0.8795561790466309,0.002521038055419922,0.5510204081632653,0.1739130434782608,0.1739130434782608,double_cold,split2028,1,Contact500 pretraining without SCA
1880,7.017728805541992,4.414289474487305,7.017728805541992,5.373760223388672,7.017728805541992,2.6034393310546875,1.6439685821533203,0.9594707489013672,0.4968944099378882,0.1739130434782608,0.1739130434782608,double_cold,split2028,1,Contact500 pretraining without SCA
1052,4.709965229034424,5.869834899902344,4.709965229034424,5.018770217895508,4.709965229034424,1.15986967086792,0.308804988861084,0.8510646820068359,0.6086956521739131,0.1764705882352941,0.1764705882352941,double_cold,split2028,1,Contact500 pretraining without SCA
2072,5.103473663330078,5.875722408294678,5.103473663330078,5.206301689147949,5.103473663330078,0.7722487449645996,0.1028280258178711,0.6694207191467285,0.631578947368421,0.2615384615384615,0.2615384615384615,double_cold,split2028,1,Contact500 pretraining without SCA
2052,6.229147911071777,4.795829772949219,6.229147911071777,5.048365116119385,6.229147911071777,1.4333181381225586,1.1807827949523926,0.252535343170166,1.0,0.379746835443038,0.379746835443038,double_cold,split2028,1,Contact500 pretraining without SCA
794,3.823908805847168,5.319761276245117,3.823908805847168,5.341300964355469,3.823908805847168,1.4958524703979492,1.5173921585083008,-0.021539688110351562,0.6388888888888888,0.8809523809523809,0.6388888888888888,double_cold,split2028,1,Contact500 pretraining without SCA
276,3.259637355804444,4.709376811981201,3.259637355804444,4.257150173187256,3.259637355804444,1.4497394561767574,0.9975128173828121,0.4522266387939453,1.0,0.4137931034482758,0.4137931034482758,double_cold,split2028,1,Contact500 pretraining without SCA
1011,5.292429924011231,4.248513698577881,5.292429924011231,5.756944179534912,5.292429924011231,1.0439162254333505,0.46451425552368075,0.5794019699096697,0.5,0.1506849315068493,0.1506849315068493,double_cold,split2028,1,Contact500 pretraining without SCA
386,7.096909999847412,8.116673469543457,7.096909999847412,5.697904586791992,7.096909999847412,1.019763469696045,1.39900541305542,-0.379241943359375,0.5423728813559322,0.1327433628318584,0.1327433628318584,double_cold,split2028,1,Contact500 pretraining without SCA
1390,4.336298942565918,6.797937870025635,4.336298942565918,4.697389125823975,4.336298942565918,2.461638927459717,0.36109018325805664,2.10054874420166,0.5074626865671642,0.3894736842105263,0.3894736842105263,double_cold,split2028,1,Contact500 pretraining without SCA
1785,4.853871822357178,5.440823554992676,4.853871822357178,4.629007339477539,4.853871822357178,0.586951732635498,0.22486448287963867,0.3620872497558594,1.0,0.2149532710280373,0.2149532710280373,double_cold,split2028,1,Contact500 pretraining without SCA
1007,5.086185932159424,3.631056308746338,5.086185932159424,4.453497886657715,5.086185932159424,1.455129623413086,0.632688045501709,0.822441577911377,0.5,0.1632653061224489,0.1632653061224489,double_cold,split2028,1,Contact500 pretraining without SCA
780,4.6575775146484375,6.19586992263794,4.6575775146484375,6.446370124816895,4.6575775146484375,1.5382924079895028,1.788792610168458,-0.2505002021789551,0.5714285714285714,0.2962962962962963,0.2962962962962963,double_cold,split2028,1,Contact500 pretraining without SCA
277,2.522878646850586,4.75905179977417,2.522878646850586,4.276646614074707,2.522878646850586,2.236173152923584,1.753767967224121,0.4824051856994629,1.0,0.4310344827586206,0.4310344827586206,double_cold,split2028,1,Contact500 pretraining without SCA
970,4.886056423187256,5.03187894821167,4.886056423187256,5.386159896850586,4.886056423187256,0.14582252502441406,0.5001034736633301,-0.354280948638916,0.6388888888888888,0.1923076923076923,0.1923076923076923,double_cold,split2028,1,Contact500 pretraining without SCA
2059,5.924453258514404,4.68450927734375,5.924453258514404,4.823685646057129,5.924453258514404,1.2399439811706543,1.1007676124572754,0.1391763687133789,1.0,0.5072463768115942,0.5072463768115942,double_cold,split2028,1,Contact500 pretraining without SCA
2499,5.522878646850586,5.103400230407715,5.522878646850586,5.665788173675537,5.522878646850586,0.4194784164428711,0.14290952682495117,0.2765688896179199,0.6388888888888888,0.1904761904761904,0.1904761904761904,double_cold,split2028,1,Contact500 pretraining without SCA
1406,4.95078182220459,7.283185958862305,4.95078182220459,7.870575904846191,4.95078182220459,2.332404136657715,2.9197940826416016,-0.5873899459838867,0.4927536231884057,0.3854166666666667,0.3854166666666667,double_cold,split2028,1,Contact500 pretraining without SCA
1873,5.935542106628418,5.573993682861328,5.935542106628418,5.546689510345459,5.935542106628418,0.36154842376708984,0.388852596282959,-0.02730417251586914,0.5510204081632653,0.2,0.2,double_cold,split2028,1,Contact500 pretraining without SCA
1162,7.481485843658447,8.238306045532227,7.481485843658447,6.510977745056152,7.481485843658447,0.7568202018737793,0.9705080986022949,-0.21368789672851562,0.4979919678714859,0.4096385542168674,0.4096385542168674,double_cold,split2028,1,Contact500 pretraining without SCA
2088,5.465973854064941,5.864832401275635,5.465973854064941,5.223721504211426,5.465973854064941,0.39885854721069336,0.24225234985351562,0.15660619735717773,0.6666666666666667,0.2615384615384615,0.2615384615384615,double_cold,split2028,1,Contact500 pretraining without SCA
1575,4.259637355804443,5.179336071014404,4.259637355804443,4.61299467086792,4.259637355804443,0.9196987152099609,0.35335731506347656,0.5663414001464844,0.5925925925925926,0.1797752808988764,0.1797752808988764,double_cold,split2028,1,Contact500 pretraining without SCA
816,5.565750598907471,4.486252784729004,5.565750598907471,5.242373943328857,5.565750598907471,1.0794978141784668,0.3233766555786133,0.7561211585998535,0.4848484848484848,1.0,0.4848484848484848,double_cold,split2028,1,Contact500 pretraining without SCA
2276,6.351640224456787,5.97765064239502,6.351640224456787,5.730450630187988,6.351640224456787,0.3739895820617667,0.6211895942687988,-0.24720001220703214,0.5357142857142857,0.1529411764705882,0.1529411764705882,double_cold,split2028,1,Contact500 pretraining without SCA
1784,5.0,6.205876350402832,5.0,6.35823392868042,5.0,1.205876350402832,1.35823392868042,-0.1523575782775879,1.0,0.2142857142857142,0.2142857142857142,double_cold,split2028,1,Contact500 pretraining without SCA
2264,8.58004379272461,5.657829284667969,8.58004379272461,5.746644496917725,8.58004379272461,2.9222145080566406,2.8333992958068848,0.08881521224975586,0.5357142857142857,0.16,0.16,double_cold,split2028,1,Contact500 pretraining without SCA
1581,4.6575775146484375,6.86915922164917,4.6575775146484375,6.835432529449463,4.6575775146484375,2.2115817070007324,2.1778550148010254,0.03372669219970703,0.5116279069767442,0.4666666666666667,0.4666666666666667,double_cold,split2028,1,Contact500 pretraining without SCA
1032,5.346787452697754,6.250024795532227,5.346787452697754,5.540077209472656,5.346787452697754,0.9032373428344727,0.19328975677490234,0.7099475860595703,0.5555555555555556,0.1764705882352941,0.1764705882352941,double_cold,split2028,1,Contact500 pretraining without SCA
2267,8.705533981323242,5.608240604400635,8.705533981323242,5.645011425018311,8.705533981323242,3.0972933769226074,3.0605225563049308,0.03677082061767667,0.5476190476190477,0.1463414634146341,0.1463414634146341,double_cold,split2028,1,Contact500 pretraining without SCA
1887,7.0,5.47540807723999,7.0,4.061420917510986,7.0,1.5245919227600098,2.9385790824890137,-1.413987159729004,0.4039900249376559,0.2207792207792207,0.2207792207792207,double_cold,split2028,1,Contact500 pretraining without SCA
912,4.79587984085083,5.55705451965332,4.79587984085083,5.277880668640137,4.79587984085083,0.7611746788024902,0.48200082778930664,0.2791738510131836,0.5714285714285714,0.3541666666666667,0.3541666666666667,double_cold,split2028,1,Contact500 pretraining without SCA
1773,7.744727611541748,7.245106697082519,7.744727611541748,7.022934436798096,7.744727611541748,0.4996209144592294,0.7217931747436523,-0.22217226028442294,0.65,0.5873015873015873,0.5873015873015873,double_cold,split2028,1,Contact500 pretraining without SCA
1108,3.698970079421997,5.492611885070801,3.698970079421997,6.730770111083984,3.698970079421997,1.7936418056488037,3.0318000316619873,-1.2381582260131836,0.5,0.2307692307692307,0.2307692307692307,double_cold,split2028,1,Contact500 pretraining without SCA
1036,5.0,6.250024795532227,5.0,5.540077209472656,5.0,1.2500247955322266,0.5400772094726562,0.7099475860595703,0.5555555555555556,0.1764705882352941,0.1764705882352941,double_cold,split2028,1,Contact500 pretraining without SCA
1597,4.026872158050537,5.895709991455078,4.026872158050537,5.924229145050049,4.026872158050537,1.868837833404541,1.8973569869995117,-0.028519153594970703,0.5,1.0,0.5,double_cold,split2028,1,Contact500 pretraining without SCA
1261,6.03245210647583,5.896872043609619,6.03245210647583,6.063582897186279,6.03245210647583,0.13558006286621094,0.03113079071044922,0.10444927215576172,0.5806451612903225,0.2653061224489796,0.2653061224489796,double_cold,split2028,1,Contact500 pretraining without SCA
2084,5.455932140350342,5.35786247253418,5.455932140350342,5.256693840026856,5.455932140350342,0.09806966781616211,0.19923830032348544,-0.10116863250732333,0.6470588235294117,0.2615384615384615,0.2615384615384615,double_cold,split2028,1,Contact500 pretraining without SCA
2171,4.721246242523193,6.312534332275391,4.721246242523193,6.427314758300781,4.721246242523193,1.5912880897521973,1.706068515777588,-0.11478042602539062,0.5555555555555556,0.5873015873015873,0.5555555555555556,double_cold,split2028,1,Contact500 pretraining without SCA
1591,4.853871822357178,6.170538902282715,4.853871822357178,6.01410722732544,4.853871822357178,1.316667079925537,1.1602354049682626,0.1564316749572745,0.5,1.0,0.5,double_cold,split2028,1,Contact500 pretraining without SCA
792,4.4202165603637695,6.312265872955322,4.4202165603637695,6.539302349090576,4.4202165603637695,1.8920493125915527,2.1190857887268066,-0.2270364761352539,0.6388888888888888,0.5873015873015873,0.5873015873015873,double_cold,split2028,1,Contact500 pretraining without SCA
254,3.744727611541748,4.895644187927246,3.744727611541748,5.014868259429932,3.744727611541748,1.150916576385498,1.2701406478881836,-0.11922407150268555,1.0,0.5737704918032787,0.5737704918032787,double_cold,split2028,1,Contact500 pretraining without SCA
1252,4.756961822509766,5.207192897796631,4.756961822509766,5.284014225006104,4.756961822509766,0.45023107528686523,0.5270524024963388,-0.07682132720947354,1.0,0.2584269662921348,0.2584269662921348,double_cold,split2028,1,Contact500 pretraining without SCA
274,2.301029920578003,4.561246395111084,2.301029920578003,4.727349758148193,2.301029920578003,2.260216474533081,2.4263198375701904,-0.16610336303710938,1.0,0.3859649122807017,0.3859649122807017,double_cold,split2028,1,Contact500 pretraining without SCA
1881,6.7695512771606445,3.9808521270751953,6.7695512771606445,3.504923820495605,6.7695512771606445,2.788699150085449,3.2646274566650395,-0.4759283065795903,0.4968944099378882,0.2207792207792207,0.2207792207792207,double_cold,split2028,1,Contact500 pretraining without SCA
420,7.954677104949951,9.955219268798828,7.954677104949951,6.419544696807861,7.954677104949951,2.000542163848877,1.5351324081420898,0.4654097557067871,0.1366931308249913,0.1530612244897959,0.1366931308249913,double_cold,split2028,1,Contact500 pretraining without SCA
2498,4.79587984085083,4.913083076477051,4.79587984085083,5.33359432220459,4.79587984085083,0.1172032356262207,0.5377144813537598,-0.42051124572753906,0.6388888888888888,0.1923076923076923,0.1923076923076923,double_cold,split2028,1,Contact500 pretraining without SCA
1386,4.79587984085083,6.866150379180908,4.79587984085083,6.820934295654297,4.79587984085083,2.070270538330078,2.025054454803467,0.04521608352661133,0.5074626865671642,0.3854166666666667,0.3854166666666667,double_cold,split2028,1,Contact500 pretraining without SCA
2050,6.721246242523193,4.915965080261231,6.721246242523193,5.282845497131348,6.721246242523193,1.805281162261962,1.4384007453918457,0.3668804168701163,1.0,0.4057971014492754,0.4057971014492754,double_cold,split2028,1,Contact500 pretraining without SCA
1598,3.9393022060394287,6.248456001281738,3.9393022060394287,5.736255168914795,3.9393022060394287,2.3091537952423096,1.7969529628753662,0.5122008323669434,0.5,0.676056338028169,0.5,double_cold,split2028,1,Contact500 pretraining without SCA
713,4.593459606170654,4.9541192054748535,4.593459606170654,5.057629585266113,4.593459606170654,0.3606595993041992,0.464169979095459,-0.10351037979125977,1.0,0.1864406779661017,0.1864406779661017,double_cold,split2028,1,Contact500 pretraining without SCA
927,5.221848964691162,5.726188659667969,5.221848964691162,4.835223197937012,5.221848964691162,0.5043396949768066,0.3866257667541504,0.11771392822265625,0.6190476190476191,0.3541666666666667,0.3541666666666667,double_cold,split2028,1,Contact500 pretraining without SCA
1769,7.744727611541748,7.262870788574219,7.744727611541748,6.96459436416626,7.744727611541748,0.4818568229675293,0.7801332473754883,-0.298276424407959,0.65,0.5873015873015873,0.5873015873015873,double_cold,split2028,1,Contact500 pretraining without SCA
2497,4.92081880569458,4.912174224853516,4.92081880569458,5.313562870025635,4.92081880569458,0.008644580841064453,0.3927440643310547,-0.38409948348999023,0.6388888888888888,0.1923076923076923,0.1923076923076923,double_cold,split2028,1,Contact500 pretraining without SCA
923,3.602060079574585,5.991833686828613,3.602060079574585,5.191080093383789,3.602060079574585,2.3897736072540283,1.589020013809204,0.8007535934448242,0.6470588235294117,0.0,0.0,double_cold,split2028,1,Contact500 pretraining without SCA
1563,5.522878646850586,4.276479721069336,5.522878646850586,5.223237991333008,5.522878646850586,1.24639892578125,0.2996406555175781,0.9467582702636719,0.5555555555555556,0.1964285714285714,0.1964285714285714,double_cold,split2028,1,Contact500 pretraining without SCA
1419,2.50307035446167,6.124447822570801,2.50307035446167,6.503970146179199,2.50307035446167,3.621377468109131,4.000899791717529,-0.37952232360839844,0.4927536231884057,0.2989690721649484,0.2989690721649484,double_cold,split2028,1,Contact500 pretraining without SCA
1782,5.096909999847412,5.913330554962158,5.096909999847412,5.126409530639648,5.096909999847412,0.8164205551147461,0.029499530792236328,0.7869210243225098,1.0,0.2201834862385321,0.2201834862385321,double_cold,split2028,1,Contact500 pretraining without SCA
1048,5.337242126464844,6.423364639282227,5.337242126464844,5.499662399291992,5.337242126464844,1.0861225128173828,0.16242027282714844,0.9237022399902344,0.5789473684210527,0.1764705882352941,0.1764705882352941,double_cold,split2028,1,Contact500 pretraining without SCA
2173,4.958607196807861,5.143924713134766,4.958607196807861,3.5360300540924072,4.958607196807861,0.1853175163269043,1.422577142715454,-1.2372596263885498,0.5555555555555556,0.7555555555555555,0.5555555555555556,double_cold,split2028,1,Contact500 pretraining without SCA
1886,7.148741722106934,5.8868584632873535,7.148741722106934,5.887727737426758,7.148741722106934,1.26188325881958,1.2610139846801758,0.0008692741394042969,0.4039900249376559,0.1739130434782608,0.1739130434782608,double_cold,split2028,1,Contact500 pretraining without SCA
710,5.844664096832275,4.864902973175049,5.844664096832275,4.893434047698975,5.844664096832275,0.9797611236572266,0.9512300491333008,0.02853107452392578,1.0,0.1846153846153846,0.1846153846153846,double_cold,split2028,1,Contact500 pretraining without SCA
2266,9.24184513092041,5.801555156707764,9.24184513092041,5.684765815734863,9.24184513092041,3.4402899742126465,3.557079315185547,-0.11678934097290039,0.5476190476190477,0.1568627450980392,0.1568627450980392,double_cold,split2028,1,Contact500 pretraining without SCA
922,5.221848964691162,5.750555038452148,5.221848964691162,4.901692867279053,5.221848964691162,0.5287060737609863,0.3201560974121094,0.20854997634887695,0.6470588235294117,0.3541666666666667,0.3541666666666667,double_cold,split2028,1,Contact500 pretraining without SCA
1262,5.430625915527344,5.666076183319092,5.430625915527344,6.664789199829102,5.430625915527344,0.23545026779174805,1.2341632843017578,-0.9987130165100098,0.6111111111111112,0.2653061224489796,0.2653061224489796,double_cold,split2028,1,Contact500 pretraining without SCA
2408,4.853871822357178,4.556009769439697,4.853871822357178,4.746996402740479,4.853871822357178,0.29786205291748047,0.10687541961669833,0.19098663330078214,0.6086956521739131,0.1311475409836065,0.1311475409836065,double_cold,split2028,1,Contact500 pretraining without SCA
1403,3.681936740875244,6.66499137878418,3.681936740875244,6.647549629211426,3.681936740875244,2.9830546379089355,2.9656128883361816,0.017441749572753906,0.5074626865671642,0.4666666666666667,0.4666666666666667,double_cold,split2028,1,Contact500 pretraining without SCA
1593,4.638272285461426,6.868494987487793,4.638272285461426,7.068487644195557,4.638272285461426,2.230222702026367,2.430215358734131,-0.19999265670776367,0.5,0.4666666666666667,0.4666666666666667,double_cold,split2028,1,Contact500 pretraining without SCA
234,5.812479496002197,5.680228233337402,5.812479496002197,5.623421669006348,5.812479496002197,0.13225126266479492,0.1890578269958496,-0.05680656433105469,1.0,1.0,1.0,double_cold,split2028,1,Contact500 pretraining without SCA
1233,5.6575775146484375,4.481112003326416,5.6575775146484375,5.161845684051514,5.6575775146484375,1.1764655113220215,0.49573183059692383,0.6807336807250977,0.6578947368421053,0.2666666666666666,0.2666666666666666,double_cold,split2028,1,Contact500 pretraining without SCA
798,5.619788646697998,5.75969934463501,5.619788646697998,5.698374271392822,5.619788646697998,0.13991069793701172,0.07858562469482422,0.0613250732421875,1.0,0.676056338028169,0.676056338028169,double_cold,split2028,1,Contact500 pretraining without SCA
797,3.1191864013671875,5.593123435974121,3.1191864013671875,5.577415943145752,3.1191864013671875,2.4739370346069336,2.4582295417785645,0.01570749282836914,0.6388888888888888,1.0,0.6388888888888888,double_cold,split2028,1,Contact500 pretraining without SCA
1014,4.92081880569458,3.904129028320313,4.92081880569458,4.192216873168945,4.92081880569458,1.0166897773742671,0.7286019325256348,0.28808784484863237,0.5,0.2087912087912088,0.2087912087912088,double_cold,split2028,1,Contact500 pretraining without SCA
2458,5.61475133895874,4.796553611755371,5.61475133895874,5.397549629211426,5.61475133895874,0.8181977272033691,0.21720170974731445,0.6009960174560547,0.5151515151515151,0.8809523809523809,0.5151515151515151,double_cold,split2028,1,Contact500 pretraining without SCA
279,2.301029920578003,4.788187980651856,2.301029920578003,4.413852214813232,2.301029920578003,2.4871580600738534,2.1128222942352295,0.37433576583862394,1.0,0.3666666666666666,0.3666666666666666,double_cold,split2028,1,Contact500 pretraining without SCA
275,2.301029920578003,4.6432061195373535,2.301029920578003,4.710249900817871,2.301029920578003,2.3421761989593506,2.409219980239868,-0.06704378128051758,1.0,0.365079365079365,0.365079365079365,double_cold,split2028,1,Contact500 pretraining without SCA
2076,5.340083599090576,5.974655628204346,5.340083599090576,5.012976169586182,5.340083599090576,0.6345720291137695,0.32710742950439453,0.307464599609375,0.625,0.2615384615384615,0.2615384615384615,double_cold,split2028,1,Contact500 pretraining without SCA
391,8.698969841003418,9.13851547241211,8.698969841003418,7.548779964447021,8.698969841003418,0.4395456314086914,1.1501898765563974,-0.710644245147706,0.1366931308249913,0.16,0.1366931308249913,double_cold,split2028,1,Contact500 pretraining without SCA
1579,4.823908805847168,6.171674728393555,4.823908805847168,5.770440101623535,4.823908805847168,1.3477659225463867,0.9465312957763672,0.40123462677001953,0.5116279069767442,1.0,0.5116279069767442,double_cold,split2028,1,Contact500 pretraining without SCA
1422,5.93930196762085,5.528712272644043,5.93930196762085,5.5725860595703125,5.93930196762085,0.41058969497680664,0.3667159080505371,0.04387378692626953,0.5074626865671642,0.1666666666666666,0.1666666666666666,double_cold,split2028,1,Contact500 pretraining without SCA
1797,6.92081880569458,5.7293782234191895,6.92081880569458,6.272304534912109,6.92081880569458,1.1914405822753906,0.6485142707824707,0.5429263114929199,0.6129032258064516,0.1636363636363636,0.1636363636363636,double_cold,split2028,1,Contact500 pretraining without SCA
1505,5.229147911071777,5.639533996582031,5.229147911071777,6.141153812408447,5.229147911071777,0.4103860855102539,0.9120059013366699,-0.501619815826416,0.5454545454545454,0.1304347826086956,0.1304347826086956,double_cold,split2028,1,Contact500 pretraining without SCA
2265,8.772112846374512,5.780204772949219,8.772112846374512,5.746945858001709,8.772112846374512,2.991908073425293,3.0251669883728027,-0.033258914947509766,0.5476190476190477,0.16,0.16,double_cold,split2028,1,Contact500 pretraining without SCA
2269,9.004364967346191,5.705314159393311,9.004364967346191,5.686532497406006,9.004364967346191,3.29905080795288,3.3178324699401855,-0.018781661987305576,0.5476190476190477,0.1447368421052631,0.1447368421052631,double_cold,split2028,1,Contact500 pretraining without SCA
1595,4.346787452697754,5.902186393737793,4.346787452697754,5.799328804016113,4.346787452697754,1.555398941040039,1.4525413513183594,0.10285758972167969,0.5,1.0,0.5,double_cold,split2028,1,Contact500 pretraining without SCA
2186,5.568636417388916,6.138185501098633,5.568636417388916,6.708044052124023,5.568636417388916,0.5695490837097168,1.1394076347351074,-0.5698585510253906,0.5625,0.5873015873015873,0.5625,double_cold,split2028,1,Contact500 pretraining without SCA
1871,6.508638381958008,5.434053421020508,6.508638381958008,4.075371265411377,6.508638381958008,1.0745849609375,2.433267116546631,-1.3586821556091309,0.5510204081632653,0.2207792207792207,0.2207792207792207,double_cold,split2028,1,Contact500 pretraining without SCA
1776,5.522878646850586,6.431593894958496,5.522878646850586,6.130523204803467,5.522878646850586,0.9087152481079102,0.6076445579528809,0.3010706901550293,0.5211267605633803,0.2,0.2,double_cold,split2028,1,Contact500 pretraining without SCA
2500,5.79587984085083,5.104167461395264,5.79587984085083,5.116665363311768,5.79587984085083,0.6917123794555664,0.6792144775390625,0.012497901916503906,0.6388888888888888,0.1904761904761904,0.1904761904761904,double_cold,split2028,1,Contact500 pretraining without SCA
244,6.7931742668151855,5.26114559173584,6.7931742668151855,5.433382034301758,6.7931742668151855,1.5320286750793457,1.3597922325134277,0.17223644256591797,1.0,0.3661971830985915,0.3661971830985915,double_cold,split2028,1,Contact500 pretraining without SCA
1883,7.055517196655273,5.072661876678467,7.055517196655273,5.681532859802246,7.055517196655273,1.9828553199768066,1.3739843368530273,0.6088709831237793,0.4435897435897435,0.1739130434782608,0.1739130434782608,double_cold,split2028,1,Contact500 pretraining without SCA
310,4.522878646850586,10.971248626708984,4.522878646850586,9.179322242736816,4.522878646850586,6.448369979858398,4.6564435958862305,1.791926383972168,0.1363636363636363,0.1461988304093567,0.1363636363636363,double_cold,split2028,1,Contact500 pretraining without SCA
796,3.92081880569458,5.082416534423828,3.92081880569458,5.5744733810424805,3.92081880569458,1.161597728729248,1.6536545753479004,-0.49205684661865234,0.6388888888888888,1.0,0.6388888888888888,double_cold,split2028,1,Contact500 pretraining without SCA
1786,4.886056423187256,5.837540626525879,4.886056423187256,5.742040634155273,4.886056423187256,0.951484203338623,0.8559842109680176,0.09549999237060547,1.0,0.2201834862385321,0.2201834862385321,double_cold,split2028,1,Contact500 pretraining without SCA
1411,4.636387825012207,7.327296733856201,4.636387825012207,8.020174980163574,4.636387825012207,2.690908908843994,3.383787155151367,-0.692878246307373,0.4927536231884057,0.3737373737373737,0.3737373737373737,double_cold,split2028,1,Contact500 pretraining without SCA
2273,6.262012481689453,5.610887050628662,6.262012481689453,5.622657775878906,6.262012481689453,0.651125431060791,0.6393547058105469,0.01177072525024414,0.5476190476190477,0.1585365853658536,0.1585365853658536,double_cold,split2028,1,Contact500 pretraining without SCA
1775,4.537601947784424,6.472661972045898,4.537601947784424,6.2498860359191895,4.537601947784424,1.9350600242614746,1.7122840881347656,0.22277593612670898,0.5211267605633803,0.3428571428571428,0.3428571428571428,double_cold,split2028,1,Contact500 pretraining without SCA
1398,4.586700439453125,6.91355037689209,4.586700439453125,6.549844264984131,4.586700439453125,2.326849937438965,1.9631438255310059,0.363706111907959,0.5074626865671642,0.37,0.37,double_cold,split2028,1,Contact500 pretraining without SCA
2188,4.92081880569458,4.960197925567627,4.92081880569458,3.5406582355499268,4.92081880569458,0.039379119873046875,1.3801605701446533,-1.3407814502716064,0.5625,0.7555555555555555,0.5625,double_cold,split2028,1,Contact500 pretraining without SCA
2191,5.744727611541748,4.960102081298828,5.744727611541748,3.796353340148926,5.744727611541748,0.7846255302429199,1.9483742713928223,-1.1637487411499023,0.5625,0.8809523809523809,0.5625,double_cold,split2028,1,Contact500 pretraining without SCA
942,6.823908805847168,4.502865314483643,6.823908805847168,5.0493268966674805,6.823908805847168,2.3210434913635254,1.7745819091796875,0.5464615821838379,0.9090909090909092,1.0,0.9090909090909092,double_cold,split2028,1,Contact500 pretraining without SCA
752,5.180456161499023,5.118408203125,5.180456161499023,5.401038646697998,5.180456161499023,0.06204795837402344,0.2205824851989746,-0.15853452682495117,0.6388888888888888,0.1923076923076923,0.1923076923076923,double_cold,split2028,1,Contact500 pretraining without SCA
793,3.6777806282043457,5.3195343017578125,3.6777806282043457,5.341487407684326,3.6777806282043457,1.6417536735534668,1.6637067794799805,-0.021953105926513672,0.6388888888888888,1.0,0.6388888888888888,double_cold,split2028,1,Contact500 pretraining without SCA
1405,3.1687703132629395,5.666915893554688,3.1687703132629395,5.712347984313965,3.1687703132629395,2.498145580291749,2.5435776710510254,-0.045432090759276456,0.5074626865671642,0.2989690721649484,0.2989690721649484,double_cold,split2028,1,Contact500 pretraining without SCA
909,5.036211967468262,5.215476989746094,5.036211967468262,5.354133129119873,5.036211967468262,0.17926502227783203,0.31792116165161133,-0.1386561393737793,0.5428571428571429,0.1891891891891892,0.1891891891891892,double_cold,split2028,1,Contact500 pretraining without SCA
1257,3.799970626831055,4.450798988342285,3.799970626831055,5.358867168426514,3.799970626831055,0.65082836151123,1.5588965415954585,-0.9080681800842285,1.0,0.360655737704918,0.360655737704918,double_cold,split2028,1,Contact500 pretraining without SCA
2053,6.32239294052124,4.815228462219238,6.32239294052124,5.134371280670166,6.32239294052124,1.507164478302002,1.1880216598510742,0.31914281845092773,1.0,0.4545454545454545,0.4545454545454545,double_cold,split2028,1,Contact500 pretraining without SCA
753,6.045757293701172,5.311878204345703,6.045757293701172,5.713762283325195,6.045757293701172,0.7338790893554688,0.33199501037597656,0.4018840789794922,0.6388888888888888,0.1904761904761904,0.1904761904761904,double_cold,split2028,1,Contact500 pretraining without SCA
1585,3.995678663253784,5.896961688995361,3.995678663253784,5.680298805236816,3.995678663253784,1.9012830257415771,1.6846201419830322,0.21666288375854492,0.5116279069767442,1.0,0.5116279069767442,double_cold,split2028,1,Contact500 pretraining without SCA
1184,5.0,4.389246463775635,5.0,5.200779914855957,5.0,0.6107535362243652,0.20077991485595703,0.4099736213684082,0.5098039215686274,0.1636363636363636,0.1636363636363636,double_cold,split2028,1,Contact500 pretraining without SCA
2176,5.30980396270752,5.14382791519165,5.30980396270752,3.716956377029419,5.30980396270752,0.16597604751587003,1.5928475856781015,-1.4268715381622314,0.5555555555555556,0.8809523809523809,0.5555555555555556,double_cold,split2028,1,Contact500 pretraining without SCA
1263,4.673664093017578,5.653027534484863,4.673664093017578,5.425812721252441,4.673664093017578,0.9793634414672852,0.7521486282348633,0.22721481323242188,0.6071428571428572,0.2653061224489796,0.2653061224489796,double_cold,split2028,1,Contact500 pretraining without SCA
39,4.0,7.662356376647949,4.0,4.8262457847595215,4.0,3.662356376647949,0.8262457847595215,2.8361105918884277,0.4924242424242424,0.1643835616438356,0.1643835616438356,double_cold,split2028,1,Contact500 pretraining without SCA
2283,5.590066909790039,5.614480972290039,5.590066909790039,5.826616287231445,5.590066909790039,0.0244140625,0.23654937744140625,-0.21213531494140625,0.5595238095238095,0.1395348837209302,0.1395348837209302,double_cold,split2028,1,Contact500 pretraining without SCA
1256,3.942333936691284,4.434037685394287,3.942333936691284,6.274915218353272,3.942333936691284,0.49170374870300293,2.332581281661988,-1.8408775329589853,1.0,0.360655737704918,0.360655737704918,double_cold,split2028,1,Contact500 pretraining without SCA
1884,6.958607196807861,4.64978551864624,6.958607196807861,3.7824904918670654,6.958607196807861,2.308821678161621,3.176116704940796,-0.8672950267791748,0.4435897435897435,0.2207792207792207,0.2207792207792207,double_cold,split2028,1,Contact500 pretraining without SCA
1015,2.955068349838257,3.7528905868530273,2.955068349838257,4.16908073425293,2.955068349838257,0.7978222370147705,1.2140123844146729,-0.41619014739990234,0.5,0.4098360655737705,0.4098360655737705,double_cold,split2028,1,Contact500 pretraining without SCA
2055,5.473660945892334,5.056772232055664,5.473660945892334,5.50740909576416,5.473660945892334,0.4168887138366699,0.03374814987182617,0.38314056396484375,1.0,0.4390243902439024,0.4390243902439024,double_cold,split2028,1,Contact500 pretraining without SCA
1412,4.374687671661377,7.349627494812012,4.374687671661377,7.317083358764648,4.374687671661377,2.9749398231506348,2.9423956871032715,0.03254413604736328,0.4927536231884057,0.37,0.37,double_cold,split2028,1,Contact500 pretraining without SCA
1079,6.673664093017578,6.509424209594727,6.673664093017578,6.722917556762695,6.673664093017578,0.16423988342285156,0.04925346374511719,0.11498641967773438,0.5555555555555556,0.2248062015503876,0.2248062015503876,double_cold,split2028,1,Contact500 pretraining without SCA
2049,6.065501689910889,4.746723175048828,6.065501689910889,4.899934768676758,6.065501689910889,1.3187785148620605,1.1655669212341309,0.1532115936279297,1.0,0.4307692307692308,0.4307692307692308,double_cold,split2028,1,Contact500 pretraining without SCA
independent_000,7.066006660461426,5.24773645401001,7.066006660461426,5.471197605133057,7.066006660461426,1.818270206451416,1.5948090553283691,0.22346115112304688,1.0,1.0,1.0,independent,seed1,1,Contact500 pretraining without SCA
independent_001,5.436519145965576,5.242579460144043,5.436519145965576,5.44821834564209,5.436519145965576,0.1939396858215332,0.011699199676513672,0.18224048614501953,1.0,1.0,1.0,independent,seed1,1,Contact500 pretraining without SCA
independent_002,5.407490253448486,4.8656840324401855,5.407490253448486,5.054661273956299,5.407490253448486,0.5418062210083008,0.3528289794921875,0.18897724151611328,1.0,1.0,1.0,independent,seed1,1,Contact500 pretraining without SCA
independent_003,4.958607196807861,5.359667778015137,4.958607196807861,5.605078220367432,4.958607196807861,0.4010605812072754,0.6464710235595703,-0.24541044235229492,1.0,0.8870967741935484,0.8870967741935484,independent,seed1,1,Contact500 pretraining without SCA
independent_004,5.449771881103516,4.981662273406982,5.449771881103516,5.282786846160889,5.449771881103516,0.4681096076965332,0.16698503494262695,0.30112457275390625,1.0,1.0,1.0,independent,seed1,1,Contact500 pretraining without SCA
independent_005,5.4202165603637695,4.798640727996826,5.4202165603637695,5.336165904998779,5.4202165603637695,0.6215758323669434,0.08405065536499023,0.5375251770019531,1.0,0.7,0.7,independent,seed1,1,Contact500 pretraining without SCA
independent_006,5.587371349334717,4.345903396606445,5.587371349334717,4.346850872039795,5.587371349334717,1.2414679527282715,1.2405204772949219,0.0009474754333496094,1.0,1.0,1.0,independent,seed1,1,Contact500 pretraining without SCA
independent_007,4.91904878616333,5.079959869384766,4.91904878616333,5.349546432495117,4.91904878616333,0.16091108322143555,0.4304976463317871,-0.26958656311035156,1.0,1.0,1.0,independent,seed1,1,Contact500 pretraining without SCA
independent_008,4.804100513458252,5.341156482696533,4.804100513458252,5.540287971496582,4.804100513458252,0.5370559692382812,0.7361874580383301,-0.19913148880004883,1.0,1.0,1.0,independent,seed1,1,Contact500 pretraining without SCA
independent_009,3.4846999645233154,4.24583625793457,3.4846999645233154,4.639748573303223,3.4846999645233154,0.7611362934112549,1.1550486087799072,-0.39391231536865234,1.0,0.4565217391304347,0.4565217391304347,independent,seed1,1,Contact500 pretraining without SCA
independent_010,5.245116710662842,4.2458176612854,5.245116710662842,4.806483745574951,5.245116710662842,0.9992990493774414,0.4386329650878906,0.5606660842895508,1.0,0.4375,0.4375,independent,seed1,1,Contact500 pretraining without SCA
independent_011,3.046675205230713,4.688549041748047,3.046675205230713,4.837472438812256,3.046675205230713,1.641873836517334,1.790797233581543,-0.14892339706420898,1.0,0.2786885245901639,0.2786885245901639,independent,seed1,1,Contact500 pretraining without SCA
independent_012,4.432033061981201,4.540380954742432,4.432033061981201,4.880525588989258,4.432033061981201,0.10834789276123047,0.44849252700805664,-0.34014463424682617,1.0,0.3620689655172414,0.3620689655172414,independent,seed1,1,Contact500 pretraining without SCA
independent_013,3.625985145568848,4.96907901763916,3.625985145568848,4.787597179412842,3.625985145568848,1.343093872070312,1.1616120338439937,0.18148183822631836,1.0,0.2428571428571428,0.2428571428571428,independent,seed1,1,Contact500 pretraining without SCA
independent_014,2.70524001121521,4.582688331604004,2.70524001121521,4.889122009277344,2.70524001121521,1.877448320388794,2.183881998062134,-0.30643367767333984,1.0,0.2833333333333333,0.2833333333333333,independent,seed1,1,Contact500 pretraining without SCA
independent_015,4.63469934463501,4.830671787261963,4.63469934463501,5.1835246086120605,4.63469934463501,0.19597244262695312,0.5488252639770508,-0.35285282135009766,1.0,0.25,0.25,independent,seed1,1,Contact500 pretraining without SCA
independent_016,4.488183498382568,4.934683322906494,4.488183498382568,4.632397651672363,4.488183498382568,0.4464998245239258,0.14421415328979492,0.30228567123413086,1.0,0.2297297297297297,0.2297297297297297,independent,seed1,1,Contact500 pretraining without SCA
independent_017,4.488584518432617,4.924680233001709,4.488584518432617,4.500993728637695,4.488584518432617,0.4360957145690918,0.012409210205078125,0.42368650436401367,1.0,0.2266666666666666,0.2266666666666666,independent,seed1,1,Contact500 pretraining without SCA
independent_018,4.5743842124938965,5.290795803070068,4.5743842124938965,5.135156154632568,4.5743842124938965,0.7164115905761719,0.5607719421386719,0.1556396484375,1.0,0.1847826086956521,0.1847826086956521,independent,seed1,1,Contact500 pretraining without SCA
independent_019,4.9018754959106445,5.155890941619873,4.9018754959106445,4.9404802322387695,4.9018754959106445,0.2540154457092285,0.038604736328125,0.21541070938110352,1.0,0.2117647058823529,0.2117647058823529,independent,seed1,1,Contact500 pretraining without SCA
independent_020,6.178486347198486,5.034975051879883,6.178486347198486,5.043184280395508,6.178486347198486,1.1435112953186035,1.1353020668029785,0.008209228515625,1.0,0.2571428571428571,0.2571428571428571,independent,seed1,1,Contact500 pretraining without SCA
independent_021,6.521433353424072,4.750181674957275,6.521433353424072,5.295145511627197,6.521433353424072,1.7712516784667969,1.226287841796875,0.5449638366699219,1.0,1.0,1.0,independent,seed1,1,Contact500 pretraining without SCA
independent_022,6.946921348571777,5.062438011169434,6.946921348571777,5.0633864402771,6.946921348571777,1.8844833374023438,1.8835349082946777,0.0009484291076660156,1.0,0.2461538461538461,0.2461538461538461,independent,seed1,1,Contact500 pretraining without SCA
independent_023,7.101274967193604,5.062134265899658,7.101274967193604,5.063272476196289,7.101274967193604,2.039140701293946,2.0380024909973153,0.0011382102966308594,1.0,0.2419354838709677,0.2419354838709677,independent,seed1,1,Contact500 pretraining without SCA
independent_024,5.599116802215576,4.599877834320068,5.599116802215576,4.5022406578063965,5.599116802215576,0.9992389678955078,1.0968761444091797,-0.09763717651367188,1.0,0.2,0.2,independent,seed1,1,Contact500 pretraining without SCA
independent_025,5.958607196807861,4.74774694442749,5.958607196807861,5.129167556762695,5.958607196807861,1.210860252380371,0.829439640045166,0.3814206123352051,1.0,0.196078431372549,0.196078431372549,independent,seed1,1,Contact500 pretraining without SCA
independent_026,5.141101837158203,5.322896480560303,5.141101837158203,5.191339015960693,5.141101837158203,0.1817946434020996,0.050237178802490234,0.13155746459960938,1.0,0.175,0.175,independent,seed1,1,Contact500 pretraining without SCA
independent_027,4.343451499938965,5.105558395385742,4.343451499938965,5.0545806884765625,4.343451499938965,0.7621068954467773,0.7111291885375977,0.05097770690917969,1.0,0.2297297297297297,0.2297297297297297,independent,seed1,1,Contact500 pretraining without SCA
independent_028,4.058279991149902,5.17069673538208,4.058279991149902,5.17885684967041,4.058279991149902,1.1124167442321777,1.1205768585205078,-0.008160114288330078,1.0,0.2207792207792207,0.2207792207792207,independent,seed1,1,Contact500 pretraining without SCA
independent_029,3.774083614349365,5.094296932220459,3.774083614349365,5.075389385223389,3.774083614349365,1.3202133178710942,1.3013057708740239,0.018907546997070312,1.0,0.2179487179487179,0.2179487179487179,independent,seed1,1,Contact500 pretraining without SCA
independent_030,4.487315654754639,5.16728401184082,4.487315654754639,5.274206161499023,4.487315654754639,0.6799683570861816,0.7868905067443848,-0.10692214965820312,1.0,0.2207792207792207,0.2207792207792207,independent,seed1,1,Contact500 pretraining without SCA
independent_031,3.125309467315674,4.862634181976318,3.125309467315674,4.404145240783691,3.125309467315674,1.7373247146606445,1.2788357734680176,0.45848894119262695,1.0,0.2571428571428571,0.2571428571428571,independent,seed1,1,Contact500 pretraining without SCA
independent_032,3.2134792804718018,4.929107189178467,3.2134792804718018,4.543052673339844,3.2134792804718018,1.715627908706665,1.329573392868042,0.38605451583862305,1.0,0.2537313432835821,0.2537313432835821,independent,seed1,1,Contact500 pretraining without SCA
independent_033,5.063486099243164,5.1456618309021,5.063486099243164,5.0355095863342285,5.063486099243164,0.08217573165893555,0.027976512908935547,0.05419921875,1.0,0.75,0.75,independent,seed1,1,Contact500 pretraining without SCA
independent_034,5.4198737144470215,5.277223110198975,5.4198737144470215,5.065919876098633,5.4198737144470215,0.14265060424804688,0.35395383834838867,-0.2113032341003418,1.0,0.1636363636363636,0.1636363636363636,independent,seed1,1,Contact500 pretraining without SCA
independent_035,5.93930196762085,5.170725345611572,5.93930196762085,5.191667556762695,5.93930196762085,0.7685766220092773,0.7476344108581543,0.020942211151123047,1.0,0.2894736842105263,0.2894736842105263,independent,seed1,1,Contact500 pretraining without SCA
independent_036,6.244887828826904,5.295867919921875,6.244887828826904,5.200393199920654,6.244887828826904,0.9490199089050293,1.04449462890625,-0.0954747200012207,1.0,0.1975308641975308,0.1975308641975308,independent,seed1,1,Contact500 pretraining without SCA
independent_037,4.241239547729492,5.261947154998779,4.241239547729492,5.151127815246582,4.241239547729492,1.020707607269287,0.9098882675170898,0.11081933975219727,1.0,0.1617647058823529,0.1617647058823529,independent,seed1,1,Contact500 pretraining without SCA
independent_038,5.954677104949951,6.042538166046143,5.954677104949951,6.644611835479736,5.954677104949951,0.0878610610961914,0.6899347305297852,-0.6020736694335938,1.0,0.1473684210526315,0.1473684210526315,independent,seed1,1,Contact500 pretraining without SCA
independent_039,5.246417045593262,4.425661087036133,5.246417045593262,5.00584888458252,5.246417045593262,0.8207559585571289,0.2405681610107413,0.5801877975463876,1.0,0.4615384615384615,0.4615384615384615,independent,seed1,1,Contact500 pretraining without SCA
independent_040,5.4202165603637695,5.297380447387695,5.4202165603637695,5.14587926864624,5.4202165603637695,0.12283611297607422,0.2743372917175293,-0.15150117874145508,1.0,0.1927710843373494,0.1927710843373494,independent,seed1,1,Contact500 pretraining without SCA
independent_041,5.416801452636719,5.29625940322876,5.416801452636719,5.218977451324463,5.416801452636719,0.12054204940795898,0.19782400131225586,-0.07728195190429688,1.0,0.2,0.2,independent,seed1,1,Contact500 pretraining without SCA
independent_042,5.364516258239746,5.326599597930908,5.364516258239746,5.281273365020752,5.364516258239746,0.03791666030883789,0.08324289321899414,-0.04532623291015625,1.0,0.1702127659574468,0.1702127659574468,independent,seed1,1,Contact500 pretraining without SCA
independent_043,6.208309173583984,5.723625659942627,6.208309173583984,6.076004505157471,6.208309173583984,0.4846835136413574,0.13230466842651367,0.35237884521484375,1.0,0.1927710843373494,0.1927710843373494,independent,seed1,1,Contact500 pretraining without SCA
independent_044,6.168130397796631,6.108376502990723,6.168130397796631,6.919946193695068,6.168130397796631,0.0597538948059082,0.7518157958984375,-0.6920619010925293,1.0,0.1595744680851064,0.1595744680851064,independent,seed1,1,Contact500 pretraining without SCA
independent_045,5.6575775146484375,5.137884616851807,5.6575775146484375,5.049650192260742,5.6575775146484375,0.5196928977966309,0.6079273223876953,-0.08823442459106445,1.0,0.1375,0.1375,independent,seed1,1,Contact500 pretraining without SCA
independent_046,6.083546161651611,5.613287448883057,6.083546161651611,5.811012268066406,6.083546161651611,0.4702587127685547,0.2725338935852051,0.1977248191833496,1.0,0.1839080459770115,0.1839080459770115,independent,seed1,1,Contact500 pretraining without SCA
independent_047,6.095284461975098,5.738244533538818,6.095284461975098,6.1773858070373535,6.095284461975098,0.3570399284362793,0.08210134506225586,0.27493858337402344,1.0,0.1758241758241758,0.1758241758241758,independent,seed1,1,Contact500 pretraining without SCA
independent_000,7.066006660461426,5.24773645401001,7.066006660461426,5.192477703094482,7.066006660461426,1.818270206451416,1.8735289573669434,-0.055258750915527344,1.0,1.0,1.0,independent,seed1,1,Global-deoverlap Contact270 pretraining without SCA
independent_001,5.436519145965576,5.242579460144043,5.436519145965576,5.189581394195557,5.436519145965576,0.1939396858215332,0.24693775177001953,-0.05299806594848633,1.0,1.0,1.0,independent,seed1,1,Global-deoverlap Contact270 pretraining without SCA
independent_002,5.407490253448486,4.8656840324401855,5.407490253448486,4.745265483856201,5.407490253448486,0.5418062210083008,0.6622247695922852,-0.12041854858398438,1.0,1.0,1.0,independent,seed1,1,Global-deoverlap Contact270 pretraining without SCA
independent_003,4.958607196807861,5.359667778015137,4.958607196807861,5.251867294311523,4.958607196807861,0.4010605812072754,0.2932600975036621,0.10780048370361328,1.0,0.8870967741935484,0.8870967741935484,independent,seed1,1,Global-deoverlap Contact270 pretraining without SCA
independent_004,5.449771881103516,4.981662273406982,5.449771881103516,4.893672466278076,5.449771881103516,0.4681096076965332,0.5560994148254395,-0.08798980712890625,1.0,1.0,1.0,independent,seed1,1,Global-deoverlap Contact270 pretraining without SCA
independent_005,5.4202165603637695,4.798640727996826,5.4202165603637695,4.674319744110107,5.4202165603637695,0.6215758323669434,0.7458968162536621,-0.12432098388671875,1.0,0.7,0.7,independent,seed1,1,Global-deoverlap Contact270 pretraining without SCA
independent_006,5.587371349334717,4.345903396606445,5.587371349334717,4.261616230010986,5.587371349334717,1.2414679527282715,1.3257551193237305,-0.08428716659545898,1.0,1.0,1.0,independent,seed1,1,Global-deoverlap Contact270 pretraining without SCA
independent_007,4.91904878616333,5.079959869384766,4.91904878616333,5.0189948081970215,4.91904878616333,0.16091108322143555,0.0999460220336914,0.06096506118774414,1.0,1.0,1.0,independent,seed1,1,Global-deoverlap Contact270 pretraining without SCA
independent_008,4.804100513458252,5.341156482696533,4.804100513458252,5.242480754852295,4.804100513458252,0.5370559692382812,0.43838024139404297,0.09867572784423828,1.0,1.0,1.0,independent,seed1,1,Global-deoverlap Contact270 pretraining without SCA
independent_009,3.4846999645233154,4.24583625793457,3.4846999645233154,4.1137566566467285,3.4846999645233154,0.7611362934112549,0.6290566921234131,0.1320796012878418,1.0,0.4565217391304347,0.4565217391304347,independent,seed1,1,Global-deoverlap Contact270 pretraining without SCA
independent_010,5.245116710662842,4.2458176612854,5.245116710662842,4.096206665039063,5.245116710662842,0.9992990493774414,1.1489100456237784,-0.149610996246337,1.0,0.4375,0.4375,independent,seed1,1,Global-deoverlap Contact270 pretraining without SCA
independent_011,3.046675205230713,4.688549041748047,3.046675205230713,4.556236743927002,3.046675205230713,1.641873836517334,1.509561538696289,0.13231229782104492,1.0,0.2786885245901639,0.2786885245901639,independent,seed1,1,Global-deoverlap Contact270 pretraining without SCA
independent_012,4.432033061981201,4.540380954742432,4.432033061981201,4.382195472717285,4.432033061981201,0.10834789276123047,0.049837589263916016,0.05851030349731445,1.0,0.3620689655172414,0.3620689655172414,independent,seed1,1,Global-deoverlap Contact270 pretraining without SCA
independent_013,3.625985145568848,4.96907901763916,3.625985145568848,4.840144634246826,3.625985145568848,1.343093872070312,1.214159488677978,0.12893438339233398,1.0,0.2428571428571428,0.2428571428571428,independent,seed1,1,Global-deoverlap Contact270 pretraining without SCA
independent_014,2.70524001121521,4.582688331604004,2.70524001121521,4.45844030380249,2.70524001121521,1.877448320388794,1.7532002925872803,0.12424802780151367,1.0,0.2833333333333333,0.2833333333333333,independent,seed1,1,Global-deoverlap Contact270 pretraining without SCA
independent_015,4.63469934463501,4.830671787261963,4.63469934463501,4.697055339813232,4.63469934463501,0.19597244262695312,0.062355995178222656,0.13361644744873047,1.0,0.25,0.25,independent,seed1,1,Global-deoverlap Contact270 pretraining without SCA
independent_016,4.488183498382568,4.934683322906494,4.488183498382568,4.795105457305908,4.488183498382568,0.4464998245239258,0.30692195892333984,0.13957786560058594,1.0,0.2297297297297297,0.2297297297297297,independent,seed1,1,Global-deoverlap Contact270 pretraining without SCA
independent_017,4.488584518432617,4.924680233001709,4.488584518432617,4.776618957519531,4.488584518432617,0.4360957145690918,0.28803443908691406,0.14806127548217773,1.0,0.2266666666666666,0.2266666666666666,independent,seed1,1,Global-deoverlap Contact270 pretraining without SCA
independent_018,4.5743842124938965,5.290795803070068,4.5743842124938965,5.166360378265381,4.5743842124938965,0.7164115905761719,0.5919761657714844,0.1244354248046875,1.0,0.1847826086956521,0.1847826086956521,independent,seed1,1,Global-deoverlap Contact270 pretraining without SCA
independent_019,4.9018754959106445,5.155890941619873,4.9018754959106445,5.028027534484863,4.9018754959106445,0.2540154457092285,0.12615203857421875,0.12786340713500977,1.0,0.2117647058823529,0.2117647058823529,independent,seed1,1,Global-deoverlap Contact270 pretraining without SCA
independent_020,6.178486347198486,5.034975051879883,6.178486347198486,4.961307048797607,6.178486347198486,1.1435112953186035,1.217179298400879,-0.07366800308227539,1.0,0.2571428571428571,0.2571428571428571,independent,seed1,1,Global-deoverlap Contact270 pretraining without SCA
independent_021,6.521433353424072,4.750181674957275,6.521433353424072,4.643594264984131,6.521433353424072,1.7712516784667969,1.8778390884399414,-0.10658740997314453,1.0,1.0,1.0,independent,seed1,1,Global-deoverlap Contact270 pretraining without SCA
independent_022,6.946921348571777,5.062438011169434,6.946921348571777,4.9523539543151855,6.946921348571777,1.8844833374023438,1.9945673942565918,-0.11008405685424805,1.0,0.2461538461538461,0.2461538461538461,independent,seed1,1,Global-deoverlap Contact270 pretraining without SCA
independent_023,7.101274967193604,5.062134265899658,7.101274967193604,4.951609611511231,7.101274967193604,2.039140701293946,2.149665355682373,-0.11052465438842685,1.0,0.2419354838709677,0.2419354838709677,independent,seed1,1,Global-deoverlap Contact270 pretraining without SCA
independent_024,5.599116802215576,4.599877834320068,5.599116802215576,4.51873254776001,5.599116802215576,0.9992389678955078,1.0803842544555664,-0.0811452865600586,1.0,0.2,0.2,independent,seed1,1,Global-deoverlap Contact270 pretraining without SCA
independent_025,5.958607196807861,4.74774694442749,5.958607196807861,4.680219650268555,5.958607196807861,1.210860252380371,1.2783875465393066,-0.06752729415893555,1.0,0.196078431372549,0.196078431372549,independent,seed1,1,Global-deoverlap Contact270 pretraining without SCA
independent_026,5.141101837158203,5.322896480560303,5.141101837158203,5.174523830413818,5.141101837158203,0.1817946434020996,0.033421993255615234,0.14837265014648438,1.0,0.175,0.175,independent,seed1,1,Global-deoverlap Contact270 pretraining without SCA
independent_027,4.343451499938965,5.105558395385742,4.343451499938965,4.892545223236084,4.343451499938965,0.7621068954467773,0.5490937232971191,0.2130131721496582,1.0,0.2297297297297297,0.2297297297297297,independent,seed1,1,Global-deoverlap Contact270 pretraining without SCA
independent_028,4.058279991149902,5.17069673538208,4.058279991149902,4.993475914001465,4.058279991149902,1.1124167442321777,0.9351959228515625,0.17722082138061523,1.0,0.2207792207792207,0.2207792207792207,independent,seed1,1,Global-deoverlap Contact270 pretraining without SCA
independent_029,3.774083614349365,5.094296932220459,3.774083614349365,4.880995273590088,3.774083614349365,1.3202133178710942,1.106911659240723,0.2133016586303711,1.0,0.2179487179487179,0.2179487179487179,independent,seed1,1,Global-deoverlap Contact270 pretraining without SCA
independent_030,4.487315654754639,5.16728401184082,4.487315654754639,4.987821102142334,4.487315654754639,0.6799683570861816,0.5005054473876953,0.17946290969848633,1.0,0.2207792207792207,0.2207792207792207,independent,seed1,1,Global-deoverlap Contact270 pretraining without SCA
independent_031,3.125309467315674,4.862634181976318,3.125309467315674,4.597457885742188,3.125309467315674,1.7373247146606445,1.4721484184265146,0.26517629623412997,1.0,0.2571428571428571,0.2571428571428571,independent,seed1,1,Global-deoverlap Contact270 pretraining without SCA
independent_032,3.2134792804718018,4.929107189178467,3.2134792804718018,4.7068610191345215,3.2134792804718018,1.715627908706665,1.4933817386627197,0.2222461700439453,1.0,0.2537313432835821,0.2537313432835821,independent,seed1,1,Global-deoverlap Contact270 pretraining without SCA
independent_033,5.063486099243164,5.1456618309021,5.063486099243164,5.075915336608887,5.063486099243164,0.08217573165893555,0.012429237365722656,0.06974649429321289,1.0,0.75,0.75,independent,seed1,1,Global-deoverlap Contact270 pretraining without SCA
independent_034,5.4198737144470215,5.277223110198975,5.4198737144470215,5.156442642211914,5.4198737144470215,0.14265060424804688,0.2634310722351074,-0.12078046798706055,1.0,0.1636363636363636,0.1636363636363636,independent,seed1,1,Global-deoverlap Contact270 pretraining without SCA
independent_035,5.93930196762085,5.170725345611572,5.93930196762085,5.04727029800415,5.93930196762085,0.7685766220092773,0.8920316696166992,-0.12345504760742188,1.0,0.2894736842105263,0.2894736842105263,independent,seed1,1,Global-deoverlap Contact270 pretraining without SCA
independent_036,6.244887828826904,5.295867919921875,6.244887828826904,5.176370143890381,6.244887828826904,0.9490199089050293,1.0685176849365234,-0.11949777603149414,1.0,0.1975308641975308,0.1975308641975308,independent,seed1,1,Global-deoverlap Contact270 pretraining without SCA
independent_037,4.241239547729492,5.261947154998779,4.241239547729492,5.159289360046387,4.241239547729492,1.020707607269287,0.9180498123168945,0.10265779495239258,1.0,0.1617647058823529,0.1617647058823529,independent,seed1,1,Global-deoverlap Contact270 pretraining without SCA
independent_038,5.954677104949951,6.042538166046143,5.954677104949951,6.002773284912109,5.954677104949951,0.0878610610961914,0.0480961799621582,0.0397648811340332,1.0,0.1473684210526315,0.1473684210526315,independent,seed1,1,Global-deoverlap Contact270 pretraining without SCA
independent_039,5.246417045593262,4.425661087036133,5.246417045593262,4.356869697570801,5.246417045593262,0.8207559585571289,0.8895473480224609,-0.06879138946533203,1.0,0.4615384615384615,0.4615384615384615,independent,seed1,1,Global-deoverlap Contact270 pretraining without SCA
independent_040,5.4202165603637695,5.297380447387695,5.4202165603637695,5.197216033935547,5.4202165603637695,0.12283611297607422,0.22300052642822266,-0.10016441345214844,1.0,0.1927710843373494,0.1927710843373494,independent,seed1,1,Global-deoverlap Contact270 pretraining without SCA
independent_041,5.416801452636719,5.29625940322876,5.416801452636719,5.193612575531006,5.416801452636719,0.12054204940795898,0.2231888771057129,-0.1026468276977539,1.0,0.2,0.2,independent,seed1,1,Global-deoverlap Contact270 pretraining without SCA
independent_042,5.364516258239746,5.326599597930908,5.364516258239746,5.23691987991333,5.364516258239746,0.03791666030883789,0.12759637832641602,-0.08967971801757812,1.0,0.1702127659574468,0.1702127659574468,independent,seed1,1,Global-deoverlap Contact270 pretraining without SCA
independent_043,6.208309173583984,5.723625659942627,6.208309173583984,5.665761470794678,6.208309173583984,0.4846835136413574,0.5425477027893066,-0.05786418914794922,1.0,0.1927710843373494,0.1927710843373494,independent,seed1,1,Global-deoverlap Contact270 pretraining without SCA
independent_044,6.168130397796631,6.108376502990723,6.168130397796631,6.074963569641113,6.168130397796631,0.0597538948059082,0.09316682815551758,-0.033412933349609375,1.0,0.1595744680851064,0.1595744680851064,independent,seed1,1,Global-deoverlap Contact270 pretraining without SCA
independent_045,5.6575775146484375,5.137884616851807,5.6575775146484375,4.9848809242248535,5.6575775146484375,0.5196928977966309,0.672696590423584,-0.15300369262695312,1.0,0.1375,0.1375,independent,seed1,1,Global-deoverlap Contact270 pretraining without SCA
independent_046,6.083546161651611,5.613287448883057,6.083546161651611,5.54303789138794,6.083546161651611,0.4702587127685547,0.540508270263671,-0.0702495574951163,1.0,0.1839080459770115,0.1839080459770115,independent,seed1,1,Global-deoverlap Contact270 pretraining without SCA
independent_047,6.095284461975098,5.738244533538818,6.095284461975098,5.687693595886231,6.095284461975098,0.3570399284362793,0.4075908660888663,-0.050550937652587,1.0,0.1758241758241758,0.1758241758241758,independent,seed1,1,Global-deoverlap Contact270 pretraining without SCA
independent_000,7.066006660461426,5.24773645401001,7.066006660461426,5.697841644287109,7.066006660461426,1.818270206451416,1.3681650161743164,0.4501051902770996,1.0,1.0,1.0,independent,seed1,1,StructRSMA: Contact500 pretraining plus SCA
independent_001,5.436519145965576,5.242579460144043,5.436519145965576,5.704442024230957,5.436519145965576,0.1939396858215332,0.26792287826538086,-0.07398319244384766,1.0,1.0,1.0,independent,seed1,1,StructRSMA: Contact500 pretraining plus SCA
independent_002,5.407490253448486,4.8656840324401855,5.407490253448486,5.578486919403076,5.407490253448486,0.5418062210083008,0.17099666595458984,0.37080955505371094,1.0,1.0,1.0,independent,seed1,1,StructRSMA: Contact500 pretraining plus SCA
independent_003,4.958607196807861,5.359667778015137,4.958607196807861,5.804730415344238,4.958607196807861,0.4010605812072754,0.846123218536377,-0.44506263732910156,1.0,0.8870967741935484,0.8870967741935484,independent,seed1,1,StructRSMA: Contact500 pretraining plus SCA
independent_004,5.449771881103516,4.981662273406982,5.449771881103516,5.490085124969482,5.449771881103516,0.4681096076965332,0.0403132438659668,0.4277963638305664,1.0,1.0,1.0,independent,seed1,1,StructRSMA: Contact500 pretraining plus SCA
independent_005,5.4202165603637695,4.798640727996826,5.4202165603637695,5.086692810058594,5.4202165603637695,0.6215758323669434,0.3335237503051758,0.2880520820617676,1.0,0.7,0.7,independent,seed1,1,StructRSMA: Contact500 pretraining plus SCA
independent_006,5.587371349334717,4.345903396606445,5.587371349334717,4.9351911544799805,5.587371349334717,1.2414679527282715,0.6521801948547363,0.5892877578735352,1.0,1.0,1.0,independent,seed1,1,StructRSMA: Contact500 pretraining plus SCA
independent_007,4.91904878616333,5.079959869384766,4.91904878616333,5.653064250946045,4.91904878616333,0.16091108322143555,0.7340154647827148,-0.5731043815612793,1.0,1.0,1.0,independent,seed1,1,StructRSMA: Contact500 pretraining plus SCA
independent_008,4.804100513458252,5.341156482696533,4.804100513458252,5.957259178161621,4.804100513458252,0.5370559692382812,1.1531586647033691,-0.6161026954650879,1.0,1.0,1.0,independent,seed1,1,StructRSMA: Contact500 pretraining plus SCA
independent_009,3.4846999645233154,4.24583625793457,3.4846999645233154,4.650567054748535,3.4846999645233154,0.7611362934112549,1.1658670902252197,-0.40473079681396484,1.0,0.4565217391304347,0.4565217391304347,independent,seed1,1,StructRSMA: Contact500 pretraining plus SCA
independent_010,5.245116710662842,4.2458176612854,5.245116710662842,4.697290897369385,5.245116710662842,0.9992990493774414,0.547825813293457,0.4514732360839844,1.0,0.4375,0.4375,independent,seed1,1,StructRSMA: Contact500 pretraining plus SCA
independent_011,3.046675205230713,4.688549041748047,3.046675205230713,4.906879901885986,3.046675205230713,1.641873836517334,1.8602046966552734,-0.21833086013793945,1.0,0.2786885245901639,0.2786885245901639,independent,seed1,1,StructRSMA: Contact500 pretraining plus SCA
independent_012,4.432033061981201,4.540380954742432,4.432033061981201,4.862871170043945,4.432033061981201,0.10834789276123047,0.43083810806274414,-0.32249021530151367,1.0,0.3620689655172414,0.3620689655172414,independent,seed1,1,StructRSMA: Contact500 pretraining plus SCA
independent_013,3.625985145568848,4.96907901763916,3.625985145568848,4.971267223358154,3.625985145568848,1.343093872070312,1.3452820777893062,-0.0021882057189941406,1.0,0.2428571428571428,0.2428571428571428,independent,seed1,1,StructRSMA: Contact500 pretraining plus SCA
independent_014,2.70524001121521,4.582688331604004,2.70524001121521,4.845255374908447,2.70524001121521,1.877448320388794,2.1400153636932373,-0.26256704330444336,1.0,0.2833333333333333,0.2833333333333333,independent,seed1,1,StructRSMA: Contact500 pretraining plus SCA
independent_015,4.63469934463501,4.830671787261963,4.63469934463501,4.984831809997559,4.63469934463501,0.19597244262695312,0.35013246536254883,-0.1541600227355957,1.0,0.25,0.25,independent,seed1,1,StructRSMA: Contact500 pretraining plus SCA
independent_016,4.488183498382568,4.934683322906494,4.488183498382568,4.951168060302734,4.488183498382568,0.4464998245239258,0.462984561920166,-0.016484737396240234,1.0,0.2297297297297297,0.2297297297297297,independent,seed1,1,StructRSMA: Contact500 pretraining plus SCA
independent_017,4.488584518432617,4.924680233001709,4.488584518432617,4.931381702423096,4.488584518432617,0.4360957145690918,0.4427971839904785,-0.006701469421386719,1.0,0.2266666666666666,0.2266666666666666,independent,seed1,1,StructRSMA: Contact500 pretraining plus SCA
independent_018,4.5743842124938965,5.290795803070068,4.5743842124938965,5.297854423522949,4.5743842124938965,0.7164115905761719,0.7234702110290527,-0.007058620452880859,1.0,0.1847826086956521,0.1847826086956521,independent,seed1,1,StructRSMA: Contact500 pretraining plus SCA
independent_019,4.9018754959106445,5.155890941619873,4.9018754959106445,5.17487096786499,4.9018754959106445,0.2540154457092285,0.2729954719543457,-0.018980026245117188,1.0,0.2117647058823529,0.2117647058823529,independent,seed1,1,StructRSMA: Contact500 pretraining plus SCA
independent_020,6.178486347198486,5.034975051879883,6.178486347198486,5.021907329559326,6.178486347198486,1.1435112953186035,1.1565790176391602,-0.01306772232055664,1.0,0.2571428571428571,0.2571428571428571,independent,seed1,1,StructRSMA: Contact500 pretraining plus SCA
independent_021,6.521433353424072,4.750181674957275,6.521433353424072,4.961243152618408,6.521433353424072,1.7712516784667969,1.560190200805664,0.2110614776611328,1.0,1.0,1.0,independent,seed1,1,StructRSMA: Contact500 pretraining plus SCA
independent_022,6.946921348571777,5.062438011169434,6.946921348571777,5.092303276062012,6.946921348571777,1.8844833374023438,1.8546180725097656,0.029865264892578125,1.0,0.2461538461538461,0.2461538461538461,independent,seed1,1,StructRSMA: Contact500 pretraining plus SCA
independent_023,7.101274967193604,5.062134265899658,7.101274967193604,5.093747138977051,7.101274967193604,2.039140701293946,2.0075278282165536,0.03161287307739258,1.0,0.2419354838709677,0.2419354838709677,independent,seed1,1,StructRSMA: Contact500 pretraining plus SCA
independent_024,5.599116802215576,4.599877834320068,5.599116802215576,4.757320404052734,5.599116802215576,0.9992389678955078,0.8417963981628418,0.15744256973266602,1.0,0.2,0.2,independent,seed1,1,StructRSMA: Contact500 pretraining plus SCA
independent_025,5.958607196807861,4.74774694442749,5.958607196807861,4.893171310424805,5.958607196807861,1.210860252380371,1.0654358863830566,0.14542436599731445,1.0,0.196078431372549,0.196078431372549,independent,seed1,1,StructRSMA: Contact500 pretraining plus SCA
independent_026,5.141101837158203,5.322896480560303,5.141101837158203,5.261610984802246,5.141101837158203,0.1817946434020996,0.12050914764404297,0.06128549575805664,1.0,0.175,0.175,independent,seed1,1,StructRSMA: Contact500 pretraining plus SCA
independent_027,4.343451499938965,5.105558395385742,4.343451499938965,5.11119556427002,4.343451499938965,0.7621068954467773,0.7677440643310556,-0.005637168884278232,1.0,0.2297297297297297,0.2297297297297297,independent,seed1,1,StructRSMA: Contact500 pretraining plus SCA
independent_028,4.058279991149902,5.17069673538208,4.058279991149902,5.213006019592285,4.058279991149902,1.1124167442321777,1.1547260284423828,-0.04230928421020508,1.0,0.2207792207792207,0.2207792207792207,independent,seed1,1,StructRSMA: Contact500 pretraining plus SCA
independent_029,3.774083614349365,5.094296932220459,3.774083614349365,5.108018398284912,3.774083614349365,1.3202133178710942,1.3339347839355473,-0.013721466064453125,1.0,0.2179487179487179,0.2179487179487179,independent,seed1,1,StructRSMA: Contact500 pretraining plus SCA
independent_030,4.487315654754639,5.16728401184082,4.487315654754639,5.226377487182617,4.487315654754639,0.6799683570861816,0.7390618324279785,-0.059093475341796875,1.0,0.2207792207792207,0.2207792207792207,independent,seed1,1,StructRSMA: Contact500 pretraining plus SCA
independent_031,3.125309467315674,4.862634181976318,3.125309467315674,4.867557048797607,3.125309467315674,1.7373247146606445,1.7422475814819336,-0.0049228668212890625,1.0,0.2571428571428571,0.2571428571428571,independent,seed1,1,StructRSMA: Contact500 pretraining plus SCA
independent_032,3.2134792804718018,4.929107189178467,3.2134792804718018,4.894643783569336,3.2134792804718018,1.715627908706665,1.6811645030975342,0.03446340560913086,1.0,0.2537313432835821,0.2537313432835821,independent,seed1,1,StructRSMA: Contact500 pretraining plus SCA
independent_033,5.063486099243164,5.1456618309021,5.063486099243164,5.052242279052734,5.063486099243164,0.08217573165893555,0.011243820190429688,0.07093191146850586,1.0,0.75,0.75,independent,seed1,1,StructRSMA: Contact500 pretraining plus SCA
independent_034,5.4198737144470215,5.277223110198975,5.4198737144470215,5.17527961730957,5.4198737144470215,0.14265060424804688,0.24459409713745117,-0.1019434928894043,1.0,0.1636363636363636,0.1636363636363636,independent,seed1,1,StructRSMA: Contact500 pretraining plus SCA
independent_035,5.93930196762085,5.170725345611572,5.93930196762085,5.176690578460693,5.93930196762085,0.7685766220092773,0.7626113891601562,0.005965232849121094,1.0,0.2894736842105263,0.2894736842105263,independent,seed1,1,StructRSMA: Contact500 pretraining plus SCA
independent_036,6.244887828826904,5.295867919921875,6.244887828826904,5.278607368469238,6.244887828826904,0.9490199089050293,0.966280460357666,-0.01726055145263672,1.0,0.1975308641975308,0.1975308641975308,independent,seed1,1,StructRSMA: Contact500 pretraining plus SCA
independent_037,4.241239547729492,5.261947154998779,4.241239547729492,5.191899299621582,4.241239547729492,1.020707607269287,0.9506597518920898,0.07004785537719727,1.0,0.1617647058823529,0.1617647058823529,independent,seed1,1,StructRSMA: Contact500 pretraining plus SCA
independent_038,5.954677104949951,6.042538166046143,5.954677104949951,6.634535789489746,5.954677104949951,0.0878610610961914,0.6798586845397949,-0.5919976234436035,1.0,0.1473684210526315,0.1473684210526315,independent,seed1,1,StructRSMA: Contact500 pretraining plus SCA
independent_039,5.246417045593262,4.425661087036133,5.246417045593262,4.724294662475586,5.246417045593262,0.8207559585571289,0.5221223831176758,0.2986335754394531,1.0,0.4615384615384615,0.4615384615384615,independent,seed1,1,StructRSMA: Contact500 pretraining plus SCA
independent_040,5.4202165603637695,5.297380447387695,5.4202165603637695,5.188592910766602,5.4202165603637695,0.12283611297607422,0.23162364959716797,-0.10878753662109375,1.0,0.1927710843373494,0.1927710843373494,independent,seed1,1,StructRSMA: Contact500 pretraining plus SCA
independent_041,5.416801452636719,5.29625940322876,5.416801452636719,5.237824440002441,5.416801452636719,0.12054204940795898,0.17897701263427734,-0.05843496322631836,1.0,0.2,0.2,independent,seed1,1,StructRSMA: Contact500 pretraining plus SCA
independent_042,5.364516258239746,5.326599597930908,5.364516258239746,5.287562370300293,5.364516258239746,0.03791666030883789,0.07695388793945312,-0.039037227630615234,1.0,0.1702127659574468,0.1702127659574468,independent,seed1,1,StructRSMA: Contact500 pretraining plus SCA
independent_043,6.208309173583984,5.723625659942627,6.208309173583984,5.8253045082092285,6.208309173583984,0.4846835136413574,0.38300466537475586,0.10167884826660156,1.0,0.1927710843373494,0.1927710843373494,independent,seed1,1,StructRSMA: Contact500 pretraining plus SCA
independent_044,6.168130397796631,6.108376502990723,6.168130397796631,6.638519287109375,6.168130397796631,0.0597538948059082,0.47038888931274414,-0.41063499450683594,1.0,0.1595744680851064,0.1595744680851064,independent,seed1,1,StructRSMA: Contact500 pretraining plus SCA
independent_045,5.6575775146484375,5.137884616851807,5.6575775146484375,5.122983455657959,5.6575775146484375,0.5196928977966309,0.5345940589904785,-0.014901161193847656,1.0,0.1375,0.1375,independent,seed1,1,StructRSMA: Contact500 pretraining plus SCA
independent_046,6.083546161651611,5.613287448883057,6.083546161651611,5.595700263977051,6.083546161651611,0.4702587127685547,0.48784589767456055,-0.01758718490600586,1.0,0.1839080459770115,0.1839080459770115,independent,seed1,1,StructRSMA: Contact500 pretraining plus SCA
independent_047,6.095284461975098,5.738244533538818,6.095284461975098,5.812426567077637,6.095284461975098,0.3570399284362793,0.28285789489746094,0.07418203353881836,1.0,0.1758241758241758,0.1758241758241758,independent,seed1,1,StructRSMA: Contact500 pretraining plus SCA
independent_000,7.066006660461426,5.24773645401001,7.066006660461426,4.705152988433838,7.066006660461426,1.818270206451416,2.360853672027588,-0.5425834655761719,1.0,1.0,1.0,independent,seed1,1,StructRSMA: Contact270 pretraining plus SCA
independent_001,5.436519145965576,5.242579460144043,5.436519145965576,4.706932067871094,5.436519145965576,0.1939396858215332,0.7295870780944824,-0.5356473922729492,1.0,1.0,1.0,independent,seed1,1,StructRSMA: Contact270 pretraining plus SCA
independent_002,5.407490253448486,4.8656840324401855,5.407490253448486,4.388993740081787,5.407490253448486,0.5418062210083008,1.0184965133666992,-0.47669029235839844,1.0,1.0,1.0,independent,seed1,1,StructRSMA: Contact270 pretraining plus SCA
independent_003,4.958607196807861,5.359667778015137,4.958607196807861,4.849009037017822,4.958607196807861,0.4010605812072754,0.10959815979003906,0.29146242141723633,1.0,0.8870967741935484,0.8870967741935484,independent,seed1,1,StructRSMA: Contact270 pretraining plus SCA
independent_004,5.449771881103516,4.981662273406982,5.449771881103516,4.541719913482666,5.449771881103516,0.4681096076965332,0.9080519676208496,-0.4399423599243164,1.0,1.0,1.0,independent,seed1,1,StructRSMA: Contact270 pretraining plus SCA
independent_005,5.4202165603637695,4.798640727996826,5.4202165603637695,4.832340240478516,5.4202165603637695,0.6215758323669434,0.5878763198852539,0.03369951248168945,1.0,0.7,0.7,independent,seed1,1,StructRSMA: Contact270 pretraining plus SCA
independent_006,5.587371349334717,4.345903396606445,5.587371349334717,4.067171096801758,5.587371349334717,1.2414679527282715,1.520200252532959,-0.2787322998046875,1.0,1.0,1.0,independent,seed1,1,StructRSMA: Contact270 pretraining plus SCA
independent_007,4.91904878616333,5.079959869384766,4.91904878616333,4.648000240325928,4.91904878616333,0.16091108322143555,0.27104854583740234,-0.1101374626159668,1.0,1.0,1.0,independent,seed1,1,StructRSMA: Contact270 pretraining plus SCA
independent_008,4.804100513458252,5.341156482696533,4.804100513458252,4.860973358154297,4.804100513458252,0.5370559692382812,0.05687284469604492,0.48018312454223633,1.0,1.0,1.0,independent,seed1,1,StructRSMA: Contact270 pretraining plus SCA
independent_009,3.4846999645233154,4.24583625793457,3.4846999645233154,4.582643508911133,3.4846999645233154,0.7611362934112549,1.0979435443878174,-0.3368072509765625,1.0,0.4565217391304347,0.4565217391304347,independent,seed1,1,StructRSMA: Contact270 pretraining plus SCA
independent_010,5.245116710662842,4.2458176612854,5.245116710662842,4.506204605102539,5.245116710662842,0.9992990493774414,0.7389121055603027,0.26038694381713867,1.0,0.4375,0.4375,independent,seed1,1,StructRSMA: Contact270 pretraining plus SCA
independent_011,3.046675205230713,4.688549041748047,3.046675205230713,5.061504364013672,3.046675205230713,1.641873836517334,2.014829158782959,-0.372955322265625,1.0,0.2786885245901639,0.2786885245901639,independent,seed1,1,StructRSMA: Contact270 pretraining plus SCA
independent_012,4.432033061981201,4.540380954742432,4.432033061981201,4.763444900512695,4.432033061981201,0.10834789276123047,0.33141183853149414,-0.22306394577026367,1.0,0.3620689655172414,0.3620689655172414,independent,seed1,1,StructRSMA: Contact270 pretraining plus SCA
independent_013,3.625985145568848,4.96907901763916,3.625985145568848,5.3878936767578125,3.625985145568848,1.343093872070312,1.7619085311889644,-0.41881465911865234,1.0,0.2428571428571428,0.2428571428571428,independent,seed1,1,StructRSMA: Contact270 pretraining plus SCA
independent_014,2.70524001121521,4.582688331604004,2.70524001121521,4.942314147949219,2.70524001121521,1.877448320388794,2.237074136734009,-0.35962581634521484,1.0,0.2833333333333333,0.2833333333333333,independent,seed1,1,StructRSMA: Contact270 pretraining plus SCA
independent_015,4.63469934463501,4.830671787261963,4.63469934463501,5.23228120803833,4.63469934463501,0.19597244262695312,0.5975818634033203,-0.4016094207763672,1.0,0.25,0.25,independent,seed1,1,StructRSMA: Contact270 pretraining plus SCA
independent_016,4.488183498382568,4.934683322906494,4.488183498382568,5.304471015930176,4.488183498382568,0.4464998245239258,0.8162875175476074,-0.36978769302368164,1.0,0.2297297297297297,0.2297297297297297,independent,seed1,1,StructRSMA: Contact270 pretraining plus SCA
independent_017,4.488584518432617,4.924680233001709,4.488584518432617,5.245323657989502,4.488584518432617,0.4360957145690918,0.7567391395568848,-0.32064342498779297,1.0,0.2266666666666666,0.2266666666666666,independent,seed1,1,StructRSMA: Contact270 pretraining plus SCA
independent_018,4.5743842124938965,5.290795803070068,4.5743842124938965,5.654156684875488,4.5743842124938965,0.7164115905761719,1.0797724723815918,-0.3633608818054199,1.0,0.1847826086956521,0.1847826086956521,independent,seed1,1,StructRSMA: Contact270 pretraining plus SCA
independent_019,4.9018754959106445,5.155890941619873,4.9018754959106445,5.598786354064941,4.9018754959106445,0.2540154457092285,0.6969108581542969,-0.44289541244506836,1.0,0.2117647058823529,0.2117647058823529,independent,seed1,1,StructRSMA: Contact270 pretraining plus SCA
independent_020,6.178486347198486,5.034975051879883,6.178486347198486,5.585721969604492,6.178486347198486,1.1435112953186035,0.5927643775939941,0.5507469177246094,1.0,0.2571428571428571,0.2571428571428571,independent,seed1,1,StructRSMA: Contact270 pretraining plus SCA
independent_021,6.521433353424072,4.750181674957275,6.521433353424072,4.883135795593262,6.521433353424072,1.7712516784667969,1.6382975578308105,0.13295412063598633,1.0,1.0,1.0,independent,seed1,1,StructRSMA: Contact270 pretraining plus SCA
independent_022,6.946921348571777,5.062438011169434,6.946921348571777,5.324941635131836,6.946921348571777,1.8844833374023438,1.6219797134399414,0.26250362396240234,1.0,0.2461538461538461,0.2461538461538461,independent,seed1,1,StructRSMA: Contact270 pretraining plus SCA
independent_023,7.101274967193604,5.062134265899658,7.101274967193604,5.321225166320801,7.101274967193604,2.039140701293946,1.7800498008728036,0.2590909004211426,1.0,0.2419354838709677,0.2419354838709677,independent,seed1,1,StructRSMA: Contact270 pretraining plus SCA
independent_024,5.599116802215576,4.599877834320068,5.599116802215576,4.825757026672363,5.599116802215576,0.9992389678955078,0.7733597755432129,0.22587919235229492,1.0,0.2,0.2,independent,seed1,1,StructRSMA: Contact270 pretraining plus SCA
independent_025,5.958607196807861,4.74774694442749,5.958607196807861,5.073063373565674,5.958607196807861,1.210860252380371,0.8855438232421875,0.3253164291381836,1.0,0.196078431372549,0.196078431372549,independent,seed1,1,StructRSMA: Contact270 pretraining plus SCA
independent_026,5.141101837158203,5.322896480560303,5.141101837158203,5.664691925048828,5.141101837158203,0.1817946434020996,0.523590087890625,-0.3417954444885254,1.0,0.175,0.175,independent,seed1,1,StructRSMA: Contact270 pretraining plus SCA
independent_027,4.343451499938965,5.105558395385742,4.343451499938965,4.793667316436768,4.343451499938965,0.7621068954467773,0.45021581649780273,0.3118910789489746,1.0,0.2297297297297297,0.2297297297297297,independent,seed1,1,StructRSMA: Contact270 pretraining plus SCA
independent_028,4.058279991149902,5.17069673538208,4.058279991149902,5.188521862030029,4.058279991149902,1.1124167442321777,1.130241870880127,-0.01782512664794922,1.0,0.2207792207792207,0.2207792207792207,independent,seed1,1,StructRSMA: Contact270 pretraining plus SCA
independent_029,3.774083614349365,5.094296932220459,3.774083614349365,4.804361820220947,3.774083614349365,1.3202133178710942,1.0302782058715825,0.2899351119995117,1.0,0.2179487179487179,0.2179487179487179,independent,seed1,1,StructRSMA: Contact270 pretraining plus SCA
independent_030,4.487315654754639,5.16728401184082,4.487315654754639,5.167165279388428,4.487315654754639,0.6799683570861816,0.6798496246337891,0.00011873245239257812,1.0,0.2207792207792207,0.2207792207792207,independent,seed1,1,StructRSMA: Contact270 pretraining plus SCA
independent_031,3.125309467315674,4.862634181976318,3.125309467315674,4.520877361297607,3.125309467315674,1.7373247146606445,1.3955678939819336,0.34175682067871094,1.0,0.2571428571428571,0.2571428571428571,independent,seed1,1,StructRSMA: Contact270 pretraining plus SCA
independent_032,3.2134792804718018,4.929107189178467,3.2134792804718018,4.89928150177002,3.2134792804718018,1.715627908706665,1.6858022212982187,0.029825687408446377,1.0,0.2537313432835821,0.2537313432835821,independent,seed1,1,StructRSMA: Contact270 pretraining plus SCA
independent_033,5.063486099243164,5.1456618309021,5.063486099243164,5.713327407836914,5.063486099243164,0.08217573165893555,0.64984130859375,-0.5676655769348145,1.0,0.75,0.75,independent,seed1,1,StructRSMA: Contact270 pretraining plus SCA
independent_034,5.4198737144470215,5.277223110198975,5.4198737144470215,5.367280006408691,5.4198737144470215,0.14265060424804688,0.05259370803833008,0.0900568962097168,1.0,0.1636363636363636,0.1636363636363636,independent,seed1,1,StructRSMA: Contact270 pretraining plus SCA
independent_035,5.93930196762085,5.170725345611572,5.93930196762085,5.434803485870361,5.93930196762085,0.7685766220092773,0.5044984817504883,0.26407814025878906,1.0,0.2894736842105263,0.2894736842105263,independent,seed1,1,StructRSMA: Contact270 pretraining plus SCA
independent_036,6.244887828826904,5.295867919921875,6.244887828826904,5.503543376922607,6.244887828826904,0.9490199089050293,0.7413444519042969,0.20767545700073242,1.0,0.1975308641975308,0.1975308641975308,independent,seed1,1,StructRSMA: Contact270 pretraining plus SCA
independent_037,4.241239547729492,5.261947154998779,4.241239547729492,5.284380912780762,4.241239547729492,1.020707607269287,1.0431413650512695,-0.022433757781982422,1.0,0.1617647058823529,0.1617647058823529,independent,seed1,1,StructRSMA: Contact270 pretraining plus SCA
independent_038,5.954677104949951,6.042538166046143,5.954677104949951,6.281791687011719,5.954677104949951,0.0878610610961914,0.3271145820617676,-0.23925352096557617,1.0,0.1473684210526315,0.1473684210526315,independent,seed1,1,StructRSMA: Contact270 pretraining plus SCA
independent_039,5.246417045593262,4.425661087036133,5.246417045593262,4.7065629959106445,5.246417045593262,0.8207559585571289,0.5398540496826172,0.2809019088745117,1.0,0.4615384615384615,0.4615384615384615,independent,seed1,1,StructRSMA: Contact270 pretraining plus SCA
independent_040,5.4202165603637695,5.297380447387695,5.4202165603637695,5.516008377075195,5.4202165603637695,0.12283611297607422,0.09579181671142578,0.027044296264648438,1.0,0.1927710843373494,0.1927710843373494,independent,seed1,1,StructRSMA: Contact270 pretraining plus SCA
independent_041,5.416801452636719,5.29625940322876,5.416801452636719,5.335445404052734,5.416801452636719,0.12054204940795898,0.08135604858398438,0.03918600082397461,1.0,0.2,0.2,independent,seed1,1,StructRSMA: Contact270 pretraining plus SCA
independent_042,5.364516258239746,5.326599597930908,5.364516258239746,5.375979900360107,5.364516258239746,0.03791666030883789,0.011463642120361328,0.026453018188476562,1.0,0.1702127659574468,0.1702127659574468,independent,seed1,1,StructRSMA: Contact270 pretraining plus SCA
independent_043,6.208309173583984,5.723625659942627,6.208309173583984,5.951279640197754,6.208309173583984,0.4846835136413574,0.25702953338623047,0.22765398025512695,1.0,0.1927710843373494,0.1927710843373494,independent,seed1,1,StructRSMA: Contact270 pretraining plus SCA
independent_044,6.168130397796631,6.108376502990723,6.168130397796631,6.461104393005371,6.168130397796631,0.0597538948059082,0.29297399520874023,-0.23322010040283203,1.0,0.1595744680851064,0.1595744680851064,independent,seed1,1,StructRSMA: Contact270 pretraining plus SCA
independent_045,5.6575775146484375,5.137884616851807,5.6575775146484375,5.439140796661377,5.6575775146484375,0.5196928977966309,0.21843671798706055,0.3012561798095703,1.0,0.1375,0.1375,independent,seed1,1,StructRSMA: Contact270 pretraining plus SCA
independent_046,6.083546161651611,5.613287448883057,6.083546161651611,6.0272417068481445,6.083546161651611,0.4702587127685547,0.0563044548034668,0.4139542579650879,1.0,0.1839080459770115,0.1839080459770115,independent,seed1,1,StructRSMA: Contact270 pretraining plus SCA
independent_047,6.095284461975098,5.738244533538818,6.095284461975098,6.146807670593262,6.095284461975098,0.3570399284362793,0.05152320861816406,0.30551671981811523,1.0,0.1758241758241758,0.1758241758241758,independent,seed1,1,StructRSMA: Contact270 pretraining plus SCA
independent_000,7.066006660461426,5.164310932159424,7.066006660461426,5.277113437652588,7.066006660461426,1.901695728302002,1.788893222808838,0.11280250549316406,1.0,1.0,1.0,independent,seed2,2,Contact500 pretraining without SCA
independent_001,5.436519145965576,5.1567487716674805,5.436519145965576,5.294195652008057,5.436519145965576,0.2797703742980957,0.14232349395751953,0.13744688034057617,1.0,1.0,1.0,independent,seed2,2,Contact500 pretraining without SCA
independent_002,5.407490253448486,4.855411529541016,5.407490253448486,5.120587348937988,5.407490253448486,0.5520787239074707,0.28690290451049805,0.26517581939697266,1.0,1.0,1.0,independent,seed2,2,Contact500 pretraining without SCA
independent_003,4.958607196807861,5.253657817840576,4.958607196807861,5.43747091293335,4.958607196807861,0.29505062103271484,0.4788637161254883,-0.18381309509277344,1.0,0.8870967741935484,0.8870967741935484,independent,seed2,2,Contact500 pretraining without SCA
independent_004,5.449771881103516,4.9075188636779785,5.449771881103516,5.1148176193237305,5.449771881103516,0.5422530174255371,0.33495426177978516,0.20729875564575195,1.0,1.0,1.0,independent,seed2,2,Contact500 pretraining without SCA
independent_005,5.4202165603637695,5.076804637908936,5.4202165603637695,4.86857271194458,5.4202165603637695,0.3434119224548331,0.5516438484191895,-0.20823192596435636,1.0,0.7,0.7,independent,seed2,2,Contact500 pretraining without SCA
independent_006,5.587371349334717,4.339249610900879,5.587371349334717,4.53017520904541,5.587371349334717,1.248121738433838,1.0571961402893066,0.19092559814453125,1.0,1.0,1.0,independent,seed2,2,Contact500 pretraining without SCA
independent_007,4.91904878616333,4.98092794418335,4.91904878616333,5.208320140838623,4.91904878616333,0.06187915802001953,0.28927135467529297,-0.22739219665527344,1.0,1.0,1.0,independent,seed2,2,Contact500 pretraining without SCA
independent_008,4.804100513458252,5.272403240203857,4.804100513458252,5.526042938232422,4.804100513458252,0.46830272674560547,0.7219424247741699,-0.25363969802856445,1.0,1.0,1.0,independent,seed2,2,Contact500 pretraining without SCA
independent_009,3.4846999645233154,4.422135829925537,3.4846999645233154,4.318570137023926,3.4846999645233154,0.9374358654022217,0.8338701725006104,0.10356569290161133,1.0,0.4565217391304347,0.4565217391304347,independent,seed2,2,Contact500 pretraining without SCA
independent_010,5.245116710662842,4.440281391143799,5.245116710662842,4.335792064666748,5.245116710662842,0.804835319519043,0.9093246459960938,-0.10448932647705078,1.0,0.4375,0.4375,independent,seed2,2,Contact500 pretraining without SCA
independent_011,3.046675205230713,4.762429714202881,3.046675205230713,4.70521879196167,3.046675205230713,1.715754508972168,1.658543586730957,0.05721092224121094,1.0,0.2786885245901639,0.2786885245901639,independent,seed2,2,Contact500 pretraining without SCA
independent_012,4.432033061981201,4.695841312408447,4.432033061981201,4.592532157897949,4.432033061981201,0.2638082504272461,0.16049909591674805,0.10330915451049805,1.0,0.3620689655172414,0.3620689655172414,independent,seed2,2,Contact500 pretraining without SCA
independent_013,3.625985145568848,4.997035026550293,3.625985145568848,4.84049654006958,3.625985145568848,1.3710498809814449,1.214511394500732,0.1565384864807129,1.0,0.2428571428571428,0.2428571428571428,independent,seed2,2,Contact500 pretraining without SCA
independent_014,2.70524001121521,4.712100982666016,2.70524001121521,4.621165752410889,2.70524001121521,2.0068609714508057,1.9159257411956787,0.09093523025512695,1.0,0.2833333333333333,0.2833333333333333,independent,seed2,2,Contact500 pretraining without SCA
independent_015,4.63469934463501,4.954873561859131,4.63469934463501,4.809316635131836,4.63469934463501,0.3201742172241211,0.17461729049682617,0.14555692672729492,1.0,0.25,0.25,independent,seed2,2,Contact500 pretraining without SCA
independent_016,4.488183498382568,4.965597152709961,4.488183498382568,4.823695659637451,4.488183498382568,0.4774136543273926,0.3355121612548828,0.14190149307250977,1.0,0.2297297297297297,0.2297297297297297,independent,seed2,2,Contact500 pretraining without SCA
independent_017,4.488584518432617,4.935004234313965,4.488584518432617,4.794082164764404,4.488584518432617,0.44641971588134766,0.3054976463317871,0.14092206954956055,1.0,0.2266666666666666,0.2266666666666666,independent,seed2,2,Contact500 pretraining without SCA
independent_018,4.5743842124938965,5.305988311767578,4.5743842124938965,5.185425758361816,4.5743842124938965,0.7316040992736816,0.6110415458679199,0.12056255340576172,1.0,0.1847826086956521,0.1847826086956521,independent,seed2,2,Contact500 pretraining without SCA
independent_019,4.9018754959106445,5.184908390045166,4.9018754959106445,5.054356575012207,4.9018754959106445,0.2830328941345215,0.1524810791015625,0.13055181503295898,1.0,0.2117647058823529,0.2117647058823529,independent,seed2,2,Contact500 pretraining without SCA
independent_020,6.178486347198486,5.152336597442627,6.178486347198486,4.913108348846436,6.178486347198486,1.0261497497558594,1.26537799835205,-0.23922824859619052,1.0,0.2571428571428571,0.2571428571428571,independent,seed2,2,Contact500 pretraining without SCA
independent_021,6.521433353424072,4.882445812225342,6.521433353424072,4.792781829833984,6.521433353424072,1.6389875411987305,1.728651523590088,-0.08966398239135742,1.0,1.0,1.0,independent,seed2,2,Contact500 pretraining without SCA
independent_022,6.946921348571777,5.209737300872803,6.946921348571777,4.993647575378418,6.946921348571777,1.7371840476989746,1.9532737731933594,-0.21608972549438477,1.0,0.2461538461538461,0.2461538461538461,independent,seed2,2,Contact500 pretraining without SCA
independent_023,7.101274967193604,5.2117695808410645,7.101274967193604,4.994375705718994,7.101274967193604,1.88950538635254,2.1068992614746103,-0.2173938751220703,1.0,0.2419354838709677,0.2419354838709677,independent,seed2,2,Contact500 pretraining without SCA
independent_024,5.599116802215576,4.762655735015869,5.599116802215576,4.621266841888428,5.599116802215576,0.836461067199707,0.9778499603271484,-0.1413888931274414,1.0,0.2,0.2,independent,seed2,2,Contact500 pretraining without SCA
independent_025,5.958607196807861,4.928036689758301,5.958607196807861,4.788450241088867,5.958607196807861,1.0305705070495605,1.1701569557189941,-0.1395864486694336,1.0,0.196078431372549,0.196078431372549,independent,seed2,2,Contact500 pretraining without SCA
independent_026,5.141101837158203,5.392159938812256,5.141101837158203,5.178668975830078,5.141101837158203,0.25105810165405273,0.037567138671875,0.21349096298217773,1.0,0.175,0.175,independent,seed2,2,Contact500 pretraining without SCA
independent_027,4.343451499938965,5.104983806610107,4.343451499938965,4.976058483123779,4.343451499938965,0.7615323066711426,0.6326069831848145,0.12892532348632812,1.0,0.2297297297297297,0.2297297297297297,independent,seed2,2,Contact500 pretraining without SCA
independent_028,4.058279991149902,5.210512638092041,4.058279991149902,5.079089164733887,4.058279991149902,1.1522326469421387,1.0208091735839844,0.1314234733581543,1.0,0.2207792207792207,0.2207792207792207,independent,seed2,2,Contact500 pretraining without SCA
independent_029,3.774083614349365,5.096047878265381,3.774083614349365,4.962879657745361,3.774083614349365,1.321964263916016,1.1887960433959965,0.13316822052001953,1.0,0.2179487179487179,0.2179487179487179,independent,seed2,2,Contact500 pretraining without SCA
independent_030,4.487315654754639,5.244702339172363,4.487315654754639,5.086487293243408,4.487315654754639,0.7573866844177246,0.5991716384887695,0.15821504592895508,1.0,0.2207792207792207,0.2207792207792207,independent,seed2,2,Contact500 pretraining without SCA
independent_031,3.125309467315674,4.907933712005615,3.125309467315674,4.698938846588135,3.125309467315674,1.7826242446899414,1.573629379272461,0.20899486541748047,1.0,0.2571428571428571,0.2571428571428571,independent,seed2,2,Contact500 pretraining without SCA
independent_032,3.2134792804718018,4.996160507202148,3.2134792804718018,4.75934648513794,3.2134792804718018,1.7826812267303467,1.5458672046661386,0.2368140220642081,1.0,0.2537313432835821,0.2537313432835821,independent,seed2,2,Contact500 pretraining without SCA
independent_033,5.063486099243164,5.1626410484313965,5.063486099243164,4.9850382804870605,5.063486099243164,0.09915494918823242,0.07844781875610352,0.020707130432128906,1.0,0.75,0.75,independent,seed2,2,Contact500 pretraining without SCA
independent_034,5.4198737144470215,5.30517053604126,5.4198737144470215,5.12858772277832,5.4198737144470215,0.11470317840576172,0.29128599166870117,-0.17658281326293945,1.0,0.1636363636363636,0.1636363636363636,independent,seed2,2,Contact500 pretraining without SCA
independent_035,5.93930196762085,5.238725185394287,5.93930196762085,5.080312252044678,5.93930196762085,0.7005767822265625,0.8589897155761719,-0.15841293334960938,1.0,0.2894736842105263,0.2894736842105263,independent,seed2,2,Contact500 pretraining without SCA
independent_036,6.244887828826904,5.366932392120361,6.244887828826904,5.202361106872559,6.244887828826904,0.877955436706543,1.0425267219543457,-0.16457128524780273,1.0,0.1975308641975308,0.1975308641975308,independent,seed2,2,Contact500 pretraining without SCA
independent_037,4.241239547729492,5.309353828430176,4.241239547729492,5.141194343566895,4.241239547729492,1.0681142807006836,0.8999547958374032,0.16815948486328036,1.0,0.1617647058823529,0.1617647058823529,independent,seed2,2,Contact500 pretraining without SCA
independent_038,5.954677104949951,6.2416815757751465,5.954677104949951,6.349987983703613,5.954677104949951,0.2870044708251953,0.3953108787536621,-0.1083064079284668,1.0,0.1473684210526315,0.1473684210526315,independent,seed2,2,Contact500 pretraining without SCA
independent_039,5.246417045593262,4.73783540725708,5.246417045593262,4.538337707519531,5.246417045593262,0.5085816383361816,0.7080793380737305,-0.19949769973754883,1.0,0.4615384615384615,0.4615384615384615,independent,seed2,2,Contact500 pretraining without SCA
independent_040,5.4202165603637695,5.361770153045654,5.4202165603637695,5.151703357696533,5.4202165603637695,0.058446407318115234,0.26851320266723633,-0.2100667953491211,1.0,0.1927710843373494,0.1927710843373494,independent,seed2,2,Contact500 pretraining without SCA
independent_041,5.416801452636719,5.364983558654785,5.416801452636719,5.196759223937988,5.416801452636719,0.051817893981933594,0.22004222869873047,-0.16822433471679688,1.0,0.2,0.2,independent,seed2,2,Contact500 pretraining without SCA
independent_042,5.364516258239746,5.357806205749512,5.364516258239746,5.226896286010742,5.364516258239746,0.006710052490234375,0.1376199722290039,-0.13090991973876953,1.0,0.1702127659574468,0.1702127659574468,independent,seed2,2,Contact500 pretraining without SCA
independent_043,6.208309173583984,5.835055351257324,6.208309173583984,5.758301734924316,6.208309173583984,0.37325382232666016,0.45000743865966797,-0.07675361633300781,1.0,0.1927710843373494,0.1927710843373494,independent,seed2,2,Contact500 pretraining without SCA
independent_044,6.168130397796631,6.34135627746582,6.168130397796631,6.375044822692871,6.168130397796631,0.17322587966918945,0.20691442489624023,-0.03368854522705078,1.0,0.1595744680851064,0.1595744680851064,independent,seed2,2,Contact500 pretraining without SCA
independent_045,5.6575775146484375,5.212587356567383,5.6575775146484375,5.016924858093262,5.6575775146484375,0.4449901580810547,0.6406526565551758,-0.1956624984741211,1.0,0.1375,0.1375,independent,seed2,2,Contact500 pretraining without SCA
independent_046,6.083546161651611,5.752867221832275,6.083546161651611,5.556621551513672,6.083546161651611,0.33067893981933594,0.5269246101379395,-0.19624567031860352,1.0,0.1839080459770115,0.1839080459770115,independent,seed2,2,Contact500 pretraining without SCA
independent_047,6.095284461975098,5.908314228057861,6.095284461975098,5.753441333770752,6.095284461975098,0.18697023391723633,0.3418431282043457,-0.15487289428710938,1.0,0.1758241758241758,0.1758241758241758,independent,seed2,2,Contact500 pretraining without SCA
independent_000,7.066006660461426,5.164310932159424,7.066006660461426,4.808042049407959,7.066006660461426,1.901695728302002,2.257964611053467,-0.35626888275146484,1.0,1.0,1.0,independent,seed2,2,Global-deoverlap Contact270 pretraining without SCA
independent_001,5.436519145965576,5.1567487716674805,5.436519145965576,4.800318241119385,5.436519145965576,0.2797703742980957,0.6362009048461914,-0.3564305305480957,1.0,1.0,1.0,independent,seed2,2,Global-deoverlap Contact270 pretraining without SCA
independent_002,5.407490253448486,4.855411529541016,5.407490253448486,4.4663825035095215,5.407490253448486,0.5520787239074707,0.9411077499389648,-0.38902902603149414,1.0,1.0,1.0,independent,seed2,2,Global-deoverlap Contact270 pretraining without SCA
independent_003,4.958607196807861,5.253657817840576,4.958607196807861,4.978769302368164,4.958607196807861,0.29505062103271484,0.020162105560302734,0.2748885154724121,1.0,0.8870967741935484,0.8870967741935484,independent,seed2,2,Global-deoverlap Contact270 pretraining without SCA
independent_004,5.449771881103516,4.9075188636779785,5.449771881103516,4.543141841888428,5.449771881103516,0.5422530174255371,0.9066300392150879,-0.3643770217895508,1.0,1.0,1.0,independent,seed2,2,Global-deoverlap Contact270 pretraining without SCA
independent_005,5.4202165603637695,5.076804637908936,5.4202165603637695,4.63763427734375,5.4202165603637695,0.3434119224548331,0.7825822830200195,-0.43917036056518644,1.0,0.7,0.7,independent,seed2,2,Global-deoverlap Contact270 pretraining without SCA
independent_006,5.587371349334717,4.339249610900879,5.587371349334717,4.046635627746582,5.587371349334717,1.248121738433838,1.5407357215881348,-0.2926139831542969,1.0,1.0,1.0,independent,seed2,2,Global-deoverlap Contact270 pretraining without SCA
independent_007,4.91904878616333,4.98092794418335,4.91904878616333,4.635842323303223,4.91904878616333,0.06187915802001953,0.2832064628601074,-0.2213273048400879,1.0,1.0,1.0,independent,seed2,2,Global-deoverlap Contact270 pretraining without SCA
independent_008,4.804100513458252,5.272403240203857,4.804100513458252,4.888720989227295,4.804100513458252,0.46830272674560547,0.08462047576904297,0.3836822509765625,1.0,1.0,1.0,independent,seed2,2,Global-deoverlap Contact270 pretraining without SCA
independent_009,3.4846999645233154,4.422135829925537,3.4846999645233154,4.180628776550293,3.4846999645233154,0.9374358654022217,0.6959288120269775,0.24150705337524414,1.0,0.4565217391304347,0.4565217391304347,independent,seed2,2,Global-deoverlap Contact270 pretraining without SCA
independent_010,5.245116710662842,4.440281391143799,5.245116710662842,4.14471435546875,5.245116710662842,0.804835319519043,1.1004023551940918,-0.29556703567504883,1.0,0.4375,0.4375,independent,seed2,2,Global-deoverlap Contact270 pretraining without SCA
independent_011,3.046675205230713,4.762429714202881,3.046675205230713,4.640635967254639,3.046675205230713,1.715754508972168,1.5939607620239258,0.12179374694824219,1.0,0.2786885245901639,0.2786885245901639,independent,seed2,2,Global-deoverlap Contact270 pretraining without SCA
independent_012,4.432033061981201,4.695841312408447,4.432033061981201,4.391258239746094,4.432033061981201,0.2638082504272461,0.04077482223510742,0.22303342819213867,1.0,0.3620689655172414,0.3620689655172414,independent,seed2,2,Global-deoverlap Contact270 pretraining without SCA
independent_013,3.625985145568848,4.997035026550293,3.625985145568848,4.995369911193848,3.625985145568848,1.3710498809814449,1.3693847656249996,0.0016651153564453125,1.0,0.2428571428571428,0.2428571428571428,independent,seed2,2,Global-deoverlap Contact270 pretraining without SCA
independent_014,2.70524001121521,4.712100982666016,2.70524001121521,4.550962448120117,2.70524001121521,2.0068609714508057,1.8457224369049072,0.16113853454589844,1.0,0.2833333333333333,0.2833333333333333,independent,seed2,2,Global-deoverlap Contact270 pretraining without SCA
independent_015,4.63469934463501,4.954873561859131,4.63469934463501,4.780767440795898,4.63469934463501,0.3201742172241211,0.14606809616088867,0.17410612106323242,1.0,0.25,0.25,independent,seed2,2,Global-deoverlap Contact270 pretraining without SCA
independent_016,4.488183498382568,4.965597152709961,4.488183498382568,4.947019100189209,4.488183498382568,0.4774136543273926,0.4588356018066406,0.018578052520751953,1.0,0.2297297297297297,0.2297297297297297,independent,seed2,2,Global-deoverlap Contact270 pretraining without SCA
independent_017,4.488584518432617,4.935004234313965,4.488584518432617,4.937081813812256,4.488584518432617,0.44641971588134766,0.44849729537963867,-0.0020775794982910156,1.0,0.2266666666666666,0.2266666666666666,independent,seed2,2,Global-deoverlap Contact270 pretraining without SCA
independent_018,4.5743842124938965,5.305988311767578,4.5743842124938965,5.3243842124938965,4.5743842124938965,0.7316040992736816,0.75,-0.01839590072631836,1.0,0.1847826086956521,0.1847826086956521,independent,seed2,2,Global-deoverlap Contact270 pretraining without SCA
independent_019,4.9018754959106445,5.184908390045166,4.9018754959106445,5.217926025390625,4.9018754959106445,0.2830328941345215,0.31605052947998047,-0.033017635345458984,1.0,0.2117647058823529,0.2117647058823529,independent,seed2,2,Global-deoverlap Contact270 pretraining without SCA
independent_020,6.178486347198486,5.152336597442627,6.178486347198486,5.08795166015625,6.178486347198486,1.0261497497558594,1.0905346870422363,-0.06438493728637695,1.0,0.2571428571428571,0.2571428571428571,independent,seed2,2,Global-deoverlap Contact270 pretraining without SCA
independent_021,6.521433353424072,4.882445812225342,6.521433353424072,4.656775951385498,6.521433353424072,1.6389875411987305,1.8646574020385742,-0.22566986083984375,1.0,1.0,1.0,independent,seed2,2,Global-deoverlap Contact270 pretraining without SCA
independent_022,6.946921348571777,5.209737300872803,6.946921348571777,5.007068157196045,6.946921348571777,1.7371840476989746,1.9398531913757324,-0.2026691436767578,1.0,0.2461538461538461,0.2461538461538461,independent,seed2,2,Global-deoverlap Contact270 pretraining without SCA
independent_023,7.101274967193604,5.2117695808410645,7.101274967193604,5.0053582191467285,7.101274967193604,1.88950538635254,2.095916748046876,-0.20641136169433594,1.0,0.2419354838709677,0.2419354838709677,independent,seed2,2,Global-deoverlap Contact270 pretraining without SCA
independent_024,5.599116802215576,4.762655735015869,5.599116802215576,4.570952415466309,5.599116802215576,0.836461067199707,1.0281643867492676,-0.19170331954956055,1.0,0.2,0.2,independent,seed2,2,Global-deoverlap Contact270 pretraining without SCA
independent_025,5.958607196807861,4.928036689758301,5.958607196807861,4.720740795135498,5.958607196807861,1.0305705070495605,1.2378664016723633,-0.20729589462280273,1.0,0.196078431372549,0.196078431372549,independent,seed2,2,Global-deoverlap Contact270 pretraining without SCA
independent_026,5.141101837158203,5.392159938812256,5.141101837158203,5.261620998382568,5.141101837158203,0.25105810165405273,0.12051916122436523,0.1305389404296875,1.0,0.175,0.175,independent,seed2,2,Global-deoverlap Contact270 pretraining without SCA
independent_027,4.343451499938965,5.104983806610107,4.343451499938965,4.992793083190918,4.343451499938965,0.7615323066711426,0.6493415832519531,0.11219072341918945,1.0,0.2297297297297297,0.2297297297297297,independent,seed2,2,Global-deoverlap Contact270 pretraining without SCA
independent_028,4.058279991149902,5.210512638092041,4.058279991149902,5.10366153717041,4.058279991149902,1.1522326469421387,1.0453815460205078,0.10685110092163086,1.0,0.2207792207792207,0.2207792207792207,independent,seed2,2,Global-deoverlap Contact270 pretraining without SCA
independent_029,3.774083614349365,5.096047878265381,3.774083614349365,4.9806671142578125,3.774083614349365,1.321964263916016,1.2065834999084477,0.11538076400756836,1.0,0.2179487179487179,0.2179487179487179,independent,seed2,2,Global-deoverlap Contact270 pretraining without SCA
independent_030,4.487315654754639,5.244702339172363,4.487315654754639,5.0767669677734375,4.487315654754639,0.7573866844177246,0.5894513130187988,0.16793537139892578,1.0,0.2207792207792207,0.2207792207792207,independent,seed2,2,Global-deoverlap Contact270 pretraining without SCA
independent_031,3.125309467315674,4.907933712005615,3.125309467315674,4.619688987731934,3.125309467315674,1.7826242446899414,1.4943795204162598,0.28824472427368164,1.0,0.2571428571428571,0.2571428571428571,independent,seed2,2,Global-deoverlap Contact270 pretraining without SCA
independent_032,3.2134792804718018,4.996160507202148,3.2134792804718018,4.752525806427002,3.2134792804718018,1.7826812267303467,1.5390465259552002,0.24363470077514648,1.0,0.2537313432835821,0.2537313432835821,independent,seed2,2,Global-deoverlap Contact270 pretraining without SCA
independent_033,5.063486099243164,5.1626410484313965,5.063486099243164,5.224910259246826,5.063486099243164,0.09915494918823242,0.1614241600036621,-0.06226921081542969,1.0,0.75,0.75,independent,seed2,2,Global-deoverlap Contact270 pretraining without SCA
independent_034,5.4198737144470215,5.30517053604126,5.4198737144470215,5.2435078620910645,5.4198737144470215,0.11470317840576172,0.17636585235595703,-0.06166267395019531,1.0,0.1636363636363636,0.1636363636363636,independent,seed2,2,Global-deoverlap Contact270 pretraining without SCA
independent_035,5.93930196762085,5.238725185394287,5.93930196762085,5.141341209411621,5.93930196762085,0.7005767822265625,0.7979607582092285,-0.09738397598266602,1.0,0.2894736842105263,0.2894736842105263,independent,seed2,2,Global-deoverlap Contact270 pretraining without SCA
independent_036,6.244887828826904,5.366932392120361,6.244887828826904,5.248537540435791,6.244887828826904,0.877955436706543,0.9963502883911133,-0.11839485168457031,1.0,0.1975308641975308,0.1975308641975308,independent,seed2,2,Global-deoverlap Contact270 pretraining without SCA
independent_037,4.241239547729492,5.309353828430176,4.241239547729492,5.246610164642334,4.241239547729492,1.0681142807006836,1.0053706169128418,0.0627436637878418,1.0,0.1617647058823529,0.1617647058823529,independent,seed2,2,Global-deoverlap Contact270 pretraining without SCA
independent_038,5.954677104949951,6.2416815757751465,5.954677104949951,6.051175594329834,5.954677104949951,0.2870044708251953,0.09649848937988281,0.1905059814453125,1.0,0.1473684210526315,0.1473684210526315,independent,seed2,2,Global-deoverlap Contact270 pretraining without SCA
independent_039,5.246417045593262,4.73783540725708,5.246417045593262,4.401491165161133,5.246417045593262,0.5085816383361816,0.8449258804321289,-0.33634424209594727,1.0,0.4615384615384615,0.4615384615384615,independent,seed2,2,Global-deoverlap Contact270 pretraining without SCA
independent_040,5.4202165603637695,5.361770153045654,5.4202165603637695,5.272051334381104,5.4202165603637695,0.058446407318115234,0.14816522598266513,-0.0897188186645499,1.0,0.1927710843373494,0.1927710843373494,independent,seed2,2,Global-deoverlap Contact270 pretraining without SCA
independent_041,5.416801452636719,5.364983558654785,5.416801452636719,5.277900218963623,5.416801452636719,0.051817893981933594,0.1389012336730957,-0.08708333969116211,1.0,0.2,0.2,independent,seed2,2,Global-deoverlap Contact270 pretraining without SCA
independent_042,5.364516258239746,5.357806205749512,5.364516258239746,5.297481060028076,5.364516258239746,0.006710052490234375,0.06703519821166992,-0.06032514572143555,1.0,0.1702127659574468,0.1702127659574468,independent,seed2,2,Global-deoverlap Contact270 pretraining without SCA
independent_043,6.208309173583984,5.835055351257324,6.208309173583984,5.644134998321533,6.208309173583984,0.37325382232666016,0.5641741752624512,-0.19092035293579102,1.0,0.1927710843373494,0.1927710843373494,independent,seed2,2,Global-deoverlap Contact270 pretraining without SCA
independent_044,6.168130397796631,6.34135627746582,6.168130397796631,6.1542840003967285,6.168130397796631,0.17322587966918945,0.013846397399902344,0.1593794822692871,1.0,0.1595744680851064,0.1595744680851064,independent,seed2,2,Global-deoverlap Contact270 pretraining without SCA
independent_045,5.6575775146484375,5.212587356567383,5.6575775146484375,5.155248165130615,5.6575775146484375,0.4449901580810547,0.5023293495178223,-0.05733919143676758,1.0,0.1375,0.1375,independent,seed2,2,Global-deoverlap Contact270 pretraining without SCA
independent_046,6.083546161651611,5.752867221832275,6.083546161651611,5.621911525726318,6.083546161651611,0.33067893981933594,0.46163463592529297,-0.13095569610595703,1.0,0.1839080459770115,0.1839080459770115,independent,seed2,2,Global-deoverlap Contact270 pretraining without SCA
independent_047,6.095284461975098,5.908314228057861,6.095284461975098,5.766524314880371,6.095284461975098,0.18697023391723633,0.32876014709472656,-0.14178991317749023,1.0,0.1758241758241758,0.1758241758241758,independent,seed2,2,Global-deoverlap Contact270 pretraining without SCA
independent_000,7.066006660461426,5.164310932159424,7.066006660461426,5.991418838500977,7.066006660461426,1.901695728302002,1.0745878219604492,0.8271079063415527,1.0,1.0,1.0,independent,seed2,2,StructRSMA: Contact500 pretraining plus SCA
independent_001,5.436519145965576,5.1567487716674805,5.436519145965576,5.977848529815674,5.436519145965576,0.2797703742980957,0.5413293838500977,-0.26155900955200195,1.0,1.0,1.0,independent,seed2,2,StructRSMA: Contact500 pretraining plus SCA
independent_002,5.407490253448486,4.855411529541016,5.407490253448486,5.561273097991943,5.407490253448486,0.5520787239074707,0.15378284454345703,0.39829587936401367,1.0,1.0,1.0,independent,seed2,2,StructRSMA: Contact500 pretraining plus SCA
independent_003,4.958607196807861,5.253657817840576,4.958607196807861,5.9738054275512695,4.958607196807861,0.29505062103271484,1.0151982307434082,-0.7201476097106934,1.0,0.8870967741935484,0.8870967741935484,independent,seed2,2,StructRSMA: Contact500 pretraining plus SCA
independent_004,5.449771881103516,4.9075188636779785,5.449771881103516,5.820930480957031,5.449771881103516,0.5422530174255371,0.3711585998535156,0.17109441757202148,1.0,1.0,1.0,independent,seed2,2,StructRSMA: Contact500 pretraining plus SCA
independent_005,5.4202165603637695,5.076804637908936,5.4202165603637695,5.425658226013184,5.4202165603637695,0.3434119224548331,0.0054416656494140625,0.33797025680541903,1.0,0.7,0.7,independent,seed2,2,StructRSMA: Contact500 pretraining plus SCA
independent_006,5.587371349334717,4.339249610900879,5.587371349334717,4.549317359924316,5.587371349334717,1.248121738433838,1.0380539894104004,0.2100677490234375,1.0,1.0,1.0,independent,seed2,2,StructRSMA: Contact500 pretraining plus SCA
independent_007,4.91904878616333,4.98092794418335,4.91904878616333,6.002522468566895,4.91904878616333,0.06187915802001953,1.0834736824035653,-1.0215945243835458,1.0,1.0,1.0,independent,seed2,2,StructRSMA: Contact500 pretraining plus SCA
independent_008,4.804100513458252,5.272403240203857,4.804100513458252,5.982983589172363,4.804100513458252,0.46830272674560547,1.1788830757141113,-0.7105803489685059,1.0,1.0,1.0,independent,seed2,2,StructRSMA: Contact500 pretraining plus SCA
independent_009,3.4846999645233154,4.422135829925537,3.4846999645233154,4.756195068359375,3.4846999645233154,0.9374358654022217,1.2714951038360596,-0.3340592384338379,1.0,0.4565217391304347,0.4565217391304347,independent,seed2,2,StructRSMA: Contact500 pretraining plus SCA
independent_010,5.245116710662842,4.440281391143799,5.245116710662842,5.015485763549805,5.245116710662842,0.804835319519043,0.2296309471130371,0.5752043724060059,1.0,0.4375,0.4375,independent,seed2,2,StructRSMA: Contact500 pretraining plus SCA
independent_011,3.046675205230713,4.762429714202881,3.046675205230713,4.462073802947998,3.046675205230713,1.715754508972168,1.4153985977172852,0.3003559112548828,1.0,0.2786885245901639,0.2786885245901639,independent,seed2,2,StructRSMA: Contact500 pretraining plus SCA
independent_012,4.432033061981201,4.695841312408447,4.432033061981201,4.6147565841674805,4.432033061981201,0.2638082504272461,0.1827235221862793,0.0810847282409668,1.0,0.3620689655172414,0.3620689655172414,independent,seed2,2,StructRSMA: Contact500 pretraining plus SCA
independent_013,3.625985145568848,4.997035026550293,3.625985145568848,4.4591217041015625,3.625985145568848,1.3710498809814449,0.8331365585327144,0.5379133224487305,1.0,0.2428571428571428,0.2428571428571428,independent,seed2,2,StructRSMA: Contact500 pretraining plus SCA
independent_014,2.70524001121521,4.712100982666016,2.70524001121521,4.651606559753418,2.70524001121521,2.0068609714508057,1.946366548538208,0.060494422912597656,1.0,0.2833333333333333,0.2833333333333333,independent,seed2,2,StructRSMA: Contact500 pretraining plus SCA
independent_015,4.63469934463501,4.954873561859131,4.63469934463501,5.115149021148682,4.63469934463501,0.3201742172241211,0.4804496765136719,-0.16027545928955078,1.0,0.25,0.25,independent,seed2,2,StructRSMA: Contact500 pretraining plus SCA
independent_016,4.488183498382568,4.965597152709961,4.488183498382568,4.333023548126221,4.488183498382568,0.4774136543273926,0.15515995025634766,0.3222537040710449,1.0,0.2297297297297297,0.2297297297297297,independent,seed2,2,StructRSMA: Contact500 pretraining plus SCA
independent_017,4.488584518432617,4.935004234313965,4.488584518432617,4.166114807128906,4.488584518432617,0.44641971588134766,0.32246971130371094,0.12395000457763672,1.0,0.2266666666666666,0.2266666666666666,independent,seed2,2,StructRSMA: Contact500 pretraining plus SCA
independent_018,4.5743842124938965,5.305988311767578,4.5743842124938965,4.767645835876465,4.5743842124938965,0.7316040992736816,0.19326162338256836,0.5383424758911133,1.0,0.1847826086956521,0.1847826086956521,independent,seed2,2,StructRSMA: Contact500 pretraining plus SCA
independent_019,4.9018754959106445,5.184908390045166,4.9018754959106445,4.588517189025879,4.9018754959106445,0.2830328941345215,0.3133583068847656,-0.03032541275024414,1.0,0.2117647058823529,0.2117647058823529,independent,seed2,2,StructRSMA: Contact500 pretraining plus SCA
independent_020,6.178486347198486,5.152336597442627,6.178486347198486,4.721087455749512,6.178486347198486,1.0261497497558594,1.4573988914489746,-0.43124914169311523,1.0,0.2571428571428571,0.2571428571428571,independent,seed2,2,StructRSMA: Contact500 pretraining plus SCA
independent_021,6.521433353424072,4.882445812225342,6.521433353424072,5.690200805664063,6.521433353424072,1.6389875411987305,0.8312325477600089,0.8077549934387216,1.0,1.0,1.0,independent,seed2,2,StructRSMA: Contact500 pretraining plus SCA
independent_022,6.946921348571777,5.209737300872803,6.946921348571777,4.54387903213501,6.946921348571777,1.7371840476989746,2.4030423164367676,-0.665858268737793,1.0,0.2461538461538461,0.2461538461538461,independent,seed2,2,StructRSMA: Contact500 pretraining plus SCA
independent_023,7.101274967193604,5.2117695808410645,7.101274967193604,4.5408854484558105,7.101274967193604,1.88950538635254,2.560389518737794,-0.6708841323852539,1.0,0.2419354838709677,0.2419354838709677,independent,seed2,2,StructRSMA: Contact500 pretraining plus SCA
independent_024,5.599116802215576,4.762655735015869,5.599116802215576,4.103191375732422,5.599116802215576,0.836461067199707,1.4959254264831543,-0.6594643592834473,1.0,0.2,0.2,independent,seed2,2,StructRSMA: Contact500 pretraining plus SCA
independent_025,5.958607196807861,4.928036689758301,5.958607196807861,5.213258266448975,5.958607196807861,1.0305705070495605,0.7453489303588867,0.28522157669067383,1.0,0.196078431372549,0.196078431372549,independent,seed2,2,StructRSMA: Contact500 pretraining plus SCA
independent_026,5.141101837158203,5.392159938812256,5.141101837158203,4.60475492477417,5.141101837158203,0.25105810165405273,0.5363469123840332,-0.28528881072998047,1.0,0.175,0.175,independent,seed2,2,StructRSMA: Contact500 pretraining plus SCA
independent_027,4.343451499938965,5.104983806610107,4.343451499938965,4.776269912719727,4.343451499938965,0.7615323066711426,0.4328184127807617,0.32871389389038086,1.0,0.2297297297297297,0.2297297297297297,independent,seed2,2,StructRSMA: Contact500 pretraining plus SCA
independent_028,4.058279991149902,5.210512638092041,4.058279991149902,4.965981483459473,4.058279991149902,1.1522326469421387,0.9077014923095703,0.24453115463256836,1.0,0.2207792207792207,0.2207792207792207,independent,seed2,2,StructRSMA: Contact500 pretraining plus SCA
independent_029,3.774083614349365,5.096047878265381,3.774083614349365,4.754575729370117,3.774083614349365,1.321964263916016,0.9804921150207524,0.34147214889526367,1.0,0.2179487179487179,0.2179487179487179,independent,seed2,2,StructRSMA: Contact500 pretraining plus SCA
independent_030,4.487315654754639,5.244702339172363,4.487315654754639,5.08895206451416,4.487315654754639,0.7573866844177246,0.6016364097595215,0.15575027465820312,1.0,0.2207792207792207,0.2207792207792207,independent,seed2,2,StructRSMA: Contact500 pretraining plus SCA
independent_031,3.125309467315674,4.907933712005615,3.125309467315674,3.978150844573975,3.125309467315674,1.7826242446899414,0.8528413772583012,0.9297828674316402,1.0,0.2571428571428571,0.2571428571428571,independent,seed2,2,StructRSMA: Contact500 pretraining plus SCA
independent_032,3.2134792804718018,4.996160507202148,3.2134792804718018,4.10508918762207,3.2134792804718018,1.7826812267303467,0.8916099071502686,0.8910713195800781,1.0,0.2537313432835821,0.2537313432835821,independent,seed2,2,StructRSMA: Contact500 pretraining plus SCA
independent_033,5.063486099243164,5.1626410484313965,5.063486099243164,4.892757415771484,5.063486099243164,0.09915494918823242,0.1707286834716797,-0.07157373428344727,1.0,0.75,0.75,independent,seed2,2,StructRSMA: Contact500 pretraining plus SCA
independent_034,5.4198737144470215,5.30517053604126,5.4198737144470215,4.7191009521484375,5.4198737144470215,0.11470317840576172,0.700772762298584,-0.5860695838928223,1.0,0.1636363636363636,0.1636363636363636,independent,seed2,2,StructRSMA: Contact500 pretraining plus SCA
independent_035,5.93930196762085,5.238725185394287,5.93930196762085,4.719943046569824,5.93930196762085,0.7005767822265625,1.2193589210510254,-0.5187821388244629,1.0,0.2894736842105263,0.2894736842105263,independent,seed2,2,StructRSMA: Contact500 pretraining plus SCA
independent_036,6.244887828826904,5.366932392120361,6.244887828826904,4.748880863189697,6.244887828826904,0.877955436706543,1.496006965637207,-0.6180515289306641,1.0,0.1975308641975308,0.1975308641975308,independent,seed2,2,StructRSMA: Contact500 pretraining plus SCA
independent_037,4.241239547729492,5.309353828430176,4.241239547729492,4.82872200012207,4.241239547729492,1.0681142807006836,0.5874824523925781,0.48063182830810547,1.0,0.1617647058823529,0.1617647058823529,independent,seed2,2,StructRSMA: Contact500 pretraining plus SCA
independent_038,5.954677104949951,6.2416815757751465,5.954677104949951,6.560388088226318,5.954677104949951,0.2870044708251953,0.6057109832763672,-0.3187065124511719,1.0,0.1473684210526315,0.1473684210526315,independent,seed2,2,StructRSMA: Contact500 pretraining plus SCA
independent_039,5.246417045593262,4.73783540725708,5.246417045593262,5.305783748626709,5.246417045593262,0.5085816383361816,0.059366703033447266,0.4492149353027344,1.0,0.4615384615384615,0.4615384615384615,independent,seed2,2,StructRSMA: Contact500 pretraining plus SCA
independent_040,5.4202165603637695,5.361770153045654,5.4202165603637695,4.792492866516113,5.4202165603637695,0.058446407318115234,0.6277236938476562,-0.569277286529541,1.0,0.1927710843373494,0.1927710843373494,independent,seed2,2,StructRSMA: Contact500 pretraining plus SCA
independent_041,5.416801452636719,5.364983558654785,5.416801452636719,4.80876350402832,5.416801452636719,0.051817893981933594,0.6080379486083984,-0.5562200546264648,1.0,0.2,0.2,independent,seed2,2,StructRSMA: Contact500 pretraining plus SCA
independent_042,5.364516258239746,5.357806205749512,5.364516258239746,5.011045455932617,5.364516258239746,0.006710052490234375,0.3534708023071289,-0.34676074981689453,1.0,0.1702127659574468,0.1702127659574468,independent,seed2,2,StructRSMA: Contact500 pretraining plus SCA
independent_043,6.208309173583984,5.835055351257324,6.208309173583984,5.417777061462402,6.208309173583984,0.37325382232666016,0.790532112121582,-0.4172782897949219,1.0,0.1927710843373494,0.1927710843373494,independent,seed2,2,StructRSMA: Contact500 pretraining plus SCA
independent_044,6.168130397796631,6.34135627746582,6.168130397796631,6.626843452453613,6.168130397796631,0.17322587966918945,0.4587130546569824,-0.28548717498779297,1.0,0.1595744680851064,0.1595744680851064,independent,seed2,2,StructRSMA: Contact500 pretraining plus SCA
independent_045,5.6575775146484375,5.212587356567383,5.6575775146484375,4.628300666809082,5.6575775146484375,0.4449901580810547,1.0292768478393555,-0.5842866897583008,1.0,0.1375,0.1375,independent,seed2,2,StructRSMA: Contact500 pretraining plus SCA
independent_046,6.083546161651611,5.752867221832275,6.083546161651611,5.162087440490723,6.083546161651611,0.33067893981933594,0.9214587211608887,-0.5907797813415527,1.0,0.1839080459770115,0.1839080459770115,independent,seed2,2,StructRSMA: Contact500 pretraining plus SCA
independent_047,6.095284461975098,5.908314228057861,6.095284461975098,5.658149719238281,6.095284461975098,0.18697023391723633,0.4371347427368164,-0.2501645088195801,1.0,0.1758241758241758,0.1758241758241758,independent,seed2,2,StructRSMA: Contact500 pretraining plus SCA
independent_000,7.066006660461426,5.164310932159424,7.066006660461426,4.956546783447266,7.066006660461426,1.901695728302002,2.10945987701416,-0.2077641487121582,1.0,1.0,1.0,independent,seed2,2,StructRSMA: Contact270 pretraining plus SCA
independent_001,5.436519145965576,5.1567487716674805,5.436519145965576,4.949555397033691,5.436519145965576,0.2797703742980957,0.48696374893188477,-0.20719337463378906,1.0,1.0,1.0,independent,seed2,2,StructRSMA: Contact270 pretraining plus SCA
independent_002,5.407490253448486,4.855411529541016,5.407490253448486,4.622062206268311,5.407490253448486,0.5520787239074707,0.7854280471801749,-0.2333493232727042,1.0,1.0,1.0,independent,seed2,2,StructRSMA: Contact270 pretraining plus SCA
independent_003,4.958607196807861,5.253657817840576,4.958607196807861,5.0667877197265625,4.958607196807861,0.29505062103271484,0.10818052291870117,0.18687009811401367,1.0,0.8870967741935484,0.8870967741935484,independent,seed2,2,StructRSMA: Contact270 pretraining plus SCA
independent_004,5.449771881103516,4.9075188636779785,5.449771881103516,4.729771614074707,5.449771881103516,0.5422530174255371,0.7200002670288086,-0.17774724960327148,1.0,1.0,1.0,independent,seed2,2,StructRSMA: Contact270 pretraining plus SCA
independent_005,5.4202165603637695,5.076804637908936,5.4202165603637695,4.738124847412109,5.4202165603637695,0.3434119224548331,0.6820917129516602,-0.33867979049682706,1.0,0.7,0.7,independent,seed2,2,StructRSMA: Contact270 pretraining plus SCA
independent_006,5.587371349334717,4.339249610900879,5.587371349334717,4.275411128997803,5.587371349334717,1.248121738433838,1.311960220336914,-0.06383848190307617,1.0,1.0,1.0,independent,seed2,2,StructRSMA: Contact270 pretraining plus SCA
independent_007,4.91904878616333,4.98092794418335,4.91904878616333,4.818147659301758,4.91904878616333,0.06187915802001953,0.10090112686157227,-0.039021968841552734,1.0,1.0,1.0,independent,seed2,2,StructRSMA: Contact270 pretraining plus SCA
independent_008,4.804100513458252,5.272403240203857,4.804100513458252,5.018981456756592,4.804100513458252,0.46830272674560547,0.21488094329833984,0.2534217834472656,1.0,1.0,1.0,independent,seed2,2,StructRSMA: Contact270 pretraining plus SCA
independent_009,3.4846999645233154,4.422135829925537,3.4846999645233154,4.355055809020996,3.4846999645233154,0.9374358654022217,0.8703558444976807,0.06708002090454102,1.0,0.4565217391304347,0.4565217391304347,independent,seed2,2,StructRSMA: Contact270 pretraining plus SCA
independent_010,5.245116710662842,4.440281391143799,5.245116710662842,4.314976215362549,5.245116710662842,0.804835319519043,0.930140495300293,-0.12530517578125,1.0,0.4375,0.4375,independent,seed2,2,StructRSMA: Contact270 pretraining plus SCA
independent_011,3.046675205230713,4.762429714202881,3.046675205230713,4.77672290802002,3.046675205230713,1.715754508972168,1.7300477027893075,-0.01429319381713956,1.0,0.2786885245901639,0.2786885245901639,independent,seed2,2,StructRSMA: Contact270 pretraining plus SCA
independent_012,4.432033061981201,4.695841312408447,4.432033061981201,4.500256061553955,4.432033061981201,0.2638082504272461,0.0682229995727539,0.1955852508544922,1.0,0.3620689655172414,0.3620689655172414,independent,seed2,2,StructRSMA: Contact270 pretraining plus SCA
independent_013,3.625985145568848,4.997035026550293,3.625985145568848,5.157151222229004,3.625985145568848,1.3710498809814449,1.5311660766601558,-0.16011619567871094,1.0,0.2428571428571428,0.2428571428571428,independent,seed2,2,StructRSMA: Contact270 pretraining plus SCA
independent_014,2.70524001121521,4.712100982666016,2.70524001121521,4.682163715362549,2.70524001121521,2.0068609714508057,1.9769237041473389,0.029937267303466797,1.0,0.2833333333333333,0.2833333333333333,independent,seed2,2,StructRSMA: Contact270 pretraining plus SCA
independent_015,4.63469934463501,4.954873561859131,4.63469934463501,4.902535915374756,4.63469934463501,0.3201742172241211,0.2678365707397461,0.052337646484375,1.0,0.25,0.25,independent,seed2,2,StructRSMA: Contact270 pretraining plus SCA
independent_016,4.488183498382568,4.965597152709961,4.488183498382568,5.09095573425293,4.488183498382568,0.4774136543273926,0.6027722358703613,-0.12535858154296875,1.0,0.2297297297297297,0.2297297297297297,independent,seed2,2,StructRSMA: Contact270 pretraining plus SCA
independent_017,4.488584518432617,4.935004234313965,4.488584518432617,5.078303337097168,4.488584518432617,0.44641971588134766,0.5897188186645508,-0.14329910278320312,1.0,0.2266666666666666,0.2266666666666666,independent,seed2,2,StructRSMA: Contact270 pretraining plus SCA
independent_018,4.5743842124938965,5.305988311767578,4.5743842124938965,5.478207111358643,4.5743842124938965,0.7316040992736816,0.9038228988647461,-0.17221879959106445,1.0,0.1847826086956521,0.1847826086956521,independent,seed2,2,StructRSMA: Contact270 pretraining plus SCA
independent_019,4.9018754959106445,5.184908390045166,4.9018754959106445,5.378452777862549,4.9018754959106445,0.2830328941345215,0.4765772819519043,-0.1935443878173828,1.0,0.2117647058823529,0.2117647058823529,independent,seed2,2,StructRSMA: Contact270 pretraining plus SCA
independent_020,6.178486347198486,5.152336597442627,6.178486347198486,5.265605449676514,6.178486347198486,1.0261497497558594,0.9128808975219727,0.11326885223388672,1.0,0.2571428571428571,0.2571428571428571,independent,seed2,2,StructRSMA: Contact270 pretraining plus SCA
independent_021,6.521433353424072,4.882445812225342,6.521433353424072,4.786582946777344,6.521433353424072,1.6389875411987305,1.7348504066467285,-0.09586286544799805,1.0,1.0,1.0,independent,seed2,2,StructRSMA: Contact270 pretraining plus SCA
independent_022,6.946921348571777,5.209737300872803,6.946921348571777,5.162139892578125,6.946921348571777,1.7371840476989746,1.7847814559936523,-0.047597408294677734,1.0,0.2461538461538461,0.2461538461538461,independent,seed2,2,StructRSMA: Contact270 pretraining plus SCA
independent_023,7.101274967193604,5.2117695808410645,7.101274967193604,5.160923957824707,7.101274967193604,1.88950538635254,1.9403510093688974,-0.05084562301635742,1.0,0.2419354838709677,0.2419354838709677,independent,seed2,2,StructRSMA: Contact270 pretraining plus SCA
independent_024,5.599116802215576,4.762655735015869,5.599116802215576,4.735734939575195,5.599116802215576,0.836461067199707,0.8633818626403809,-0.026920795440673828,1.0,0.2,0.2,independent,seed2,2,StructRSMA: Contact270 pretraining plus SCA
independent_025,5.958607196807861,4.928036689758301,5.958607196807861,4.884255409240723,5.958607196807861,1.0305705070495605,1.0743517875671387,-0.043781280517578125,1.0,0.196078431372549,0.196078431372549,independent,seed2,2,StructRSMA: Contact270 pretraining plus SCA
independent_026,5.141101837158203,5.392159938812256,5.141101837158203,5.36076545715332,5.141101837158203,0.25105810165405273,0.2196636199951172,0.03139448165893555,1.0,0.175,0.175,independent,seed2,2,StructRSMA: Contact270 pretraining plus SCA
independent_027,4.343451499938965,5.104983806610107,4.343451499938965,5.082720279693604,4.343451499938965,0.7615323066711426,0.7392687797546396,0.022263526916503018,1.0,0.2297297297297297,0.2297297297297297,independent,seed2,2,StructRSMA: Contact270 pretraining plus SCA
independent_028,4.058279991149902,5.210512638092041,4.058279991149902,5.228450775146484,4.058279991149902,1.1522326469421387,1.170170783996582,-0.01793813705444336,1.0,0.2207792207792207,0.2207792207792207,independent,seed2,2,StructRSMA: Contact270 pretraining plus SCA
independent_029,3.774083614349365,5.096047878265381,3.774083614349365,5.075752258300781,3.774083614349365,1.321964263916016,1.3016686439514165,0.02029561996459961,1.0,0.2179487179487179,0.2179487179487179,independent,seed2,2,StructRSMA: Contact270 pretraining plus SCA
independent_030,4.487315654754639,5.244702339172363,4.487315654754639,5.203324317932129,4.487315654754639,0.7573866844177246,0.7160086631774902,0.041378021240234375,1.0,0.2207792207792207,0.2207792207792207,independent,seed2,2,StructRSMA: Contact270 pretraining plus SCA
independent_031,3.125309467315674,4.907933712005615,3.125309467315674,4.609966278076172,3.125309467315674,1.7826242446899414,1.484656810760498,0.29796743392944336,1.0,0.2571428571428571,0.2571428571428571,independent,seed2,2,StructRSMA: Contact270 pretraining plus SCA
independent_032,3.2134792804718018,4.996160507202148,3.2134792804718018,4.791901588439941,3.2134792804718018,1.7826812267303467,1.5784223079681396,0.20425891876220703,1.0,0.2537313432835821,0.2537313432835821,independent,seed2,2,StructRSMA: Contact270 pretraining plus SCA
independent_033,5.063486099243164,5.1626410484313965,5.063486099243164,5.375054359436035,5.063486099243164,0.09915494918823242,0.3115682601928711,-0.21241331100463867,1.0,0.75,0.75,independent,seed2,2,StructRSMA: Contact270 pretraining plus SCA
independent_034,5.4198737144470215,5.30517053604126,5.4198737144470215,5.313088417053223,5.4198737144470215,0.11470317840576172,0.10678529739379883,0.00791788101196289,1.0,0.1636363636363636,0.1636363636363636,independent,seed2,2,StructRSMA: Contact270 pretraining plus SCA
independent_035,5.93930196762085,5.238725185394287,5.93930196762085,5.279550552368164,5.93930196762085,0.7005767822265625,0.6597514152526855,0.04082536697387695,1.0,0.2894736842105263,0.2894736842105263,independent,seed2,2,StructRSMA: Contact270 pretraining plus SCA
independent_036,6.244887828826904,5.366932392120361,6.244887828826904,5.370431423187256,6.244887828826904,0.877955436706543,0.8744564056396484,0.0034990310668945312,1.0,0.1975308641975308,0.1975308641975308,independent,seed2,2,StructRSMA: Contact270 pretraining plus SCA
independent_037,4.241239547729492,5.309353828430176,4.241239547729492,5.319308757781982,4.241239547729492,1.0681142807006836,1.0780692100524902,-0.00995492935180664,1.0,0.1617647058823529,0.1617647058823529,independent,seed2,2,StructRSMA: Contact270 pretraining plus SCA
independent_038,5.954677104949951,6.2416815757751465,5.954677104949951,6.141562461853027,5.954677104949951,0.2870044708251953,0.18688535690307617,0.10011911392211914,1.0,0.1473684210526315,0.1473684210526315,independent,seed2,2,StructRSMA: Contact270 pretraining plus SCA
independent_039,5.246417045593262,4.73783540725708,5.246417045593262,4.588499069213867,5.246417045593262,0.5085816383361816,0.6579179763793945,-0.1493363380432129,1.0,0.4615384615384615,0.4615384615384615,independent,seed2,2,StructRSMA: Contact270 pretraining plus SCA
independent_040,5.4202165603637695,5.361770153045654,5.4202165603637695,5.342477321624756,5.4202165603637695,0.058446407318115234,0.07773923873901367,-0.019292831420898438,1.0,0.1927710843373494,0.1927710843373494,independent,seed2,2,StructRSMA: Contact270 pretraining plus SCA
independent_041,5.416801452636719,5.364983558654785,5.416801452636719,5.341622352600098,5.416801452636719,0.051817893981933594,0.0751791000366211,-0.0233612060546875,1.0,0.2,0.2,independent,seed2,2,StructRSMA: Contact270 pretraining plus SCA
independent_042,5.364516258239746,5.357806205749512,5.364516258239746,5.389416694641113,5.364516258239746,0.006710052490234375,0.024900436401367188,-0.018190383911132812,1.0,0.1702127659574468,0.1702127659574468,independent,seed2,2,StructRSMA: Contact270 pretraining plus SCA
independent_043,6.208309173583984,5.835055351257324,6.208309173583984,5.751537322998047,6.208309173583984,0.37325382232666016,0.4567718505859375,-0.08351802825927734,1.0,0.1927710843373494,0.1927710843373494,independent,seed2,2,StructRSMA: Contact270 pretraining plus SCA
independent_044,6.168130397796631,6.34135627746582,6.168130397796631,6.266955852508545,6.168130397796631,0.17322587966918945,0.09882545471191406,0.07440042495727539,1.0,0.1595744680851064,0.1595744680851064,independent,seed2,2,StructRSMA: Contact270 pretraining plus SCA
independent_045,5.6575775146484375,5.212587356567383,5.6575775146484375,5.270254135131836,5.6575775146484375,0.4449901580810547,0.38732337951660156,0.057666778564453125,1.0,0.1375,0.1375,independent,seed2,2,StructRSMA: Contact270 pretraining plus SCA
independent_046,6.083546161651611,5.752867221832275,6.083546161651611,5.758181571960449,6.083546161651611,0.33067893981933594,0.3253645896911621,0.005314350128173828,1.0,0.1839080459770115,0.1839080459770115,independent,seed2,2,StructRSMA: Contact270 pretraining plus SCA
independent_047,6.095284461975098,5.908314228057861,6.095284461975098,5.905912399291992,6.095284461975098,0.18697023391723633,0.18937206268310547,-0.0024018287658691406,1.0,0.1758241758241758,0.1758241758241758,independent,seed2,2,StructRSMA: Contact270 pretraining plus SCA
independent_000,7.066006660461426,5.419078826904297,7.066006660461426,5.446916580200195,7.066006660461426,1.646927833557129,1.6190900802612305,0.027837753295898438,1.0,1.0,1.0,independent,seed3,3,Contact500 pretraining without SCA
independent_001,5.436519145965576,5.413173675537109,5.436519145965576,5.423590660095215,5.436519145965576,0.023345470428466797,0.012928485870361328,0.010416984558105469,1.0,1.0,1.0,independent,seed3,3,Contact500 pretraining without SCA
independent_002,5.407490253448486,5.108859062194824,5.407490253448486,4.994417667388916,5.407490253448486,0.2986311912536621,0.4130725860595703,-0.1144413948059082,1.0,1.0,1.0,independent,seed3,3,Contact500 pretraining without SCA
independent_003,4.958607196807861,5.522945880889893,4.958607196807861,5.545451641082764,4.958607196807861,0.5643386840820312,0.5868444442749023,-0.022505760192871094,1.0,0.8870967741935484,0.8870967741935484,independent,seed3,3,Contact500 pretraining without SCA
independent_004,5.449771881103516,5.154201984405518,5.449771881103516,5.164595127105713,5.449771881103516,0.29556989669799805,0.28517675399780273,0.010393142700195312,1.0,1.0,1.0,independent,seed3,3,Contact500 pretraining without SCA
independent_005,5.4202165603637695,5.081181049346924,5.4202165603637695,4.903090476989746,5.4202165603637695,0.3390355110168457,0.5171260833740234,-0.17809057235717773,1.0,0.7,0.7,independent,seed3,3,Contact500 pretraining without SCA
independent_006,5.587371349334717,4.6768975257873535,5.587371349334717,4.468360424041748,5.587371349334717,0.9104738235473633,1.1190109252929688,-0.20853710174560547,1.0,1.0,1.0,independent,seed3,3,Contact500 pretraining without SCA
independent_007,4.91904878616333,5.228598594665527,4.91904878616333,5.249186992645264,4.91904878616333,0.30954980850219727,0.3301382064819336,-0.020588397979736328,1.0,1.0,1.0,independent,seed3,3,Contact500 pretraining without SCA
independent_008,4.804100513458252,5.477497100830078,4.804100513458252,5.516369819641113,4.804100513458252,0.6733965873718262,0.7122693061828613,-0.038872718811035156,1.0,1.0,1.0,independent,seed3,3,Contact500 pretraining without SCA
independent_009,3.4846999645233154,4.635232925415039,3.4846999645233154,4.526524066925049,3.4846999645233154,1.1505329608917236,1.0418241024017334,0.10870885848999023,1.0,0.4565217391304347,0.4565217391304347,independent,seed3,3,Contact500 pretraining without SCA
independent_010,5.245116710662842,4.635258197784424,5.245116710662842,4.548378944396973,5.245116710662842,0.609858512878418,0.6967377662658691,-0.08687925338745117,1.0,0.4375,0.4375,independent,seed3,3,Contact500 pretraining without SCA
independent_011,3.046675205230713,4.935390472412109,3.046675205230713,4.8852858543396,3.046675205230713,1.8887152671813965,1.8386106491088867,0.050104618072509766,1.0,0.2786885245901639,0.2786885245901639,independent,seed3,3,Contact500 pretraining without SCA
independent_012,4.432033061981201,4.848296165466309,4.432033061981201,4.767148017883301,4.432033061981201,0.4162631034851074,0.3351149559020996,0.08114814758300781,1.0,0.3620689655172414,0.3620689655172414,independent,seed3,3,Contact500 pretraining without SCA
independent_013,3.625985145568848,5.148533821105957,3.625985145568848,5.026296615600586,3.625985145568848,1.522548675537109,1.4003114700317378,0.1222372055053711,1.0,0.2428571428571428,0.2428571428571428,independent,seed3,3,Contact500 pretraining without SCA
independent_014,2.70524001121521,4.867591381072998,2.70524001121521,4.807333469390869,2.70524001121521,2.162351369857788,2.102093458175659,0.060257911682128906,1.0,0.2833333333333333,0.2833333333333333,independent,seed3,3,Contact500 pretraining without SCA
independent_015,4.63469934463501,5.064632892608643,4.63469934463501,5.000658512115479,4.63469934463501,0.4299335479736328,0.36595916748046964,0.06397438049316317,1.0,0.25,0.25,independent,seed3,3,Contact500 pretraining without SCA
independent_016,4.488183498382568,5.120974063873291,4.488183498382568,5.00315523147583,4.488183498382568,0.6327905654907227,0.5149717330932617,0.11781883239746094,1.0,0.2297297297297297,0.2297297297297297,independent,seed3,3,Contact500 pretraining without SCA
independent_017,4.488584518432617,5.104671955108643,4.488584518432617,4.991119861602783,4.488584518432617,0.6160874366760254,0.502535343170166,0.11355209350585938,1.0,0.2266666666666666,0.2266666666666666,independent,seed3,3,Contact500 pretraining without SCA
independent_018,4.5743842124938965,5.46906042098999,4.5743842124938965,5.377641677856445,4.5743842124938965,0.8946762084960938,0.8032574653625488,0.09141874313354492,1.0,0.1847826086956521,0.1847826086956521,independent,seed3,3,Contact500 pretraining without SCA
independent_019,4.9018754959106445,5.351222991943359,4.9018754959106445,5.237817287445068,4.9018754959106445,0.44934749603271484,0.33594179153442383,0.11340570449829102,1.0,0.2117647058823529,0.2117647058823529,independent,seed3,3,Contact500 pretraining without SCA
independent_020,6.178486347198486,5.299662590026856,6.178486347198486,5.07818078994751,6.178486347198486,0.87882375717163,1.1003055572509766,-0.2214818000793466,1.0,0.2571428571428571,0.2571428571428571,independent,seed3,3,Contact500 pretraining without SCA
independent_021,6.521433353424072,5.02296257019043,6.521433353424072,4.856129169464111,6.521433353424072,1.4984707832336426,1.665304183959961,-0.16683340072631836,1.0,1.0,1.0,independent,seed3,3,Contact500 pretraining without SCA
independent_022,6.946921348571777,5.278512954711914,6.946921348571777,5.167748928070068,6.946921348571777,1.6684083938598633,1.779172420501709,-0.1107640266418457,1.0,0.2461538461538461,0.2461538461538461,independent,seed3,3,Contact500 pretraining without SCA
independent_023,7.101274967193604,5.278809070587158,7.101274967193604,5.167613506317139,7.101274967193604,1.8224658966064462,1.9336614608764657,-0.11119556427001953,1.0,0.2419354838709677,0.2419354838709677,independent,seed3,3,Contact500 pretraining without SCA
independent_024,5.599116802215576,4.896212100982666,5.599116802215576,4.729907989501953,5.599116802215576,0.7029047012329102,0.869208812713623,-0.1663041114807129,1.0,0.2,0.2,independent,seed3,3,Contact500 pretraining without SCA
independent_025,5.958607196807861,5.012001514434815,5.958607196807861,4.873968124389648,5.958607196807861,0.946605682373046,1.084639072418213,-0.1380333900451669,1.0,0.196078431372549,0.196078431372549,independent,seed3,3,Contact500 pretraining without SCA
independent_026,5.141101837158203,5.541653156280518,5.141101837158203,5.332828044891357,5.141101837158203,0.40055131912231445,0.1917262077331543,0.20882511138916016,1.0,0.175,0.175,independent,seed3,3,Contact500 pretraining without SCA
independent_027,4.343451499938965,5.277623653411865,4.343451499938965,5.175860404968262,4.343451499938965,0.9341721534729004,0.8324089050292969,0.10176324844360352,1.0,0.2297297297297297,0.2297297297297297,independent,seed3,3,Contact500 pretraining without SCA
independent_028,4.058279991149902,5.359704494476318,4.058279991149902,5.256761074066162,4.058279991149902,1.301424503326416,1.1984810829162598,0.10294342041015625,1.0,0.2207792207792207,0.2207792207792207,independent,seed3,3,Contact500 pretraining without SCA
independent_029,3.774083614349365,5.267004489898682,3.774083614349365,5.179352283477783,3.774083614349365,1.4929208755493169,1.4052686691284184,0.08765220642089844,1.0,0.2179487179487179,0.2179487179487179,independent,seed3,3,Contact500 pretraining without SCA
independent_030,4.487315654754639,5.376886367797852,4.487315654754639,5.251058578491211,4.487315654754639,0.8895707130432129,0.7637429237365723,0.12582778930664062,1.0,0.2207792207792207,0.2207792207792207,independent,seed3,3,Contact500 pretraining without SCA
independent_031,3.125309467315674,5.052211761474609,3.125309467315674,4.9472503662109375,3.125309467315674,1.9269022941589355,1.8219408988952637,0.10496139526367188,1.0,0.2571428571428571,0.2571428571428571,independent,seed3,3,Contact500 pretraining without SCA
independent_032,3.2134792804718018,5.127821445465088,3.2134792804718018,4.962450981140137,3.2134792804718018,1.9143421649932861,1.748971700668335,0.16537046432495117,1.0,0.2537313432835821,0.2537313432835821,independent,seed3,3,Contact500 pretraining without SCA
independent_033,5.063486099243164,5.37880802154541,5.063486099243164,5.102128028869629,5.063486099243164,0.3153219223022461,0.038641929626464844,0.27667999267578125,1.0,0.75,0.75,independent,seed3,3,Contact500 pretraining without SCA
independent_034,5.4198737144470215,5.418449401855469,5.4198737144470215,5.258487701416016,5.4198737144470215,0.0014243125915527344,0.16138601303100586,-0.15996170043945312,1.0,0.1636363636363636,0.1636363636363636,independent,seed3,3,Contact500 pretraining without SCA
independent_035,5.93930196762085,5.325193405151367,5.93930196762085,5.236181735992432,5.93930196762085,0.6141085624694824,0.703120231628418,-0.08901166915893555,1.0,0.2894736842105263,0.2894736842105263,independent,seed3,3,Contact500 pretraining without SCA
independent_036,6.244887828826904,5.455193519592285,6.244887828826904,5.358599662780762,6.244887828826904,0.7896943092346191,0.8862881660461426,-0.09659385681152344,1.0,0.1975308641975308,0.1975308641975308,independent,seed3,3,Contact500 pretraining without SCA
independent_037,4.241239547729492,5.4298505783081055,4.241239547729492,5.261238098144531,4.241239547729492,1.1886110305786133,1.019998550415039,0.16861248016357422,1.0,0.1617647058823529,0.1617647058823529,independent,seed3,3,Contact500 pretraining without SCA
independent_038,5.954677104949951,6.2792792320251465,5.954677104949951,6.222326755523682,5.954677104949951,0.3246021270751953,0.26764965057373047,0.056952476501464844,1.0,0.1473684210526315,0.1473684210526315,independent,seed3,3,Contact500 pretraining without SCA
independent_039,5.246417045593262,4.789990425109863,5.246417045593262,4.623478889465332,5.246417045593262,0.45642662048339844,0.6229381561279297,-0.16651153564453125,1.0,0.4615384615384615,0.4615384615384615,independent,seed3,3,Contact500 pretraining without SCA
independent_040,5.4202165603637695,5.445005416870117,5.4202165603637695,5.280148029327393,5.4202165603637695,0.024788856506347656,0.14006853103637695,-0.1152796745300293,1.0,0.1927710843373494,0.1927710843373494,independent,seed3,3,Contact500 pretraining without SCA
independent_041,5.416801452636719,5.443976402282715,5.416801452636719,5.323683261871338,5.416801452636719,0.027174949645996094,0.09311819076538086,-0.06594324111938477,1.0,0.2,0.2,independent,seed3,3,Contact500 pretraining without SCA
independent_042,5.364516258239746,5.493183612823486,5.364516258239746,5.348815441131592,5.364516258239746,0.12866735458374023,0.015700817108154297,0.11296653747558594,1.0,0.1702127659574468,0.1702127659574468,independent,seed3,3,Contact500 pretraining without SCA
independent_043,6.208309173583984,5.844318866729736,6.208309173583984,5.851230144500732,6.208309173583984,0.36399030685424805,0.35707902908325195,0.006911277770996094,1.0,0.1927710843373494,0.1927710843373494,independent,seed3,3,Contact500 pretraining without SCA
independent_044,6.168130397796631,6.373867988586426,6.168130397796631,6.299804210662842,6.168130397796631,0.20573759078979492,0.13167381286621094,0.07406377792358398,1.0,0.1595744680851064,0.1595744680851064,independent,seed3,3,Contact500 pretraining without SCA
independent_045,5.6575775146484375,5.329225063323975,5.6575775146484375,5.211217880249023,5.6575775146484375,0.3283524513244629,0.44635963439941406,-0.11800718307495117,1.0,0.1375,0.1375,independent,seed3,3,Contact500 pretraining without SCA
independent_046,6.083546161651611,5.804481983184815,6.083546161651611,5.732711791992188,6.083546161651611,0.279064178466796,0.35083436965942294,-0.07177019119262695,1.0,0.1839080459770115,0.1839080459770115,independent,seed3,3,Contact500 pretraining without SCA
independent_047,6.095284461975098,5.939151763916016,6.095284461975098,5.897650718688965,6.095284461975098,0.15613269805908203,0.1976337432861328,-0.04150104522705078,1.0,0.1758241758241758,0.1758241758241758,independent,seed3,3,Contact500 pretraining without SCA
independent_000,7.066006660461426,5.419078826904297,7.066006660461426,5.204925537109375,7.066006660461426,1.646927833557129,1.8610811233520508,-0.21415328979492188,1.0,1.0,1.0,independent,seed3,3,Global-deoverlap Contact270 pretraining without SCA
independent_001,5.436519145965576,5.413173675537109,5.436519145965576,5.2026238441467285,5.436519145965576,0.023345470428466797,0.23389530181884766,-0.21054983139038086,1.0,1.0,1.0,independent,seed3,3,Global-deoverlap Contact270 pretraining without SCA
independent_002,5.407490253448486,5.108859062194824,5.407490253448486,4.681324481964111,5.407490253448486,0.2986311912536621,0.726165771484375,-0.4275345802307129,1.0,1.0,1.0,independent,seed3,3,Global-deoverlap Contact270 pretraining without SCA
independent_003,4.958607196807861,5.522945880889893,4.958607196807861,5.209514617919922,4.958607196807861,0.5643386840820312,0.25090742111206055,0.3134312629699707,1.0,0.8870967741935484,0.8870967741935484,independent,seed3,3,Global-deoverlap Contact270 pretraining without SCA
independent_004,5.449771881103516,5.154201984405518,5.449771881103516,4.861566066741943,5.449771881103516,0.29556989669799805,0.5882058143615723,-0.2926359176635742,1.0,1.0,1.0,independent,seed3,3,Global-deoverlap Contact270 pretraining without SCA
independent_005,5.4202165603637695,5.081181049346924,5.4202165603637695,4.809561729431152,5.4202165603637695,0.3390355110168457,0.6106548309326172,-0.2716193199157715,1.0,0.7,0.7,independent,seed3,3,Global-deoverlap Contact270 pretraining without SCA
independent_006,5.587371349334717,4.6768975257873535,5.587371349334717,4.183130741119385,5.587371349334717,0.9104738235473633,1.404240608215332,-0.49376678466796875,1.0,1.0,1.0,independent,seed3,3,Global-deoverlap Contact270 pretraining without SCA
independent_007,4.91904878616333,5.228598594665527,4.91904878616333,5.007750988006592,4.91904878616333,0.30954980850219727,0.08870220184326172,0.22084760665893555,1.0,1.0,1.0,independent,seed3,3,Global-deoverlap Contact270 pretraining without SCA
independent_008,4.804100513458252,5.477497100830078,4.804100513458252,5.2489118576049805,4.804100513458252,0.6733965873718262,0.4448113441467285,0.22858524322509766,1.0,1.0,1.0,independent,seed3,3,Global-deoverlap Contact270 pretraining without SCA
independent_009,3.4846999645233154,4.635232925415039,3.4846999645233154,4.191704750061035,3.4846999645233154,1.1505329608917236,0.7070047855377197,0.4435281753540039,1.0,0.4565217391304347,0.4565217391304347,independent,seed3,3,Global-deoverlap Contact270 pretraining without SCA
independent_010,5.245116710662842,4.635258197784424,5.245116710662842,4.1789140701293945,5.245116710662842,0.609858512878418,1.0662026405334473,-0.4563441276550293,1.0,0.4375,0.4375,independent,seed3,3,Global-deoverlap Contact270 pretraining without SCA
independent_011,3.046675205230713,4.935390472412109,3.046675205230713,4.631263732910156,3.046675205230713,1.8887152671813965,1.5845885276794434,0.3041267395019531,1.0,0.2786885245901639,0.2786885245901639,independent,seed3,3,Global-deoverlap Contact270 pretraining without SCA
independent_012,4.432033061981201,4.848296165466309,4.432033061981201,4.482068061828613,4.432033061981201,0.4162631034851074,0.05003499984741211,0.3662281036376953,1.0,0.3620689655172414,0.3620689655172414,independent,seed3,3,Global-deoverlap Contact270 pretraining without SCA
independent_013,3.625985145568848,5.148533821105957,3.625985145568848,4.729917049407959,3.625985145568848,1.522548675537109,1.1039319038391109,0.41861677169799805,1.0,0.2428571428571428,0.2428571428571428,independent,seed3,3,Global-deoverlap Contact270 pretraining without SCA
independent_014,2.70524001121521,4.867591381072998,2.70524001121521,4.5790629386901855,2.70524001121521,2.162351369857788,1.8738229274749756,0.2885284423828125,1.0,0.2833333333333333,0.2833333333333333,independent,seed3,3,Global-deoverlap Contact270 pretraining without SCA
independent_015,4.63469934463501,5.064632892608643,4.63469934463501,4.757359504699707,4.63469934463501,0.4299335479736328,0.12266016006469727,0.30727338790893555,1.0,0.25,0.25,independent,seed3,3,Global-deoverlap Contact270 pretraining without SCA
independent_016,4.488183498382568,5.120974063873291,4.488183498382568,4.697819232940674,4.488183498382568,0.6327905654907227,0.20963573455810547,0.4231548309326172,1.0,0.2297297297297297,0.2297297297297297,independent,seed3,3,Global-deoverlap Contact270 pretraining without SCA
independent_017,4.488584518432617,5.104671955108643,4.488584518432617,4.647948741912842,4.488584518432617,0.6160874366760254,0.1593642234802246,0.4567232131958008,1.0,0.2266666666666666,0.2266666666666666,independent,seed3,3,Global-deoverlap Contact270 pretraining without SCA
independent_018,4.5743842124938965,5.46906042098999,4.5743842124938965,5.02377986907959,4.5743842124938965,0.8946762084960938,0.44939565658569336,0.4452805519104004,1.0,0.1847826086956521,0.1847826086956521,independent,seed3,3,Global-deoverlap Contact270 pretraining without SCA
independent_019,4.9018754959106445,5.351222991943359,4.9018754959106445,4.994245052337647,4.9018754959106445,0.44934749603271484,0.09236955642700284,0.356977939605712,1.0,0.2117647058823529,0.2117647058823529,independent,seed3,3,Global-deoverlap Contact270 pretraining without SCA
independent_020,6.178486347198486,5.299662590026856,6.178486347198486,4.995121002197266,6.178486347198486,0.87882375717163,1.1833653450012207,-0.30454158782959073,1.0,0.2571428571428571,0.2571428571428571,independent,seed3,3,Global-deoverlap Contact270 pretraining without SCA
independent_021,6.521433353424072,5.02296257019043,6.521433353424072,4.749700546264648,6.521433353424072,1.4984707832336426,1.7717328071594238,-0.27326202392578125,1.0,1.0,1.0,independent,seed3,3,Global-deoverlap Contact270 pretraining without SCA
independent_022,6.946921348571777,5.278512954711914,6.946921348571777,5.018080711364746,6.946921348571777,1.6684083938598633,1.9288406372070312,-0.26043224334716797,1.0,0.2461538461538461,0.2461538461538461,independent,seed3,3,Global-deoverlap Contact270 pretraining without SCA
independent_023,7.101274967193604,5.278809070587158,7.101274967193604,5.020481109619141,7.101274967193604,1.8224658966064462,2.080793857574464,-0.2583279609680176,1.0,0.2419354838709677,0.2419354838709677,independent,seed3,3,Global-deoverlap Contact270 pretraining without SCA
independent_024,5.599116802215576,4.896212100982666,5.599116802215576,4.607639789581299,5.599116802215576,0.7029047012329102,0.9914770126342773,-0.2885723114013672,1.0,0.2,0.2,independent,seed3,3,Global-deoverlap Contact270 pretraining without SCA
independent_025,5.958607196807861,5.012001514434815,5.958607196807861,4.820193767547607,5.958607196807861,0.946605682373046,1.138413429260254,-0.19180774688720792,1.0,0.196078431372549,0.196078431372549,independent,seed3,3,Global-deoverlap Contact270 pretraining without SCA
independent_026,5.141101837158203,5.541653156280518,5.141101837158203,4.954395294189453,5.141101837158203,0.40055131912231445,0.18670654296875,0.21384477615356445,1.0,0.175,0.175,independent,seed3,3,Global-deoverlap Contact270 pretraining without SCA
independent_027,4.343451499938965,5.277623653411865,4.343451499938965,4.5755815505981445,4.343451499938965,0.9341721534729004,0.2321300506591797,0.7020421028137207,1.0,0.2297297297297297,0.2297297297297297,independent,seed3,3,Global-deoverlap Contact270 pretraining without SCA
independent_028,4.058279991149902,5.359704494476318,4.058279991149902,4.725244998931885,4.058279991149902,1.301424503326416,0.6669650077819824,0.6344594955444336,1.0,0.2207792207792207,0.2207792207792207,independent,seed3,3,Global-deoverlap Contact270 pretraining without SCA
independent_029,3.774083614349365,5.267004489898682,3.774083614349365,4.569687843322754,3.774083614349365,1.4929208755493169,0.7956042289733891,0.6973166465759277,1.0,0.2179487179487179,0.2179487179487179,independent,seed3,3,Global-deoverlap Contact270 pretraining without SCA
independent_030,4.487315654754639,5.376886367797852,4.487315654754639,4.741473197937012,4.487315654754639,0.8895707130432129,0.25415754318237305,0.6354131698608398,1.0,0.2207792207792207,0.2207792207792207,independent,seed3,3,Global-deoverlap Contact270 pretraining without SCA
independent_031,3.125309467315674,5.052211761474609,3.125309467315674,4.443586349487305,3.125309467315674,1.9269022941589355,1.3182768821716309,0.6086254119873047,1.0,0.2571428571428571,0.2571428571428571,independent,seed3,3,Global-deoverlap Contact270 pretraining without SCA
independent_032,3.2134792804718018,5.127821445465088,3.2134792804718018,4.529645919799805,3.2134792804718018,1.9143421649932861,1.316166639328003,0.5981755256652832,1.0,0.2537313432835821,0.2537313432835821,independent,seed3,3,Global-deoverlap Contact270 pretraining without SCA
independent_033,5.063486099243164,5.37880802154541,5.063486099243164,5.025299072265625,5.063486099243164,0.3153219223022461,0.03818702697753906,0.27713489532470703,1.0,0.75,0.75,independent,seed3,3,Global-deoverlap Contact270 pretraining without SCA
independent_034,5.4198737144470215,5.418449401855469,5.4198737144470215,4.905189514160156,5.4198737144470215,0.0014243125915527344,0.5146842002868652,-0.5132598876953125,1.0,0.1636363636363636,0.1636363636363636,independent,seed3,3,Global-deoverlap Contact270 pretraining without SCA
independent_035,5.93930196762085,5.325193405151367,5.93930196762085,4.930076599121094,5.93930196762085,0.6141085624694824,1.0092253684997559,-0.39511680603027344,1.0,0.2894736842105263,0.2894736842105263,independent,seed3,3,Global-deoverlap Contact270 pretraining without SCA
independent_036,6.244887828826904,5.455193519592285,6.244887828826904,5.038898944854736,6.244887828826904,0.7896943092346191,1.205988883972168,-0.41629457473754883,1.0,0.1975308641975308,0.1975308641975308,independent,seed3,3,Global-deoverlap Contact270 pretraining without SCA
independent_037,4.241239547729492,5.4298505783081055,4.241239547729492,4.909348964691162,4.241239547729492,1.1886110305786133,0.6681094169616699,0.5205016136169434,1.0,0.1617647058823529,0.1617647058823529,independent,seed3,3,Global-deoverlap Contact270 pretraining without SCA
independent_038,5.954677104949951,6.2792792320251465,5.954677104949951,6.050820350646973,5.954677104949951,0.3246021270751953,0.09614324569702148,0.22845888137817383,1.0,0.1473684210526315,0.1473684210526315,independent,seed3,3,Global-deoverlap Contact270 pretraining without SCA
independent_039,5.246417045593262,4.789990425109863,5.246417045593262,4.513181209564209,5.246417045593262,0.45642662048339844,0.7332358360290527,-0.2768092155456543,1.0,0.4615384615384615,0.4615384615384615,independent,seed3,3,Global-deoverlap Contact270 pretraining without SCA
independent_040,5.4202165603637695,5.445005416870117,5.4202165603637695,4.990250587463379,5.4202165603637695,0.024788856506347656,0.4299659729003906,-0.40517711639404297,1.0,0.1927710843373494,0.1927710843373494,independent,seed3,3,Global-deoverlap Contact270 pretraining without SCA
independent_041,5.416801452636719,5.443976402282715,5.416801452636719,4.977370738983154,5.416801452636719,0.027174949645996094,0.43943071365356445,-0.41225576400756836,1.0,0.2,0.2,independent,seed3,3,Global-deoverlap Contact270 pretraining without SCA
independent_042,5.364516258239746,5.493183612823486,5.364516258239746,4.9825825691223145,5.364516258239746,0.12866735458374023,0.38193368911743164,-0.2532663345336914,1.0,0.1702127659574468,0.1702127659574468,independent,seed3,3,Global-deoverlap Contact270 pretraining without SCA
independent_043,6.208309173583984,5.844318866729736,6.208309173583984,5.595123767852783,6.208309173583984,0.36399030685424805,0.6131854057312012,-0.24919509887695312,1.0,0.1927710843373494,0.1927710843373494,independent,seed3,3,Global-deoverlap Contact270 pretraining without SCA
independent_044,6.168130397796631,6.373867988586426,6.168130397796631,6.125229358673096,6.168130397796631,0.20573759078979492,0.042901039123535156,0.16283655166625977,1.0,0.1595744680851064,0.1595744680851064,independent,seed3,3,Global-deoverlap Contact270 pretraining without SCA
independent_045,5.6575775146484375,5.329225063323975,5.6575775146484375,4.899087429046631,5.6575775146484375,0.3283524513244629,0.7584900856018066,-0.43013763427734375,1.0,0.1375,0.1375,independent,seed3,3,Global-deoverlap Contact270 pretraining without SCA
independent_046,6.083546161651611,5.804481983184815,6.083546161651611,5.515300750732422,6.083546161651611,0.279064178466796,0.5682454109191895,-0.28918123245239347,1.0,0.1839080459770115,0.1839080459770115,independent,seed3,3,Global-deoverlap Contact270 pretraining without SCA
independent_047,6.095284461975098,5.939151763916016,6.095284461975098,5.72770357131958,6.095284461975098,0.15613269805908203,0.3675808906555176,-0.21144819259643555,1.0,0.1758241758241758,0.1758241758241758,independent,seed3,3,Global-deoverlap Contact270 pretraining without SCA
independent_000,7.066006660461426,5.419078826904297,7.066006660461426,6.277138710021973,7.066006660461426,1.646927833557129,0.7888679504394531,0.8580598831176758,1.0,1.0,1.0,independent,seed3,3,StructRSMA: Contact500 pretraining plus SCA
independent_001,5.436519145965576,5.413173675537109,5.436519145965576,6.252967834472656,5.436519145965576,0.023345470428466797,0.8164486885070801,-0.7931032180786133,1.0,1.0,1.0,independent,seed3,3,StructRSMA: Contact500 pretraining plus SCA
independent_002,5.407490253448486,5.108859062194824,5.407490253448486,5.813399314880371,5.407490253448486,0.2986311912536621,0.40590906143188477,-0.10727787017822266,1.0,1.0,1.0,independent,seed3,3,StructRSMA: Contact500 pretraining plus SCA
independent_003,4.958607196807861,5.522945880889893,4.958607196807861,6.317763805389404,4.958607196807861,0.5643386840820312,1.359156608581543,-0.7948179244995117,1.0,0.8870967741935484,0.8870967741935484,independent,seed3,3,StructRSMA: Contact500 pretraining plus SCA
independent_004,5.449771881103516,5.154201984405518,5.449771881103516,6.041134357452393,5.449771881103516,0.29556989669799805,0.591362476348877,-0.2957925796508789,1.0,1.0,1.0,independent,seed3,3,StructRSMA: Contact500 pretraining plus SCA
independent_005,5.4202165603637695,5.081181049346924,5.4202165603637695,4.5425705909729,5.4202165603637695,0.3390355110168457,0.8776459693908691,-0.5386104583740234,1.0,0.7,0.7,independent,seed3,3,StructRSMA: Contact500 pretraining plus SCA
independent_006,5.587371349334717,4.6768975257873535,5.587371349334717,5.3069024085998535,5.587371349334717,0.9104738235473633,0.2804689407348633,0.6300048828125,1.0,1.0,1.0,independent,seed3,3,StructRSMA: Contact500 pretraining plus SCA
independent_007,4.91904878616333,5.228598594665527,4.91904878616333,6.140349864959717,4.91904878616333,0.30954980850219727,1.2213010787963867,-0.9117512702941895,1.0,1.0,1.0,independent,seed3,3,StructRSMA: Contact500 pretraining plus SCA
independent_008,4.804100513458252,5.477497100830078,4.804100513458252,6.389860153198242,4.804100513458252,0.6733965873718262,1.5857596397399902,-0.9123630523681641,1.0,1.0,1.0,independent,seed3,3,StructRSMA: Contact500 pretraining plus SCA
independent_009,3.4846999645233154,4.635232925415039,3.4846999645233154,3.970956325531006,3.4846999645233154,1.1505329608917236,0.48625636100769043,0.6642765998840332,1.0,0.4565217391304347,0.4565217391304347,independent,seed3,3,StructRSMA: Contact500 pretraining plus SCA
independent_010,5.245116710662842,4.635258197784424,5.245116710662842,4.121532440185547,5.245116710662842,0.609858512878418,1.123584270477295,-0.513725757598877,1.0,0.4375,0.4375,independent,seed3,3,StructRSMA: Contact500 pretraining plus SCA
independent_011,3.046675205230713,4.935390472412109,3.046675205230713,4.13908052444458,3.046675205230713,1.8887152671813965,1.0924053192138672,0.7963099479675293,1.0,0.2786885245901639,0.2786885245901639,independent,seed3,3,StructRSMA: Contact500 pretraining plus SCA
independent_012,4.432033061981201,4.848296165466309,4.432033061981201,4.016210556030273,4.432033061981201,0.4162631034851074,0.41582250595092773,0.0004405975341796875,1.0,0.3620689655172414,0.3620689655172414,independent,seed3,3,StructRSMA: Contact500 pretraining plus SCA
independent_013,3.625985145568848,5.148533821105957,3.625985145568848,4.425387382507324,3.625985145568848,1.522548675537109,0.7994022369384761,0.7231464385986328,1.0,0.2428571428571428,0.2428571428571428,independent,seed3,3,StructRSMA: Contact500 pretraining plus SCA
independent_014,2.70524001121521,4.867591381072998,2.70524001121521,3.9390172958374015,2.70524001121521,2.162351369857788,1.2337772846221915,0.9285740852355966,1.0,0.2833333333333333,0.2833333333333333,independent,seed3,3,StructRSMA: Contact500 pretraining plus SCA
independent_015,4.63469934463501,5.064632892608643,4.63469934463501,4.838644981384277,4.63469934463501,0.4299335479736328,0.20394563674926758,0.22598791122436523,1.0,0.25,0.25,independent,seed3,3,StructRSMA: Contact500 pretraining plus SCA
independent_016,4.488183498382568,5.120974063873291,4.488183498382568,3.823375701904297,4.488183498382568,0.6327905654907227,0.6648077964782715,-0.03201723098754883,1.0,0.2297297297297297,0.2297297297297297,independent,seed3,3,StructRSMA: Contact500 pretraining plus SCA
independent_017,4.488584518432617,5.104671955108643,4.488584518432617,3.784086227416992,4.488584518432617,0.6160874366760254,0.704498291015625,-0.08841085433959961,1.0,0.2266666666666666,0.2266666666666666,independent,seed3,3,StructRSMA: Contact500 pretraining plus SCA
independent_018,4.5743842124938965,5.46906042098999,4.5743842124938965,4.683144092559815,4.5743842124938965,0.8946762084960938,0.10875988006591886,0.7859163284301749,1.0,0.1847826086956521,0.1847826086956521,independent,seed3,3,StructRSMA: Contact500 pretraining plus SCA
independent_019,4.9018754959106445,5.351222991943359,4.9018754959106445,4.342496871948242,4.9018754959106445,0.44934749603271484,0.5593786239624023,-0.1100311279296875,1.0,0.2117647058823529,0.2117647058823529,independent,seed3,3,StructRSMA: Contact500 pretraining plus SCA
independent_020,6.178486347198486,5.299662590026856,6.178486347198486,5.032346725463867,6.178486347198486,0.87882375717163,1.1461396217346191,-0.26731586456298917,1.0,0.2571428571428571,0.2571428571428571,independent,seed3,3,StructRSMA: Contact500 pretraining plus SCA
independent_021,6.521433353424072,5.02296257019043,6.521433353424072,4.921036243438721,6.521433353424072,1.4984707832336426,1.6003971099853516,-0.10192632675170898,1.0,1.0,1.0,independent,seed3,3,StructRSMA: Contact500 pretraining plus SCA
independent_022,6.946921348571777,5.278512954711914,6.946921348571777,3.6589159965515137,6.946921348571777,1.6684083938598633,3.2880053520202637,-1.6195969581604004,1.0,0.2461538461538461,0.2461538461538461,independent,seed3,3,StructRSMA: Contact500 pretraining plus SCA
independent_023,7.101274967193604,5.278809070587158,7.101274967193604,3.648127555847168,7.101274967193604,1.8224658966064462,3.4531474113464364,-1.6306815147399902,1.0,0.2419354838709677,0.2419354838709677,independent,seed3,3,StructRSMA: Contact500 pretraining plus SCA
independent_024,5.599116802215576,4.896212100982666,5.599116802215576,3.413826704025269,5.599116802215576,0.7029047012329102,2.185290098190307,-1.482385396957397,1.0,0.2,0.2,independent,seed3,3,StructRSMA: Contact500 pretraining plus SCA
independent_025,5.958607196807861,5.012001514434815,5.958607196807861,4.4449615478515625,5.958607196807861,0.946605682373046,1.5136456489562988,-0.5670399665832528,1.0,0.196078431372549,0.196078431372549,independent,seed3,3,StructRSMA: Contact500 pretraining plus SCA
independent_026,5.141101837158203,5.541653156280518,5.141101837158203,5.490632057189941,5.141101837158203,0.40055131912231445,0.3495302200317383,0.05102109909057617,1.0,0.175,0.175,independent,seed3,3,StructRSMA: Contact500 pretraining plus SCA
independent_027,4.343451499938965,5.277623653411865,4.343451499938965,5.275993347167969,4.343451499938965,0.9341721534729004,0.9325418472290039,0.0016303062438964844,1.0,0.2297297297297297,0.2297297297297297,independent,seed3,3,StructRSMA: Contact500 pretraining plus SCA
independent_028,4.058279991149902,5.359704494476318,4.058279991149902,5.556590080261231,4.058279991149902,1.301424503326416,1.498310089111329,-0.196885585784913,1.0,0.2207792207792207,0.2207792207792207,independent,seed3,3,StructRSMA: Contact500 pretraining plus SCA
independent_029,3.774083614349365,5.267004489898682,3.774083614349365,5.309925556182861,3.774083614349365,1.4929208755493169,1.5358419418334965,-0.04292106628417969,1.0,0.2179487179487179,0.2179487179487179,independent,seed3,3,StructRSMA: Contact500 pretraining plus SCA
independent_030,4.487315654754639,5.376886367797852,4.487315654754639,5.639619827270508,4.487315654754639,0.8895707130432129,1.1523041725158691,-0.26273345947265625,1.0,0.2207792207792207,0.2207792207792207,independent,seed3,3,StructRSMA: Contact500 pretraining plus SCA
independent_031,3.125309467315674,5.052211761474609,3.125309467315674,3.975330829620361,3.125309467315674,1.9269022941589355,0.8500213623046871,1.0768809318542485,1.0,0.2571428571428571,0.2571428571428571,independent,seed3,3,StructRSMA: Contact500 pretraining plus SCA
independent_032,3.2134792804718018,5.127821445465088,3.2134792804718018,4.030292987823486,3.2134792804718018,1.9143421649932861,0.8168137073516846,1.0975284576416016,1.0,0.2537313432835821,0.2537313432835821,independent,seed3,3,StructRSMA: Contact500 pretraining plus SCA
independent_033,5.063486099243164,5.37880802154541,5.063486099243164,5.583183765411377,5.063486099243164,0.3153219223022461,0.5196976661682129,-0.2043757438659668,1.0,0.75,0.75,independent,seed3,3,StructRSMA: Contact500 pretraining plus SCA
independent_034,5.4198737144470215,5.418449401855469,5.4198737144470215,4.70899772644043,5.4198737144470215,0.0014243125915527344,0.7108759880065918,-0.7094516754150391,1.0,0.1636363636363636,0.1636363636363636,independent,seed3,3,StructRSMA: Contact500 pretraining plus SCA
independent_035,5.93930196762085,5.325193405151367,5.93930196762085,4.305603504180908,5.93930196762085,0.6141085624694824,1.6336984634399414,-1.019589900970459,1.0,0.2894736842105263,0.2894736842105263,independent,seed3,3,StructRSMA: Contact500 pretraining plus SCA
independent_036,6.244887828826904,5.455193519592285,6.244887828826904,4.654009819030762,6.244887828826904,0.7896943092346191,1.5908780097961426,-0.8011837005615234,1.0,0.1975308641975308,0.1975308641975308,independent,seed3,3,StructRSMA: Contact500 pretraining plus SCA
independent_037,4.241239547729492,5.4298505783081055,4.241239547729492,5.070257186889648,4.241239547729492,1.1886110305786133,0.8290176391601562,0.35959339141845703,1.0,0.1617647058823529,0.1617647058823529,independent,seed3,3,StructRSMA: Contact500 pretraining plus SCA
independent_038,5.954677104949951,6.2792792320251465,5.954677104949951,6.66117525100708,5.954677104949951,0.3246021270751953,0.7064981460571289,-0.3818960189819336,1.0,0.1473684210526315,0.1473684210526315,independent,seed3,3,StructRSMA: Contact500 pretraining plus SCA
independent_039,5.246417045593262,4.789990425109863,5.246417045593262,4.498782634735107,5.246417045593262,0.45642662048339844,0.7476344108581543,-0.29120779037475586,1.0,0.4615384615384615,0.4615384615384615,independent,seed3,3,StructRSMA: Contact500 pretraining plus SCA
independent_040,5.4202165603637695,5.445005416870117,5.4202165603637695,5.0579328536987305,5.4202165603637695,0.024788856506347656,0.36228370666503906,-0.3374948501586914,1.0,0.1927710843373494,0.1927710843373494,independent,seed3,3,StructRSMA: Contact500 pretraining plus SCA
independent_041,5.416801452636719,5.443976402282715,5.416801452636719,4.925400257110596,5.416801452636719,0.027174949645996094,0.49140119552612305,-0.46422624588012695,1.0,0.2,0.2,independent,seed3,3,StructRSMA: Contact500 pretraining plus SCA
independent_042,5.364516258239746,5.493183612823486,5.364516258239746,5.289793968200684,5.364516258239746,0.12866735458374023,0.0747222900390625,0.053945064544677734,1.0,0.1702127659574468,0.1702127659574468,independent,seed3,3,StructRSMA: Contact500 pretraining plus SCA
independent_043,6.208309173583984,5.844318866729736,6.208309173583984,5.356688499450684,6.208309173583984,0.36399030685424805,0.8516206741333008,-0.48763036727905273,1.0,0.1927710843373494,0.1927710843373494,independent,seed3,3,StructRSMA: Contact500 pretraining plus SCA
independent_044,6.168130397796631,6.373867988586426,6.168130397796631,6.636434555053711,6.168130397796631,0.20573759078979492,0.4683041572570801,-0.26256656646728516,1.0,0.1595744680851064,0.1595744680851064,independent,seed3,3,StructRSMA: Contact500 pretraining plus SCA
independent_045,5.6575775146484375,5.329225063323975,5.6575775146484375,4.032825469970703,5.6575775146484375,0.3283524513244629,1.6247520446777344,-1.2963995933532715,1.0,0.1375,0.1375,independent,seed3,3,StructRSMA: Contact500 pretraining plus SCA
independent_046,6.083546161651611,5.804481983184815,6.083546161651611,5.682027339935303,6.083546161651611,0.279064178466796,0.4015188217163086,-0.1224546432495126,1.0,0.1839080459770115,0.1839080459770115,independent,seed3,3,StructRSMA: Contact500 pretraining plus SCA
independent_047,6.095284461975098,5.939151763916016,6.095284461975098,5.970088005065918,6.095284461975098,0.15613269805908203,0.1251964569091797,0.030936241149902344,1.0,0.1758241758241758,0.1758241758241758,independent,seed3,3,StructRSMA: Contact500 pretraining plus SCA
independent_000,7.066006660461426,5.419078826904297,7.066006660461426,5.440298080444336,7.066006660461426,1.646927833557129,1.6257085800170898,0.021219253540039062,1.0,1.0,1.0,independent,seed3,3,StructRSMA: Contact270 pretraining plus SCA
independent_001,5.436519145965576,5.413173675537109,5.436519145965576,5.438360214233398,5.436519145965576,0.023345470428466797,0.0018410682678222656,0.02150440216064453,1.0,1.0,1.0,independent,seed3,3,StructRSMA: Contact270 pretraining plus SCA
independent_002,5.407490253448486,5.108859062194824,5.407490253448486,4.952262878417969,5.407490253448486,0.2986311912536621,0.4552273750305176,-0.15659618377685547,1.0,1.0,1.0,independent,seed3,3,StructRSMA: Contact270 pretraining plus SCA
independent_003,4.958607196807861,5.522945880889893,4.958607196807861,5.4473876953125,4.958607196807861,0.5643386840820312,0.48878049850463867,0.07555818557739258,1.0,0.8870967741935484,0.8870967741935484,independent,seed3,3,StructRSMA: Contact270 pretraining plus SCA
independent_004,5.449771881103516,5.154201984405518,5.449771881103516,5.130091667175293,5.449771881103516,0.29556989669799805,0.31968021392822266,-0.02411031723022461,1.0,1.0,1.0,independent,seed3,3,StructRSMA: Contact270 pretraining plus SCA
independent_005,5.4202165603637695,5.081181049346924,5.4202165603637695,4.792426586151123,5.4202165603637695,0.3390355110168457,0.6277899742126465,-0.2887544631958008,1.0,0.7,0.7,independent,seed3,3,StructRSMA: Contact270 pretraining plus SCA
independent_006,5.587371349334717,4.6768975257873535,5.587371349334717,4.502879619598389,5.587371349334717,0.9104738235473633,1.0844917297363281,-0.17401790618896484,1.0,1.0,1.0,independent,seed3,3,StructRSMA: Contact270 pretraining plus SCA
independent_007,4.91904878616333,5.228598594665527,4.91904878616333,5.2669878005981445,4.91904878616333,0.30954980850219727,0.34793901443481445,-0.03838920593261719,1.0,1.0,1.0,independent,seed3,3,StructRSMA: Contact270 pretraining plus SCA
independent_008,4.804100513458252,5.477497100830078,4.804100513458252,5.48286247253418,4.804100513458252,0.6733965873718262,0.6787619590759277,-0.0053653717041015625,1.0,1.0,1.0,independent,seed3,3,StructRSMA: Contact270 pretraining plus SCA
independent_009,3.4846999645233154,4.635232925415039,3.4846999645233154,4.289072036743164,3.4846999645233154,1.1505329608917236,0.8043720722198486,0.346160888671875,1.0,0.4565217391304347,0.4565217391304347,independent,seed3,3,StructRSMA: Contact270 pretraining plus SCA
independent_010,5.245116710662842,4.635258197784424,5.245116710662842,4.274749279022217,5.245116710662842,0.609858512878418,0.970367431640625,-0.36050891876220703,1.0,0.4375,0.4375,independent,seed3,3,StructRSMA: Contact270 pretraining plus SCA
independent_011,3.046675205230713,4.935390472412109,3.046675205230713,4.67694902420044,3.046675205230713,1.8887152671813965,1.6302738189697275,0.25844144821166903,1.0,0.2786885245901639,0.2786885245901639,independent,seed3,3,StructRSMA: Contact270 pretraining plus SCA
independent_012,4.432033061981201,4.848296165466309,4.432033061981201,4.537345886230469,4.432033061981201,0.4162631034851074,0.10531282424926758,0.31095027923583984,1.0,0.3620689655172414,0.3620689655172414,independent,seed3,3,StructRSMA: Contact270 pretraining plus SCA
independent_013,3.625985145568848,5.148533821105957,3.625985145568848,4.8901686668396,3.625985145568848,1.522548675537109,1.2641835212707515,0.2583651542663574,1.0,0.2428571428571428,0.2428571428571428,independent,seed3,3,StructRSMA: Contact270 pretraining plus SCA
independent_014,2.70524001121521,4.867591381072998,2.70524001121521,4.606326103210449,2.70524001121521,2.162351369857788,1.9010860919952393,0.26126527786254883,1.0,0.2833333333333333,0.2833333333333333,independent,seed3,3,StructRSMA: Contact270 pretraining plus SCA
independent_015,4.63469934463501,5.064632892608643,4.63469934463501,4.804032802581787,4.63469934463501,0.4299335479736328,0.16933345794677734,0.26060009002685547,1.0,0.25,0.25,independent,seed3,3,StructRSMA: Contact270 pretraining plus SCA
independent_016,4.488183498382568,5.120974063873291,4.488183498382568,4.84881067276001,4.488183498382568,0.6327905654907227,0.3606271743774414,0.27216339111328125,1.0,0.2297297297297297,0.2297297297297297,independent,seed3,3,StructRSMA: Contact270 pretraining plus SCA
independent_017,4.488584518432617,5.104671955108643,4.488584518432617,4.823298454284668,4.488584518432617,0.6160874366760254,0.3347139358520508,0.2813735008239746,1.0,0.2266666666666666,0.2266666666666666,independent,seed3,3,StructRSMA: Contact270 pretraining plus SCA
independent_018,4.5743842124938965,5.46906042098999,4.5743842124938965,5.1879072189331055,4.5743842124938965,0.8946762084960938,0.613523006439209,0.28115320205688477,1.0,0.1847826086956521,0.1847826086956521,independent,seed3,3,StructRSMA: Contact270 pretraining plus SCA
independent_019,4.9018754959106445,5.351222991943359,4.9018754959106445,5.092730522155762,4.9018754959106445,0.44934749603271484,0.1908550262451172,0.25849246978759766,1.0,0.2117647058823529,0.2117647058823529,independent,seed3,3,StructRSMA: Contact270 pretraining plus SCA
independent_020,6.178486347198486,5.299662590026856,6.178486347198486,5.052864074707031,6.178486347198486,0.87882375717163,1.125622272491455,-0.2467985153198251,1.0,0.2571428571428571,0.2571428571428571,independent,seed3,3,StructRSMA: Contact270 pretraining plus SCA
independent_021,6.521433353424072,5.02296257019043,6.521433353424072,4.755789756774902,6.521433353424072,1.4984707832336426,1.76564359664917,-0.26717281341552734,1.0,1.0,1.0,independent,seed3,3,StructRSMA: Contact270 pretraining plus SCA
independent_022,6.946921348571777,5.278512954711914,6.946921348571777,5.0207343101501465,6.946921348571777,1.6684083938598633,1.9261870384216309,-0.2577786445617676,1.0,0.2461538461538461,0.2461538461538461,independent,seed3,3,StructRSMA: Contact270 pretraining plus SCA
independent_023,7.101274967193604,5.278809070587158,7.101274967193604,5.021071434020996,7.101274967193604,1.8224658966064462,2.0802035331726083,-0.2577376365661621,1.0,0.2419354838709677,0.2419354838709677,independent,seed3,3,StructRSMA: Contact270 pretraining plus SCA
independent_024,5.599116802215576,4.896212100982666,5.599116802215576,4.632145881652832,5.599116802215576,0.7029047012329102,0.9669709205627441,-0.264066219329834,1.0,0.2,0.2,independent,seed3,3,StructRSMA: Contact270 pretraining plus SCA
independent_025,5.958607196807861,5.012001514434815,5.958607196807861,4.797781467437744,5.958607196807861,0.946605682373046,1.1608257293701172,-0.2142200469970712,1.0,0.196078431372549,0.196078431372549,independent,seed3,3,StructRSMA: Contact270 pretraining plus SCA
independent_026,5.141101837158203,5.541653156280518,5.141101837158203,5.162477493286133,5.141101837158203,0.40055131912231445,0.021375656127929688,0.37917566299438477,1.0,0.175,0.175,independent,seed3,3,StructRSMA: Contact270 pretraining plus SCA
independent_027,4.343451499938965,5.277623653411865,4.343451499938965,4.828213214874268,4.343451499938965,0.9341721534729004,0.48476171493530273,0.44941043853759766,1.0,0.2297297297297297,0.2297297297297297,independent,seed3,3,StructRSMA: Contact270 pretraining plus SCA
independent_028,4.058279991149902,5.359704494476318,4.058279991149902,4.948670387268066,4.058279991149902,1.301424503326416,0.8903903961181641,0.41103410720825195,1.0,0.2207792207792207,0.2207792207792207,independent,seed3,3,StructRSMA: Contact270 pretraining plus SCA
independent_029,3.774083614349365,5.267004489898682,3.774083614349365,4.822981834411621,3.774083614349365,1.4929208755493169,1.0488982200622563,0.44402265548706055,1.0,0.2179487179487179,0.2179487179487179,independent,seed3,3,StructRSMA: Contact270 pretraining plus SCA
independent_030,4.487315654754639,5.376886367797852,4.487315654754639,4.951773643493652,4.487315654754639,0.8895707130432129,0.46445798873901367,0.4251127243041992,1.0,0.2207792207792207,0.2207792207792207,independent,seed3,3,StructRSMA: Contact270 pretraining plus SCA
independent_031,3.125309467315674,5.052211761474609,3.125309467315674,4.6336188316345215,3.125309467315674,1.9269022941589355,1.5083093643188477,0.4185929298400879,1.0,0.2571428571428571,0.2571428571428571,independent,seed3,3,StructRSMA: Contact270 pretraining plus SCA
independent_032,3.2134792804718018,5.127821445465088,3.2134792804718018,4.727011203765869,3.2134792804718018,1.9143421649932861,1.5135319232940674,0.40081024169921875,1.0,0.2537313432835821,0.2537313432835821,independent,seed3,3,StructRSMA: Contact270 pretraining plus SCA
independent_033,5.063486099243164,5.37880802154541,5.063486099243164,5.128881931304932,5.063486099243164,0.3153219223022461,0.06539583206176758,0.24992609024047852,1.0,0.75,0.75,independent,seed3,3,StructRSMA: Contact270 pretraining plus SCA
independent_034,5.4198737144470215,5.418449401855469,5.4198737144470215,5.094210147857666,5.4198737144470215,0.0014243125915527344,0.32566356658935547,-0.32423925399780273,1.0,0.1636363636363636,0.1636363636363636,independent,seed3,3,StructRSMA: Contact270 pretraining plus SCA
independent_035,5.93930196762085,5.325193405151367,5.93930196762085,5.0639495849609375,5.93930196762085,0.6141085624694824,0.8753523826599121,-0.2612438201904297,1.0,0.2894736842105263,0.2894736842105263,independent,seed3,3,StructRSMA: Contact270 pretraining plus SCA
independent_036,6.244887828826904,5.455193519592285,6.244887828826904,5.172955513000488,6.244887828826904,0.7896943092346191,1.071932315826416,-0.2822380065917969,1.0,0.1975308641975308,0.1975308641975308,independent,seed3,3,StructRSMA: Contact270 pretraining plus SCA
independent_037,4.241239547729492,5.4298505783081055,4.241239547729492,5.098215103149414,4.241239547729492,1.1886110305786133,0.8569755554199219,0.3316354751586914,1.0,0.1617647058823529,0.1617647058823529,independent,seed3,3,StructRSMA: Contact270 pretraining plus SCA
independent_038,5.954677104949951,6.2792792320251465,5.954677104949951,6.073069095611572,5.954677104949951,0.3246021270751953,0.1183919906616211,0.20621013641357422,1.0,0.1473684210526315,0.1473684210526315,independent,seed3,3,StructRSMA: Contact270 pretraining plus SCA
independent_039,5.246417045593262,4.789990425109863,5.246417045593262,4.518320560455322,5.246417045593262,0.45642662048339844,0.7280964851379395,-0.271669864654541,1.0,0.4615384615384615,0.4615384615384615,independent,seed3,3,StructRSMA: Contact270 pretraining plus SCA
independent_040,5.4202165603637695,5.445005416870117,5.4202165603637695,5.139031410217285,5.4202165603637695,0.024788856506347656,0.2811851501464844,-0.2563962936401367,1.0,0.1927710843373494,0.1927710843373494,independent,seed3,3,StructRSMA: Contact270 pretraining plus SCA
independent_041,5.416801452636719,5.443976402282715,5.416801452636719,5.138789176940918,5.416801452636719,0.027174949645996094,0.2780122756958008,-0.2508373260498047,1.0,0.2,0.2,independent,seed3,3,StructRSMA: Contact270 pretraining plus SCA
independent_042,5.364516258239746,5.493183612823486,5.364516258239746,5.177614688873291,5.364516258239746,0.12866735458374023,0.18690156936645508,-0.058234214782714844,1.0,0.1702127659574468,0.1702127659574468,independent,seed3,3,StructRSMA: Contact270 pretraining plus SCA
independent_043,6.208309173583984,5.844318866729736,6.208309173583984,5.641746044158936,6.208309173583984,0.36399030685424805,0.5665631294250479,-0.2025728225707999,1.0,0.1927710843373494,0.1927710843373494,independent,seed3,3,StructRSMA: Contact270 pretraining plus SCA
independent_044,6.168130397796631,6.373867988586426,6.168130397796631,6.097271919250488,6.168130397796631,0.20573759078979492,0.07085847854614258,0.13487911224365234,1.0,0.1595744680851064,0.1595744680851064,independent,seed3,3,StructRSMA: Contact270 pretraining plus SCA
independent_045,5.6575775146484375,5.329225063323975,5.6575775146484375,5.025869846343994,5.6575775146484375,0.3283524513244629,0.6317076683044434,-0.30335521697998047,1.0,0.1375,0.1375,independent,seed3,3,StructRSMA: Contact270 pretraining plus SCA
independent_046,6.083546161651611,5.804481983184815,6.083546161651611,5.543582439422607,6.083546161651611,0.279064178466796,0.5399637222290039,-0.2608995437622079,1.0,0.1839080459770115,0.1839080459770115,independent,seed3,3,StructRSMA: Contact270 pretraining plus SCA
independent_047,6.095284461975098,5.939151763916016,6.095284461975098,5.695598125457764,6.095284461975098,0.15613269805908203,0.399686336517334,-0.24355363845825195,1.0,0.1758241758241758,0.1758241758241758,independent,seed3,3,StructRSMA: Contact270 pretraining plus SCA
