{
  "checkpoint": {
    "missing_keys": 0,
    "unexpected_keys": 0,
    "epoch": 29,
    "selection_metric": "topk_precision",
    "selection_value": 0.4108697235222934
  },
  "metrics": {
    "pairs": 71355,
    "positives": 1250,
    "density": 0.01751804358489244,
    "topk_precision_mean": 0.3816839634412021,
    "topk_precision_std": 0.2615739488535156,
    "threshold_precision": 0.3626062322946176,
    "threshold_recall": 0.512,
    "auprc": 0.3678486562677259,
    "auroc": 0.9407807089365949,
    "positive_probability_mean": 0.4695424437522888,
    "negative_probability_mean": 0.12764103710651398
  },
  "example": {
    "pdb_id": "6dmd",
    "ligand_resname": "G4P",
    "rna_len": 100,
    "atom_count": 36,
    "positive_contacts": 42,
    "contact_rows": 10,
    "contact_cols": 25,
    "topk_hits": 21,
    "example_topk_precision": 0.5,
    "dataset_index": 382
  }
}