"setting","split","model","target","target_name","n","pcc","scc","rmse","mae"
"cold_rna","split2026","Contact500 pretraining without SCA","Target_100","50S subunit","18","0.519629530938496","0.556530791769712","2.092448516046749","1.631939212481181"
"cold_rna","split2026","Contact500 pretraining without SCA","Target_102","Bacterial 23S rRNA hairpins 82 and 91","1","","","6.449880599975586","6.449880599975586"
"cold_rna","split2026","Contact500 pretraining without SCA","Target_104","23SrRNA","5","-0.8155373267971288","-0.8207826816681233","4.434143111996798","4.228348064422607"
"cold_rna","split2026","Contact500 pretraining without SCA","Target_110","DM1-RNA-MBNL1","4","0.5150391831877139","0.7999999999999999","0.6228291636922523","0.5259289741516113"
"cold_rna","split2026","Contact500 pretraining without SCA","Target_123","RNA XIII","4","0.5045869582150401","0.39999999999999997","0.7386980785985202","0.6170891523361206"
"cold_rna","split2026","Contact500 pretraining without SCA","Target_124","RNA XIV","2","-1.0","-0.9999999999999999","1.3155995105829048","1.25388765335083"
"cold_rna","split2026","Contact500 pretraining without SCA","Target_125","RNA XV","4","0.5285004540816451","0.19999999999999998","0.6563617657903917","0.6118825674057005"
"cold_rna","split2026","Contact500 pretraining without SCA","Target_126","RNA XVII","2","-1.0","-0.9999999999999999","0.1482453065082405","0.14740800857543945"
"cold_rna","split2026","Contact500 pretraining without SCA","Target_142","Spiegelmer L-A42d RNA (58 mer)","11","0.11777541832373536","0.18181818181818182","2.9712959603361195","2.598505735397339"
"cold_rna","split2026","Contact500 pretraining without SCA","Target_146","HIV-1 genomic SL3 rna","37","0.019459777127371604","-0.023139915423660843","2.3717818062358296","2.0573423682032406"
"cold_rna","split2026","Contact500 pretraining without SCA","Target_150","single stranded RNA seq","10","0.6592798153536642","0.49090909090909085","0.6000347627604912","0.5502811431884767"
"cold_rna","split2026","Contact500 pretraining without SCA","Target_154","RNA seq C","4","-0.17998444171358557","-0.39999999999999997","0.16300989330359994","0.11408531665802002"
"cold_rna","split2026","Contact500 pretraining without SCA","Target_159","Pri-miR-96 RNAC  (UU loop mutant to AU basepair)","4","0.527113598373111","0.19999999999999998","1.3815308005329705","1.1693021059036255"
"cold_rna","split2026","Contact500 pretraining without SCA","Target_160","Pri-miR-96 RNA1 (Drosha processing site only)","1","","","1.4941229820251465","1.4941229820251465"
"cold_rna","split2026","Contact500 pretraining without SCA","Target_161","Pri-miR-96 RNA2 (desired GG loop only)","1","","","0.420590877532959","0.420590877532959"
"cold_rna","split2026","Contact500 pretraining without SCA","Target_162","Pri-miR-96 RNA3 (both the Drosha target site and adjacent target site)","1","","","2.651733875274658","2.651733875274658"
"cold_rna","split2026","Contact500 pretraining without SCA","Target_163","Pri-miR-96 RNA4 (GG to GC loop mutation)","1","","","1.6183457374572745","1.6183457374572745"
"cold_rna","split2026","Contact500 pretraining without SCA","Target_164","Pri-miR-96 RNA5 (UU loop mutant to UA loop)","1","","","1.3865461349487305","1.3865461349487305"
"cold_rna","split2026","Contact500 pretraining without SCA","Target_165","Pri-miR-96 AT-rich DNA hairpin","1","","","1.9166126251220703","1.9166126251220703"
"cold_rna","split2026","Contact500 pretraining without SCA","Target_172","r(CUG)4","4","0.7549760781754251","0.7378647873726218","1.6261463218243148","1.5423660278320312"
"cold_rna","split2026","Contact500 pretraining without SCA","Target_196","A10-RNA-WT QGRS in ADAM10 mRNA","5","-0.05408038129508422","0.09999999999999999","0.6369709059398028","0.5326004028320312"
"cold_rna","split2026","Contact500 pretraining without SCA","Target_197","A10-RNA-WT QGRS in ADAM10 mRNA Mutant","1","","","5.747560992836952","5.747560992836952"
"cold_rna","split2026","Contact500 pretraining without SCA","Target_2","RNA duplex","1","","","2.1426897048950178","2.1426897048950178"
"cold_rna","split2026","Contact500 pretraining without SCA","Target_204","5'CAG/3'GAC","1","","","1.178682804107666","1.178682804107666"
"cold_rna","split2026","Contact500 pretraining without SCA","Target_206","5'CUG/3'GUC, DM1 Motif","1","","","1.5297646522521973","1.5297646522521973"
"cold_rna","split2026","Contact500 pretraining without SCA","Target_207","Fully Paired RNA","1","","","0.6080913543701172","0.6080913543701172"
"cold_rna","split2026","Contact500 pretraining without SCA","Target_210","5' CUG/3' GUC Internal Loop","1","","","0.7362251281738281","0.7362251281738281"
"cold_rna","split2026","Contact500 pretraining without SCA","Target_211","GC Stem Loop","1","","","1.5633950233459473","1.5633950233459473"
"cold_rna","split2026","Contact500 pretraining without SCA","Target_212","AT Hairpin DNA","3","-0.22921867185972467","0.5","2.767728914409116","1.9097186625003815"
"cold_rna","split2026","Contact500 pretraining without SCA","Target_218","SARS-Pseudoknot Construct","1","","","2.6109700202941895","2.6109700202941895"
"cold_rna","split2026","Contact500 pretraining without SCA","Target_223","G_U/CUA Bulge in miR-18a","1","","","2.065164089202881","2.065164089202881"
"cold_rna","split2026","Contact500 pretraining without SCA","Target_224","GAU/CUA Stem Mutant","1","","","2.746798515319824","2.746798515319824"
"cold_rna","split2026","Contact500 pretraining without SCA","Target_225","GAU/A_C Bulge in miR-18a","1","","","3.1923227310180664","3.1923227310180664"
"cold_rna","split2026","Contact500 pretraining without SCA","Target_226","GGU/A_C Bulge Mutant","1","","","2.906525135040283","2.906525135040283"
"cold_rna","split2026","Contact500 pretraining without SCA","Target_229","lysC riboswitch","2","1.0","0.9999999999999999","0.8773497741887334","0.8607127666473389"
"cold_rna","split2026","Contact500 pretraining without SCA","Target_230","lysC riboswitch mutant 1 (M2)","2","1.0","0.9999999999999999","1.5194523976115648","1.5182251930236816"
"cold_rna","split2026","Contact500 pretraining without SCA","Target_232","G4C2 repeat G-quadruplex RNA","2","-1.0","-0.9999999999999999","0.682462952063644","0.670968770980835"
"cold_rna","split2026","Contact500 pretraining without SCA","Target_234","5'CAG/3'GUC x 6 repeat RNA","1","","","1.187631607055664","1.187631607055664"
"cold_rna","split2026","Contact500 pretraining without SCA","Target_235","5′CAG/3′GAC x 2 repeat RNA","1","","","0.76320457458496","0.76320457458496"
"cold_rna","split2026","Contact500 pretraining without SCA","Target_236","5′CAG/3′GAC x 3 repeat RNA","1","","","1.8039164543151847","1.8039164543151847"
"cold_rna","split2026","Contact500 pretraining without SCA","Target_237","5′CAG/3′GAC x 4 repeat RNA","1","","","0.9535026550292969","0.9535026550292969"
"cold_rna","split2026","Contact500 pretraining without SCA","Target_238","5′CAG/3′GAC x 5 repeat RNA","1","","","0.8114700317382812","0.8114700317382812"
"cold_rna","split2026","Contact500 pretraining without SCA","Target_239","5′CAG/3′GAC x 33 repeat RNA","1","","","2.3368959426879883","2.3368959426879883"
"cold_rna","split2026","Contact500 pretraining without SCA","Target_240","5′CAG/3′GAC internal loop","1","","","0.1694045066833496","0.1694045066833496"
"cold_rna","split2026","Contact500 pretraining without SCA","Target_241","5'CAG/3'GUC internal loop","1","","","2.2543969154357915","2.2543969154357915"
"cold_rna","split2026","Contact500 pretraining without SCA","Target_244","KRAS RNA G-quadruplex utr-4","2","-1.0","-0.9999999999999999","1.8272651106206692","1.8266010284423833"
"cold_rna","split2026","Contact500 pretraining without SCA","Target_256","Telomeric DNA G-quadruplex (HTG22)","1","","","0.9384088516235352","0.9384088516235352"
"cold_rna","split2026","Contact500 pretraining without SCA","Target_260","Pu22 DNA G-quadruplex","1","","","0.7849111557006836","0.7849111557006836"
"cold_rna","split2026","Contact500 pretraining without SCA","Target_261","TRF2:Telomeric duplex DNA (hTELO-dup)","1","","","1.5134310722351074","1.5134310722351074"
"cold_rna","split2026","Contact500 pretraining without SCA","Target_262","TRF2:TERRA G-quadruplex (TERRA22):Telomeric duplex DNA (hTELO-dup)","1","","","0.5544834136962891","0.5544834136962891"
"cold_rna","split2026","Contact500 pretraining without SCA","Target_266","Pre-miR-372","28","-0.38425420014377654","-0.44997947595333065","1.8146155154744865","1.4920264823096139"
"cold_rna","split2026","Contact500 pretraining without SCA","Target_268","Pri-miR-515 drosha site (RNA 1)","1","","","1.9825057983398438","1.9825057983398438"
"cold_rna","split2026","Contact500 pretraining without SCA","Target_269","Pri-miR-885 drosha site (RNA 2)","1","","","0.8519201278686523","0.8519201278686523"
"cold_rna","split2026","Contact500 pretraining without SCA","Target_270","Pri-miR-515 (RNA 3)","1","","","1.4856505393981934","1.4856505393981934"
"cold_rna","split2026","Contact500 pretraining without SCA","Target_271","Pri-miR-515 and the adjacent RNA motif (RNA 4)","3","-0.9120997590506816","-0.5","2.3922259140777853","2.24042018254598"
"cold_rna","split2026","Contact500 pretraining without SCA","Target_324","R-Seq4","1","","","0.7863702774047852","0.7863702774047852"
"cold_rna","split2026","Contact500 pretraining without SCA","Target_33","Biotin aptamer","1","","","0.05759620666503906","0.05759620666503906"
"cold_rna","split2026","Contact500 pretraining without SCA","Target_334","(5'CAG/3'GGC) x 1","2","1.0","0.9999999999999999","1.3358211335070258","1.334671020507812"
"cold_rna","split2026","Contact500 pretraining without SCA","Target_335","(5'CCG/3'GAC) x 1","2","1.0","0.9999999999999999","1.1496286158370557","1.06803560256958"
"cold_rna","split2026","Contact500 pretraining without SCA","Target_336","(5'CGG/3'GAC) x 1","2","1.0","0.9999999999999999","1.1936163902309385","1.1923036575317383"
"cold_rna","split2026","Contact500 pretraining without SCA","Target_337","(5'CCG/3'GUC) x 1","2","1.0","0.9999999999999999","0.827468333167179","0.8258669376373291"
"cold_rna","split2026","Contact500 pretraining without SCA","Target_338","(5'CAG/3'GCC) x 1","2","1.0","0.9999999999999999","0.38819596509331344","0.30571436882019"
"cold_rna","split2026","Contact500 pretraining without SCA","Target_339","(5'CUG/3'GCC) x 1","2","1.0","0.9999999999999999","1.037841021466237","0.9916174411773682"
"cold_rna","split2026","Contact500 pretraining without SCA","Target_340","(5'CGG/3'GCC) x 1","2","1.0","0.9999999999999999","0.4369657093311545","0.3546664714813228"
"cold_rna","split2026","Contact500 pretraining without SCA","Target_341","(5'CAG/3'GAC) x 1","2","1.0","0.9999999999999999","0.9932725859412765","0.9623088836669922"
"cold_rna","split2026","Contact500 pretraining without SCA","Target_342","(5'CCG/3'GGC) x 1","2","1.0","0.9999999999999999","1.3750393789257234","1.363162517547607"
"cold_rna","split2026","Contact500 pretraining without SCA","Target_343","(5'CUG/3'GUC) x 1","2","1.0","0.9999999999999999","0.7315908629541211","0.7257976531982422"
"cold_rna","split2026","Contact500 pretraining without SCA","Target_344","(5'CAG/3'CUG) x 1","2","1.0","0.9999999999999999","0.6873976755407148","0.5758116245269775"
"cold_rna","split2026","Contact500 pretraining without SCA","Target_345","(5'CGG/3'GGC) x1","11","-0.41984203764058314","-0.5056960728118078","1.2643677146860735","1.0266686352816494"
"cold_rna","split2026","Contact500 pretraining without SCA","Target_346","(5'CAG/3'GUC) x1","11","-0.2140932886120232","0.05454545454545456","0.7601489279387922","0.6493273648348722"
"cold_rna","split2026","Contact500 pretraining without SCA","Target_350","(5'CGG/3'GGC) x40","3","-0.5939347022326089","-0.5","1.152392944877113","1.0831583340962727"
"cold_rna","split2026","Contact500 pretraining without SCA","Target_351","(5'CGG/3'GGC) x60","3","-0.43181656910854277","-0.5","1.435974299634825","1.3894445101420085"
"cold_rna","split2026","Contact500 pretraining without SCA","Target_352","Fusibacterium ulcerans ZTP riboswitch","8","0.7708960489797312","0.7857142857142858","2.0639148056832166","1.9300895929336548"
"cold_rna","split2026","Contact500 pretraining without SCA","Target_354","r(CGGx1)","1","","","0.07218599319458008","0.07218599319458008"
"cold_rna","split2026","Contact500 pretraining without SCA","Target_355","r(CGGx2)","1","","","0.15562772750854492","0.15562772750854492"
"cold_rna","split2026","Contact500 pretraining without SCA","Target_356","r(CGGx3)","1","","","0.13665533065795898","0.13665533065795898"
"cold_rna","split2026","Contact500 pretraining without SCA","Target_357","r(CGGx4)","1","","","0.05952739715576172","0.05952739715576172"
"cold_rna","split2026","Contact500 pretraining without SCA","Target_358","r(CGGx6)","1","","","0.024028301239013672","0.024028301239013672"
"cold_rna","split2026","Contact500 pretraining without SCA","Target_360","r(CGGx40)","1","","","1.368359088897705","1.368359088897705"
"cold_rna","split2026","Contact500 pretraining without SCA","Target_363","r(CAGx6)","1","","","0.41629552841186523","0.41629552841186523"
"cold_rna","split2026","Contact500 pretraining without SCA","Target_375","RNA hairpin loop I","4","0.9344812666243977","0.7999999999999999","0.5278500853639676","0.4300876855850222"
"cold_rna","split2026","Contact500 pretraining without SCA","Target_38","LYSINE RIBOSWITCH APTAMER","1","","","0.1768474578857422","0.1768474578857422"
"cold_rna","split2026","Contact500 pretraining without SCA","Target_40","ss_PolyA","1","","","10.8902587890625","10.8902587890625"
"cold_rna","split2026","Contact500 pretraining without SCA","Target_407","E. coli transglycosidase mRNA","15","-0.20060747596552025","-0.24530079519461093","0.6830306326883286","0.5821282386779785"
"cold_rna","split2026","Contact500 pretraining without SCA","Target_432","FSS_mutant_2","1","","","0.8985867500305176","0.8985867500305176"
"cold_rna","split2026","Contact500 pretraining without SCA","Target_436","Duplex RNA","5","0.029466540879650033","0.0","1.0976450902076464","0.873012113571167"
"cold_rna","split2026","Contact500 pretraining without SCA","Target_437","Single_stranded_RNA","5","0.12654923574639967","0.3","1.3343364027681541","1.0295488834381101"
"cold_rna","split2026","Contact500 pretraining without SCA","Target_439","SL4 RNA","2","-1.0","-0.9999999999999999","0.7782107166457426","0.6011433601379395"
"cold_rna","split2026","Contact500 pretraining without SCA","Target_78","B.subtilis lysine riboswitch","6","-0.14917971161824573","-0.028571428571428574","0.8933131545272303","0.7285346984863281"
"cold_rna","split2026","DeepRSMA","Target_100","50S subunit","18","0.4947649277795818","0.42436763528265603","2.398671589186784","1.9881993267271254"
"cold_rna","split2026","DeepRSMA","Target_102","Bacterial 23S rRNA hairpins 82 and 91","1","","","6.067495346069336","6.067495346069336"
"cold_rna","split2026","DeepRSMA","Target_104","23SrRNA","5","-0.7958892615494071","-0.8207826816681233","4.140025754583055","3.9827489852905273"
"cold_rna","split2026","DeepRSMA","Target_110","DM1-RNA-MBNL1","4","0.7590884301403422","0.7999999999999999","0.7101415303979184","0.6328158378601074"
"cold_rna","split2026","DeepRSMA","Target_123","RNA XIII","4","0.6777533542390282","0.7999999999999999","0.6523958853725802","0.6274762153625488"
"cold_rna","split2026","DeepRSMA","Target_124","RNA XIV","2","1.0","0.9999999999999999","0.8917300276369212","0.8847289085388188"
"cold_rna","split2026","DeepRSMA","Target_125","RNA XV","4","0.1588325334318218","-0.19999999999999998","0.4487326183417979","0.3670166730880735"
"cold_rna","split2026","DeepRSMA","Target_126","RNA XVII","2","1.0","0.9999999999999999","0.3133308127486717","0.3103342056274414"
"cold_rna","split2026","DeepRSMA","Target_142","Spiegelmer L-A42d RNA (58 mer)","11","-0.00022897685412975877","0.18181818181818182","2.8823114208198466","2.3747244531458076"
"cold_rna","split2026","DeepRSMA","Target_146","HIV-1 genomic SL3 rna","37","0.044392533529422094","-0.040344127515873636","2.0200240143421975","1.7731446768786456"
"cold_rna","split2026","DeepRSMA","Target_150","single stranded RNA seq","10","0.280619374080355","0.1515151515151515","0.8825117570596522","0.6814625024795532"
"cold_rna","split2026","DeepRSMA","Target_154","RNA seq C","4","0.7353107125251708","0.7999999999999999","0.12590647206173444","0.09254741668701172"
"cold_rna","split2026","DeepRSMA","Target_159","Pri-miR-96 RNAC  (UU loop mutant to AU basepair)","4","-0.6857598017300941","-1.0","1.674048778675497","1.3049308061599731"
"cold_rna","split2026","DeepRSMA","Target_160","Pri-miR-96 RNA1 (Drosha processing site only)","1","","","2.234032154083252","2.234032154083252"
"cold_rna","split2026","DeepRSMA","Target_161","Pri-miR-96 RNA2 (desired GG loop only)","1","","","1.7472920417785645","1.7472920417785645"
"cold_rna","split2026","DeepRSMA","Target_162","Pri-miR-96 RNA3 (both the Drosha target site and adjacent target site)","1","","","3.5540103912353516","3.5540103912353516"
"cold_rna","split2026","DeepRSMA","Target_163","Pri-miR-96 RNA4 (GG to GC loop mutation)","1","","","2.3141989707946777","2.3141989707946777"
"cold_rna","split2026","DeepRSMA","Target_164","Pri-miR-96 RNA5 (UU loop mutant to UA loop)","1","","","2.4267988204956055","2.4267988204956055"
"cold_rna","split2026","DeepRSMA","Target_165","Pri-miR-96 AT-rich DNA hairpin","1","","","2.962308406829834","2.962308406829834"
"cold_rna","split2026","DeepRSMA","Target_172","r(CUG)4","4","0.7668723679827953","0.7378647873726218","1.7791908742230425","1.6868174076080322"
"cold_rna","split2026","DeepRSMA","Target_196","A10-RNA-WT QGRS in ADAM10 mRNA","5","-0.07675928456899658","0.19999999999999998","0.6412499071564625","0.4799584388732908"
"cold_rna","split2026","DeepRSMA","Target_197","A10-RNA-WT QGRS in ADAM10 mRNA Mutant","1","","","5.436901107430458","5.436901107430458"
"cold_rna","split2026","DeepRSMA","Target_2","RNA duplex","1","","","1.1793127059936523","1.1793127059936523"
"cold_rna","split2026","DeepRSMA","Target_204","5'CAG/3'GAC","1","","","0.3777012825012207","0.3777012825012207"
"cold_rna","split2026","DeepRSMA","Target_206","5'CUG/3'GUC, DM1 Motif","1","","","0.17524290084838867","0.17524290084838867"
"cold_rna","split2026","DeepRSMA","Target_207","Fully Paired RNA","1","","","0.8048620223999023","0.8048620223999023"
"cold_rna","split2026","DeepRSMA","Target_210","5' CUG/3' GUC Internal Loop","1","","","1.018397331237793","1.018397331237793"
"cold_rna","split2026","DeepRSMA","Target_211","GC Stem Loop","1","","","1.1468663215637207","1.1468663215637207"
"cold_rna","split2026","DeepRSMA","Target_212","AT Hairpin DNA","3","-0.043091205032199986","0.5","3.4860783675543936","2.8931337893009186"
"cold_rna","split2026","DeepRSMA","Target_218","SARS-Pseudoknot Construct","1","","","3.5273704528808594","3.5273704528808594"
"cold_rna","split2026","DeepRSMA","Target_223","G_U/CUA Bulge in miR-18a","1","","","1.9475998878479004","1.9475998878479004"
"cold_rna","split2026","DeepRSMA","Target_224","GAU/CUA Stem Mutant","1","","","2.5272040367126474","2.5272040367126474"
"cold_rna","split2026","DeepRSMA","Target_225","GAU/A_C Bulge in miR-18a","1","","","2.4129514694213867","2.4129514694213867"
"cold_rna","split2026","DeepRSMA","Target_226","GGU/A_C Bulge Mutant","1","","","2.0322437286376953","2.0322437286376953"
"cold_rna","split2026","DeepRSMA","Target_229","lysC riboswitch","2","1.0","0.9999999999999999","0.3840475803982691","0.2853221893310547"
"cold_rna","split2026","DeepRSMA","Target_230","lysC riboswitch mutant 1 (M2)","2","1.0","0.9999999999999999","0.4349609705135335","0.40934085845947266"
"cold_rna","split2026","DeepRSMA","Target_232","G4C2 repeat G-quadruplex RNA","2","-1.0","-0.9999999999999999","0.5506296554130667","0.5054595470428467"
"cold_rna","split2026","DeepRSMA","Target_234","5'CAG/3'GUC x 6 repeat RNA","1","","","0.5557107925415039","0.5557107925415039"
"cold_rna","split2026","DeepRSMA","Target_235","5′CAG/3′GAC x 2 repeat RNA","1","","","0.4244203567504883","0.4244203567504883"
"cold_rna","split2026","DeepRSMA","Target_236","5′CAG/3′GAC x 3 repeat RNA","1","","","1.465132713317871","1.465132713317871"
"cold_rna","split2026","DeepRSMA","Target_237","5′CAG/3′GAC x 4 repeat RNA","1","","","0.6147184371948242","0.6147184371948242"
"cold_rna","split2026","DeepRSMA","Target_238","5′CAG/3′GAC x 5 repeat RNA","1","","","0.4726858139038086","0.4726858139038086"
"cold_rna","split2026","DeepRSMA","Target_239","5′CAG/3′GAC x 33 repeat RNA","1","","","1.9981112480163574","1.9981112480163574"
"cold_rna","split2026","DeepRSMA","Target_240","5′CAG/3′GAC internal loop","1","","","0.16938018798828125","0.16938018798828125"
"cold_rna","split2026","DeepRSMA","Target_241","5'CAG/3'GUC internal loop","1","","","2.8863177299499516","2.8863177299499516"
"cold_rna","split2026","DeepRSMA","Target_244","KRAS RNA G-quadruplex utr-4","2","-1.0","-0.9999999999999999","1.7550983452033513","1.754703283309937"
"cold_rna","split2026","DeepRSMA","Target_256","Telomeric DNA G-quadruplex (HTG22)","1","","","1.3964619636535645","1.3964619636535645"
"cold_rna","split2026","DeepRSMA","Target_260","Pu22 DNA G-quadruplex","1","","","0.9330325126647949","0.9330325126647949"
"cold_rna","split2026","DeepRSMA","Target_261","TRF2:Telomeric duplex DNA (hTELO-dup)","1","","","1.0553770065307617","1.0553770065307617"
"cold_rna","split2026","DeepRSMA","Target_262","TRF2:TERRA G-quadruplex (TERRA22):Telomeric duplex DNA (hTELO-dup)","1","","","0.09642934799194336","0.09642934799194336"
"cold_rna","split2026","DeepRSMA","Target_266","Pre-miR-372","28","-0.32547849469328366","-0.1384973326231054","1.7570038349837018","1.3817524058478219"
"cold_rna","split2026","DeepRSMA","Target_268","Pri-miR-515 drosha site (RNA 1)","1","","","1.5326390266418457","1.5326390266418457"
"cold_rna","split2026","DeepRSMA","Target_269","Pri-miR-885 drosha site (RNA 2)","1","","","1.2319951057434082","1.2319951057434082"
"cold_rna","split2026","DeepRSMA","Target_270","Pri-miR-515 (RNA 3)","1","","","1.5513396263122559","1.5513396263122559"
"cold_rna","split2026","DeepRSMA","Target_271","Pri-miR-515 and the adjacent RNA motif (RNA 4)","3","-0.9744042736226596","-1.0","2.1781903681022734","2.060091018676758"
"cold_rna","split2026","DeepRSMA","Target_324","R-Seq4","1","","","0.958134651184082","0.958134651184082"
"cold_rna","split2026","DeepRSMA","Target_33","Biotin aptamer","1","","","0.7132816314697266","0.7132816314697266"
"cold_rna","split2026","DeepRSMA","Target_334","(5'CAG/3'GGC) x 1","2","-1.0","-0.9999999999999999","1.0208371808463872","0.939586877822876"
"cold_rna","split2026","DeepRSMA","Target_335","(5'CCG/3'GAC) x 1","2","-1.0","-0.9999999999999999","0.763582693215071","0.7608449459075928"
"cold_rna","split2026","DeepRSMA","Target_336","(5'CGG/3'GAC) x 1","2","-1.0","-0.9999999999999999","1.010091455274991","0.8493165969848633"
"cold_rna","split2026","DeepRSMA","Target_337","(5'CCG/3'GUC) x 1","2","-1.0","-0.9999999999999999","0.9698312428798055","0.8737092018127441"
"cold_rna","split2026","DeepRSMA","Target_338","(5'CAG/3'GCC) x 1","2","-1.0","-0.9999999999999999","0.5064364555372713","0.4488291740417476"
"cold_rna","split2026","DeepRSMA","Target_339","(5'CUG/3'GCC) x 1","2","-1.0","-0.9999999999999999","0.5052799320485561","0.47742557525634766"
"cold_rna","split2026","DeepRSMA","Target_340","(5'CGG/3'GCC) x 1","2","-1.0","-0.9999999999999999","0.2646086470390453","0.26176667213439897"
"cold_rna","split2026","DeepRSMA","Target_341","(5'CAG/3'GAC) x 1","2","-1.0","-0.9999999999999999","0.6795250297456122","0.6263227462768555"
"cold_rna","split2026","DeepRSMA","Target_342","(5'CCG/3'GGC) x 1","2","-1.0","-0.9999999999999999","0.9851953377092224","0.9385511875152588"
"cold_rna","split2026","DeepRSMA","Target_343","(5'CUG/3'GUC) x 1","2","-1.0","-0.9999999999999999","0.880349067155389","0.7916455268859863"
"cold_rna","split2026","DeepRSMA","Target_344","(5'CAG/3'CUG) x 1","2","-1.0","-0.9999999999999999","0.9822902426180067","0.9773800373077393"
"cold_rna","split2026","DeepRSMA","Target_345","(5'CGG/3'GGC) x1","11","-0.48617598913843896","-0.5558100980454104","0.880639810171713","0.6936280944130637"
"cold_rna","split2026","DeepRSMA","Target_346","(5'CAG/3'GUC) x1","11","-0.20489461398364797","-0.09090909090909091","1.0129109761373647","0.9364748868075284"
"cold_rna","split2026","DeepRSMA","Target_350","(5'CGG/3'GGC) x40","3","-0.9899410918400228","-1.0","4.167786286391528","4.1543162663777675"
"cold_rna","split2026","DeepRSMA","Target_351","(5'CGG/3'GGC) x60","3","-0.9961604051216297","-1.0","6.775180734180713","6.767609437306722"
"cold_rna","split2026","DeepRSMA","Target_352","Fusibacterium ulcerans ZTP riboswitch","8","0.598217807428645","0.6190476190476191","2.373155967835225","2.255871057510376"
"cold_rna","split2026","DeepRSMA","Target_354","r(CGGx1)","1","","","0.45162534713745117","0.45162534713745117"
"cold_rna","split2026","DeepRSMA","Target_355","r(CGGx2)","1","","","0.436492919921875","0.436492919921875"
"cold_rna","split2026","DeepRSMA","Target_356","r(CGGx3)","1","","","0.5891590118408203","0.5891590118408203"
"cold_rna","split2026","DeepRSMA","Target_357","r(CGGx4)","1","","","0.6910533905029288","0.6910533905029288"
"cold_rna","split2026","DeepRSMA","Target_358","r(CGGx6)","1","","","0.6975569725036621","0.6975569725036621"
"cold_rna","split2026","DeepRSMA","Target_360","r(CGGx40)","1","","","0.03339433670043945","0.03339433670043945"
"cold_rna","split2026","DeepRSMA","Target_363","r(CAGx6)","1","","","0.3751792907714844","0.3751792907714844"
"cold_rna","split2026","DeepRSMA","Target_375","RNA hairpin loop I","4","0.9922831822957675","0.7999999999999999","0.3687854660339813","0.3108947277069092"
"cold_rna","split2026","DeepRSMA","Target_38","LYSINE RIBOSWITCH APTAMER","1","","","1.0237741470336914","1.0237741470336914"
"cold_rna","split2026","DeepRSMA","Target_40","ss_PolyA","1","","","5.460241317749023","5.460241317749023"
"cold_rna","split2026","DeepRSMA","Target_407","E. coli transglycosidase mRNA","15","0.3244246602431411","-0.04651170233028495","0.7981489104718632","0.6471270561218262"
"cold_rna","split2026","DeepRSMA","Target_432","FSS_mutant_2","1","","","0.9488272666931152","0.9488272666931152"
"cold_rna","split2026","DeepRSMA","Target_436","Duplex RNA","5","0.35658194652874947","0.39999999999999997","0.9185414389729242","0.6457738399505616"
"cold_rna","split2026","DeepRSMA","Target_437","Single_stranded_RNA","5","0.21374058988241157","0.19999999999999998","1.4537164380967833","0.9274707317352295"
"cold_rna","split2026","DeepRSMA","Target_439","SL4 RNA","2","-1.0","-0.9999999999999999","0.9056825142177399","0.7533211708068848"
"cold_rna","split2026","DeepRSMA","Target_78","B.subtilis lysine riboswitch","6","-0.030371808371709358","0.028571428571428574","0.8982056325974153","0.7421955267588297"
"cold_rna","split2026","Ligand-only descriptors","Target_100","50S subunit","18","0.6697231166899219","0.6442953878743974","1.411311008671792","1.2528242544618533"
"cold_rna","split2026","Ligand-only descriptors","Target_102","Bacterial 23S rRNA hairpins 82 and 91","1","","","1.2919839704122857","1.2919839704122857"
"cold_rna","split2026","Ligand-only descriptors","Target_104","23SrRNA","5","-0.9149400159516728","-0.31622776601683794","1.2774733555059872","1.2260059181830052"
"cold_rna","split2026","Ligand-only descriptors","Target_110","DM1-RNA-MBNL1","4","0.36684267395055603","0.6000000000000001","0.9861816750233948","0.8631572620544916"
"cold_rna","split2026","Ligand-only descriptors","Target_123","RNA XIII","4","0.603344391217024","0.39999999999999997","0.5520354427130328","0.5373548150983594"
"cold_rna","split2026","Ligand-only descriptors","Target_124","RNA XIV","2","-1.0","-0.9999999999999999","0.7534611339153936","0.6903891999796117"
"cold_rna","split2026","Ligand-only descriptors","Target_125","RNA XV","4","-0.4847399877469474","0.21081851067789195","0.33405484104750294","0.3121052524417316"
"cold_rna","split2026","Ligand-only descriptors","Target_126","RNA XVII","2","","","0.5539403703646406","0.540447093287034"
"cold_rna","split2026","Ligand-only descriptors","Target_142","Spiegelmer L-A42d RNA (58 mer)","11","-0.3230871945439887","-0.21412356236175645","2.282863664877871","1.9951702893403889"
"cold_rna","split2026","Ligand-only descriptors","Target_146","HIV-1 genomic SL3 rna","37","0.37953161723150464","0.19931175454448144","0.882708871812195","0.6985247401906012"
"cold_rna","split2026","Ligand-only descriptors","Target_150","single stranded RNA seq","10","0.979376414888174","0.8060606060606059","0.16250434427374094","0.14740289868817197"
"cold_rna","split2026","Ligand-only descriptors","Target_154","RNA seq C","4","0.6745904544994523","0.6000000000000001","0.1395564333200671","0.11518275784724996"
"cold_rna","split2026","Ligand-only descriptors","Target_159","Pri-miR-96 RNAC  (UU loop mutant to AU basepair)","4","-0.5628479425912272","-0.39999999999999997","1.1921706561550915","1.1689451849753743"
"cold_rna","split2026","Ligand-only descriptors","Target_160","Pri-miR-96 RNA1 (Drosha processing site only)","1","","","0.7731750941553219","0.7731750941553219"
"cold_rna","split2026","Ligand-only descriptors","Target_161","Pri-miR-96 RNA2 (desired GG loop only)","1","","","0.6482363575470229","0.6482363575470229"
"cold_rna","split2026","Ligand-only descriptors","Target_162","Pri-miR-96 RNA3 (both the Drosha target site and adjacent target site)","1","","","1.9950238437716825","1.9950238437716825"
"cold_rna","split2026","Ligand-only descriptors","Target_163","Pri-miR-96 RNA4 (GG to GC loop mutation)","1","","","0.7731750941553219","0.7731750941553219"
"cold_rna","split2026","Ligand-only descriptors","Target_164","Pri-miR-96 RNA5 (UU loop mutant to UA loop)","1","","","0.8700851071633817","0.8700851071633817"
"cold_rna","split2026","Ligand-only descriptors","Target_165","Pri-miR-96 AT-rich DNA hairpin","1","","","2.392963852443722","2.392963852443722"
"cold_rna","split2026","Ligand-only descriptors","Target_172","r(CUG)4","4","0.8288915183945893","0.9486832980505139","1.6693372761440861","1.3752041586926247"
"cold_rna","split2026","Ligand-only descriptors","Target_196","A10-RNA-WT QGRS in ADAM10 mRNA","5","-0.5768820694798054","-0.49999999999999994","0.566515881654875","0.4745354842677923"
"cold_rna","split2026","Ligand-only descriptors","Target_197","A10-RNA-WT QGRS in ADAM10 mRNA Mutant","1","","","5.156934250525325","5.156934250525325"
"cold_rna","split2026","Ligand-only descriptors","Target_2","RNA duplex","1","","","0.13463221277363946","0.13463221277363946"
"cold_rna","split2026","Ligand-only descriptors","Target_204","5'CAG/3'GAC","1","","","2.2604051263481146","2.2604051263481146"
"cold_rna","split2026","Ligand-only descriptors","Target_206","5'CUG/3'GUC, DM1 Motif","1","","","2.4796906621784425","2.4796906621784425"
"cold_rna","split2026","Ligand-only descriptors","Target_207","Fully Paired RNA","1","","","2.0460351012398714","2.0460351012398714"
"cold_rna","split2026","Ligand-only descriptors","Target_210","5' CUG/3' GUC Internal Loop","1","","","0.4546192498614232","0.4546192498614232"
"cold_rna","split2026","Ligand-only descriptors","Target_211","GC Stem Loop","1","","","0.35974417317666596","0.35974417317666596"
"cold_rna","split2026","Ligand-only descriptors","Target_212","AT Hairpin DNA","3","-0.8547338985524725","-0.5","3.303437273217199","2.3276402173047654"
"cold_rna","split2026","Ligand-only descriptors","Target_218","SARS-Pseudoknot Construct","1","","","1.112017009328524","1.112017009328524"
"cold_rna","split2026","Ligand-only descriptors","Target_223","G_U/CUA Bulge in miR-18a","1","","","1.3911244780096546","1.3911244780096546"
"cold_rna","split2026","Ligand-only descriptors","Target_224","GAU/CUA Stem Mutant","1","","","1.9140032232899946","1.9140032232899946"
"cold_rna","split2026","Ligand-only descriptors","Target_225","GAU/A_C Bulge in miR-18a","1","","","1.4191532016099044","1.4191532016099044"
"cold_rna","split2026","Ligand-only descriptors","Target_226","GGU/A_C Bulge Mutant","1","","","1.5160632146179545","1.5160632146179545"
"cold_rna","split2026","Ligand-only descriptors","Target_229","lysC riboswitch","2","-1.0","-0.9999999999999999","0.4361924984501281","0.41945182773441214"
"cold_rna","split2026","Ligand-only descriptors","Target_230","lysC riboswitch mutant 1 (M2)","2","-1.0","-0.9999999999999999","1.038380318381487","0.991377736769814"
"cold_rna","split2026","Ligand-only descriptors","Target_232","G4C2 repeat G-quadruplex RNA","2","-1.0","-0.9999999999999999","0.8212068304080352","0.6216516776796057"
"cold_rna","split2026","Ligand-only descriptors","Target_234","5'CAG/3'GUC x 6 repeat RNA","1","","","2.2317112840132074","2.2317112840132074"
"cold_rna","split2026","Ligand-only descriptors","Target_235","5′CAG/3′GAC x 2 repeat RNA","1","","","2.290894711798318","2.290894711798318"
"cold_rna","split2026","Ligand-only descriptors","Target_236","5′CAG/3′GAC x 3 repeat RNA","1","","","3.3316061505707264","3.3316061505707264"
"cold_rna","split2026","Ligand-only descriptors","Target_237","5′CAG/3′GAC x 4 repeat RNA","1","","","2.4811923222575967","2.4811923222575967"
"cold_rna","split2026","Ligand-only descriptors","Target_238","5′CAG/3′GAC x 5 repeat RNA","1","","","2.3391592884611763","2.3391592884611763"
"cold_rna","split2026","Ligand-only descriptors","Target_239","5′CAG/3′GAC x 33 repeat RNA","1","","","3.864585222755398","3.864585222755398"
"cold_rna","split2026","Ligand-only descriptors","Target_240","5′CAG/3′GAC internal loop","1","","","1.6970941354616276","1.6970941354616276"
"cold_rna","split2026","Ligand-only descriptors","Target_241","5'CAG/3'GUC internal loop","1","","","1.210317225312953","1.210317225312953"
"cold_rna","split2026","Ligand-only descriptors","Target_244","KRAS RNA G-quadruplex utr-4","2","-1.0","-0.9999999999999999","0.4021079914587057","0.3986809814322423"
"cold_rna","split2026","Ligand-only descriptors","Target_256","Telomeric DNA G-quadruplex (HTG22)","1","","","1.3284422065963346","1.3284422065963346"
"cold_rna","split2026","Ligand-only descriptors","Target_260","Pu22 DNA G-quadruplex","1","","","0.9595924672753648","0.9595924672753648"
"cold_rna","split2026","Ligand-only descriptors","Target_261","TRF2:Telomeric duplex DNA (hTELO-dup)","1","","","1.1233978649921657","1.1233978649921657"
"cold_rna","split2026","Ligand-only descriptors","Target_262","TRF2:TERRA G-quadruplex (TERRA22):Telomeric duplex DNA (hTELO-dup)","1","","","0.16445006053522437","0.16445006053522437"
"cold_rna","split2026","Ligand-only descriptors","Target_266","Pre-miR-372","28","-0.020273894408744587","0.013411797032672262","1.2519157718514917","0.835425942823146"
"cold_rna","split2026","Ligand-only descriptors","Target_268","Pri-miR-515 drosha site (RNA 1)","1","","","0.5954660197477297","0.5954660197477297"
"cold_rna","split2026","Ligand-only descriptors","Target_269","Pri-miR-885 drosha site (RNA 2)","1","","","0.7204047563560287","0.7204047563560287"
"cold_rna","split2026","Ligand-only descriptors","Target_270","Pri-miR-515 (RNA 3)","1","","","0.5162847737001091","0.5162847737001091"
"cold_rna","split2026","Ligand-only descriptors","Target_271","Pri-miR-515 and the adjacent RNA motif (RNA 4)","3","0.38686931007890146","0.5","1.1786147157665319","1.1358110936986254"
"cold_rna","split2026","Ligand-only descriptors","Target_324","R-Seq4","1","","","0.7737895375646424","0.7737895375646424"
"cold_rna","split2026","Ligand-only descriptors","Target_33","Biotin aptamer","1","","","0.16640386961980003","0.16640386961980003"
"cold_rna","split2026","Ligand-only descriptors","Target_334","(5'CAG/3'GGC) x 1","2","1.0","0.9999999999999999","0.34983307415342446","0.28603126176673044"
"cold_rna","split2026","Ligand-only descriptors","Target_335","(5'CCG/3'GAC) x 1","2","1.0","0.9999999999999999","0.7328043948925144","0.6205346522460209"
"cold_rna","split2026","Ligand-only descriptors","Target_336","(5'CGG/3'GAC) x 1","2","1.0","0.9999999999999999","0.2215166546334621","0.17296578866147128"
"cold_rna","split2026","Ligand-only descriptors","Target_337","(5'CCG/3'GUC) x 1","2","1.0","0.9999999999999999","0.3102006983757637","0.2641990112393158"
"cold_rna","split2026","Ligand-only descriptors","Target_338","(5'CAG/3'GCC) x 1","2","1.0","0.9999999999999999","0.748383751123585","0.5975561608673265"
"cold_rna","split2026","Ligand-only descriptors","Target_339","(5'CUG/3'GCC) x 1","2","1.0","0.9999999999999999","0.714706119957238","0.5197119704819864"
"cold_rna","split2026","Ligand-only descriptors","Target_340","(5'CGG/3'GCC) x 1","2","1.0","0.9999999999999999","1.2110656254730443","1.134648760144597"
"cold_rna","split2026","Ligand-only descriptors","Target_341","(5'CAG/3'GAC) x 1","2","1.0","0.9999999999999999","0.6267776572711218","0.46382483685847653"
"cold_rna","split2026","Ligand-only descriptors","Target_342","(5'CCG/3'GGC) x 1","2","1.0","0.9999999999999999","0.4549831125971267","0.3855808524071658"
"cold_rna","split2026","Ligand-only descriptors","Target_343","(5'CUG/3'GUC) x 1","2","1.0","0.9999999999999999","0.3728059842274954","0.3000456235668558"
"cold_rna","split2026","Ligand-only descriptors","Target_344","(5'CAG/3'CUG) x 1","2","1.0","0.9999999999999999","0.5896591590329437","0.5870612574307108"
"cold_rna","split2026","Ligand-only descriptors","Target_345","(5'CGG/3'GGC) x1","11","0.40785283521426446","0.3735772790141283","1.0468026982275642","0.7389481791423855"
"cold_rna","split2026","Ligand-only descriptors","Target_346","(5'CAG/3'GUC) x1","11","-0.743617783099559","-0.5636363636363637","1.1620446082965705","0.8579556276433784"
"cold_rna","split2026","Ligand-only descriptors","Target_350","(5'CGG/3'GGC) x40","3","0.9712515034517242","1.0","0.6973972027410661","0.6932479907401442"
"cold_rna","split2026","Ligand-only descriptors","Target_351","(5'CGG/3'GGC) x60","3","0.9999962397986781","1.0","0.7840687887477956","0.7823288486947811"
"cold_rna","split2026","Ligand-only descriptors","Target_352","Fusibacterium ulcerans ZTP riboswitch","8","0.5314538008255812","0.5714285714285715","1.0533514897108986","0.900754043130044"
"cold_rna","split2026","Ligand-only descriptors","Target_354","r(CGGx1)","1","","","0.7112669699070562","0.7112669699070562"
"cold_rna","split2026","Ligand-only descriptors","Target_355","r(CGGx2)","1","","","0.6765048636478364","0.6765048636478364"
"cold_rna","split2026","Ligand-only descriptors","Target_356","r(CGGx3)","1","","","0.7112669699070562","0.7112669699070562"
"cold_rna","split2026","Ligand-only descriptors","Target_357","r(CGGx4)","1","","","0.7651423506899073","0.7651423506899073"
"cold_rna","split2026","Ligand-only descriptors","Target_358","r(CGGx6)","1","","","0.826660388609116","0.826660388609116"
"cold_rna","split2026","Ligand-only descriptors","Target_360","r(CGGx40)","1","","","1.3280502180557159","1.3280502180557159"
"cold_rna","split2026","Ligand-only descriptors","Target_363","r(CAGx6)","1","","","0.4136717667012437","0.4136717667012437"
"cold_rna","split2026","Ligand-only descriptors","Target_375","RNA hairpin loop I","4","0.8464722549904652","0.7999999999999999","0.23609446846573767","0.202231521936862"
"cold_rna","split2026","Ligand-only descriptors","Target_38","LYSINE RIBOSWITCH APTAMER","1","","","1.1949207183206187","1.1949207183206187"
"cold_rna","split2026","Ligand-only descriptors","Target_40","ss_PolyA","1","","","0.12976386353084202","0.12976386353084202"
"cold_rna","split2026","Ligand-only descriptors","Target_407","E. coli transglycosidase mRNA","15","-0.13926518833238433","-0.20949046012970424","0.7653491529788822","0.5594689023526859"
"cold_rna","split2026","Ligand-only descriptors","Target_432","FSS_mutant_2","1","","","0.6257954255006135","0.6257954255006135"
"cold_rna","split2026","Ligand-only descriptors","Target_436","Duplex RNA","5","-0.21509120756869568","-0.3","1.0726542858992214","0.8590697310525236"
"cold_rna","split2026","Ligand-only descriptors","Target_437","Single_stranded_RNA","5","-0.10474917522443183","-0.09999999999999999","1.3837084628131557","1.1041624560934278"
"cold_rna","split2026","Ligand-only descriptors","Target_439","SL4 RNA","2","-1.0","-0.9999999999999999","0.6212487457516017","0.5003050661462303"
"cold_rna","split2026","Ligand-only descriptors","Target_78","B.subtilis lysine riboswitch","6","-0.11148099712592782","-0.08571428571428573","0.9043590951137529","0.659904880319135"
"cold_rna","split2026","RNA+ligand descriptors","Target_100","50S subunit","18","0.7299422723856618","0.755808051160351","1.2904009754855033","1.1354759287166338"
"cold_rna","split2026","RNA+ligand descriptors","Target_102","Bacterial 23S rRNA hairpins 82 and 91","1","","","1.4841126479823643","1.4841126479823643"
"cold_rna","split2026","RNA+ligand descriptors","Target_104","23SrRNA","5","-0.9530967783881452","-0.7378647873726218","1.430299156369971","1.394926169240544"
"cold_rna","split2026","RNA+ligand descriptors","Target_110","DM1-RNA-MBNL1","4","0.6657958309372236","0.7999999999999999","0.9021186814718138","0.8087042882620132"
"cold_rna","split2026","RNA+ligand descriptors","Target_123","RNA XIII","4","0.1737296434934873","0.19999999999999998","0.6206913986523097","0.6114519611877292"
"cold_rna","split2026","RNA+ligand descriptors","Target_124","RNA XIV","2","-1.0","-0.9999999999999999","0.9114764544772418","0.8603588778924101"
"cold_rna","split2026","RNA+ligand descriptors","Target_125","RNA XV","4","-0.8367151827977904","-0.632455532033676","0.3472680418584214","0.2874204751120988"
"cold_rna","split2026","RNA+ligand descriptors","Target_126","RNA XVII","2","","","0.48450452231536045","0.46901786625535324"
"cold_rna","split2026","RNA+ligand descriptors","Target_142","Spiegelmer L-A42d RNA (58 mer)","11","-0.27553543668674285","-0.20501192141019234","2.338945310869338","2.013432632527475"
"cold_rna","split2026","RNA+ligand descriptors","Target_146","HIV-1 genomic SL3 rna","37","0.35833066011854864","0.2237584478675914","0.9678986623657013","0.7830427230675346"
"cold_rna","split2026","RNA+ligand descriptors","Target_150","single stranded RNA seq","10","0.9327444301127332","0.7696969696969697","0.3644270634067178","0.27973325562101936"
"cold_rna","split2026","RNA+ligand descriptors","Target_154","RNA seq C","4","0.5160609462525714","0.7999999999999999","0.18112671457657","0.1546722571129493"
"cold_rna","split2026","RNA+ligand descriptors","Target_159","Pri-miR-96 RNAC  (UU loop mutant to AU basepair)","4","-0.8212456949531919","-0.19999999999999998","1.2882401889310835","1.2625490824584222"
"cold_rna","split2026","RNA+ligand descriptors","Target_160","Pri-miR-96 RNA1 (Drosha processing site only)","1","","","0.48148316842298033","0.48148316842298033"
"cold_rna","split2026","RNA+ligand descriptors","Target_161","Pri-miR-96 RNA2 (desired GG loop only)","1","","","0.2952767889861754","0.2952767889861754"
"cold_rna","split2026","RNA+ligand descriptors","Target_162","Pri-miR-96 RNA3 (both the Drosha target site and adjacent target site)","1","","","1.6928995453572293","1.6928995453572293"
"cold_rna","split2026","RNA+ligand descriptors","Target_163","Pri-miR-96 RNA4 (GG to GC loop mutation)","1","","","0.44436836921934386","0.44436836921934386"
"cold_rna","split2026","RNA+ligand descriptors","Target_164","Pri-miR-96 RNA5 (UU loop mutant to UA loop)","1","","","0.5637839434439753","0.5637839434439753"
"cold_rna","split2026","RNA+ligand descriptors","Target_165","Pri-miR-96 AT-rich DNA hairpin","1","","","1.9835053807201293","1.9835053807201293"
"cold_rna","split2026","RNA+ligand descriptors","Target_172","r(CUG)4","4","0.8853409814170194","0.9486832980505139","1.2441123115789443","1.0495114614093515"
"cold_rna","split2026","RNA+ligand descriptors","Target_196","A10-RNA-WT QGRS in ADAM10 mRNA","5","-0.5865280470095761","-0.6","0.42104556436014745","0.31608310859039734"
"cold_rna","split2026","RNA+ligand descriptors","Target_197","A10-RNA-WT QGRS in ADAM10 mRNA Mutant","1","","","5.409733995685077","5.409733995685077"
"cold_rna","split2026","RNA+ligand descriptors","Target_2","RNA duplex","1","","","0.009092623337056516","0.009092623337056516"
"cold_rna","split2026","RNA+ligand descriptors","Target_204","5'CAG/3'GAC","1","","","1.4842323867130842","1.4842323867130842"
"cold_rna","split2026","RNA+ligand descriptors","Target_206","5'CUG/3'GUC, DM1 Motif","1","","","1.557280540687957","1.557280540687957"
"cold_rna","split2026","RNA+ligand descriptors","Target_207","Fully Paired RNA","1","","","1.2150190643453458","1.2150190643453458"
"cold_rna","split2026","RNA+ligand descriptors","Target_210","5' CUG/3' GUC Internal Loop","1","","","0.3620714601852617","0.3620714601852617"
"cold_rna","split2026","RNA+ligand descriptors","Target_211","GC Stem Loop","1","","","0.7066681558397345","0.7066681558397345"
"cold_rna","split2026","RNA+ligand descriptors","Target_212","AT Hairpin DNA","3","-0.793045356976766","-0.5","3.0882891056439834","2.3332195203727197"
"cold_rna","split2026","RNA+ligand descriptors","Target_218","SARS-Pseudoknot Construct","1","","","1.7225744972586257","1.7225744972586257"
"cold_rna","split2026","RNA+ligand descriptors","Target_223","G_U/CUA Bulge in miR-18a","1","","","1.4414173377541042","1.4414173377541042"
"cold_rna","split2026","RNA+ligand descriptors","Target_224","GAU/CUA Stem Mutant","1","","","1.9685549944882714","1.9685549944882714"
"cold_rna","split2026","RNA+ligand descriptors","Target_225","GAU/A_C Bulge in miR-18a","1","","","1.4531738326109496","1.4531738326109496"
"cold_rna","split2026","RNA+ligand descriptors","Target_226","GGU/A_C Bulge Mutant","1","","","1.487411166303069","1.487411166303069"
"cold_rna","split2026","RNA+ligand descriptors","Target_229","lysC riboswitch","2","-1.0","-0.9999999999999999","0.723869338698112","0.6167541908521028"
"cold_rna","split2026","RNA+ligand descriptors","Target_230","lysC riboswitch mutant 1 (M2)","2","-1.0","-0.9999999999999999","1.511745551458597","1.4875534676846875"
"cold_rna","split2026","RNA+ligand descriptors","Target_232","G4C2 repeat G-quadruplex RNA","2","-1.0","-0.9999999999999999","1.078571452798941","1.046298357206778"
"cold_rna","split2026","RNA+ligand descriptors","Target_234","5'CAG/3'GUC x 6 repeat RNA","1","","","1.4846897095010396","1.4846897095010396"
"cold_rna","split2026","RNA+ligand descriptors","Target_235","5′CAG/3′GAC x 2 repeat RNA","1","","","1.4569810257848506","1.4569810257848506"
"cold_rna","split2026","RNA+ligand descriptors","Target_236","5′CAG/3′GAC x 3 repeat RNA","1","","","2.497692464557259","2.497692464557259"
"cold_rna","split2026","RNA+ligand descriptors","Target_237","5′CAG/3′GAC x 4 repeat RNA","1","","","1.6472786362441294","1.6472786362441294"
"cold_rna","split2026","RNA+ligand descriptors","Target_238","5′CAG/3′GAC x 5 repeat RNA","1","","","1.505245602447709","1.505245602447709"
"cold_rna","split2026","RNA+ligand descriptors","Target_239","5′CAG/3′GAC x 33 repeat RNA","1","","","3.030671536741931","3.030671536741931"
"cold_rna","split2026","RNA+ligand descriptors","Target_240","5′CAG/3′GAC internal loop","1","","","0.8631804494481603","0.8631804494481603"
"cold_rna","split2026","RNA+ligand descriptors","Target_241","5'CAG/3'GUC internal loop","1","","","1.9573387998251208","1.9573387998251208"
"cold_rna","split2026","RNA+ligand descriptors","Target_244","KRAS RNA G-quadruplex utr-4","2","-1.0","-0.9999999999999999","0.6617403673849698","0.6603822469462646"
"cold_rna","split2026","RNA+ligand descriptors","Target_256","Telomeric DNA G-quadruplex (HTG22)","1","","","1.0664011260819244","1.0664011260819244"
"cold_rna","split2026","RNA+ligand descriptors","Target_260","Pu22 DNA G-quadruplex","1","","","0.7428536749546515","0.7428536749546515"
"cold_rna","split2026","RNA+ligand descriptors","Target_261","TRF2:Telomeric duplex DNA (hTELO-dup)","1","","","1.3854389455065759","1.3854389455065759"
"cold_rna","split2026","RNA+ligand descriptors","Target_262","TRF2:TERRA G-quadruplex (TERRA22):Telomeric duplex DNA (hTELO-dup)","1","","","0.4264911410496346","0.4264911410496346"
"cold_rna","split2026","RNA+ligand descriptors","Target_266","Pre-miR-372","28","0.049569871109023694","0.07992336190898573","1.3642339286545975","1.1053383142001683"
"cold_rna","split2026","RNA+ligand descriptors","Target_268","Pri-miR-515 drosha site (RNA 1)","1","","","0.8381020176646032","0.8381020176646032"
"cold_rna","split2026","RNA+ligand descriptors","Target_269","Pri-miR-885 drosha site (RNA 2)","1","","","1.0068393585522797","1.0068393585522797"
"cold_rna","split2026","RNA+ligand descriptors","Target_270","Pri-miR-515 (RNA 3)","1","","","0.7731298287559136","0.7731298287559136"
"cold_rna","split2026","RNA+ligand descriptors","Target_271","Pri-miR-515 and the adjacent RNA motif (RNA 4)","3","0.7745860972308938","1.0","1.1872154473065872","1.1791676671741251"
"cold_rna","split2026","RNA+ligand descriptors","Target_324","R-Seq4","1","","","0.21119307943009158","0.21119307943009158"
"cold_rna","split2026","RNA+ligand descriptors","Target_33","Biotin aptamer","1","","","0.5256319502729099","0.5256319502729099"
"cold_rna","split2026","RNA+ligand descriptors","Target_334","(5'CAG/3'GGC) x 1","2","1.0","0.9999999999999999","0.2499023979608149","0.24982159531435233"
"cold_rna","split2026","RNA+ligand descriptors","Target_335","(5'CCG/3'GAC) x 1","2","1.0","0.9999999999999999","0.13305612387955687","0.09705421575111428"
"cold_rna","split2026","RNA+ligand descriptors","Target_336","(5'CGG/3'GAC) x 1","2","1.0","0.9999999999999999","0.40915392945519236","0.39655076303128434"
"cold_rna","split2026","RNA+ligand descriptors","Target_337","(5'CCG/3'GUC) x 1","2","1.0","0.9999999999999999","0.29584317670221144","0.2685288653787281"
"cold_rna","split2026","RNA+ligand descriptors","Target_338","(5'CAG/3'GCC) x 1","2","1.0","0.9999999999999999","0.36924602672162365","0.3628769720795719"
"cold_rna","split2026","RNA+ligand descriptors","Target_339","(5'CUG/3'GCC) x 1","2","1.0","0.9999999999999999","0.1741603330393124","0.17064938301426213"
"cold_rna","split2026","RNA+ligand descriptors","Target_340","(5'CGG/3'GCC) x 1","2","1.0","0.9999999999999999","0.8551181596156838","0.8451386020938889"
"cold_rna","split2026","RNA+ligand descriptors","Target_341","(5'CAG/3'GAC) x 1","2","1.0","0.9999999999999999","0.290235147256658","0.26918384151372043"
"cold_rna","split2026","RNA+ligand descriptors","Target_342","(5'CCG/3'GGC) x 1","2","1.0","0.9999999999999999","0.1540603907387719","0.1393006575489224"
"cold_rna","split2026","RNA+ligand descriptors","Target_343","(5'CUG/3'GUC) x 1","2","1.0","0.9999999999999999","0.19657076675637752","0.1937693278129511"
"cold_rna","split2026","RNA+ligand descriptors","Target_344","(5'CAG/3'CUG) x 1","2","1.0","0.9999999999999999","0.13128110373072258","0.1230286173269346"
"cold_rna","split2026","RNA+ligand descriptors","Target_345","(5'CGG/3'GGC) x1","11","0.4297178464932776","0.5694775594727565","0.5187299599554889","0.4595816349406936"
"cold_rna","split2026","RNA+ligand descriptors","Target_346","(5'CAG/3'GUC) x1","11","-0.5671712056515186","-0.24545454545454545","0.4970803385489264","0.3674526094822714"
"cold_rna","split2026","RNA+ligand descriptors","Target_350","(5'CGG/3'GGC) x40","3","0.9659646857454298","1.0","0.43959158043188573","0.42959288324437966"
"cold_rna","split2026","RNA+ligand descriptors","Target_351","(5'CGG/3'GGC) x60","3","0.9758467724717498","1.0","0.6435713409676795","0.6336527269131057"
"cold_rna","split2026","RNA+ligand descriptors","Target_352","Fusibacterium ulcerans ZTP riboswitch","8","0.27351023308118777","0.4761904761904762","0.8474227817598129","0.6972435512582602"
"cold_rna","split2026","RNA+ligand descriptors","Target_354","r(CGGx1)","1","","","1.0655805893449992","1.0655805893449992"
"cold_rna","split2026","RNA+ligand descriptors","Target_355","r(CGGx2)","1","","","0.8869753959905236","0.8869753959905236"
"cold_rna","split2026","RNA+ligand descriptors","Target_356","r(CGGx3)","1","","","0.7247813593656858","0.7247813593656858"
"cold_rna","split2026","RNA+ligand descriptors","Target_357","r(CGGx4)","1","","","0.6254602855468976","0.6254602855468976"
"cold_rna","split2026","RNA+ligand descriptors","Target_358","r(CGGx6)","1","","","0.46083347070989955","0.46083347070989955"
"cold_rna","split2026","RNA+ligand descriptors","Target_360","r(CGGx40)","1","","","0.45722323368633955","0.45722323368633955"
"cold_rna","split2026","RNA+ligand descriptors","Target_363","r(CAGx6)","1","","","0.008856995520552857","0.008856995520552857"
"cold_rna","split2026","RNA+ligand descriptors","Target_375","RNA hairpin loop I","4","0.8863781845001489","0.7999999999999999","0.21190639365667965","0.19837574912519496"
"cold_rna","split2026","RNA+ligand descriptors","Target_38","LYSINE RIBOSWITCH APTAMER","1","","","0.28137305768410226","0.28137305768410226"
"cold_rna","split2026","RNA+ligand descriptors","Target_40","ss_PolyA","1","","","0.07306939444962435","0.07306939444962435"
"cold_rna","split2026","RNA+ligand descriptors","Target_407","E. coli transglycosidase mRNA","15","-0.08311985400428021","-0.055506019350605396","0.6797386277137772","0.5564645362224465"
"cold_rna","split2026","RNA+ligand descriptors","Target_432","FSS_mutant_2","1","","","0.4467733056989438","0.4467733056989438"
"cold_rna","split2026","RNA+ligand descriptors","Target_436","Duplex RNA","5","0.01608336305340459","-0.3","0.9553371176862526","0.797526395656056"
"cold_rna","split2026","RNA+ligand descriptors","Target_437","Single_stranded_RNA","5","0.011648899048730156","-0.09999999999999999","1.4120130735279166","1.04261912069696"
"cold_rna","split2026","RNA+ligand descriptors","Target_439","SL4 RNA","2","-1.0","-0.9999999999999999","0.6852836666120075","0.6399711222994502"
"cold_rna","split2026","RNA+ligand descriptors","Target_78","B.subtilis lysine riboswitch","6","-0.0711933277015026","0.028571428571428574","0.7101351426530212","0.603918600107077"
"cold_rna","split2026","Sequence-SMILES ridge","Target_100","50S subunit","18","0.5210803479034386","0.45534337508430983","2.046771065863202","1.767405894374051"
"cold_rna","split2026","Sequence-SMILES ridge","Target_102","Bacterial 23S rRNA hairpins 82 and 91","1","","","1.1597128453479737","1.1597128453479737"
"cold_rna","split2026","Sequence-SMILES ridge","Target_104","23SrRNA","5","-0.702188575092123","-0.8207826816681233","1.870397562352534","1.726298283617607"
"cold_rna","split2026","Sequence-SMILES ridge","Target_110","DM1-RNA-MBNL1","4","-0.1641126381848398","0.39999999999999997","1.2258331030968355","1.116514819155128"
"cold_rna","split2026","Sequence-SMILES ridge","Target_123","RNA XIII","4","-0.9916236499302105","-0.6000000000000001","0.6629328933653972","0.6377163940582979"
"cold_rna","split2026","Sequence-SMILES ridge","Target_124","RNA XIV","2","1.0","0.9999999999999999","1.050615498274171","1.0138774296990434"
"cold_rna","split2026","Sequence-SMILES ridge","Target_125","RNA XV","4","-0.7778167609231053","-0.39999999999999997","0.5310572904960355","0.4586723579715628"
"cold_rna","split2026","Sequence-SMILES ridge","Target_126","RNA XVII","2","1.0","0.9999999999999999","0.22472064090621824","0.18925145693298884"
"cold_rna","split2026","Sequence-SMILES ridge","Target_142","Spiegelmer L-A42d RNA (58 mer)","11","-0.10842187517209292","0.009090909090909092","2.720008909966783","2.2465480856163857"
"cold_rna","split2026","Sequence-SMILES ridge","Target_146","HIV-1 genomic SL3 rna","37","-0.022531159063479148","-0.14026348733726726","0.9979861264840921","0.8495531752214925"
"cold_rna","split2026","Sequence-SMILES ridge","Target_150","single stranded RNA seq","10","0.5272165432346672","0.22424242424242422","0.8970481525047187","0.6379966920179616"
"cold_rna","split2026","Sequence-SMILES ridge","Target_154","RNA seq C","4","0.16520170038934423","0.6000000000000001","0.365219058700363","0.34972989327584014"
"cold_rna","split2026","Sequence-SMILES ridge","Target_159","Pri-miR-96 RNAC  (UU loop mutant to AU basepair)","4","0.03325229771450494","-0.19999999999999998","1.4197825653674967","1.2777728505015136"
"cold_rna","split2026","Sequence-SMILES ridge","Target_160","Pri-miR-96 RNA1 (Drosha processing site only)","1","","","0.20124748650995627","0.20124748650995627"
"cold_rna","split2026","Sequence-SMILES ridge","Target_161","Pri-miR-96 RNA2 (desired GG loop only)","1","","","0.38551635508057913","0.38551635508057913"
"cold_rna","split2026","Sequence-SMILES ridge","Target_162","Pri-miR-96 RNA3 (both the Drosha target site and adjacent target site)","1","","","1.003762597479903","1.003762597479903"
"cold_rna","split2026","Sequence-SMILES ridge","Target_163","Pri-miR-96 RNA4 (GG to GC loop mutation)","1","","","0.23111626410453567","0.23111626410453567"
"cold_rna","split2026","Sequence-SMILES ridge","Target_164","Pri-miR-96 RNA5 (UU loop mutant to UA loop)","1","","","0.12640646544557743","0.12640646544557743"
"cold_rna","split2026","Sequence-SMILES ridge","Target_165","Pri-miR-96 AT-rich DNA hairpin","1","","","1.1714001333481496","1.1714001333481496"
"cold_rna","split2026","Sequence-SMILES ridge","Target_172","r(CUG)4","4","0.7604555246103084","0.9486832980505139","1.781390181772491","1.7718161608379976"
"cold_rna","split2026","Sequence-SMILES ridge","Target_196","A10-RNA-WT QGRS in ADAM10 mRNA","5","-0.7247688612706231","-0.8999999999999998","0.37460979718710147","0.27727218332633097"
"cold_rna","split2026","Sequence-SMILES ridge","Target_197","A10-RNA-WT QGRS in ADAM10 mRNA Mutant","1","","","5.305516736015436","5.305516736015436"
"cold_rna","split2026","Sequence-SMILES ridge","Target_2","RNA duplex","1","","","1.3405072612533857","1.3405072612533857"
"cold_rna","split2026","Sequence-SMILES ridge","Target_204","5'CAG/3'GAC","1","","","1.5726352651060624","1.5726352651060624"
"cold_rna","split2026","Sequence-SMILES ridge","Target_206","5'CUG/3'GUC, DM1 Motif","1","","","1.6177041007100668","1.6177041007100668"
"cold_rna","split2026","Sequence-SMILES ridge","Target_207","Fully Paired RNA","1","","","1.2452331103841576","1.2452331103841576"
"cold_rna","split2026","Sequence-SMILES ridge","Target_210","5' CUG/3' GUC Internal Loop","1","","","0.25415693126011885","0.25415693126011885"
"cold_rna","split2026","Sequence-SMILES ridge","Target_211","GC Stem Loop","1","","","0.801196865366256","0.801196865366256"
"cold_rna","split2026","Sequence-SMILES ridge","Target_212","AT Hairpin DNA","3","-0.10320797040087573","-0.5","2.9459051129936693","2.2495229625896394"
"cold_rna","split2026","Sequence-SMILES ridge","Target_218","SARS-Pseudoknot Construct","1","","","1.768928998037238","1.768928998037238"
"cold_rna","split2026","Sequence-SMILES ridge","Target_223","G_U/CUA Bulge in miR-18a","1","","","1.105625774558776","1.105625774558776"
"cold_rna","split2026","Sequence-SMILES ridge","Target_224","GAU/CUA Stem Mutant","1","","","1.6553966568245704","1.6553966568245704"
"cold_rna","split2026","Sequence-SMILES ridge","Target_225","GAU/A_C Bulge in miR-18a","1","","","1.1531784843181718","1.1531784843181718"
"cold_rna","split2026","Sequence-SMILES ridge","Target_226","GGU/A_C Bulge Mutant","1","","","1.2229247550737368","1.2229247550737368"
"cold_rna","split2026","Sequence-SMILES ridge","Target_229","lysC riboswitch","2","1.0","0.9999999999999999","0.575875483544944","0.45450335782361373"
"cold_rna","split2026","Sequence-SMILES ridge","Target_230","lysC riboswitch mutant 1 (M2)","2","1.0","0.9999999999999999","1.33811157004245","1.3158511114593803"
"cold_rna","split2026","Sequence-SMILES ridge","Target_232","G4C2 repeat G-quadruplex RNA","2","-1.0","-0.9999999999999999","1.106813728163692","1.1015446975857803"
"cold_rna","split2026","Sequence-SMILES ridge","Target_234","5'CAG/3'GUC x 6 repeat RNA","1","","","1.5252637198365484","1.5252637198365484"
"cold_rna","split2026","Sequence-SMILES ridge","Target_235","5′CAG/3′GAC x 2 repeat RNA","1","","","1.5291811565776356","1.5291811565776356"
"cold_rna","split2026","Sequence-SMILES ridge","Target_236","5′CAG/3′GAC x 3 repeat RNA","1","","","2.569892595350044","2.569892595350044"
"cold_rna","split2026","Sequence-SMILES ridge","Target_237","5′CAG/3′GAC x 4 repeat RNA","1","","","1.7194787670369145","1.7194787670369145"
"cold_rna","split2026","Sequence-SMILES ridge","Target_238","5′CAG/3′GAC x 5 repeat RNA","1","","","1.577445733240494","1.577445733240494"
"cold_rna","split2026","Sequence-SMILES ridge","Target_239","5′CAG/3′GAC x 33 repeat RNA","1","","","3.102871667534716","3.102871667534716"
"cold_rna","split2026","Sequence-SMILES ridge","Target_240","5′CAG/3′GAC internal loop","1","","","0.9353805802409454","0.9353805802409454"
"cold_rna","split2026","Sequence-SMILES ridge","Target_241","5'CAG/3'GUC internal loop","1","","","1.916764789489612","1.916764789489612"
"cold_rna","split2026","Sequence-SMILES ridge","Target_244","KRAS RNA G-quadruplex utr-4","2","-1.0","-0.9999999999999999","1.5582121677638086","1.5578740459797507"
"cold_rna","split2026","Sequence-SMILES ridge","Target_256","Telomeric DNA G-quadruplex (HTG22)","1","","","0.651844296317293","0.651844296317293"
"cold_rna","split2026","Sequence-SMILES ridge","Target_260","Pu22 DNA G-quadruplex","1","","","0.26699153569300815","0.26699153569300815"
"cold_rna","split2026","Sequence-SMILES ridge","Target_261","TRF2:Telomeric duplex DNA (hTELO-dup)","1","","","1.7999957752712072","1.7999957752712072"
"cold_rna","split2026","Sequence-SMILES ridge","Target_262","TRF2:TERRA G-quadruplex (TERRA22):Telomeric duplex DNA (hTELO-dup)","1","","","0.841047970814266","0.841047970814266"
"cold_rna","split2026","Sequence-SMILES ridge","Target_266","Pre-miR-372","28","-0.5760922547448436","0.042698782389732105","1.4887733770132914","1.3098273574567145"
"cold_rna","split2026","Sequence-SMILES ridge","Target_268","Pri-miR-515 drosha site (RNA 1)","1","","","0.6279963247220346","0.6279963247220346"
"cold_rna","split2026","Sequence-SMILES ridge","Target_269","Pri-miR-885 drosha site (RNA 2)","1","","","0.7264366908169659","0.7264366908169659"
"cold_rna","split2026","Sequence-SMILES ridge","Target_270","Pri-miR-515 (RNA 3)","1","","","0.5450520938091898","0.5450520938091898"
"cold_rna","split2026","Sequence-SMILES ridge","Target_271","Pri-miR-515 and the adjacent RNA motif (RNA 4)","3","-0.9933514468406643","-0.5","1.2192371010788374","1.1821511163492369"
"cold_rna","split2026","Sequence-SMILES ridge","Target_324","R-Seq4","1","","","1.2973314054159726","1.2973314054159726"
"cold_rna","split2026","Sequence-SMILES ridge","Target_33","Biotin aptamer","1","","","0.40040993805262204","0.40040993805262204"
"cold_rna","split2026","Sequence-SMILES ridge","Target_334","(5'CAG/3'GGC) x 1","2","1.0","0.9999999999999999","0.3550952479556343","0.32373076701093906"
"cold_rna","split2026","Sequence-SMILES ridge","Target_335","(5'CCG/3'GAC) x 1","2","1.0","0.9999999999999999","0.30693224406841946","0.3067431385255177"
"cold_rna","split2026","Sequence-SMILES ridge","Target_336","(5'CGG/3'GAC) x 1","2","1.0","0.9999999999999999","0.4828710081785261","0.4713696003983836"
"cold_rna","split2026","Sequence-SMILES ridge","Target_337","(5'CCG/3'GUC) x 1","2","1.0","0.9999999999999999","0.360711728097939","0.3455630175383537"
"cold_rna","split2026","Sequence-SMILES ridge","Target_338","(5'CAG/3'GCC) x 1","2","1.0","0.9999999999999999","0.5706053980808815","0.5479465596275257"
"cold_rna","split2026","Sequence-SMILES ridge","Target_339","(5'CUG/3'GCC) x 1","2","1.0","0.9999999999999999","0.4274481144206406","0.41785509153617495"
"cold_rna","split2026","Sequence-SMILES ridge","Target_340","(5'CGG/3'GCC) x 1","2","1.0","0.9999999999999999","1.0884359794888991","1.0723596822557644"
"cold_rna","split2026","Sequence-SMILES ridge","Target_341","(5'CAG/3'GAC) x 1","2","1.0","0.9999999999999999","0.4455688320664489","0.40387291310956863"
"cold_rna","split2026","Sequence-SMILES ridge","Target_342","(5'CCG/3'GGC) x 1","2","1.0","0.9999999999999999","0.2778707955419079","0.22418117637050372"
"cold_rna","split2026","Sequence-SMILES ridge","Target_343","(5'CUG/3'GUC) x 1","2","1.0","0.9999999999999999","0.3497293718489769","0.3097164052108137"
"cold_rna","split2026","Sequence-SMILES ridge","Target_344","(5'CAG/3'CUG) x 1","2","1.0","0.9999999999999999","0.029577675533278804","0.022700771346958692"
"cold_rna","split2026","Sequence-SMILES ridge","Target_345","(5'CGG/3'GGC) x1","11","-0.3353554097301219","-0.39180056091725646","0.6422669632121314","0.5364573590215855"
"cold_rna","split2026","Sequence-SMILES ridge","Target_346","(5'CAG/3'GUC) x1","11","-0.3047326002773034","-0.20909090909090913","0.3906527541584644","0.33956701591084143"
"cold_rna","split2026","Sequence-SMILES ridge","Target_350","(5'CGG/3'GGC) x40","3","-0.15889622639777967","-0.5","1.361402921124392","1.3533647272820266"
"cold_rna","split2026","Sequence-SMILES ridge","Target_351","(5'CGG/3'GGC) x60","3","-0.39188393147487544","-0.5","1.4526031533618902","1.4463867581234469"
"cold_rna","split2026","Sequence-SMILES ridge","Target_352","Fusibacterium ulcerans ZTP riboswitch","8","0.3431377462332967","0.4761904761904762","0.8808523712017134","0.7028093778154982"
"cold_rna","split2026","Sequence-SMILES ridge","Target_354","r(CGGx1)","1","","","1.482408693585163","1.482408693585163"
"cold_rna","split2026","Sequence-SMILES ridge","Target_355","r(CGGx2)","1","","","1.405487233119234","1.405487233119234"
"cold_rna","split2026","Sequence-SMILES ridge","Target_356","r(CGGx3)","1","","","1.4105574032739252","1.4105574032739252"
"cold_rna","split2026","Sequence-SMILES ridge","Target_357","r(CGGx4)","1","","","1.445045762947375","1.445045762947375"
"cold_rna","split2026","Sequence-SMILES ridge","Target_358","r(CGGx6)","1","","","1.4847227666709282","1.4847227666709282"
"cold_rna","split2026","Sequence-SMILES ridge","Target_360","r(CGGx40)","1","","","1.9488219670966984","1.9488219670966984"
"cold_rna","split2026","Sequence-SMILES ridge","Target_363","r(CAGx6)","1","","","0.3400805942273344","0.3400805942273344"
"cold_rna","split2026","Sequence-SMILES ridge","Target_375","RNA hairpin loop I","4","0.968332109474616","1.0","0.4421427013683601","0.37770571906393324"
"cold_rna","split2026","Sequence-SMILES ridge","Target_38","LYSINE RIBOSWITCH APTAMER","1","","","0.00035668188637938414","0.00035668188637938414"
"cold_rna","split2026","Sequence-SMILES ridge","Target_40","ss_PolyA","1","","","0.25522587661205076","0.25522587661205076"
"cold_rna","split2026","Sequence-SMILES ridge","Target_407","E. coli transglycosidase mRNA","15","-0.0712431881391552","0.01969568428569869","0.534308655945579","0.4620469946111694"
"cold_rna","split2026","Sequence-SMILES ridge","Target_432","FSS_mutant_2","1","","","0.895494824775037","0.895494824775037"
"cold_rna","split2026","Sequence-SMILES ridge","Target_436","Duplex RNA","5","-0.5946000230872939","-0.3","1.1000229284371472","0.846645684716745"
"cold_rna","split2026","Sequence-SMILES ridge","Target_437","Single_stranded_RNA","5","-0.5758146683523351","-0.09999999999999999","1.6355721069508597","1.134444316829533"
"cold_rna","split2026","Sequence-SMILES ridge","Target_439","SL4 RNA","2","-1.0","-0.9999999999999999","1.2188690088919756","1.2128696454193237"
"cold_rna","split2026","Sequence-SMILES ridge","Target_78","B.subtilis lysine riboswitch","6","0.0641585742328056","0.2","0.7108255946415917","0.6173041357443031"
"cold_rna","split2027","Contact500 pretraining without SCA","Target_103","Human A-site","1","","","1.6822314262390137","1.6822314262390137"
"cold_rna","split2027","Contact500 pretraining without SCA","Target_141","GNRA tetraloop construct XVIII","1","","","0.9607491493225098","0.9607491493225098"
"cold_rna","split2027","Contact500 pretraining without SCA","Target_144","RNA B","1","","","0.5485806465148926","0.5485806465148926"
"cold_rna","split2027","Contact500 pretraining without SCA","Target_145","RNA C","1","","","1.3703727722167973","1.3703727722167973"
"cold_rna","split2027","Contact500 pretraining without SCA","Target_149","Double stranded RNA seq","10","-0.046187994095926575","-0.5151515151515151","1.1240203948675642","0.7495651245117188"
"cold_rna","split2027","Contact500 pretraining without SCA","Target_150","single stranded RNA seq","10","-0.001928773117138828","-0.2121212121212121","1.0801384026502119","0.7789335012435913"
"cold_rna","split2027","Contact500 pretraining without SCA","Target_166","r(AUUCU)11","4","0.6247678398933476","0.7378647873726218","0.8244905553145312","0.6675673723220825"
"cold_rna","split2027","Contact500 pretraining without SCA","Target_193","FMN Riboswitch, S. Davawensis","1","","","1.9484691619873047","1.9484691619873047"
"cold_rna","split2027","Contact500 pretraining without SCA","Target_194","TPP Riboswitch, B. Subtilis","1","","","0.25457763671875","0.25457763671875"
"cold_rna","split2027","Contact500 pretraining without SCA","Target_195","108 nt yjdF Riboswitch Construct, B. subtilis, Mutant 1","5","0.7438267706054057","0.6155870112510925","1.7016506240688856","1.6338356971740722"
"cold_rna","split2027","Contact500 pretraining without SCA","Target_196","A10-RNA-WT QGRS in ADAM10 mRNA","5","-0.8881435138112357","-0.8999999999999998","0.8258872844103059","0.5996564865112302"
"cold_rna","split2027","Contact500 pretraining without SCA","Target_197","A10-RNA-WT QGRS in ADAM10 mRNA Mutant","1","","","6.0210366398096085","6.0210366398096085"
"cold_rna","split2027","Contact500 pretraining without SCA","Target_215","HTT exon1 RNA, 18 repeats","1","","","1.0007715225219727","1.0007715225219727"
"cold_rna","split2027","Contact500 pretraining without SCA","Target_216","HTT exon1 RNA, 48 repeats","1","","","1.4274647235870361","1.4274647235870361"
"cold_rna","split2027","Contact500 pretraining without SCA","Target_227","miR-21","12","0.0022666970890181867","-0.120354170810972","0.9775208958626032","0.8858081897099813"
"cold_rna","split2027","Contact500 pretraining without SCA","Target_250","Oligo-1, a pyrimidine-rich RNA 15-mer","1","","","1.0837175846099854","1.0837175846099854"
"cold_rna","split2027","Contact500 pretraining without SCA","Target_254","Oligo-6, an RNA 15-mer","1","","","0.9001457691192627","0.9001457691192627"
"cold_rna","split2027","Contact500 pretraining without SCA","Target_267","Pre-miR-373","14","-0.3938341048854706","-0.3362637362637363","0.7630297769538346","0.4560375383922032"
"cold_rna","split2027","Contact500 pretraining without SCA","Target_3","A-site 16S rRNA_E_coli (1)","242","0.25700251399332774","0.32579422274291975","1.5443606501690337","1.3081925920218476"
"cold_rna","split2027","Contact500 pretraining without SCA","Target_31","cyanocobalamin 35 nt RNA aptamer","2","1.0","0.9999999999999999","0.9578124166630936","0.6874115467071533"
"cold_rna","split2027","Contact500 pretraining without SCA","Target_32","TCT8-4 RNA Aptamer","9","-0.08618662033470152","0.04184137043778616","1.8145183068385742","1.5278358194563124"
"cold_rna","split2027","Contact500 pretraining without SCA","Target_331","Pre-miR-17/18a/20a","1","","","1.1073927879333496","1.1073927879333496"
"cold_rna","split2027","Contact500 pretraining without SCA","Target_358","r(CGGx6)","1","","","0.12107181549072266","0.12107181549072266"
"cold_rna","split2027","Contact500 pretraining without SCA","Target_363","r(CAGx6)","1","","","1.2498869895935059","1.2498869895935059"
"cold_rna","split2027","Contact500 pretraining without SCA","Target_364","r(CCGx6)","1","","","0.9850234985351562","0.9850234985351562"
"cold_rna","split2027","Contact500 pretraining without SCA","Target_37","TPP RIBOSWITCH APTAMER","1","","","0.11115455627441406","0.11115455627441406"
"cold_rna","split2027","Contact500 pretraining without SCA","Target_436","Duplex RNA","5","0.8263224464391861","0.7","0.6907161795303308","0.4868079662322999"
"cold_rna","split2027","Contact500 pretraining without SCA","Target_437","Single_stranded_RNA","5","0.8186148201988972","0.49999999999999994","1.2275686157070123","0.9085496425628662"
"cold_rna","split2027","Contact500 pretraining without SCA","Target_447","RRE16","1","","","0.7607550621032715","0.7607550621032715"
"cold_rna","split2027","Contact500 pretraining without SCA","Target_448","RRE17","1","","","0.7358593940734863","0.7358593940734863"
"cold_rna","split2027","Contact500 pretraining without SCA","Target_449","RRE18","1","","","0.8144602775573739","0.8144602775573739"
"cold_rna","split2027","Contact500 pretraining without SCA","Target_450","RRE19","1","","","0.6361737251281738","0.6361737251281738"
"cold_rna","split2027","Contact500 pretraining without SCA","Target_451","RRE20","1","","","0.00430727005004794","0.00430727005004794"
"cold_rna","split2027","Contact500 pretraining without SCA","Target_452","RRE21","1","","","0.7409496307373047","0.7409496307373047"
"cold_rna","split2027","Contact500 pretraining without SCA","Target_453","RRE22","1","","","0.8535137176513681","0.8535137176513681"
"cold_rna","split2027","Contact500 pretraining without SCA","Target_60","T alpha aptamer","1","","","1.2919306755065918","1.2919306755065918"
"cold_rna","split2027","Contact500 pretraining without SCA","Target_76","B.subtilis tenA TPP riboswitch","4","0.9483537977656903","0.7999999999999999","0.7905858037052259","0.700558066368103"
"cold_rna","split2027","Contact500 pretraining without SCA","Target_81","RRE1","1","","","1.3171639442443848","1.3171639442443848"
"cold_rna","split2027","Contact500 pretraining without SCA","Target_82","RRE2","1","","","0.3075428009033203","0.3075428009033203"
"cold_rna","split2027","Contact500 pretraining without SCA","Target_83","RRE3","3","0.038333698868050985","0.5","0.5574914636244618","0.4905659357706706"
"cold_rna","split2027","Contact500 pretraining without SCA","Target_84","RRE4","3","0.3135679135701049","0.5","0.6154870453562072","0.5039499600728353"
"cold_rna","split2027","Contact500 pretraining without SCA","Target_85","RRE5","1","","","0.4512324333190918","0.4512324333190918"
"cold_rna","split2027","Contact500 pretraining without SCA","Target_86","RRE6","1","","","0.05918550491333008","0.05918550491333008"
"cold_rna","split2027","Contact500 pretraining without SCA","Target_87","RRE7","1","","","0.2785787582397452","0.2785787582397452"
"cold_rna","split2027","Contact500 pretraining without SCA","Target_88","RRE8","1","","","0.09138250350952148","0.09138250350952148"
"cold_rna","split2027","Contact500 pretraining without SCA","Target_89","RRE9","1","","","0.4230813980102539","0.4230813980102539"
"cold_rna","split2027","Contact500 pretraining without SCA","Target_90","RRE10","1","","","0.7067880630493164","0.7067880630493164"
"cold_rna","split2027","Contact500 pretraining without SCA","Target_91","RRE11","3","0.46538712864459375","0.5","0.654719177745961","0.6246043841044108"
"cold_rna","split2027","Contact500 pretraining without SCA","Target_92","RRE12","1","","","0.7033782005310059","0.7033782005310059"
"cold_rna","split2027","Contact500 pretraining without SCA","Target_93","RRE13","1","","","0.7285165786743164","0.7285165786743164"
"cold_rna","split2027","Contact500 pretraining without SCA","Target_94","RRE14","1","","","0.8727445602417001","0.8727445602417001"
"cold_rna","split2027","Contact500 pretraining without SCA","Target_95","RRE15","1","","","0.806673526763916","0.806673526763916"
"cold_rna","split2027","DeepRSMA","Target_103","Human A-site","1","","","2.4015660285949707","2.4015660285949707"
"cold_rna","split2027","DeepRSMA","Target_141","GNRA tetraloop construct XVIII","1","","","1.2818946838378906","1.2818946838378906"
"cold_rna","split2027","DeepRSMA","Target_144","RNA B","1","","","0.8566341400146484","0.8566341400146484"
"cold_rna","split2027","DeepRSMA","Target_145","RNA C","1","","","1.6937990188598637","1.6937990188598637"
"cold_rna","split2027","DeepRSMA","Target_149","Double stranded RNA seq","10","0.22430233098729574","0.22424242424242422","0.8738669257800892","0.649424648284912"
"cold_rna","split2027","DeepRSMA","Target_150","single stranded RNA seq","10","0.22672290510827675","0.24848484848484845","1.014419850100913","0.7795599699020387"
"cold_rna","split2027","DeepRSMA","Target_166","r(AUUCU)11","4","0.90840866015835","0.7378647873726218","1.005168785694043","0.969750165939331"
"cold_rna","split2027","DeepRSMA","Target_193","FMN Riboswitch, S. Davawensis","1","","","0.7433671951293954","0.7433671951293954"
"cold_rna","split2027","DeepRSMA","Target_194","TPP Riboswitch, B. Subtilis","1","","","0.7535209655761719","0.7535209655761719"
"cold_rna","split2027","DeepRSMA","Target_195","108 nt yjdF Riboswitch Construct, B. subtilis, Mutant 1","5","0.6987600800085695","0.4103913408340617","2.4386595514283993","2.390867900848389"
"cold_rna","split2027","DeepRSMA","Target_196","A10-RNA-WT QGRS in ADAM10 mRNA","5","-0.6720868619888917","-0.7999999999999999","0.7159541806791475","0.5137101173400875"
"cold_rna","split2027","DeepRSMA","Target_197","A10-RNA-WT QGRS in ADAM10 mRNA Mutant","1","","","6.026931777596474","6.026931777596474"
"cold_rna","split2027","DeepRSMA","Target_215","HTT exon1 RNA, 18 repeats","1","","","1.9241275787353516","1.9241275787353516"
"cold_rna","split2027","DeepRSMA","Target_216","HTT exon1 RNA, 48 repeats","1","","","2.350820779800415","2.350820779800415"
"cold_rna","split2027","DeepRSMA","Target_227","miR-21","12","-0.36853555009556455","-0.4348618507190949","1.0095659249854088","0.8008301258087158"
"cold_rna","split2027","DeepRSMA","Target_250","Oligo-1, a pyrimidine-rich RNA 15-mer","1","","","1.253967046737671","1.253967046737671"
"cold_rna","split2027","DeepRSMA","Target_254","Oligo-6, an RNA 15-mer","1","","","1.211226224899292","1.211226224899292"
"cold_rna","split2027","DeepRSMA","Target_267","Pre-miR-373","14","-0.28848705553239823","-0.5560439560439561","1.5209312884299004","1.3933274235044206"
"cold_rna","split2027","DeepRSMA","Target_3","A-site 16S rRNA_E_coli (1)","242","0.30462304649943733","0.3363898270006236","1.4751286835954858","1.2399919466538862"
"cold_rna","split2027","DeepRSMA","Target_31","cyanocobalamin 35 nt RNA aptamer","2","1.0","0.9999999999999999","0.9845076167238673","0.8178257942199707"
"cold_rna","split2027","DeepRSMA","Target_32","TCT8-4 RNA Aptamer","9","-0.09617372485856596","0.08368274087557231","1.7551750558254684","1.4867894649505615"
"cold_rna","split2027","DeepRSMA","Target_331","Pre-miR-17/18a/20a","1","","","0.07237577438354492","0.07237577438354492"
"cold_rna","split2027","DeepRSMA","Target_358","r(CGGx6)","1","","","0.09729385375976562","0.09729385375976562"
"cold_rna","split2027","DeepRSMA","Target_363","r(CAGx6)","1","","","0.9722251892089853","0.9722251892089853"
"cold_rna","split2027","DeepRSMA","Target_364","r(CCGx6)","1","","","0.7745375633239746","0.7745375633239746"
"cold_rna","split2027","DeepRSMA","Target_37","TPP RIBOSWITCH APTAMER","1","","","0.03861236572265714","0.03861236572265714"
"cold_rna","split2027","DeepRSMA","Target_436","Duplex RNA","5","0.9100255046470422","0.9999999999999999","0.9399323724511828","0.6641881465911866"
"cold_rna","split2027","DeepRSMA","Target_437","Single_stranded_RNA","5","0.8164779741864312","0.8999999999999998","1.5350030476858891","1.1347880840301514"
"cold_rna","split2027","DeepRSMA","Target_447","RRE16","1","","","0.22128725051879883","0.22128725051879883"
"cold_rna","split2027","DeepRSMA","Target_448","RRE17","1","","","0.34978342056274325","0.34978342056274325"
"cold_rna","split2027","DeepRSMA","Target_449","RRE18","1","","","0.31794309616088956","0.31794309616088956"
"cold_rna","split2027","DeepRSMA","Target_450","RRE19","1","","","0.33267831802368164","0.33267831802368164"
"cold_rna","split2027","DeepRSMA","Target_451","RRE20","1","","","0.41852140426635653","0.41852140426635653"
"cold_rna","split2027","DeepRSMA","Target_452","RRE21","1","","","0.5714817047119141","0.5714817047119141"
"cold_rna","split2027","DeepRSMA","Target_453","RRE22","1","","","0.5890593528747567","0.5890593528747567"
"cold_rna","split2027","DeepRSMA","Target_60","T alpha aptamer","1","","","0.9823322296142578","0.9823322296142578"
"cold_rna","split2027","DeepRSMA","Target_76","B.subtilis tenA TPP riboswitch","4","0.9511684029074052","0.7999999999999999","1.0735040960585072","0.978634715080261"
"cold_rna","split2027","DeepRSMA","Target_81","RRE1","1","","","0.82354736328125","0.82354736328125"
"cold_rna","split2027","DeepRSMA","Target_82","RRE2","1","","","0.6887602806091309","0.6887602806091309"
"cold_rna","split2027","DeepRSMA","Target_83","RRE3","3","-0.010269269171221018","-0.5","0.8608696755707422","0.717119057973226"
"cold_rna","split2027","DeepRSMA","Target_84","RRE4","3","0.2677577042553468","-0.5","0.6756567056841996","0.5661400159200033"
"cold_rna","split2027","DeepRSMA","Target_85","RRE5","1","","","0.0475311279296875","0.0475311279296875"
"cold_rna","split2027","DeepRSMA","Target_86","RRE6","1","","","0.3982524871826172","0.3982524871826172"
"cold_rna","split2027","DeepRSMA","Target_87","RRE7","1","","","0.1763935089111328","0.1763935089111328"
"cold_rna","split2027","DeepRSMA","Target_88","RRE8","1","","","0.33062267303466797","0.33062267303466797"
"cold_rna","split2027","DeepRSMA","Target_89","RRE9","1","","","0.03437232971191406","0.03437232971191406"
"cold_rna","split2027","DeepRSMA","Target_90","RRE10","1","","","0.2386174201965332","0.2386174201965332"
"cold_rna","split2027","DeepRSMA","Target_91","RRE11","3","0.42253703779124624","-0.5","0.7548772733438364","0.5925046602884931"
"cold_rna","split2027","DeepRSMA","Target_92","RRE12","1","","","0.24986600875854492","0.24986600875854492"
"cold_rna","split2027","DeepRSMA","Target_93","RRE13","1","","","0.24051380157470703","0.24051380157470703"
"cold_rna","split2027","DeepRSMA","Target_94","RRE14","1","","","0.36890268325805753","0.36890268325805753"
"cold_rna","split2027","DeepRSMA","Target_95","RRE15","1","","","0.4413771629333496","0.4413771629333496"
"cold_rna","split2027","Ligand-only descriptors","Target_103","Human A-site","1","","","0.7910618806588161","0.7910618806588161"
"cold_rna","split2027","Ligand-only descriptors","Target_141","GNRA tetraloop construct XVIII","1","","","1.1087582832849874","1.1087582832849874"
"cold_rna","split2027","Ligand-only descriptors","Target_144","RNA B","1","","","0.13963486957640647","0.13963486957640647"
"cold_rna","split2027","Ligand-only descriptors","Target_145","RNA C","1","","","0.9421454658194968","0.9421454658194968"
"cold_rna","split2027","Ligand-only descriptors","Target_149","Double stranded RNA seq","10","0.697472768776056","0.7454545454545454","0.6019333855837422","0.44643879971194805"
"cold_rna","split2027","Ligand-only descriptors","Target_150","single stranded RNA seq","10","0.6114486497765702","0.43030303030303024","0.6420949769523628","0.50851731739498"
"cold_rna","split2027","Ligand-only descriptors","Target_166","r(AUUCU)11","4","0.015729880359218462","-0.21081851067789195","1.086451416634564","1.0747291914719712"
"cold_rna","split2027","Ligand-only descriptors","Target_193","FMN Riboswitch, S. Davawensis","1","","","2.6923893396091545","2.6923893396091545"
"cold_rna","split2027","Ligand-only descriptors","Target_194","TPP Riboswitch, B. Subtilis","1","","","0.051804609413656166","0.051804609413656166"
"cold_rna","split2027","Ligand-only descriptors","Target_195","108 nt yjdF Riboswitch Construct, B. subtilis, Mutant 1","5","0.5221868133683819","0.05129891760425771","2.2922112355970645","2.2226383309350273"
"cold_rna","split2027","Ligand-only descriptors","Target_196","A10-RNA-WT QGRS in ADAM10 mRNA","5","-0.9021458704054559","-0.8999999999999998","0.5196945845889532","0.36921013283499315"
"cold_rna","split2027","Ligand-only descriptors","Target_197","A10-RNA-WT QGRS in ADAM10 mRNA Mutant","1","","","5.516951023583614","5.516951023583614"
"cold_rna","split2027","Ligand-only descriptors","Target_215","HTT exon1 RNA, 18 repeats","1","","","1.7611280660045576","1.7611280660045576"
"cold_rna","split2027","Ligand-only descriptors","Target_216","HTT exon1 RNA, 48 repeats","1","","","2.187821226271178","2.187821226271178"
"cold_rna","split2027","Ligand-only descriptors","Target_227","miR-21","12","0.18282493311896691","0.3752218266459715","0.8363532100585017","0.7082361821077043"
"cold_rna","split2027","Ligand-only descriptors","Target_250","Oligo-1, a pyrimidine-rich RNA 15-mer","1","","","0.7142563142296443","0.7142563142296443"
"cold_rna","split2027","Ligand-only descriptors","Target_254","Oligo-6, an RNA 15-mer","1","","","0.7142563142296443","0.7142563142296443"
"cold_rna","split2027","Ligand-only descriptors","Target_267","Pre-miR-373","14","0.8318061709711738","0.6175824175824175","0.36308165755304467","0.20745503958899275"
"cold_rna","split2027","Ligand-only descriptors","Target_3","A-site 16S rRNA_E_coli (1)","242","-0.10304852125761105","-0.15546853984577821","1.6409306658518512","1.4223915832174194"
"cold_rna","split2027","Ligand-only descriptors","Target_31","cyanocobalamin 35 nt RNA aptamer","2","1.0","0.9999999999999999","0.6840390460220732","0.6822268964400635"
"cold_rna","split2027","Ligand-only descriptors","Target_32","TCT8-4 RNA Aptamer","9","0.5152875620966053","0.5774109120414489","1.8989239724825844","1.6252015030982085"
"cold_rna","split2027","Ligand-only descriptors","Target_331","Pre-miR-17/18a/20a","1","","","0.6273808085209236","0.6273808085209236"
"cold_rna","split2027","Ligand-only descriptors","Target_358","r(CGGx6)","1","","","0.6239915530148643","0.6239915530148643"
"cold_rna","split2027","Ligand-only descriptors","Target_363","r(CAGx6)","1","","","0.6163406022954954","0.6163406022954954"
"cold_rna","split2027","Ligand-only descriptors","Target_364","r(CCGx6)","1","","","0.33649990570145505","0.33649990570145505"
"cold_rna","split2027","Ligand-only descriptors","Target_37","TPP RIBOSWITCH APTAMER","1","","","0.24680484502003885","0.24680484502003885"
"cold_rna","split2027","Ligand-only descriptors","Target_436","Duplex RNA","5","0.6623037340580047","0.6","0.7134436668468591","0.5418210968154106"
"cold_rna","split2027","Ligand-only descriptors","Target_437","Single_stranded_RNA","5","0.8134412312966315","0.7","0.9993270345102296","0.8296197289281985"
"cold_rna","split2027","Ligand-only descriptors","Target_447","RRE16","1","","","0.612488115762182","0.612488115762182"
"cold_rna","split2027","Ligand-only descriptors","Target_448","RRE17","1","","","0.5690224219810922","0.5690224219810922"
"cold_rna","split2027","Ligand-only descriptors","Target_449","RRE18","1","","","0.6607927953367323","0.6607927953367323"
"cold_rna","split2027","Ligand-only descriptors","Target_450","RRE19","1","","","0.4440836853727932","0.4440836853727932"
"cold_rna","split2027","Ligand-only descriptors","Target_451","RRE20","1","","","0.16311594560758724","0.16311594560758724"
"cold_rna","split2027","Ligand-only descriptors","Target_452","RRE21","1","","","0.5902117210510331","0.5902117210510331"
"cold_rna","split2027","Ligand-only descriptors","Target_453","RRE22","1","","","0.6781668914061623","0.6781668914061623"
"cold_rna","split2027","Ligand-only descriptors","Target_60","T alpha aptamer","1","","","0.8654522127610154","0.8654522127610154"
"cold_rna","split2027","Ligand-only descriptors","Target_76","B.subtilis tenA TPP riboswitch","4","0.168709098927322","0.19999999999999998","1.3450727198684622","1.1234633133639942"
"cold_rna","split2027","Ligand-only descriptors","Target_81","RRE1","1","","","1.1642429887787529","1.1642429887787529"
"cold_rna","split2027","Ligand-only descriptors","Target_82","RRE2","1","","","0.5090083744350968","0.5090083744350968"
"cold_rna","split2027","Ligand-only descriptors","Target_83","RRE3","3","0.2839314041779857","0.5","0.575770361389799","0.5051955543490859"
"cold_rna","split2027","Ligand-only descriptors","Target_84","RRE4","3","0.5390081833072786","0.5","0.554413326024743","0.4811672642513045"
"cold_rna","split2027","Ligand-only descriptors","Target_85","RRE5","1","","","0.29648096412855196","0.29648096412855196"
"cold_rna","split2027","Ligand-only descriptors","Target_86","RRE6","1","","","0.09850464891943744","0.09850464891943744"
"cold_rna","split2027","Ligand-only descriptors","Target_87","RRE7","1","","","0.12532492274838258","0.12532492274838258"
"cold_rna","split2027","Ligand-only descriptors","Target_88","RRE8","1","","","0.06938759138571715","0.06938759138571715"
"cold_rna","split2027","Ligand-only descriptors","Target_89","RRE9","1","","","0.27145295842661366","0.27145295842661366"
"cold_rna","split2027","Ligand-only descriptors","Target_90","RRE10","1","","","0.5554496147918124","0.5554496147918124"
"cold_rna","split2027","Ligand-only descriptors","Target_91","RRE11","3","0.6700714441518252","0.5","0.5816864458006312","0.5381940326444111"
"cold_rna","split2027","Ligand-only descriptors","Target_92","RRE12","1","","","0.5554496147918124","0.5554496147918124"
"cold_rna","split2027","Ligand-only descriptors","Target_93","RRE13","1","","","0.5830331364239028","0.5830331364239028"
"cold_rna","split2027","Ligand-only descriptors","Target_94","RRE14","1","","","0.724910294948482","0.724910294948482"
"cold_rna","split2027","Ligand-only descriptors","Target_95","RRE15","1","","","0.6523596277998731","0.6523596277998731"
"cold_rna","split2027","RNA+ligand descriptors","Target_103","Human A-site","1","","","1.1379242215050978","1.1379242215050978"
"cold_rna","split2027","RNA+ligand descriptors","Target_141","GNRA tetraloop construct XVIII","1","","","0.9803533471947157","0.9803533471947157"
"cold_rna","split2027","RNA+ligand descriptors","Target_144","RNA B","1","","","0.5458966429073788","0.5458966429073788"
"cold_rna","split2027","RNA+ligand descriptors","Target_145","RNA C","1","","","1.3207570038175707","1.3207570038175707"
"cold_rna","split2027","RNA+ligand descriptors","Target_149","Double stranded RNA seq","10","0.803731573670479","0.7696969696969697","0.7264141054280362","0.5066068568573675"
"cold_rna","split2027","RNA+ligand descriptors","Target_150","single stranded RNA seq","10","0.7176324826687169","0.4787878787878787","0.6751542769858899","0.5106518015511317"
"cold_rna","split2027","RNA+ligand descriptors","Target_166","r(AUUCU)11","4","0.9182535824732625","0.9486832980505139","1.211983555649948","1.2103655959622304"
"cold_rna","split2027","RNA+ligand descriptors","Target_193","FMN Riboswitch, S. Davawensis","1","","","2.305306130866951","2.305306130866951"
"cold_rna","split2027","RNA+ligand descriptors","Target_194","TPP Riboswitch, B. Subtilis","1","","","0.18491707951953806","0.18491707951953806"
"cold_rna","split2027","RNA+ligand descriptors","Target_195","108 nt yjdF Riboswitch Construct, B. subtilis, Mutant 1","5","0.4885292113719245","0.4103913408340617","2.2002300081180017","2.1131431251893864"
"cold_rna","split2027","RNA+ligand descriptors","Target_196","A10-RNA-WT QGRS in ADAM10 mRNA","5","-0.8199757109369527","-0.7","0.4788111711852529","0.3297717411827968"
"cold_rna","split2027","RNA+ligand descriptors","Target_197","A10-RNA-WT QGRS in ADAM10 mRNA Mutant","1","","","5.508231353072633","5.508231353072633"
"cold_rna","split2027","RNA+ligand descriptors","Target_215","HTT exon1 RNA, 18 repeats","1","","","1.296537611446353","1.296537611446353"
"cold_rna","split2027","RNA+ligand descriptors","Target_216","HTT exon1 RNA, 48 repeats","1","","","1.7232307717129731","1.7232307717129731"
"cold_rna","split2027","RNA+ligand descriptors","Target_227","miR-21","12","0.10310117304812325","0.24424817017520786","0.9355994213107693","0.8152471606636782"
"cold_rna","split2027","RNA+ligand descriptors","Target_250","Oligo-1, a pyrimidine-rich RNA 15-mer","1","","","0.6387857306241549","0.6387857306241549"
"cold_rna","split2027","RNA+ligand descriptors","Target_254","Oligo-6, an RNA 15-mer","1","","","0.7421859656631118","0.7421859656631118"
"cold_rna","split2027","RNA+ligand descriptors","Target_267","Pre-miR-373","14","0.6473567636628121","0.3494505494505495","0.6580908753113329","0.4675929655433287"
"cold_rna","split2027","RNA+ligand descriptors","Target_3","A-site 16S rRNA_E_coli (1)","242","-0.0611647155794538","-0.14536328482003621","1.5125643606453256","1.3204255276222268"
"cold_rna","split2027","RNA+ligand descriptors","Target_31","cyanocobalamin 35 nt RNA aptamer","2","1.0","0.9999999999999999","1.0805878721380595","1.0573520192876527"
"cold_rna","split2027","RNA+ligand descriptors","Target_32","TCT8-4 RNA Aptamer","9","0.6281798333128825","0.6276205565667923","1.7911975581953992","1.5097221014672775"
"cold_rna","split2027","RNA+ligand descriptors","Target_331","Pre-miR-17/18a/20a","1","","","1.0174250959905242","1.0174250959905242"
"cold_rna","split2027","RNA+ligand descriptors","Target_358","r(CGGx6)","1","","","0.3872611283637948","0.3872611283637948"
"cold_rna","split2027","RNA+ligand descriptors","Target_363","r(CAGx6)","1","","","0.5855467961886864","0.5855467961886864"
"cold_rna","split2027","RNA+ligand descriptors","Target_364","r(CCGx6)","1","","","0.34351392525903","0.34351392525903"
"cold_rna","split2027","RNA+ligand descriptors","Target_37","TPP RIBOSWITCH APTAMER","1","","","0.4227330185202778","0.4227330185202778"
"cold_rna","split2027","RNA+ligand descriptors","Target_436","Duplex RNA","5","0.5862187380232604","0.49999999999999994","0.8837132350837045","0.7302146871955293"
"cold_rna","split2027","RNA+ligand descriptors","Target_437","Single_stranded_RNA","5","0.7017947556089863","0.6","1.3545672673819384","1.0180133193083172"
"cold_rna","split2027","RNA+ligand descriptors","Target_447","RRE16","1","","","0.8117134048034584","0.8117134048034584"
"cold_rna","split2027","RNA+ligand descriptors","Target_448","RRE17","1","","","0.6630968245268871","0.6630968245268871"
"cold_rna","split2027","RNA+ligand descriptors","Target_449","RRE18","1","","","0.7418550247719615","0.7418550247719615"
"cold_rna","split2027","RNA+ligand descriptors","Target_450","RRE19","1","","","0.5588356709842017","0.5588356709842017"
"cold_rna","split2027","RNA+ligand descriptors","Target_451","RRE20","1","","","0.1352238828713377","0.1352238828713377"
"cold_rna","split2027","RNA+ligand descriptors","Target_452","RRE21","1","","","0.7633160292928283","0.7633160292928283"
"cold_rna","split2027","RNA+ligand descriptors","Target_453","RRE22","1","","","0.8293891929929504","0.8293891929929504"
"cold_rna","split2027","RNA+ligand descriptors","Target_60","T alpha aptamer","1","","","1.1286073039658966","1.1286073039658966"
"cold_rna","split2027","RNA+ligand descriptors","Target_76","B.subtilis tenA TPP riboswitch","4","0.3625074356527005","0.19999999999999998","1.2040766937496648","1.081197466406793"
"cold_rna","split2027","RNA+ligand descriptors","Target_81","RRE1","1","","","1.2530540298322963","1.2530540298322963"
"cold_rna","split2027","RNA+ligand descriptors","Target_82","RRE2","1","","","0.1735212231018579","0.1735212231018579"
"cold_rna","split2027","RNA+ligand descriptors","Target_83","RRE3","3","0.11954360334988566","0.5","0.5420836623494947","0.46164421677616624"
"cold_rna","split2027","RNA+ligand descriptors","Target_84","RRE4","3","0.4032023263338017","0.5","0.6107114186746123","0.5371698250839886"
"cold_rna","split2027","RNA+ligand descriptors","Target_85","RRE5","1","","","0.46024668837701466","0.46024668837701466"
"cold_rna","split2027","RNA+ligand descriptors","Target_86","RRE6","1","","","0.04054056010294094","0.04054056010294094"
"cold_rna","split2027","RNA+ligand descriptors","Target_87","RRE7","1","","","0.2203089186511269","0.2203089186511269"
"cold_rna","split2027","RNA+ligand descriptors","Target_88","RRE8","1","","","0.07439266894651553","0.07439266894651553"
"cold_rna","split2027","RNA+ligand descriptors","Target_89","RRE9","1","","","0.4564831260311282","0.4564831260311282"
"cold_rna","split2027","RNA+ligand descriptors","Target_90","RRE10","1","","","0.7071157341196148","0.7071157341196148"
"cold_rna","split2027","RNA+ligand descriptors","Target_91","RRE11","3","0.5349297683163003","0.5","0.6128816822834048","0.539075595627026"
"cold_rna","split2027","RNA+ligand descriptors","Target_92","RRE12","1","","","0.7404584728343595","0.7404584728343595"
"cold_rna","split2027","RNA+ligand descriptors","Target_93","RRE13","1","","","0.7626878287665724","0.7626878287665724"
"cold_rna","split2027","RNA+ligand descriptors","Target_94","RRE14","1","","","0.8052126059070952","0.8052126059070952"
"cold_rna","split2027","RNA+ligand descriptors","Target_95","RRE15","1","","","0.8724303826175168","0.8724303826175168"
"cold_rna","split2027","Sequence-SMILES ridge","Target_103","Human A-site","1","","","1.49893909644317","1.49893909644317"
"cold_rna","split2027","Sequence-SMILES ridge","Target_141","GNRA tetraloop construct XVIII","1","","","0.9498386763695246","0.9498386763695246"
"cold_rna","split2027","Sequence-SMILES ridge","Target_144","RNA B","1","","","0.9541333243661727","0.9541333243661727"
"cold_rna","split2027","Sequence-SMILES ridge","Target_145","RNA C","1","","","1.7085548568661642","1.7085548568661642"
"cold_rna","split2027","Sequence-SMILES ridge","Target_149","Double stranded RNA seq","10","0.6914392223026139","0.3696969696969697","1.1457877382551922","0.8415779404669959"
"cold_rna","split2027","Sequence-SMILES ridge","Target_150","single stranded RNA seq","10","0.6693580771047196","0.4666666666666666","1.0864846021604364","0.7928471583062253"
"cold_rna","split2027","Sequence-SMILES ridge","Target_166","r(AUUCU)11","4","0.5132195681956505","0.632455532033676","1.0571940775698323","1.0503541271417314"
"cold_rna","split2027","Sequence-SMILES ridge","Target_193","FMN Riboswitch, S. Davawensis","1","","","2.305842719356934","2.305842719356934"
"cold_rna","split2027","Sequence-SMILES ridge","Target_194","TPP Riboswitch, B. Subtilis","1","","","0.4459883159127189","0.4459883159127189"
"cold_rna","split2027","Sequence-SMILES ridge","Target_195","108 nt yjdF Riboswitch Construct, B. subtilis, Mutant 1","5","0.8045181272596471","0.9746794344808963","2.180696294136308","2.0866458140773716"
"cold_rna","split2027","Sequence-SMILES ridge","Target_196","A10-RNA-WT QGRS in ADAM10 mRNA","5","-0.8870900244406072","-0.8999999999999998","0.5027604485318914","0.36410015548847297"
"cold_rna","split2027","Sequence-SMILES ridge","Target_197","A10-RNA-WT QGRS in ADAM10 mRNA Mutant","1","","","5.564581337266598","5.564581337266598"
"cold_rna","split2027","Sequence-SMILES ridge","Target_215","HTT exon1 RNA, 18 repeats","1","","","1.34640291709941","1.34640291709941"
"cold_rna","split2027","Sequence-SMILES ridge","Target_216","HTT exon1 RNA, 48 repeats","1","","","1.7730960773660303","1.7730960773660303"
"cold_rna","split2027","Sequence-SMILES ridge","Target_227","miR-21","12","0.2752502049639771","0.41062011217861033","0.9170426923355209","0.8562060244589015"
"cold_rna","split2027","Sequence-SMILES ridge","Target_250","Oligo-1, a pyrimidine-rich RNA 15-mer","1","","","1.7449682258199295","1.7449682258199295"
"cold_rna","split2027","Sequence-SMILES ridge","Target_254","Oligo-6, an RNA 15-mer","1","","","1.8631220884218096","1.8631220884218096"
"cold_rna","split2027","Sequence-SMILES ridge","Target_267","Pre-miR-373","14","-0.754628768112089","-0.5560439560439561","1.3615500589417604","1.2428393403986848"
"cold_rna","split2027","Sequence-SMILES ridge","Target_3","A-site 16S rRNA_E_coli (1)","242","-0.5041656411080618","-0.49275071498063794","1.6870480506592265","1.470752109333155"
"cold_rna","split2027","Sequence-SMILES ridge","Target_31","cyanocobalamin 35 nt RNA aptamer","2","1.0","0.9999999999999999","1.181806800580627","1.1541330382940576"
"cold_rna","split2027","Sequence-SMILES ridge","Target_32","TCT8-4 RNA Aptamer","9","-0.6550294934438294","-0.6861984751796929","1.8678463606531999","1.5321707883191182"
"cold_rna","split2027","Sequence-SMILES ridge","Target_331","Pre-miR-17/18a/20a","1","","","1.2622324093136843","1.2622324093136843"
"cold_rna","split2027","Sequence-SMILES ridge","Target_358","r(CGGx6)","1","","","1.2115904183046418","1.2115904183046418"
"cold_rna","split2027","Sequence-SMILES ridge","Target_363","r(CAGx6)","1","","","0.07255624679744432","0.07255624679744432"
"cold_rna","split2027","Sequence-SMILES ridge","Target_364","r(CCGx6)","1","","","0.3234124992315124","0.3234124992315124"
"cold_rna","split2027","Sequence-SMILES ridge","Target_37","TPP RIBOSWITCH APTAMER","1","","","0.6280439184906745","0.6280439184906745"
"cold_rna","split2027","Sequence-SMILES ridge","Target_436","Duplex RNA","5","0.46857802987471614","0.6","1.175171018799345","0.9073791923371445"
"cold_rna","split2027","Sequence-SMILES ridge","Target_437","Single_stranded_RNA","5","0.5987539122871647","0.7999999999999999","1.7352171602927813","1.176307996335566"
"cold_rna","split2027","Sequence-SMILES ridge","Target_447","RRE16","1","","","0.8112967462796563","0.8112967462796563"
"cold_rna","split2027","Sequence-SMILES ridge","Target_448","RRE17","1","","","0.7895960685438776","0.7895960685438776"
"cold_rna","split2027","Sequence-SMILES ridge","Target_449","RRE18","1","","","0.8893091562303335","0.8893091562303335"
"cold_rna","split2027","Sequence-SMILES ridge","Target_450","RRE19","1","","","0.63863327156756","0.63863327156756"
"cold_rna","split2027","Sequence-SMILES ridge","Target_451","RRE20","1","","","0.009393404350913848","0.009393404350913848"
"cold_rna","split2027","Sequence-SMILES ridge","Target_452","RRE21","1","","","0.7721064979540202","0.7721064979540202"
"cold_rna","split2027","Sequence-SMILES ridge","Target_453","RRE22","1","","","0.8557507598010909","0.8557507598010909"
"cold_rna","split2027","Sequence-SMILES ridge","Target_60","T alpha aptamer","1","","","1.1136473870524322","1.1136473870524322"
"cold_rna","split2027","Sequence-SMILES ridge","Target_76","B.subtilis tenA TPP riboswitch","4","0.8352511508717977","0.7999999999999999","1.2140500918050474","1.132668364768467"
"cold_rna","split2027","Sequence-SMILES ridge","Target_81","RRE1","1","","","1.350027897344007","1.350027897344007"
"cold_rna","split2027","Sequence-SMILES ridge","Target_82","RRE2","1","","","0.274765034603381","0.274765034603381"
"cold_rna","split2027","Sequence-SMILES ridge","Target_83","RRE3","3","0.3805328967014412","0.5","0.5682995166113043","0.5152205794647214"
"cold_rna","split2027","Sequence-SMILES ridge","Target_84","RRE4","3","0.6223487797570006","0.5","0.6365130664598315","0.5794703944128269"
"cold_rna","split2027","Sequence-SMILES ridge","Target_85","RRE5","1","","","0.5078157774348462","0.5078157774348462"
"cold_rna","split2027","Sequence-SMILES ridge","Target_86","RRE6","1","","","0.07562740432637938","0.07562740432637938"
"cold_rna","split2027","Sequence-SMILES ridge","Target_87","RRE7","1","","","0.3059174508102629","0.3059174508102629"
"cold_rna","split2027","Sequence-SMILES ridge","Target_88","RRE8","1","","","0.12722614130195797","0.12722614130195797"
"cold_rna","split2027","Sequence-SMILES ridge","Target_89","RRE9","1","","","0.5014067446301942","0.5014067446301942"
"cold_rna","split2027","Sequence-SMILES ridge","Target_90","RRE10","1","","","0.761932367059897","0.761932367059897"
"cold_rna","split2027","Sequence-SMILES ridge","Target_91","RRE11","3","0.7424938688279584","0.5","0.7015678273636388","0.6901628528563913"
"cold_rna","split2027","Sequence-SMILES ridge","Target_92","RRE12","1","","","0.7580838453547605","0.7580838453547605"
"cold_rna","split2027","Sequence-SMILES ridge","Target_93","RRE13","1","","","0.7821997574743538","0.7821997574743538"
"cold_rna","split2027","Sequence-SMILES ridge","Target_94","RRE14","1","","","0.928001109035204","0.928001109035204"
"cold_rna","split2027","Sequence-SMILES ridge","Target_95","RRE15","1","","","0.8713039061553518","0.8713039061553518"
"cold_rna","split2028","Contact500 pretraining without SCA","Target_100","50S subunit","18","0.4751073175375","0.45534337508430983","1.532826334273678","1.30137919055091"
"cold_rna","split2028","Contact500 pretraining without SCA","Target_102","Bacterial 23S rRNA hairpins 82 and 91","1","","","3.567934989929199","3.567934989929199"
"cold_rna","split2028","Contact500 pretraining without SCA","Target_104","23SrRNA","5","-0.10931492326755728","-0.41039134083406165","1.919299853537879","1.690149688720703"
"cold_rna","split2028","Contact500 pretraining without SCA","Target_112","T box antiterminator RNA","8","-0.1350734700883834","-0.023809523809523815","1.7981653160587026","1.6420771777629852"
"cold_rna","split2028","Contact500 pretraining without SCA","Target_113","T-box RNA","2","1.0","0.9999999999999999","0.8060745395145799","0.7187943458557133"
"cold_rna","split2028","Contact500 pretraining without SCA","Target_114","T-box C11U","2","1.0","0.9999999999999999","0.4148212035865058","0.3473525047302246"
"cold_rna","split2028","Contact500 pretraining without SCA","Target_122","L11 binding BD RNA","3","-0.08777754083000597","0.5","0.877476282407813","0.8719797134399414"
"cold_rna","split2028","Contact500 pretraining without SCA","Target_123","RNA XIII","4","0.6937815725875537","1.0","0.6041084353887882","0.3756664991378784"
"cold_rna","split2028","Contact500 pretraining without SCA","Target_124","RNA XIV","2","1.0","0.9999999999999999","0.2407113604488102","0.23273301124572754"
"cold_rna","split2028","Contact500 pretraining without SCA","Target_125","RNA XV","4","0.903555374337264","1.0","0.4388454585030569","0.3780845403671267"
"cold_rna","split2028","Contact500 pretraining without SCA","Target_126","RNA XVII","2","1.0","0.9999999999999999","0.9713779037719295","0.9658071994781494"
"cold_rna","split2028","Contact500 pretraining without SCA","Target_131","Polio virus loop B construct","1","","","1.937187671661377","1.937187671661377"
"cold_rna","split2028","Contact500 pretraining without SCA","Target_141","GNRA tetraloop construct XVIII","1","","","1.449134349822998","1.449134349822998"
"cold_rna","split2028","Contact500 pretraining without SCA","Target_147","Antiterminator model RNA AM1A","7","-0.1915332623873504","-0.03571428571428572","0.634945856047694","0.4490107808794293"
"cold_rna","split2028","Contact500 pretraining without SCA","Target_149","Double stranded RNA seq","10","0.27031824451402486","0.09090909090909088","0.8423332330206478","0.7027906417846678"
"cold_rna","split2028","Contact500 pretraining without SCA","Target_151","RNA seq A","4","-0.3747985854403309","-0.39999999999999997","0.15842709921127732","0.14326345920562722"
"cold_rna","split2028","Contact500 pretraining without SCA","Target_152","RNA seq A (20 x t-RNA)","4","-0.2578618135770164","-0.39999999999999997","0.30034822044809406","0.2710869312286377"
"cold_rna","split2028","Contact500 pretraining without SCA","Target_158","RpoH σ32mRNA factor","2","1.0","0.9999999999999999","0.1558677967425409","0.14695525169372559"
"cold_rna","split2028","Contact500 pretraining without SCA","Target_165","Pri-miR-96 AT-rich DNA hairpin","1","","","1.5261821746826172","1.5261821746826172"
"cold_rna","split2028","Contact500 pretraining without SCA","Target_166","r(AUUCU)11","4","0.8025432058055781","0.7378647873726218","0.5606680139294357","0.41041254997253396"
"cold_rna","split2028","Contact500 pretraining without SCA","Target_169","r(CGG)12","7","0.4710246760171438","0.3214285714285715","1.0335364089692305","0.8859603745596749"
"cold_rna","split2028","Contact500 pretraining without SCA","Target_173","r(CUGx6)","2","1.0","0.9999999999999999","1.068252801554614","1.0595877170562744"
"cold_rna","split2028","Contact500 pretraining without SCA","Target_174","r(CCUG)8]","1","","","0.8876607418060303","0.8876607418060303"
"cold_rna","split2028","Contact500 pretraining without SCA","Target_175","r(CUG16)-MBNL1 complex","1","","","1.8397512435913086","1.8397512435913086"
"cold_rna","split2028","Contact500 pretraining without SCA","Target_181","r(CCG)12","1","","","0.7715215682983398","0.7715215682983398"
"cold_rna","split2028","Contact500 pretraining without SCA","Target_186","r(CAG)12","1","","","1.028080940246582","1.028080940246582"
"cold_rna","split2028","Contact500 pretraining without SCA","Target_192","FMN Riboswitch Aptamer SA2, S. Aureus","1","","","1.1303319931030273","1.1303319931030273"
"cold_rna","split2028","Contact500 pretraining without SCA","Target_202","5'UUU/3'AUA, miR-96 Precursor Processing Site","1","","","0.0198974609375","0.0198974609375"
"cold_rna","split2028","Contact500 pretraining without SCA","Target_203","5'CGAUUU/3'GGUAUA, Expanded miR-96 Precursor Processing Site","1","","","0.43743276596069247","0.43743276596069247"
"cold_rna","split2028","Contact500 pretraining without SCA","Target_205","5'CGG/3'GGC Loop","1","","","2.244136333465577","2.244136333465577"
"cold_rna","split2028","Contact500 pretraining without SCA","Target_211","GC Stem Loop","1","","","0.22663307189941406","0.22663307189941406"
"cold_rna","split2028","Contact500 pretraining without SCA","Target_212","AT Hairpin DNA","3","0.1667985886916863","0.5","2.5365413190242854","1.7080259223779042"
"cold_rna","split2028","Contact500 pretraining without SCA","Target_220","HCV IRES-A 1 Mutant","1","","","0.6068577766418457","0.6068577766418457"
"cold_rna","split2028","Contact500 pretraining without SCA","Target_244","KRAS RNA G-quadruplex utr-4","2","-1.0","-0.9999999999999999","2.1562736544608585","2.15577244758606"
"cold_rna","split2028","Contact500 pretraining without SCA","Target_250","Oligo-1, a pyrimidine-rich RNA 15-mer","1","","","0.7944347858428955","0.7944347858428955"
"cold_rna","split2028","Contact500 pretraining without SCA","Target_260","Pu22 DNA G-quadruplex","1","","","0.4068794250488281","0.4068794250488281"
"cold_rna","split2028","Contact500 pretraining without SCA","Target_266","Pre-miR-372","28","-0.3759472873601655","0.14670863692882313","2.1643934608823674","2.046154056276594"
"cold_rna","split2028","Contact500 pretraining without SCA","Target_267","Pre-miR-373","14","0.701705014325686","0.3054945054945055","2.3759592856100418","2.3315037148339406"
"cold_rna","split2028","Contact500 pretraining without SCA","Target_281","r(CUG)16","3","-0.9931464864840407","-1.0","1.3889553695906702","1.114680290222168"
"cold_rna","split2028","Contact500 pretraining without SCA","Target_282","Oligonucleotide 3","12","-0.22676225322609006","-0.21015794050150388","1.2333320131447651","1.0619020859400432"
"cold_rna","split2028","Contact500 pretraining without SCA","Target_283","Oligonucleotide 4","12","-0.19947665959576394","-0.21678321678321683","1.3882683250081367","1.2081682483355205"
"cold_rna","split2028","Contact500 pretraining without SCA","Target_284","SMN2 pre-mRNA GA-rich sequence","13","-0.004680057855343839","0.20442300944063702","0.9876946320525997","0.9053510152376614"
"cold_rna","split2028","Contact500 pretraining without SCA","Target_287","Seq22","1","","","0.573486328125","0.573486328125"
"cold_rna","split2028","Contact500 pretraining without SCA","Target_307","J6f1 RNA","2","-1.0","-0.9999999999999999","2.2353691640759283","1.8399500846862793"
"cold_rna","split2028","Contact500 pretraining without SCA","Target_308","J6fd6 RNA","2","1.0","0.9999999999999999","1.6067207686538962","1.5983257293701172"
"cold_rna","split2028","Contact500 pretraining without SCA","Target_309","J6f15 RNA","2","-1.0","-0.9999999999999999","1.8307234343491987","1.408072710037231"
"cold_rna","split2028","Contact500 pretraining without SCA","Target_310","J6f16 RNA","2","-1.0","-0.9999999999999999","2.52943478634251","2.2428512573242188"
"cold_rna","split2028","Contact500 pretraining without SCA","Target_311","J6f17 RNA","2","-1.0","-0.9999999999999999","1.8303569896955743","1.4095368385314941"
"cold_rna","split2028","Contact500 pretraining without SCA","Target_316","miR-17 Dicer site","1","","","2.118699073791504","2.118699073791504"
"cold_rna","split2028","Contact500 pretraining without SCA","Target_317","miR-17 G-bulge","1","","","0.021789073944091797","0.021789073944091797"
"cold_rna","split2028","Contact500 pretraining without SCA","Target_318","miR-17 U-bulge","1","","","0.1473069190979004","0.1473069190979004"
"cold_rna","split2028","Contact500 pretraining without SCA","Target_319","miR-17 Base pairing control","1","","","0.9693388938903809","0.9693388938903809"
"cold_rna","split2028","Contact500 pretraining without SCA","Target_347","(5'CGG/3'GGC)x6","5","0.16832968704884554","0.0","1.4454217371238702","1.3469273567199707"
"cold_rna","split2028","Contact500 pretraining without SCA","Target_348","(5'CAG/3'GUC)x6","5","-0.4817958173157716","-0.09999999999999999","0.6651374932096922","0.46446924209594725"
"cold_rna","split2028","Contact500 pretraining without SCA","Target_349","(5'CGG/3'GGC) x20","3","-0.9088323357363051","-1.0","1.8363567373588507","1.7873762448628743"
"cold_rna","split2028","Contact500 pretraining without SCA","Target_351","(5'CGG/3'GGC) x60","3","-0.9849136747069075","-1.0","1.153581523797142","1.080078125"
"cold_rna","split2028","Contact500 pretraining without SCA","Target_352","Fusibacterium ulcerans ZTP riboswitch","8","0.45374039340573014","0.261904761904762","0.8506530885025133","0.761276125907898"
"cold_rna","split2028","Contact500 pretraining without SCA","Target_354","r(CGGx1)","1","","","1.5815906524658203","1.5815906524658203"
"cold_rna","split2028","Contact500 pretraining without SCA","Target_355","r(CGGx2)","1","","","1.6527953147888184","1.6527953147888184"
"cold_rna","split2028","Contact500 pretraining without SCA","Target_356","r(CGGx3)","1","","","1.7799148559570312","1.7799148559570312"
"cold_rna","split2028","Contact500 pretraining without SCA","Target_357","r(CGGx4)","1","","","1.8949012756347656","1.8949012756347656"
"cold_rna","split2028","Contact500 pretraining without SCA","Target_359","r(CGGx20)","1","","","2.565250873565674","2.565250873565674"
"cold_rna","split2028","Contact500 pretraining without SCA","Target_363","r(CAGx6)","1","","","0.771996021270752","0.771996021270752"
"cold_rna","split2028","Contact500 pretraining without SCA","Target_374","Polio virus loop B RNA","1","","","1.9212822914123535","1.9212822914123535"
"cold_rna","split2028","Contact500 pretraining without SCA","Target_383","Aptamer mutant C25","1","","","1.4661564826965332","1.4661564826965332"
"cold_rna","split2028","Contact500 pretraining without SCA","Target_384","Aptamer mutant G25","1","","","0.717294216156005","0.717294216156005"
"cold_rna","split2028","Contact500 pretraining without SCA","Target_385","Aptamer mutant A25","1","","","0.21179771423339844","0.21179771423339844"
"cold_rna","split2028","Contact500 pretraining without SCA","Target_386","Aptamer mutant C9","1","","","0.5238828659057617","0.5238828659057617"
"cold_rna","split2028","Contact500 pretraining without SCA","Target_387","Aptamer mutant G9","1","","","2.145181655883789","2.145181655883789"
"cold_rna","split2028","Contact500 pretraining without SCA","Target_388","Aptamer mutant U9","1","","","1.8737382888793945","1.8737382888793945"
"cold_rna","split2028","Contact500 pretraining without SCA","Target_389","Aptamer mutant G30","1","","","0.7984504699707031","0.7984504699707031"
"cold_rna","split2028","Contact500 pretraining without SCA","Target_390","Aptamer mutant C30","1","","","1.2630486488342285","1.2630486488342285"
"cold_rna","split2028","Contact500 pretraining without SCA","Target_391","Aptamer mutant U30","1","","","0.2532329559326172","0.2532329559326172"
"cold_rna","split2028","Contact500 pretraining without SCA","Target_392","Aptamer mutant C27","1","","","0.30977630615234375","0.30977630615234375"
"cold_rna","split2028","Contact500 pretraining without SCA","Target_393","Aptamer mutant G27","1","","","0.46688175201416016","0.46688175201416016"
"cold_rna","split2028","Contact500 pretraining without SCA","Target_394","Aptamer mutant U27","1","","","0.10740470886230469","0.10740470886230469"
"cold_rna","split2028","Contact500 pretraining without SCA","Target_395","Aptamer mutant G10C23","1","","","1.3516688346862793","1.3516688346862793"
"cold_rna","split2028","Contact500 pretraining without SCA","Target_396","Aptamer mutant G26","1","","","0.08597755432128906","0.08597755432128906"
"cold_rna","split2028","Contact500 pretraining without SCA","Target_397","Aptamer mutant U26","1","","","0.2824997901916495","0.2824997901916495"
"cold_rna","split2028","Contact500 pretraining without SCA","Target_398","Aptamer mutant C26","1","","","0.2478489875793457","0.2478489875793457"
"cold_rna","split2028","Contact500 pretraining without SCA","Target_399","Aptamer mutant A11U22","1","","","2.2613883018493652","2.2613883018493652"
"cold_rna","split2028","Contact500 pretraining without SCA","Target_4","RNA_APTAMER_CB_42","1","","","2.0170507431030273","2.0170507431030273"
"cold_rna","split2028","Contact500 pretraining without SCA","Target_40","ss_PolyA","1","","","1.3625268936157227","1.3625268936157227"
"cold_rna","split2028","Contact500 pretraining without SCA","Target_400","Aptamer mutant C24","1","","","1.2804279327392578","1.2804279327392578"
"cold_rna","split2028","Contact500 pretraining without SCA","Target_401","Aptamer mutant G31","1","","","0.12618637084960938","0.12618637084960938"
"cold_rna","split2028","Contact500 pretraining without SCA","Target_402","Aptamer mutant C31","1","","","0.8817291259765625","0.8817291259765625"
"cold_rna","split2028","Contact500 pretraining without SCA","Target_403","Aptamer mutant U31","1","","","0.6445608139038086","0.6445608139038086"
"cold_rna","split2028","Contact500 pretraining without SCA","Target_404","Aptamer mutant C8G28","1","","","0.2478790283203125","0.2478790283203125"
"cold_rna","split2028","Contact500 pretraining without SCA","Target_406","B.anthracis cysH","3","0.9379409940841574","1.0","2.043232670621377","1.7689924240112305"
"cold_rna","split2028","Contact500 pretraining without SCA","Target_407","E. coli transglycosidase mRNA","15","0.6247048553429235","0.49239210714246723","0.440298811268839","0.3443969090779623"
"cold_rna","split2028","Contact500 pretraining without SCA","Target_5","RNA_APTAMER_B4_25","1","","","2.216271162033081","2.216271162033081"
"cold_rna","split2028","Contact500 pretraining without SCA","Target_60","T alpha aptamer","1","","","2.3935537338256836","2.3935537338256836"
"cold_rna","split2028","Contact500 pretraining without SCA","Target_68","HCV IRES RNA","1","","","1.4695229530334473","1.4695229530334473"
"cold_rna","split2028","Contact500 pretraining without SCA","Target_70","Riboswitch","1","","","0.2596292495727539","0.2596292495727539"
"cold_rna","split2028","Contact500 pretraining without SCA","Target_71","S_Adenosyl_methionine_riboswitch","2","","","1.5898910149927798","1.1803274154663086"
"cold_rna","split2028","Contact500 pretraining without SCA","Target_79","T-box riboswitch","3","0.47506749431427586","0.5","1.339625987515639","1.2741762797037761"
"cold_rna","split2028","Contact500 pretraining without SCA","Target_96","16S rRNA_neomycin","1","","","1.5148816108703613","1.5148816108703613"
"cold_rna","split2028","DeepRSMA","Target_100","50S subunit","18","0.495739714246339","0.3479608104385769","1.3841375475363298","1.0174978176752727"
"cold_rna","split2028","DeepRSMA","Target_102","Bacterial 23S rRNA hairpins 82 and 91","1","","","3.2735800743103027","3.2735800743103027"
"cold_rna","split2028","DeepRSMA","Target_104","23SrRNA","5","0.9659864856797543","0.8999999999999998","2.1959291942209997","2.039799213409424"
"cold_rna","split2028","DeepRSMA","Target_112","T box antiterminator RNA","8","0.027193879265839","0.023809523809523815","1.4910813652209427","1.3266216814517975"
"cold_rna","split2028","DeepRSMA","Target_113","T-box RNA","2","1.0","0.9999999999999999","1.3586810834566672","1.3563077449798588"
"cold_rna","split2028","DeepRSMA","Target_114","T-box C11U","2","1.0","0.9999999999999999","0.3089285003089582","0.21963119506835938"
"cold_rna","split2028","DeepRSMA","Target_122","L11 binding BD RNA","3","-0.3361187346881428","-0.5","1.1241731448566998","1.0263803799947102"
"cold_rna","split2028","DeepRSMA","Target_123","RNA XIII","4","0.6460270727909421","1.0","0.4965496522489354","0.46332526206970215"
"cold_rna","split2028","DeepRSMA","Target_124","RNA XIV","2","1.0","0.9999999999999999","0.6481228517063877","0.588538408279419"
"cold_rna","split2028","DeepRSMA","Target_125","RNA XV","4","0.7736970838699946","0.7999999999999999","0.2799069689716763","0.2368943691253662"
"cold_rna","split2028","DeepRSMA","Target_126","RNA XVII","2","1.0","0.9999999999999999","0.5428717517823933","0.5308494567871094"
"cold_rna","split2028","DeepRSMA","Target_131","Polio virus loop B construct","1","","","1.9101572036743164","1.9101572036743164"
"cold_rna","split2028","DeepRSMA","Target_141","GNRA tetraloop construct XVIII","1","","","0.9957671165466309","0.9957671165466309"
"cold_rna","split2028","DeepRSMA","Target_147","Antiterminator model RNA AM1A","7","0.5269270888354509","0.5357142857142858","1.3856482380038295","1.3425202369689941"
"cold_rna","split2028","DeepRSMA","Target_149","Double stranded RNA seq","10","0.16245159871966977","-0.04242424242424241","0.8689499497713287","0.6828945636749266"
"cold_rna","split2028","DeepRSMA","Target_151","RNA seq A","4","-0.06881473110588246","0.0","0.09716650687348936","0.09058725833892822"
"cold_rna","split2028","DeepRSMA","Target_152","RNA seq A (20 x t-RNA)","4","0.05508362760668328","0.0","0.36652479834961726","0.348430871963501"
"cold_rna","split2028","DeepRSMA","Target_158","RpoH σ32mRNA factor","2","1.0","0.9999999999999999","0.806097677404654","0.8019590377807617"
"cold_rna","split2028","DeepRSMA","Target_165","Pri-miR-96 AT-rich DNA hairpin","1","","","1.4718341827392578","1.4718341827392578"
"cold_rna","split2028","DeepRSMA","Target_166","r(AUUCU)11","4","0.9321240325475508","0.7378647873726218","0.284809611462264","0.2697106599807739"
"cold_rna","split2028","DeepRSMA","Target_169","r(CGG)12","7","0.5920755238794078","0.642857142857143","1.0930481831710788","0.9550918170383998"
"cold_rna","split2028","DeepRSMA","Target_173","r(CUGx6)","2","1.0","0.9999999999999999","0.9917992471011462","0.9834945201873779"
"cold_rna","split2028","DeepRSMA","Target_174","r(CCUG)8]","1","","","0.65364670753479","0.65364670753479"
"cold_rna","split2028","DeepRSMA","Target_175","r(CUG16)-MBNL1 complex","1","","","2.130432605743408","2.130432605743408"
"cold_rna","split2028","DeepRSMA","Target_181","r(CCG)12","1","","","0.12099695205688477","0.12099695205688477"
"cold_rna","split2028","DeepRSMA","Target_186","r(CAG)12","1","","","0.48871421813964844","0.48871421813964844"
"cold_rna","split2028","DeepRSMA","Target_192","FMN Riboswitch Aptamer SA2, S. Aureus","1","","","0.9667468070983887","0.9667468070983887"
"cold_rna","split2028","DeepRSMA","Target_202","5'UUU/3'AUA, miR-96 Precursor Processing Site","1","","","1.0106172561645508","1.0106172561645508"
"cold_rna","split2028","DeepRSMA","Target_203","5'CGAUUU/3'GGUAUA, Expanded miR-96 Precursor Processing Site","1","","","1.4281525611877433","1.4281525611877433"
"cold_rna","split2028","DeepRSMA","Target_205","5'CGG/3'GGC Loop","1","","","2.365952968597413","2.365952968597413"
"cold_rna","split2028","DeepRSMA","Target_211","GC Stem Loop","1","","","0.05357503890991211","0.05357503890991211"
"cold_rna","split2028","DeepRSMA","Target_212","AT Hairpin DNA","3","-0.04259349038949917","0.5","2.805050304843166","2.0224604507287345"
"cold_rna","split2028","DeepRSMA","Target_220","HCV IRES-A 1 Mutant","1","","","0.5854473114013672","0.5854473114013672"
"cold_rna","split2028","DeepRSMA","Target_244","KRAS RNA G-quadruplex utr-4","2","-1.0","-0.9999999999999999","2.30113932186263","2.3006777763366704"
"cold_rna","split2028","DeepRSMA","Target_250","Oligo-1, a pyrimidine-rich RNA 15-mer","1","","","0.7868750095367432","0.7868750095367432"
"cold_rna","split2028","DeepRSMA","Target_260","Pu22 DNA G-quadruplex","1","","","0.7500796318054199","0.7500796318054199"
"cold_rna","split2028","DeepRSMA","Target_266","Pre-miR-372","28","-0.5122727887489702","-0.3142192447654645","2.695210205679529","2.501602819987706"
"cold_rna","split2028","DeepRSMA","Target_267","Pre-miR-373","14","0.26099720617599304","-0.02417582417582418","2.7513719342978997","2.700989978654044"
"cold_rna","split2028","DeepRSMA","Target_281","r(CUG)16","3","-0.7429312963947253","-0.5","1.5395950914590606","1.0544075965881348"
"cold_rna","split2028","DeepRSMA","Target_282","Oligonucleotide 3","12","-0.16177211615653483","-0.3082316460688724","1.8041717289930903","1.6786292791366577"
"cold_rna","split2028","DeepRSMA","Target_283","Oligonucleotide 4","12","-0.12159509787858809","-0.31468531468531474","1.8459037601480854","1.7216303547223408"
"cold_rna","split2028","DeepRSMA","Target_284","SMN2 pre-mRNA GA-rich sequence","13","0.4696454374340938","0.4530455884900605","0.8001666111450837","0.7126801564143252"
"cold_rna","split2028","DeepRSMA","Target_287","Seq22","1","","","0.6933727264404297","0.6933727264404297"
"cold_rna","split2028","DeepRSMA","Target_307","J6f1 RNA","2","-1.0","-0.9999999999999999","1.8328818066745223","1.608492374420166"
"cold_rna","split2028","DeepRSMA","Target_308","J6fd6 RNA","2","1.0","0.9999999999999999","1.2675670092233193","1.2469944953918457"
"cold_rna","split2028","DeepRSMA","Target_309","J6f15 RNA","2","-1.0","-0.9999999999999999","1.4055529134910316","1.1698176860809326"
"cold_rna","split2028","DeepRSMA","Target_310","J6f16 RNA","2","-1.0","-0.9999999999999999","2.184546045609415","2.04109263420105"
"cold_rna","split2028","DeepRSMA","Target_311","J6f17 RNA","2","-1.0","-0.9999999999999999","1.4643551488912794","1.241884708404541"
"cold_rna","split2028","DeepRSMA","Target_316","miR-17 Dicer site","1","","","1.2909679412841797","1.2909679412841797"
"cold_rna","split2028","DeepRSMA","Target_317","miR-17 G-bulge","1","","","0.8059420585632324","0.8059420585632324"
"cold_rna","split2028","DeepRSMA","Target_318","miR-17 U-bulge","1","","","1.0785765647888184","1.0785765647888184"
"cold_rna","split2028","DeepRSMA","Target_319","miR-17 Base pairing control","1","","","2.095576286315918","2.095576286315918"
"cold_rna","split2028","DeepRSMA","Target_347","(5'CGG/3'GGC)x6","5","0.5109099849675578","0.39999999999999997","0.7312626675155105","0.6861990928649903"
"cold_rna","split2028","DeepRSMA","Target_348","(5'CAG/3'GUC)x6","5","-0.6677644925912956","-0.7","1.0604248553218787","0.9842038154602051"
"cold_rna","split2028","DeepRSMA","Target_349","(5'CGG/3'GGC) x20","3","0.5964192276320998","0.5","1.6235329806661702","1.6158857345581055"
"cold_rna","split2028","DeepRSMA","Target_351","(5'CGG/3'GGC) x60","3","0.3756924485599537","0.5","1.6713161500068452","1.6609803835550945"
"cold_rna","split2028","DeepRSMA","Target_352","Fusibacterium ulcerans ZTP riboswitch","8","0.6194928179529141","0.6190476190476191","1.1760077491423007","0.9211456775665284"
"cold_rna","split2028","DeepRSMA","Target_354","r(CGGx1)","1","","","1.4415059089660645","1.4415059089660645"
"cold_rna","split2028","DeepRSMA","Target_355","r(CGGx2)","1","","","1.5519375801086426","1.5519375801086426"
"cold_rna","split2028","DeepRSMA","Target_356","r(CGGx3)","1","","","1.701219081878662","1.701219081878662"
"cold_rna","split2028","DeepRSMA","Target_357","r(CGGx4)","1","","","1.834235668182373","1.834235668182373"
"cold_rna","split2028","DeepRSMA","Target_359","r(CGGx20)","1","","","2.699580669403076","2.699580669403076"
"cold_rna","split2028","DeepRSMA","Target_363","r(CAGx6)","1","","","0.6902318000793457","0.6902318000793457"
"cold_rna","split2028","DeepRSMA","Target_374","Polio virus loop B RNA","1","","","1.9493999481201172","1.9493999481201172"
"cold_rna","split2028","DeepRSMA","Target_383","Aptamer mutant C25","1","","","1.1616239547729492","1.1616239547729492"
"cold_rna","split2028","DeepRSMA","Target_384","Aptamer mutant G25","1","","","0.5066580772399902","0.5066580772399902"
"cold_rna","split2028","DeepRSMA","Target_385","Aptamer mutant A25","1","","","0.081939697265625","0.081939697265625"
"cold_rna","split2028","DeepRSMA","Target_386","Aptamer mutant C9","1","","","0.23866939544677646","0.23866939544677646"
"cold_rna","split2028","DeepRSMA","Target_387","Aptamer mutant G9","1","","","1.771425724029541","1.771425724029541"
"cold_rna","split2028","DeepRSMA","Target_388","Aptamer mutant U9","1","","","1.601325511932373","1.601325511932373"
"cold_rna","split2028","DeepRSMA","Target_389","Aptamer mutant G30","1","","","0.4774174690246582","0.4774174690246582"
"cold_rna","split2028","DeepRSMA","Target_390","Aptamer mutant C30","1","","","0.9084033966064453","0.9084033966064453"
"cold_rna","split2028","DeepRSMA","Target_391","Aptamer mutant U30","1","","","0.13849639892578125","0.13849639892578125"
"cold_rna","split2028","DeepRSMA","Target_392","Aptamer mutant C27","1","","","0.037590980529785156","0.037590980529785156"
"cold_rna","split2028","DeepRSMA","Target_393","Aptamer mutant G27","1","","","0.11971712112426758","0.11971712112426758"
"cold_rna","split2028","DeepRSMA","Target_394","Aptamer mutant U27","1","","","0.20027446746826172","0.20027446746826172"
"cold_rna","split2028","DeepRSMA","Target_395","Aptamer mutant G10C23","1","","","0.9782214164733887","0.9782214164733887"
"cold_rna","split2028","DeepRSMA","Target_396","Aptamer mutant G26","1","","","0.21741533279418945","0.21741533279418945"
"cold_rna","split2028","DeepRSMA","Target_397","Aptamer mutant U26","1","","","0.04694080352783203","0.04694080352783203"
"cold_rna","split2028","DeepRSMA","Target_398","Aptamer mutant C26","1","","","0.04806804656982422","0.04806804656982422"
"cold_rna","split2028","DeepRSMA","Target_399","Aptamer mutant A11U22","1","","","1.9978737831115723","1.9978737831115723"
"cold_rna","split2028","DeepRSMA","Target_4","RNA_APTAMER_CB_42","1","","","2.77272891998291","2.77272891998291"
"cold_rna","split2028","DeepRSMA","Target_40","ss_PolyA","1","","","5.1807661056518555","5.1807661056518555"
"cold_rna","split2028","DeepRSMA","Target_400","Aptamer mutant C24","1","","","1.0241479873657227","1.0241479873657227"
"cold_rna","split2028","DeepRSMA","Target_401","Aptamer mutant G31","1","","","0.1554865837097168","0.1554865837097168"
"cold_rna","split2028","DeepRSMA","Target_402","Aptamer mutant C31","1","","","0.5223941802978516","0.5223941802978516"
"cold_rna","split2028","DeepRSMA","Target_403","Aptamer mutant U31","1","","","0.30132102966308594","0.30132102966308594"
"cold_rna","split2028","DeepRSMA","Target_404","Aptamer mutant C8G28","1","","","0.01077890396118164","0.01077890396118164"
"cold_rna","split2028","DeepRSMA","Target_406","B.anthracis cysH","3","0.9500409589095639","1.0","2.376555423746164","2.039065678914388"
"cold_rna","split2028","DeepRSMA","Target_407","E. coli transglycosidase mRNA","15","0.583400108340451","0.19499136746157922","0.520839734530753","0.42390540440877283"
"cold_rna","split2028","DeepRSMA","Target_5","RNA_APTAMER_B4_25","1","","","3.347320318222046","3.347320318222046"
"cold_rna","split2028","DeepRSMA","Target_60","T alpha aptamer","1","","","2.483853816986084","2.483853816986084"
"cold_rna","split2028","DeepRSMA","Target_68","HCV IRES RNA","1","","","0.9993586540222168","0.9993586540222168"
"cold_rna","split2028","DeepRSMA","Target_70","Riboswitch","1","","","0.9505367279052734","0.9505367279052734"
"cold_rna","split2028","DeepRSMA","Target_71","S_Adenosyl_methionine_riboswitch","2","","","1.084795351181666","1.06516695022583"
"cold_rna","split2028","DeepRSMA","Target_79","T-box riboswitch","3","0.8156361170555233","1.0","1.5965362165833665","1.56770126024882"
"cold_rna","split2028","DeepRSMA","Target_96","16S rRNA_neomycin","1","","","0.9517626762390137","0.9517626762390137"
"cold_rna","split2028","Ligand-only descriptors","Target_100","50S subunit","18","0.7085146786098728","0.7031492934975395","1.3407466961371695","1.1923644689885309"
"cold_rna","split2028","Ligand-only descriptors","Target_102","Bacterial 23S rRNA hairpins 82 and 91","1","","","1.2864531664260621","1.2864531664260621"
"cold_rna","split2028","Ligand-only descriptors","Target_104","23SrRNA","5","-0.9459251776942689","-0.31622776601683794","1.2602676216809212","1.2049987560488398"
"cold_rna","split2028","Ligand-only descriptors","Target_112","T box antiterminator RNA","8","0.3404725543279637","0.3333333333333334","2.1792702465249376","2.090555755703228"
"cold_rna","split2028","Ligand-only descriptors","Target_113","T-box RNA","2","-1.0","-0.9999999999999999","0.3729712656235979","0.33518775448006766"
"cold_rna","split2028","Ligand-only descriptors","Target_114","T-box C11U","2","-1.0","-0.9999999999999999","1.2603782846827674","1.1681391557758092"
"cold_rna","split2028","Ligand-only descriptors","Target_122","L11 binding BD RNA","3","-0.8735566270149636","-1.0","0.8652796752462206","0.6922168761033225"
"cold_rna","split2028","Ligand-only descriptors","Target_123","RNA XIII","4","0.6180258466156432","0.39999999999999997","0.5416006136679897","0.5275153734959772"
"cold_rna","split2028","Ligand-only descriptors","Target_124","RNA XIV","2","-1.0","-0.9999999999999999","0.8711902008912509","0.7789565575919495"
"cold_rna","split2028","Ligand-only descriptors","Target_125","RNA XV","4","0.07389571896055022","0.21081851067789195","0.29572793762860905","0.25945527075463515"
"cold_rna","split2028","Ligand-only descriptors","Target_126","RNA XVII","2","","","0.4210167315807156","0.40309826964847817"
"cold_rna","split2028","Ligand-only descriptors","Target_131","Polio virus loop B construct","1","","","0.7241623782623114","0.7241623782623114"
"cold_rna","split2028","Ligand-only descriptors","Target_141","GNRA tetraloop construct XVIII","1","","","1.69645510863291","1.69645510863291"
"cold_rna","split2028","Ligand-only descriptors","Target_147","Antiterminator model RNA AM1A","7","0.9455999116549058","0.8660254037844387","0.3458841026261533","0.3214859661016014"
"cold_rna","split2028","Ligand-only descriptors","Target_149","Double stranded RNA seq","10","0.9364761077698547","0.7696969696969697","0.3369982227570587","0.2563152705278642"
"cold_rna","split2028","Ligand-only descriptors","Target_151","RNA seq A","4","0.833538106895031","0.7999999999999999","0.2698356931300132","0.26535052644364554"
"cold_rna","split2028","Ligand-only descriptors","Target_152","RNA seq A (20 x t-RNA)","4","0.8792578048053414","0.7999999999999999","0.13582848922854607","0.12445118375691466"
"cold_rna","split2028","Ligand-only descriptors","Target_158","RpoH σ32mRNA factor","2","-1.0","-0.9999999999999999","0.31808474601059245","0.24058511187501352"
"cold_rna","split2028","Ligand-only descriptors","Target_165","Pri-miR-96 AT-rich DNA hairpin","1","","","1.333672296405652","1.333672296405652"
"cold_rna","split2028","Ligand-only descriptors","Target_166","r(AUUCU)11","4","0.7673517458370378","0.8164965809277261","1.234385238816607","1.2299134997666228"
"cold_rna","split2028","Ligand-only descriptors","Target_169","r(CGG)12","7","0.5452834956090856","0.5765999761251578","0.8682758793919045","0.6566887973498516"
"cold_rna","split2028","Ligand-only descriptors","Target_173","r(CUGx6)","2","1.0","0.9999999999999999","0.46652464141373245","0.37047611863041885"
"cold_rna","split2028","Ligand-only descriptors","Target_174","r(CCUG)8]","1","","","1.588157184364174","1.588157184364174"
"cold_rna","split2028","Ligand-only descriptors","Target_175","r(CUG16)-MBNL1 complex","1","","","2.0000577208214585","2.0000577208214585"
"cold_rna","split2028","Ligand-only descriptors","Target_181","r(CCG)12","1","","","0.05987164457220118","0.05987164457220118"
"cold_rna","split2028","Ligand-only descriptors","Target_186","r(CAG)12","1","","","0.07308607191797112","0.07308607191797112"
"cold_rna","split2028","Ligand-only descriptors","Target_192","FMN Riboswitch Aptamer SA2, S. Aureus","1","","","0.9307046086902817","0.9307046086902817"
"cold_rna","split2028","Ligand-only descriptors","Target_202","5'UUU/3'AUA, miR-96 Precursor Processing Site","1","","","0.5759317724094251","0.5759317724094251"
"cold_rna","split2028","Ligand-only descriptors","Target_203","5'CGAUUU/3'GGUAUA, Expanded miR-96 Precursor Processing Site","1","","","0.15839620767400486","0.15839620767400486"
"cold_rna","split2028","Ligand-only descriptors","Target_205","5'CGG/3'GGC Loop","1","","","2.6315407886464603","2.6315407886464603"
"cold_rna","split2028","Ligand-only descriptors","Target_211","GC Stem Loop","1","","","0.8143634230380865","0.8143634230380865"
"cold_rna","split2028","Ligand-only descriptors","Target_212","AT Hairpin DNA","3","-0.9765878660681441","-0.5","3.282439767973939","2.445351157545964"
"cold_rna","split2028","Ligand-only descriptors","Target_220","HCV IRES-A 1 Mutant","1","","","0.004915920388172346","0.004915920388172346"
"cold_rna","split2028","Ligand-only descriptors","Target_244","KRAS RNA G-quadruplex utr-4","2","-1.0","-0.9999999999999999","0.4021079914587057","0.3986809814322423"
"cold_rna","split2028","Ligand-only descriptors","Target_250","Oligo-1, a pyrimidine-rich RNA 15-mer","1","","","0.40017676115998446","0.40017676115998446"
"cold_rna","split2028","Ligand-only descriptors","Target_260","Pu22 DNA G-quadruplex","1","","","0.8564673980081556","0.8564673980081556"
"cold_rna","split2028","Ligand-only descriptors","Target_266","Pre-miR-372","28","-0.298517917909932","-0.03558231865811009","1.7682761027767588","1.632009512003629"
"cold_rna","split2028","Ligand-only descriptors","Target_267","Pre-miR-373","14","0.9033791946706689","0.621978021978022","1.5429786381838182","1.5111690435868088"
"cold_rna","split2028","Ligand-only descriptors","Target_281","r(CUG)16","3","-0.9896486814483543","-1.0","1.1028630435936693","0.9367267949790783"
"cold_rna","split2028","Ligand-only descriptors","Target_282","Oligonucleotide 3","12","0.8422286268433112","0.8056054385890983","1.1740811582509578","1.1060264819894707"
"cold_rna","split2028","Ligand-only descriptors","Target_283","Oligonucleotide 4","12","0.8265787197975908","0.7482517482517484","1.1526534765670318","1.0776015962849987"
"cold_rna","split2028","Ligand-only descriptors","Target_284","SMN2 pre-mRNA GA-rich sequence","13","-0.6476331041213148","-0.6574685979306976","0.6657122842082188","0.5750271305878536"
"cold_rna","split2028","Ligand-only descriptors","Target_287","Seq22","1","","","0.7625505363377147","0.7625505363377147"
"cold_rna","split2028","Ligand-only descriptors","Target_307","J6f1 RNA","2","1.0","0.9999999999999999","1.6522677396988137","1.5078469728941482"
"cold_rna","split2028","Ligand-only descriptors","Target_308","J6fd6 RNA","2","-1.0","-0.9999999999999999","1.2327301135013222","1.1552084125903934"
"cold_rna","split2028","Ligand-only descriptors","Target_309","J6f15 RNA","2","1.0","0.9999999999999999","1.2098150790547597","1.0638396477061982"
"cold_rna","split2028","Ligand-only descriptors","Target_310","J6f16 RNA","2","1.0","0.9999999999999999","1.9982330593459714","1.9137330134002029"
"cold_rna","split2028","Ligand-only descriptors","Target_311","J6f17 RNA","2","1.0","0.9999999999999999","1.2109382199960474","1.0666111225792485"
"cold_rna","split2028","Ligand-only descriptors","Target_316","miR-17 Dicer site","1","","","1.9806903985245814","1.9806903985245814"
"cold_rna","split2028","Ligand-only descriptors","Target_317","miR-17 G-bulge","1","","","0.1162196144834784","0.1162196144834784"
"cold_rna","split2028","Ligand-only descriptors","Target_318","miR-17 U-bulge","1","","","0.21888195638062946","0.21888195638062946"
"cold_rna","split2028","Ligand-only descriptors","Target_319","miR-17 Base pairing control","1","","","0.9401283554277988","0.9401283554277988"
"cold_rna","split2028","Ligand-only descriptors","Target_347","(5'CGG/3'GGC)x6","5","0.611568733837457","0.7","0.5986877921467192","0.5435049074715428"
"cold_rna","split2028","Ligand-only descriptors","Target_348","(5'CAG/3'GUC)x6","5","-0.8016804986406498","-0.6","0.7169205126088753","0.6953838563998158"
"cold_rna","split2028","Ligand-only descriptors","Target_349","(5'CGG/3'GGC) x20","3","0.9904259135110864","1.0","0.8548205684660448","0.8545098524986878"
"cold_rna","split2028","Ligand-only descriptors","Target_351","(5'CGG/3'GGC) x60","3","0.9237611394231777","1.0","1.0349010593884447","1.0336942074168343"
"cold_rna","split2028","Ligand-only descriptors","Target_352","Fusibacterium ulcerans ZTP riboswitch","8","0.47700083216224365","0.5000000000000001","0.9333103332579596","0.8079319890796011"
"cold_rna","split2028","Ligand-only descriptors","Target_354","r(CGGx1)","1","","","0.609229275100442","0.609229275100442"
"cold_rna","split2028","Ligand-only descriptors","Target_355","r(CGGx2)","1","","","0.5744671688412222","0.5744671688412222"
"cold_rna","split2028","Ligand-only descriptors","Target_356","r(CGGx3)","1","","","0.609229275100442","0.609229275100442"
"cold_rna","split2028","Ligand-only descriptors","Target_357","r(CGGx4)","1","","","0.6631046558832931","0.6631046558832931"
"cold_rna","split2028","Ligand-only descriptors","Target_359","r(CGGx20)","1","","","1.156931604105802","1.156931604105802"
"cold_rna","split2028","Ligand-only descriptors","Target_363","r(CAGx6)","1","","","0.5157094615078579","0.5157094615078579"
"cold_rna","split2028","Ligand-only descriptors","Target_374","Polio virus loop B RNA","1","","","0.7241623782623114","0.7241623782623114"
"cold_rna","split2028","Ligand-only descriptors","Target_383","Aptamer mutant C25","1","","","0.8668778143375562","0.8668778143375562"
"cold_rna","split2028","Ligand-only descriptors","Target_384","Aptamer mutant G25","1","","","1.579783596616867","1.579783596616867"
"cold_rna","split2028","Ligand-only descriptors","Target_385","Aptamer mutant A25","1","","","2.041392685158276","2.041392685158276"
"cold_rna","split2028","Ligand-only descriptors","Target_386","Aptamer mutant C9","1","","","1.7634279935629964","1.7634279935629964"
"cold_rna","split2028","Ligand-only descriptors","Target_387","Aptamer mutant G9","1","","","0.1072099696479265","0.1072099696479265"
"cold_rna","split2028","Ligand-only descriptors","Target_388","Aptamer mutant U9","1","","","0.4471580313422763","0.4471580313422763"
"cold_rna","split2028","Ligand-only descriptors","Target_389","Aptamer mutant G30","1","","","1.505149978319956","1.505149978319956"
"cold_rna","split2028","Ligand-only descriptors","Target_390","Aptamer mutant C30","1","","","1.000000000000056","1.000000000000056"
"cold_rna","split2028","Ligand-only descriptors","Target_391","Aptamer mutant U30","1","","","1.963787827345607","1.963787827345607"
"cold_rna","split2028","Ligand-only descriptors","Target_392","Aptamer mutant C27","1","","","1.9041743682842158","1.9041743682842158"
"cold_rna","split2028","Ligand-only descriptors","Target_393","Aptamer mutant G27","1","","","1.8454701329817276","1.8454701329817276"
"cold_rna","split2028","Ligand-only descriptors","Target_394","Aptamer mutant U27","1","","","2.1760912590557364","2.1760912590557364"
"cold_rna","split2028","Ligand-only descriptors","Target_395","Aptamer mutant G10C23","1","","","0.829946695941687","0.829946695941687"
"cold_rna","split2028","Ligand-only descriptors","Target_396","Aptamer mutant G26","1","","","2.2304489213783265","2.2304489213783265"
"cold_rna","split2028","Ligand-only descriptors","Target_397","Aptamer mutant U26","1","","","1.9542425094393758","1.9542425094393758"
"cold_rna","split2028","Ligand-only descriptors","Target_398","Aptamer mutant C26","1","","","2.0791812460476766","2.0791812460476766"
"cold_rna","split2028","Ligand-only descriptors","Target_399","Aptamer mutant A11U22","1","","","0.017728766960374287","0.017728766960374287"
"cold_rna","split2028","Ligand-only descriptors","Target_4","RNA_APTAMER_CB_42","1","","","1.442880343266033","1.442880343266033"
"cold_rna","split2028","Ligand-only descriptors","Target_40","ss_PolyA","1","","","0.09641600174695153","0.09641600174695153"
"cold_rna","split2028","Ligand-only descriptors","Target_400","Aptamer mutant C24","1","","","1.0102999566398667","1.0102999566398667"
"cold_rna","split2028","Ligand-only descriptors","Target_401","Aptamer mutant G31","1","","","2.158362492095306","2.158362492095306"
"cold_rna","split2028","Ligand-only descriptors","Target_402","Aptamer mutant C31","1","","","1.380211241711656","1.380211241711656"
"cold_rna","split2028","Ligand-only descriptors","Target_403","Aptamer mutant U31","1","","","1.5910646070265555","1.5910646070265555"
"cold_rna","split2028","Ligand-only descriptors","Target_404","Aptamer mutant C8G28","1","","","2.041392685158276","2.041392685158276"
"cold_rna","split2028","Ligand-only descriptors","Target_406","B.anthracis cysH","3","0.8773642240280508","1.0","1.815243261013324","1.4753229107574324"
"cold_rna","split2028","Ligand-only descriptors","Target_407","E. coli transglycosidase mRNA","15","-0.09948970160272358","-0.0913163544155121","0.7160006052634911","0.5335843793142776"
"cold_rna","split2028","Ligand-only descriptors","Target_5","RNA_APTAMER_B4_25","1","","","2.181534225709878","2.181534225709878"
"cold_rna","split2028","Ligand-only descriptors","Target_60","T alpha aptamer","1","","","0.3290587192642054","0.3290587192642054"
"cold_rna","split2028","Ligand-only descriptors","Target_68","HCV IRES RNA","1","","","0.1718399248198983","0.1718399248198983"
"cold_rna","split2028","Ligand-only descriptors","Target_70","Riboswitch","1","","","0.03651203718917273","0.03651203718917273"
"cold_rna","split2028","Ligand-only descriptors","Target_71","S_Adenosyl_methionine_riboswitch","2","","","1.417213267509536","1.065166884247505"
"cold_rna","split2028","Ligand-only descriptors","Target_79","T-box riboswitch","3","0.9994180011660556","1.0","0.4465045346835837","0.3238670353842223"
"cold_rna","split2028","Ligand-only descriptors","Target_96","16S rRNA_neomycin","1","","","1.0025148957031105","1.0025148957031105"
"cold_rna","split2028","RNA+ligand descriptors","Target_100","50S subunit","18","0.772202935933692","0.7754260197013985","1.279239594295636","1.1361243706460167"
"cold_rna","split2028","RNA+ligand descriptors","Target_102","Bacterial 23S rRNA hairpins 82 and 91","1","","","1.598706145136286","1.598706145136286"
"cold_rna","split2028","RNA+ligand descriptors","Target_104","23SrRNA","5","-0.9593009195186666","-0.7378647873726218","1.5347595090263686","1.493217717409637"
"cold_rna","split2028","RNA+ligand descriptors","Target_112","T box antiterminator RNA","8","0.0680421906342539","0.3571428571428572","2.0568001395382614","1.9544535746398035"
"cold_rna","split2028","RNA+ligand descriptors","Target_113","T-box RNA","2","-1.0","-0.9999999999999999","0.3118703379835387","0.3116766095756631"
"cold_rna","split2028","RNA+ligand descriptors","Target_114","T-box C11U","2","-1.0","-0.9999999999999999","1.0907429035182157","1.005657173810282"
"cold_rna","split2028","RNA+ligand descriptors","Target_122","L11 binding BD RNA","3","-0.9949889014787339","-1.0","0.8981844320783794","0.6948182498892566"
"cold_rna","split2028","RNA+ligand descriptors","Target_123","RNA XIII","4","0.63340396973311","0.39999999999999997","0.5477426191482534","0.52462031049969"
"cold_rna","split2028","RNA+ligand descriptors","Target_124","RNA XIV","2","-1.0","-0.9999999999999999","0.8891210626346251","0.8165651588068243"
"cold_rna","split2028","RNA+ligand descriptors","Target_125","RNA XV","4","-0.22686847774787186","0.21081851067789195","0.3312036882730199","0.2679148261096431"
"cold_rna","split2028","RNA+ligand descriptors","Target_126","RNA XVII","2","","","0.3618575707415325","0.34084311380113297"
"cold_rna","split2028","RNA+ligand descriptors","Target_131","Polio virus loop B construct","1","","","1.5759039751550272","1.5759039751550272"
"cold_rna","split2028","RNA+ligand descriptors","Target_141","GNRA tetraloop construct XVIII","1","","","1.5723059252727394","1.5723059252727394"
"cold_rna","split2028","RNA+ligand descriptors","Target_147","Antiterminator model RNA AM1A","7","0.945599911654906","0.8660254037844387","0.36695630173377713","0.3438513737312526"
"cold_rna","split2028","RNA+ligand descriptors","Target_149","Double stranded RNA seq","10","0.9632534136992447","0.9393939393939393","0.5653981044958614","0.3971817682746642"
"cold_rna","split2028","RNA+ligand descriptors","Target_151","RNA seq A","4","0.8840146409097819","0.7999999999999999","0.14307721827928016","0.1378829942242381"
"cold_rna","split2028","RNA+ligand descriptors","Target_152","RNA seq A (20 x t-RNA)","4","0.9357747779201169","0.7999999999999999","0.2567427936012101","0.2519187159763221"
"cold_rna","split2028","RNA+ligand descriptors","Target_158","RpoH σ32mRNA factor","2","-1.0","-0.9999999999999999","0.19261654077632395","0.17417513278798502"
"cold_rna","split2028","RNA+ligand descriptors","Target_165","Pri-miR-96 AT-rich DNA hairpin","1","","","1.4623954631671339","1.4623954631671339"
"cold_rna","split2028","RNA+ligand descriptors","Target_166","r(AUUCU)11","4","0.9604899969429523","0.7378647873726218","1.2219612376609426","1.2201172530135789"
"cold_rna","split2028","RNA+ligand descriptors","Target_169","r(CGG)12","7","0.5947089295272283","0.5357142857142858","0.8007816417558057","0.608864675767692"
"cold_rna","split2028","RNA+ligand descriptors","Target_173","r(CUGx6)","2","1.0","0.9999999999999999","0.44134870055370357","0.3851432790254101"
"cold_rna","split2028","RNA+ligand descriptors","Target_174","r(CCUG)8]","1","","","1.8849370537644528","1.8849370537644528"
"cold_rna","split2028","RNA+ligand descriptors","Target_175","r(CUG16)-MBNL1 complex","1","","","2.2195771822614647","2.2195771822614647"
"cold_rna","split2028","RNA+ligand descriptors","Target_181","r(CCG)12","1","","","0.058360843007523755","0.058360843007523755"
"cold_rna","split2028","RNA+ligand descriptors","Target_186","r(CAG)12","1","","","0.2256697600565838","0.2256697600565838"
"cold_rna","split2028","RNA+ligand descriptors","Target_192","FMN Riboswitch Aptamer SA2, S. Aureus","1","","","0.18975830563652352","0.18975830563652352"
"cold_rna","split2028","RNA+ligand descriptors","Target_202","5'UUU/3'AUA, miR-96 Precursor Processing Site","1","","","0.14539633397145746","0.14539633397145746"
"cold_rna","split2028","RNA+ligand descriptors","Target_203","5'CGAUUU/3'GGUAUA, Expanded miR-96 Precursor Processing Site","1","","","0.27213923076396274","0.27213923076396274"
"cold_rna","split2028","RNA+ligand descriptors","Target_205","5'CGG/3'GGC Loop","1","","","2.4315708276749133","2.4315708276749133"
"cold_rna","split2028","RNA+ligand descriptors","Target_211","GC Stem Loop","1","","","0.5948473635679248","0.5948473635679248"
"cold_rna","split2028","RNA+ligand descriptors","Target_212","AT Hairpin DNA","3","-0.6746867467325536","-0.5","3.0149244672226905","2.2286053559889014"
"cold_rna","split2028","RNA+ligand descriptors","Target_220","HCV IRES-A 1 Mutant","1","","","0.24453160442337118","0.24453160442337118"
"cold_rna","split2028","RNA+ligand descriptors","Target_244","KRAS RNA G-quadruplex utr-4","2","-1.0","-0.9999999999999999","0.662766609269572","0.6605794341026949"
"cold_rna","split2028","RNA+ligand descriptors","Target_250","Oligo-1, a pyrimidine-rich RNA 15-mer","1","","","0.1887041027666747","0.1887041027666747"
"cold_rna","split2028","RNA+ligand descriptors","Target_260","Pu22 DNA G-quadruplex","1","","","0.7627351335824519","0.7627351335824519"
"cold_rna","split2028","RNA+ligand descriptors","Target_266","Pre-miR-372","28","-0.22152681894535134","-0.038045709949825396","1.8248267233046613","1.6771183735867083"
"cold_rna","split2028","RNA+ligand descriptors","Target_267","Pre-miR-373","14","0.8903212894347232","0.5604395604395604","1.8505683161936737","1.8095599637193998"
"cold_rna","split2028","RNA+ligand descriptors","Target_281","r(CUG)16","3","-0.9991436680209473","-1.0","1.128413263402963","0.9691529980019892"
"cold_rna","split2028","RNA+ligand descriptors","Target_282","Oligonucleotide 3","12","0.7402063098248733","0.7986001739057147","1.221126328380368","1.1468150962659365"
"cold_rna","split2028","RNA+ligand descriptors","Target_283","Oligonucleotide 4","12","0.7740129053371274","0.8041958041958043","1.1811629566929505","1.1052299214987975"
"cold_rna","split2028","RNA+ligand descriptors","Target_284","SMN2 pre-mRNA GA-rich sequence","13","-0.5038503515548086","-0.4475206422889622","0.8863678169771958","0.7820782610208467"
"cold_rna","split2028","RNA+ligand descriptors","Target_287","Seq22","1","","","0.07527542460486814","0.07527542460486814"
"cold_rna","split2028","RNA+ligand descriptors","Target_307","J6f1 RNA","2","-1.0","-0.9999999999999999","1.899044625215828","1.723530381714307"
"cold_rna","split2028","RNA+ligand descriptors","Target_308","J6fd6 RNA","2","1.0","0.9999999999999999","1.4359933835671705","1.4033733875745016"
"cold_rna","split2028","RNA+ligand descriptors","Target_309","J6f15 RNA","2","-1.0","-0.9999999999999999","1.473073353918012","1.291265061971914"
"cold_rna","split2028","RNA+ligand descriptors","Target_310","J6f16 RNA","2","-1.0","-0.9999999999999999","2.2116146762090976","2.090803553273568"
"cold_rna","split2028","RNA+ligand descriptors","Target_311","J6f17 RNA","2","1.0","0.9999999999999999","1.4370737671646723","1.268797019618268"
"cold_rna","split2028","RNA+ligand descriptors","Target_316","miR-17 Dicer site","1","","","1.1506191484652248","1.1506191484652248"
"cold_rna","split2028","RNA+ligand descriptors","Target_317","miR-17 G-bulge","1","","","0.946290864542835","0.946290864542835"
"cold_rna","split2028","RNA+ligand descriptors","Target_318","miR-17 U-bulge","1","","","0.9098960726986265","0.9098960726986265"
"cold_rna","split2028","RNA+ligand descriptors","Target_319","miR-17 Base pairing control","1","","","1.897141640071018","1.897141640071018"
"cold_rna","split2028","RNA+ligand descriptors","Target_347","(5'CGG/3'GGC)x6","5","0.9314157117064445","0.9999999999999999","0.6222402020073542","0.5878368100016026"
"cold_rna","split2028","RNA+ligand descriptors","Target_348","(5'CAG/3'GUC)x6","5","-0.5339455557215306","-0.7","0.2881658379501779","0.23008228927022428"
"cold_rna","split2028","RNA+ligand descriptors","Target_349","(5'CGG/3'GGC) x20","3","0.9366407176163766","0.5","1.124451936650762","1.1226103524074074"
"cold_rna","split2028","RNA+ligand descriptors","Target_351","(5'CGG/3'GGC) x60","3","0.8412482557427864","0.5","1.2197911351057231","1.2117844707146748"
"cold_rna","split2028","RNA+ligand descriptors","Target_352","Fusibacterium ulcerans ZTP riboswitch","8","0.04915621079405556","0.14285714285714288","0.9178319364131581","0.731218054320248"
"cold_rna","split2028","RNA+ligand descriptors","Target_354","r(CGGx1)","1","","","0.7012295775660968","0.7012295775660968"
"cold_rna","split2028","RNA+ligand descriptors","Target_355","r(CGGx2)","1","","","0.48828793467636","0.48828793467636"
"cold_rna","split2028","RNA+ligand descriptors","Target_356","r(CGGx3)","1","","","0.280021836266827","0.280021836266827"
"cold_rna","split2028","RNA+ligand descriptors","Target_357","r(CGGx4)","1","","","0.17072343511294186","0.17072343511294186"
"cold_rna","split2028","RNA+ligand descriptors","Target_359","r(CGGx20)","1","","","0.01969234281723864","0.01969234281723864"
"cold_rna","split2028","RNA+ligand descriptors","Target_363","r(CAGx6)","1","","","0.31205124018474795","0.31205124018474795"
"cold_rna","split2028","RNA+ligand descriptors","Target_374","Polio virus loop B RNA","1","","","1.5884241935597618","1.5884241935597618"
"cold_rna","split2028","RNA+ligand descriptors","Target_383","Aptamer mutant C25","1","","","0.27356541120451183","0.27356541120451183"
"cold_rna","split2028","RNA+ligand descriptors","Target_384","Aptamer mutant G25","1","","","0.5109969830498295","0.5109969830498295"
"cold_rna","split2028","RNA+ligand descriptors","Target_385","Aptamer mutant A25","1","","","0.9979859068543062","0.9979859068543062"
"cold_rna","split2028","RNA+ligand descriptors","Target_386","Aptamer mutant C9","1","","","0.6309363251055542","0.6309363251055542"
"cold_rna","split2028","RNA+ligand descriptors","Target_387","Aptamer mutant G9","1","","","1.0445025637673737","1.0445025637673737"
"cold_rna","split2028","RNA+ligand descriptors","Target_388","Aptamer mutant U9","1","","","0.8048467024202237","0.8048467024202237"
"cold_rna","split2028","RNA+ligand descriptors","Target_389","Aptamer mutant G30","1","","","0.37187726419944855","0.37187726419944855"
"cold_rna","split2028","RNA+ligand descriptors","Target_390","Aptamer mutant C30","1","","","0.14476605107491292","0.14476605107491292"
"cold_rna","split2028","RNA+ligand descriptors","Target_391","Aptamer mutant U30","1","","","0.752219179967037","0.752219179967037"
"cold_rna","split2028","RNA+ligand descriptors","Target_392","Aptamer mutant C27","1","","","0.7613353645784837","0.7613353645784837"
"cold_rna","split2028","RNA+ligand descriptors","Target_393","Aptamer mutant G27","1","","","0.6524740689276181","0.6524740689276181"
"cold_rna","split2028","RNA+ligand descriptors","Target_394","Aptamer mutant U27","1","","","1.0193728107039632","1.0193728107039632"
"cold_rna","split2028","RNA+ligand descriptors","Target_395","Aptamer mutant G10C23","1","","","0.49932202938468073","0.49932202938468073"
"cold_rna","split2028","RNA+ligand descriptors","Target_396","Aptamer mutant G26","1","","","0.981395592652051","0.981395592652051"
"cold_rna","split2028","RNA+ligand descriptors","Target_397","Aptamer mutant U26","1","","","0.7697610051938","0.7697610051938"
"cold_rna","split2028","RNA+ligand descriptors","Target_398","Aptamer mutant C26","1","","","0.7977913580479212","0.7977913580479212"
"cold_rna","split2028","RNA+ligand descriptors","Target_399","Aptamer mutant A11U22","1","","","1.1687542416685162","1.1687542416685162"
"cold_rna","split2028","RNA+ligand descriptors","Target_4","RNA_APTAMER_CB_42","1","","","1.5560351616842132","1.5560351616842132"
"cold_rna","split2028","RNA+ligand descriptors","Target_40","ss_PolyA","1","","","0.03202599295896036","0.03202599295896036"
"cold_rna","split2028","RNA+ligand descriptors","Target_400","Aptamer mutant C24","1","","","0.11595413274484745","0.11595413274484745"
"cold_rna","split2028","RNA+ligand descriptors","Target_401","Aptamer mutant G31","1","","","0.9499498080424491","0.9499498080424491"
"cold_rna","split2028","RNA+ligand descriptors","Target_402","Aptamer mutant C31","1","","","0.27694650693196365","0.27694650693196365"
"cold_rna","split2028","RNA+ligand descriptors","Target_403","Aptamer mutant U31","1","","","0.43791646449329047","0.43791646449329047"
"cold_rna","split2028","RNA+ligand descriptors","Target_404","Aptamer mutant C8G28","1","","","0.8958506585031696","0.8958506585031696"
"cold_rna","split2028","RNA+ligand descriptors","Target_406","B.anthracis cysH","3","0.8667884561578587","1.0","1.7031694900786014","1.612040704629803"
"cold_rna","split2028","RNA+ligand descriptors","Target_407","E. coli transglycosidase mRNA","15","0.17467435204918888","0.02685775129868003","0.5440580579814965","0.457297489310956"
"cold_rna","split2028","RNA+ligand descriptors","Target_5","RNA_APTAMER_B4_25","1","","","2.5194863548997852","2.5194863548997852"
"cold_rna","split2028","RNA+ligand descriptors","Target_60","T alpha aptamer","1","","","0.941938661282661","0.941938661282661"
"cold_rna","split2028","RNA+ligand descriptors","Target_68","HCV IRES RNA","1","","","0.10413303042590805","0.10413303042590805"
"cold_rna","split2028","RNA+ligand descriptors","Target_70","Riboswitch","1","","","0.48739347165366187","0.48739347165366187"
"cold_rna","split2028","RNA+ligand descriptors","Target_71","S_Adenosyl_methionine_riboswitch","2","","","1.7367049067746432","1.3717009302022012"
"cold_rna","split2028","RNA+ligand descriptors","Target_79","T-box riboswitch","3","0.7842593578429353","1.0","0.4410907157099459","0.2822053943683927"
"cold_rna","split2028","RNA+ligand descriptors","Target_96","16S rRNA_neomycin","1","","","1.1024489746516277","1.1024489746516277"
"cold_rna","split2028","Sequence-SMILES ridge","Target_100","50S subunit","18","0.7048733798365293","0.8291173020242648","1.122094987747795","0.9963163612210901"
"cold_rna","split2028","Sequence-SMILES ridge","Target_102","Bacterial 23S rRNA hairpins 82 and 91","1","","","2.5893494040698775","2.5893494040698775"
"cold_rna","split2028","Sequence-SMILES ridge","Target_104","23SrRNA","5","-0.8518307640699685","-0.8207826816681233","1.7761156010487216","1.7087877252730486"
"cold_rna","split2028","Sequence-SMILES ridge","Target_112","T box antiterminator RNA","8","0.7516293513101754","0.8095238095238096","2.960647457311183","2.9249912523290607"
"cold_rna","split2028","Sequence-SMILES ridge","Target_113","T-box RNA","2","1.0","0.9999999999999999","0.1523097461242152","0.15071037688145417"
"cold_rna","split2028","Sequence-SMILES ridge","Target_114","T-box C11U","2","1.0","0.9999999999999999","1.3759838376081368","1.37107802431419"
"cold_rna","split2028","Sequence-SMILES ridge","Target_122","L11 binding BD RNA","3","0.28706624662006236","0.5","0.7629959099337479","0.7498412284939988"
"cold_rna","split2028","Sequence-SMILES ridge","Target_123","RNA XIII","4","-0.23588459475552953","0.39999999999999997","1.1403371268800735","0.8631804537667331"
"cold_rna","split2028","Sequence-SMILES ridge","Target_124","RNA XIV","2","1.0","0.9999999999999999","0.23228108410129997","0.20242745158421416"
"cold_rna","split2028","Sequence-SMILES ridge","Target_125","RNA XV","4","-0.7921268579912498","-0.39999999999999997","0.818293173050893","0.7590671068518215"
"cold_rna","split2028","Sequence-SMILES ridge","Target_126","RNA XVII","2","1.0","0.9999999999999999","1.7804143438466569","1.7785133567201772"
"cold_rna","split2028","Sequence-SMILES ridge","Target_131","Polio virus loop B construct","1","","","0.6031218398115037","0.6031218398115037"
"cold_rna","split2028","Sequence-SMILES ridge","Target_141","GNRA tetraloop construct XVIII","1","","","1.3464382957344458","1.3464382957344458"
"cold_rna","split2028","Sequence-SMILES ridge","Target_147","Antiterminator model RNA AM1A","7","-0.05530463055476553","0.03571428571428572","0.6871695740079139","0.6194853645359288"
"cold_rna","split2028","Sequence-SMILES ridge","Target_149","Double stranded RNA seq","10","0.9658832807749932","0.9636363636363635","0.897210439160216","0.8494397706853573"
"cold_rna","split2028","Sequence-SMILES ridge","Target_151","RNA seq A","4","0.8670746229930101","0.7999999999999999","0.04210806181823743","0.03727980459767832"
"cold_rna","split2028","Sequence-SMILES ridge","Target_152","RNA seq A (20 x t-RNA)","4","0.8598916116849256","0.7999999999999999","0.40496508422608896","0.40032099815748"
"cold_rna","split2028","Sequence-SMILES ridge","Target_158","RpoH σ32mRNA factor","2","-1.0","-0.9999999999999999","0.5500221348802062","0.5300319037042671"
"cold_rna","split2028","Sequence-SMILES ridge","Target_165","Pri-miR-96 AT-rich DNA hairpin","1","","","1.892381789523852","1.892381789523852"
"cold_rna","split2028","Sequence-SMILES ridge","Target_166","r(AUUCU)11","4","0.7272603025704234","0.632455532033676","2.76437823307586","2.7558890438662385"
"cold_rna","split2028","Sequence-SMILES ridge","Target_169","r(CGG)12","7","0.4372854853774968","-0.1785714285714286","0.9129891123899285","0.8251912021700017"
"cold_rna","split2028","Sequence-SMILES ridge","Target_173","r(CUGx6)","2","1.0","0.9999999999999999","0.41273632918977105","0.3930889931114878"
"cold_rna","split2028","Sequence-SMILES ridge","Target_174","r(CCUG)8]","1","","","1.4486429447521023","1.4486429447521023"
"cold_rna","split2028","Sequence-SMILES ridge","Target_175","r(CUG16)-MBNL1 complex","1","","","2.2180942052420276","2.2180942052420276"
"cold_rna","split2028","Sequence-SMILES ridge","Target_181","r(CCG)12","1","","","0.3315269050991452","0.3315269050991452"
"cold_rna","split2028","Sequence-SMILES ridge","Target_186","r(CAG)12","1","","","0.19474745515583525","0.19474745515583525"
"cold_rna","split2028","Sequence-SMILES ridge","Target_192","FMN Riboswitch Aptamer SA2, S. Aureus","1","","","0.1912271470951845","0.1912271470951845"
"cold_rna","split2028","Sequence-SMILES ridge","Target_202","5'UUU/3'AUA, miR-96 Precursor Processing Site","1","","","1.2135922798295091","1.2135922798295091"
"cold_rna","split2028","Sequence-SMILES ridge","Target_203","5'CGAUUU/3'GGUAUA, Expanded miR-96 Precursor Processing Site","1","","","0.7960567150940889","0.7960567150940889"
"cold_rna","split2028","Sequence-SMILES ridge","Target_205","5'CGG/3'GGC Loop","1","","","1.1868686141792564","1.1868686141792564"
"cold_rna","split2028","Sequence-SMILES ridge","Target_211","GC Stem Loop","1","","","0.11460460725783772","0.11460460725783772"
"cold_rna","split2028","Sequence-SMILES ridge","Target_212","AT Hairpin DNA","3","-0.43865243800947695","-0.5","3.7015914173139164","2.941095529405448"
"cold_rna","split2028","Sequence-SMILES ridge","Target_220","HCV IRES-A 1 Mutant","1","","","0.2666819261142912","0.2666819261142912"
"cold_rna","split2028","Sequence-SMILES ridge","Target_244","KRAS RNA G-quadruplex utr-4","2","-1.0","-0.9999999999999999","0.7703018151219518","0.7687472146961043"
"cold_rna","split2028","Sequence-SMILES ridge","Target_250","Oligo-1, a pyrimidine-rich RNA 15-mer","1","","","1.175785550034378","1.175785550034378"
"cold_rna","split2028","Sequence-SMILES ridge","Target_260","Pu22 DNA G-quadruplex","1","","","1.4598962894475713","1.4598962894475713"
"cold_rna","split2028","Sequence-SMILES ridge","Target_266","Pre-miR-372","28","-0.4956190824422568","-0.17873272372112217","2.062683523441837","1.884541061187786"
"cold_rna","split2028","Sequence-SMILES ridge","Target_267","Pre-miR-373","14","-0.6843430950628205","-0.5736263736263736","2.0070419062986637","1.8788772889278078"
"cold_rna","split2028","Sequence-SMILES ridge","Target_281","r(CUG)16","3","0.07792731364705269","-0.5","1.063050638057224","1.0381590628997455"
"cold_rna","split2028","Sequence-SMILES ridge","Target_282","Oligonucleotide 3","12","0.6426622810182856","0.6339764538462034","2.75896315347275","2.7210730938033625"
"cold_rna","split2028","Sequence-SMILES ridge","Target_283","Oligonucleotide 4","12","0.6468903123088541","0.5944055944055945","2.5886009386017044","2.5471517116791422"
"cold_rna","split2028","Sequence-SMILES ridge","Target_284","SMN2 pre-mRNA GA-rich sequence","13","-0.670498666907744","-0.7071931137405822","2.1724329937666766","2.020834936731028"
"cold_rna","split2028","Sequence-SMILES ridge","Target_287","Seq22","1","","","0.5681630718389084","0.5681630718389084"
"cold_rna","split2028","Sequence-SMILES ridge","Target_307","J6f1 RNA","2","-1.0","-0.9999999999999999","2.510323408955253","2.3424501697317557"
"cold_rna","split2028","Sequence-SMILES ridge","Target_308","J6fd6 RNA","2","1.0","0.9999999999999999","2.1643130577193395","2.154749685459185"
"cold_rna","split2028","Sequence-SMILES ridge","Target_309","J6f15 RNA","2","-1.0","-0.9999999999999999","1.8742043107454318","1.6934097635143703"
"cold_rna","split2028","Sequence-SMILES ridge","Target_310","J6f16 RNA","2","-1.0","-0.9999999999999999","2.220931689155603","2.071085696955175"
"cold_rna","split2028","Sequence-SMILES ridge","Target_311","J6f17 RNA","2","-1.0","-0.9999999999999999","1.8805130048324354","1.7016956175180775"
"cold_rna","split2028","Sequence-SMILES ridge","Target_316","miR-17 Dicer site","1","","","0.17496379665986606","0.17496379665986606"
"cold_rna","split2028","Sequence-SMILES ridge","Target_317","miR-17 G-bulge","1","","","1.9219462163481937","1.9219462163481937"
"cold_rna","split2028","Sequence-SMILES ridge","Target_318","miR-17 U-bulge","1","","","1.9397281407403844","1.9397281407403844"
"cold_rna","split2028","Sequence-SMILES ridge","Target_319","miR-17 Base pairing control","1","","","2.3999375550915847","2.3999375550915847"
"cold_rna","split2028","Sequence-SMILES ridge","Target_347","(5'CGG/3'GGC)x6","5","0.49988127114967407","0.7","0.541499504075716","0.46625086618252903"
"cold_rna","split2028","Sequence-SMILES ridge","Target_348","(5'CAG/3'GUC)x6","5","-0.6096323485769175","-0.6","0.45356613040263516","0.3158653470397246"
"cold_rna","split2028","Sequence-SMILES ridge","Target_349","(5'CGG/3'GGC) x20","3","0.9975663651239154","1.0","0.17521210466802467","0.15210753243436503"
"cold_rna","split2028","Sequence-SMILES ridge","Target_351","(5'CGG/3'GGC) x60","3","0.9478737698685485","1.0","0.12242526722399719","0.11820221230078864"
"cold_rna","split2028","Sequence-SMILES ridge","Target_352","Fusibacterium ulcerans ZTP riboswitch","8","0.09915407395487187","-0.09523809523809526","1.2020491355964547","1.0219248235897869"
"cold_rna","split2028","Sequence-SMILES ridge","Target_354","r(CGGx1)","1","","","0.6363780531410654","0.6363780531410654"
"cold_rna","split2028","Sequence-SMILES ridge","Target_355","r(CGGx2)","1","","","0.251432746392644","0.251432746392644"
"cold_rna","split2028","Sequence-SMILES ridge","Target_356","r(CGGx3)","1","","","0.09175664804127681","0.09175664804127681"
"cold_rna","split2028","Sequence-SMILES ridge","Target_357","r(CGGx4)","1","","","0.040699703452168556","0.040699703452168556"
"cold_rna","split2028","Sequence-SMILES ridge","Target_359","r(CGGx20)","1","","","0.35148034274125983","0.35148034274125983"
"cold_rna","split2028","Sequence-SMILES ridge","Target_363","r(CAGx6)","1","","","0.5167989816088268","0.5167989816088268"
"cold_rna","split2028","Sequence-SMILES ridge","Target_374","Polio virus loop B RNA","1","","","0.7263450635469613","0.7263450635469613"
"cold_rna","split2028","Sequence-SMILES ridge","Target_383","Aptamer mutant C25","1","","","0.42938885772236723","0.42938885772236723"
"cold_rna","split2028","Sequence-SMILES ridge","Target_384","Aptamer mutant G25","1","","","1.227635401954526","1.227635401954526"
"cold_rna","split2028","Sequence-SMILES ridge","Target_385","Aptamer mutant A25","1","","","1.7127922753091047","1.7127922753091047"
"cold_rna","split2028","Sequence-SMILES ridge","Target_386","Aptamer mutant C9","1","","","0.9024406837305436","0.9024406837305436"
"cold_rna","split2028","Sequence-SMILES ridge","Target_387","Aptamer mutant G9","1","","","0.5253185328875647","0.5253185328875647"
"cold_rna","split2028","Sequence-SMILES ridge","Target_388","Aptamer mutant U9","1","","","0.2591639901018361","0.2591639901018361"
"cold_rna","split2028","Sequence-SMILES ridge","Target_389","Aptamer mutant G30","1","","","0.6890660508623094","0.6890660508623094"
"cold_rna","split2028","Sequence-SMILES ridge","Target_390","Aptamer mutant C30","1","","","0.2299712963434688","0.2299712963434688"
"cold_rna","split2028","Sequence-SMILES ridge","Target_391","Aptamer mutant U30","1","","","1.3010469837960148","1.3010469837960148"
"cold_rna","split2028","Sequence-SMILES ridge","Target_392","Aptamer mutant C27","1","","","1.8831007064270162","1.8831007064270162"
"cold_rna","split2028","Sequence-SMILES ridge","Target_393","Aptamer mutant G27","1","","","1.621885287424866","1.621885287424866"
"cold_rna","split2028","Sequence-SMILES ridge","Target_394","Aptamer mutant U27","1","","","2.357429397664289","2.357429397664289"
"cold_rna","split2028","Sequence-SMILES ridge","Target_395","Aptamer mutant G10C23","1","","","0.6343065845171862","0.6343065845171862"
"cold_rna","split2028","Sequence-SMILES ridge","Target_396","Aptamer mutant G26","1","","","1.7372962179635936","1.7372962179635936"
"cold_rna","split2028","Sequence-SMILES ridge","Target_397","Aptamer mutant U26","1","","","1.2314076046753266","1.2314076046753266"
"cold_rna","split2028","Sequence-SMILES ridge","Target_398","Aptamer mutant C26","1","","","1.5693588183600369","1.5693588183600369"
"cold_rna","split2028","Sequence-SMILES ridge","Target_399","Aptamer mutant A11U22","1","","","0.16301261836676417","0.16301261836676417"
"cold_rna","split2028","Sequence-SMILES ridge","Target_4","RNA_APTAMER_CB_42","1","","","1.7810166709864461","1.7810166709864461"
"cold_rna","split2028","Sequence-SMILES ridge","Target_40","ss_PolyA","1","","","0.08053281111324218","0.08053281111324218"
"cold_rna","split2028","Sequence-SMILES ridge","Target_400","Aptamer mutant C24","1","","","0.43732336115683434","0.43732336115683434"
"cold_rna","split2028","Sequence-SMILES ridge","Target_401","Aptamer mutant G31","1","","","1.009415488712241","1.009415488712241"
"cold_rna","split2028","Sequence-SMILES ridge","Target_402","Aptamer mutant C31","1","","","0.8856973584676542","0.8856973584676542"
"cold_rna","split2028","Sequence-SMILES ridge","Target_403","Aptamer mutant U31","1","","","0.6822718621514996","0.6822718621514996"
"cold_rna","split2028","Sequence-SMILES ridge","Target_404","Aptamer mutant C8G28","1","","","1.4361088766793353","1.4361088766793353"
"cold_rna","split2028","Sequence-SMILES ridge","Target_406","B.anthracis cysH","3","0.8581512920109283","0.5","1.6072029250235487","1.4713896713311059"
"cold_rna","split2028","Sequence-SMILES ridge","Target_407","E. coli transglycosidase mRNA","15","0.2943427594805374","0.10922152194796546","0.8153141299164015","0.6966969538829227"
"cold_rna","split2028","Sequence-SMILES ridge","Target_5","RNA_APTAMER_B4_25","1","","","2.450471145050486","2.450471145050486"
"cold_rna","split2028","Sequence-SMILES ridge","Target_60","T alpha aptamer","1","","","0.3267059208727465","0.3267059208727465"
"cold_rna","split2028","Sequence-SMILES ridge","Target_68","HCV IRES RNA","1","","","0.19660996180930024","0.19660996180930024"
"cold_rna","split2028","Sequence-SMILES ridge","Target_70","Riboswitch","1","","","0.13191067347119922","0.13191067347119922"
"cold_rna","split2028","Sequence-SMILES ridge","Target_71","S_Adenosyl_methionine_riboswitch","2","","","1.6716790941835502","1.288382902181179"
"cold_rna","split2028","Sequence-SMILES ridge","Target_79","T-box riboswitch","3","-0.13354503098832085","-0.5","0.7875413452075577","0.6840332768934644"
"cold_rna","split2028","Sequence-SMILES ridge","Target_96","16S rRNA_neomycin","1","","","0.3659746869639111","0.3659746869639111"
"cold_scaffold","split2026","Contact500 pretraining without SCA","Target_100","50S subunit","4","0.037303484574050194","-0.19999999999999998","1.717148788337137","1.3544052839279173"
"cold_scaffold","split2026","Contact500 pretraining without SCA","Target_101","Small subunit","3","-0.4839297773753446","-0.5","1.2586047160474552","1.0624008178710938"
"cold_scaffold","split2026","Contact500 pretraining without SCA","Target_104","23SrRNA","3","0.9673999744178391","0.8660254037844387","1.4247258381133954","1.3586533864339192"
"cold_scaffold","split2026","Contact500 pretraining without SCA","Target_109","HIV-1 FSS RNA","2","-1.0","-0.9999999999999999","1.6693840391023556","1.531224012374878"
"cold_scaffold","split2026","Contact500 pretraining without SCA","Target_110","DM1-RNA-MBNL1","1","","","0.47803449630737305","0.47803449630737305"
"cold_scaffold","split2026","Contact500 pretraining without SCA","Target_112","T box antiterminator RNA","6","-0.7412373269231027","-0.48571428571428577","2.4349835392469834","2.3287790218989053"
"cold_scaffold","split2026","Contact500 pretraining without SCA","Target_121","Bulge_A_RNA","1","","","0.4109673500061035","0.4109673500061035"
"cold_scaffold","split2026","Contact500 pretraining without SCA","Target_122","L11 binding BD RNA","1","","","0.5531754493713379","0.5531754493713379"
"cold_scaffold","split2026","Contact500 pretraining without SCA","Target_123","RNA XIII","1","","","1.4202003479003906","1.4202003479003906"
"cold_scaffold","split2026","Contact500 pretraining without SCA","Target_127","SLI of Rep A","5","-0.5909963157466432","-0.35909242322980395","0.8065961323889986","0.6529621124267578"
"cold_scaffold","split2026","Contact500 pretraining without SCA","Target_136","RNA_XIX","1","","","0.5761489868164062","0.5761489868164062"
"cold_scaffold","split2026","Contact500 pretraining without SCA","Target_137","RNA_XX","1","","","0.7593355178833008","0.7593355178833008"
"cold_scaffold","split2026","Contact500 pretraining without SCA","Target_138","RNA_XXI","1","","","0.8101475238800049","0.8101475238800049"
"cold_scaffold","split2026","Contact500 pretraining without SCA","Target_139","RNA_XXII","1","","","0.8187592029571529","0.8187592029571529"
"cold_scaffold","split2026","Contact500 pretraining without SCA","Target_146","SL3 RNA","2","-1.0","-0.9999999999999999","2.2657129051436473","2.2285382747650146"
"cold_scaffold","split2026","Contact500 pretraining without SCA","Target_147","Antiterminator model RNA AM1A","7","-0.03993782700453641","-0.03571428571428572","0.8205273334716946","0.7287093571254186"
"cold_scaffold","split2026","Contact500 pretraining without SCA","Target_149","Double stranded RNA seq","2","-1.0","-0.9999999999999999","1.9384022996570538","1.9307873249053955"
"cold_scaffold","split2026","Contact500 pretraining without SCA","Target_150","single stranded RNA seq","2","-1.0","-0.9999999999999999","2.029752510805151","2.029457449913025"
"cold_scaffold","split2026","Contact500 pretraining without SCA","Target_159","Pri-miR-96 RNAC  (UU loop mutant to AU basepair)","3","0.943865496739868","0.5","1.653982632025827","1.4965171813964844"
"cold_scaffold","split2026","Contact500 pretraining without SCA","Target_160","Pri-miR-96 RNA1 (Drosha processing site only)","1","","","1.878281593322754","1.878281593322754"
"cold_scaffold","split2026","Contact500 pretraining without SCA","Target_161","Pri-miR-96 RNA2 (desired GG loop only)","1","","","1.060136318206787","1.060136318206787"
"cold_scaffold","split2026","Contact500 pretraining without SCA","Target_162","Pri-miR-96 RNA3 (both the Drosha target site and adjacent target site)","1","","","2.7724504470825195","2.7724504470825195"
"cold_scaffold","split2026","Contact500 pretraining without SCA","Target_163","Pri-miR-96 RNA4 (GG to GC loop mutation)","1","","","1.465285301208496","1.465285301208496"
"cold_scaffold","split2026","Contact500 pretraining without SCA","Target_164","Pri-miR-96 RNA5 (UU loop mutant to UA loop)","1","","","1.6184196472167969","1.6184196472167969"
"cold_scaffold","split2026","Contact500 pretraining without SCA","Target_165","Pri-miR-96 AT-rich DNA hairpin","1","","","1.6574764251708984","1.6574764251708984"
"cold_scaffold","split2026","Contact500 pretraining without SCA","Target_169","r(CGG)12","1","","","0.16148948669433594","0.16148948669433594"
"cold_scaffold","split2026","Contact500 pretraining without SCA","Target_182","r(GGCC)4","1","","","1.175703525543213","1.175703525543213"
"cold_scaffold","split2026","Contact500 pretraining without SCA","Target_183","r(GGGGCC)8","2","1.0","0.9999999999999999","2.3336147727406633","2.3330934047698975"
"cold_scaffold","split2026","Contact500 pretraining without SCA","Target_184","G-Quadruplex Conformation of r(GGGGCC)8","1","","","2.4986114501953125","2.4986114501953125"
"cold_scaffold","split2026","Contact500 pretraining without SCA","Target_188","HIV-1 FSS","4","0.525698366638601","0.316227766016838","1.0451289231862684","1.0400207042694092"
"cold_scaffold","split2026","Contact500 pretraining without SCA","Target_19","HIV-1 TAR RNA","8","0.47987997734176036","0.4761904761904762","0.9276540881132501","0.7892380952835083"
"cold_scaffold","split2026","Contact500 pretraining without SCA","Target_195","108 nt yjdF Riboswitch Construct, B. subtilis, Mutant 1","1","","","2.138218402862549","2.138218402862549"
"cold_scaffold","split2026","Contact500 pretraining without SCA","Target_196","A10-RNA-WT QGRS in ADAM10 mRNA","1","","","0.4956355094909668","0.4956355094909668"
"cold_scaffold","split2026","Contact500 pretraining without SCA","Target_198","DDPAC hairpin A-bulge","2","1.0","0.9999999999999999","1.05359000428875","0.8741052150726318"
"cold_scaffold","split2026","Contact500 pretraining without SCA","Target_20","RNA_Str_HIV-2 TAR","2","","","0.5419487675510105","0.5187005996704097"
"cold_scaffold","split2026","Contact500 pretraining without SCA","Target_204","5'CAG/3'GAC","1","","","1.7065229415893555","1.7065229415893555"
"cold_scaffold","split2026","Contact500 pretraining without SCA","Target_205","5'CGG/3'GGC Loop","1","","","0.8607869148254403","0.8607869148254403"
"cold_scaffold","split2026","Contact500 pretraining without SCA","Target_206","5'CUG/3'GUC, DM1 Motif","1","","","0.2955007553100586","0.2955007553100586"
"cold_scaffold","split2026","Contact500 pretraining without SCA","Target_207","Fully Paired RNA","1","","","0.12973356246948242","0.12973356246948242"
"cold_scaffold","split2026","Contact500 pretraining without SCA","Target_217","Influenza RNA promoter","1","","","1.3273823261260986","1.3273823261260986"
"cold_scaffold","split2026","Contact500 pretraining without SCA","Target_227","Pre-miR-21","2","-1.0","-0.9999999999999999","1.2124602405875418","1.2114503383636475"
"cold_scaffold","split2026","Contact500 pretraining without SCA","Target_248","Oligo-4, an AGGAAG-containing RNA 15-mer","1","","","0.2855997085571289","0.2855997085571289"
"cold_scaffold","split2026","Contact500 pretraining without SCA","Target_249","Oligo-7, an AAGGAG-containing RNA 15-mer","1","","","0.9107751846313477","0.9107751846313477"
"cold_scaffold","split2026","Contact500 pretraining without SCA","Target_250","Oligo-1, a pyrimidine-rich RNA 15-mer","1","","","0.9317653179168701","0.9317653179168701"
"cold_scaffold","split2026","Contact500 pretraining without SCA","Target_251","Oligo-2, an RNA 15-mer","1","","","0.7742536067962646","0.7742536067962646"
"cold_scaffold","split2026","Contact500 pretraining without SCA","Target_252","Oligo-3, a purine-rich RNA 15-mer","1","","","0.5372903347015381","0.5372903347015381"
"cold_scaffold","split2026","Contact500 pretraining without SCA","Target_253","Oligo-5, an RNA 15-mer","1","","","0.806908369064331","0.806908369064331"
"cold_scaffold","split2026","Contact500 pretraining without SCA","Target_254","Oligo-6, an RNA 15-mer","1","","","0.9621031284332275","0.9621031284332275"
"cold_scaffold","split2026","Contact500 pretraining without SCA","Target_255","TERRA G-quadruplex","1","","","1.2802281379699707","1.2802281379699707"
"cold_scaffold","split2026","Contact500 pretraining without SCA","Target_259","NRAS G4 motif","2","1.0","0.9999999999999999","0.2664120122480221","0.1912388801574707"
"cold_scaffold","split2026","Contact500 pretraining without SCA","Target_265","miR-21 hairpin","3","0.6323571835655519","0.5","0.19570761842958892","0.16013018290201794"
"cold_scaffold","split2026","Contact500 pretraining without SCA","Target_266","Pre-miR-372","7","-0.10248090744298298","0.07142857142857144","0.5603417525460499","0.349675042288644"
"cold_scaffold","split2026","Contact500 pretraining without SCA","Target_267","Pre-miR-373","6","0.5821703767810158","0.08571428571428573","0.3002281096844497","0.2526833613713582"
"cold_scaffold","split2026","Contact500 pretraining without SCA","Target_281","r(CUG)16","1","","","0.957489013671875","0.957489013671875"
"cold_scaffold","split2026","Contact500 pretraining without SCA","Target_282","Oligonucleotide 3","7","-0.40099270197975295","-0.21428571428571433","1.4544464277008824","1.22470566204616"
"cold_scaffold","split2026","Contact500 pretraining without SCA","Target_283","Oligonucleotide 4","7","-0.34693577924903846","-0.25","1.4926472131046693","1.2811337539127894"
"cold_scaffold","split2026","Contact500 pretraining without SCA","Target_284","SMN2 pre-mRNA GA-rich sequence","4","-0.13677439789675927","-0.19999999999999998","0.8780380580071648","0.8566206693649288"
"cold_scaffold","split2026","Contact500 pretraining without SCA","Target_285","Seq20","1","","","0.869621753692627","0.869621753692627"
"cold_scaffold","split2026","Contact500 pretraining without SCA","Target_286","Seq21","1","","","0.9832329750061035","0.9832329750061035"
"cold_scaffold","split2026","Contact500 pretraining without SCA","Target_287","Seq22","1","","","0.549285888671875","0.549285888671875"
"cold_scaffold","split2026","Contact500 pretraining without SCA","Target_288","Seq23","1","","","0.9036092758178711","0.9036092758178711"
"cold_scaffold","split2026","Contact500 pretraining without SCA","Target_3","A-site 16S rRNA_E_coli (1)","40","0.6200863707079002","0.6387611900136524","1.0086605348911675","0.8541966438293457"
"cold_scaffold","split2026","Contact500 pretraining without SCA","Target_307","J6f1 RNA","1","","","2.5108160972595215","2.5108160972595215"
"cold_scaffold","split2026","Contact500 pretraining without SCA","Target_308","J6fd6 RNA","1","","","1.347538948059082","1.347538948059082"
"cold_scaffold","split2026","Contact500 pretraining without SCA","Target_309","J6f15 RNA","1","","","1.9810919761657715","1.9810919761657715"
"cold_scaffold","split2026","Contact500 pretraining without SCA","Target_31","cyanocobalamin 35 nt RNA aptamer","1","","","0.9286975860595703","0.9286975860595703"
"cold_scaffold","split2026","Contact500 pretraining without SCA","Target_310","J6f16 RNA","1","","","2.80963134765625","2.80963134765625"
"cold_scaffold","split2026","Contact500 pretraining without SCA","Target_311","J6f17 RNA","1","","","1.9725780487060547","1.9725780487060547"
"cold_scaffold","split2026","Contact500 pretraining without SCA","Target_312","Pre-miR-377","1","","","0.7385530471801758","0.7385530471801758"
"cold_scaffold","split2026","Contact500 pretraining without SCA","Target_329","EV71 SLII RNA","1","","","1.2589640617370605","1.2589640617370605"
"cold_scaffold","split2026","Contact500 pretraining without SCA","Target_345","(5'CGG/3'GGC) x1","2","-1.0","-0.9999999999999999","0.9714157732018429","0.7201557159423828"
"cold_scaffold","split2026","Contact500 pretraining without SCA","Target_346","(5'CAG/3'GUC) x1","2","-1.0","-0.9999999999999999","1.021723250318227","0.9020807743072514"
"cold_scaffold","split2026","Contact500 pretraining without SCA","Target_372","B12.9","1","","","0.7284708023071289","0.7284708023071289"
"cold_scaffold","split2026","Contact500 pretraining without SCA","Target_375","RNA hairpin loop I","1","","","0.28456783294677734","0.28456783294677734"
"cold_scaffold","split2026","Contact500 pretraining without SCA","Target_376","RNA hairpin loop Ib","1","","","0.02234363555908292","0.02234363555908292"
"cold_scaffold","split2026","Contact500 pretraining without SCA","Target_377","RNA hairpin loop II","1","","","0.7014222145080566","0.7014222145080566"
"cold_scaffold","split2026","Contact500 pretraining without SCA","Target_378","RNA hairpin loop III","1","","","0.810483455657959","0.810483455657959"
"cold_scaffold","split2026","Contact500 pretraining without SCA","Target_379","RNA hairpin loop IIIa","1","","","0.3980107307434082","0.3980107307434082"
"cold_scaffold","split2026","Contact500 pretraining without SCA","Target_380","RNA hairpin loop IIIb","1","","","0.5123085975646973","0.5123085975646973"
"cold_scaffold","split2026","Contact500 pretraining without SCA","Target_381","RNA hairpin loop IV","1","","","0.46909618377685547","0.46909618377685547"
"cold_scaffold","split2026","Contact500 pretraining without SCA","Target_382","RNA hairpin loop Iva","1","","","0.4028744697570792","0.4028744697570792"
"cold_scaffold","split2026","Contact500 pretraining without SCA","Target_39","Tetracycline in vitro aptamer","1","","","3.2505083084106445","3.2505083084106445"
"cold_scaffold","split2026","Contact500 pretraining without SCA","Target_4","RNA_APTAMER_CB_42","1","","","1.7839617729187012","1.7839617729187012"
"cold_scaffold","split2026","Contact500 pretraining without SCA","Target_407","E. coli transglycosidase mRNA","7","0.8505386309689282","0.7387687194103585","0.5462531690510329","0.4823948996407644"
"cold_scaffold","split2026","Contact500 pretraining without SCA","Target_408","HCV IRES Domain Iib","7","-0.16633447724650605","-0.4818181818181818","0.9883252592692655","0.7891158376421247"
"cold_scaffold","split2026","Contact500 pretraining without SCA","Target_409","HIV protease active site (PAS) mRNA","7","0.5447023129560303","0.5714285714285715","1.4028281294464189","1.3432268415178572"
"cold_scaffold","split2026","Contact500 pretraining without SCA","Target_410","human tyrosine sulfotransferase mRNA","7","0.7387181832999333","0.5225437283634242","1.1262731169695197","1.0797512190682546"
"cold_scaffold","split2026","Contact500 pretraining without SCA","Target_411","Tetracycline riboswitch","8","0.5276956033721125","0.4761904761904762","1.815779187036201","1.702161729335785"
"cold_scaffold","split2026","Contact500 pretraining without SCA","Target_412","Tetracycline riboswitch A08G mutant","1","","","3.0767369270324707","3.0767369270324707"
"cold_scaffold","split2026","Contact500 pretraining without SCA","Target_413","Tetracycline riboswitch A09G mutant","3","-0.6460334351645199","-0.5","0.9348691022664192","0.9060746828715006"
"cold_scaffold","split2026","Contact500 pretraining without SCA","Target_414","Tetracycline riboswitch A13U mutant","3","-0.7024559740727666","-0.5","0.803542428352677","0.7943755785624186"
"cold_scaffold","split2026","Contact500 pretraining without SCA","Target_415","Tetracycline riboswitch A50U mutant","3","-0.7068826078394354","-0.5","0.8895737813723298","0.8719730377197266"
"cold_scaffold","split2026","Contact500 pretraining without SCA","Target_416","Tetracycline riboswitch G51U mutant","1","","","2.4810986518859863","2.4810986518859863"
"cold_scaffold","split2026","Contact500 pretraining without SCA","Target_417","Tetracycline riboswitch U54G mutant","1","","","2.7518701553344727","2.7518701553344727"
"cold_scaffold","split2026","Contact500 pretraining without SCA","Target_418","Tetracycline riboswitch A55G mutant","1","","","2.8730735778808594","2.8730735778808594"
"cold_scaffold","split2026","Contact500 pretraining without SCA","Target_441","U15C,U16C SLI_mutant","5","0.07730402841015499","0.09999999999999999","0.6808751317393241","0.5603620529174804"
"cold_scaffold","split2026","Contact500 pretraining without SCA","Target_442","G17A,G18A SLI_mutant","5","-0.858288749486057","-0.4103913408340617","0.6937692508730704","0.4558358192443846"
"cold_scaffold","split2026","Contact500 pretraining without SCA","Target_443","C19U,G20A SLI_mutant","5","-0.12831287908430322","-0.35909242322980395","0.5818674667064782","0.4036112785339352"
"cold_scaffold","split2026","Contact500 pretraining without SCA","Target_444","G21A,A22G SLI_mutant","5","-0.4392073047050731","-0.39999999999999997","0.5130874444719173","0.3266648292541504"
"cold_scaffold","split2026","Contact500 pretraining without SCA","Target_445","TS mRNA Construct_4","3","-0.6485572377287214","-0.5","0.4249465449814099","0.3983758290608724"
"cold_scaffold","split2026","Contact500 pretraining without SCA","Target_446","TS mRNA Construct_5","3","-0.10092329036351308","-0.5","0.8489247341162389","0.7616674105326334"
"cold_scaffold","split2026","Contact500 pretraining without SCA","Target_6","Aptamer","1","","","2.772869348526001","2.772869348526001"
"cold_scaffold","split2026","Contact500 pretraining without SCA","Target_63","Thymidylate synthase m-RNA","3","-0.36039205941293895","-0.5","0.4342026195727414","0.41802501678466797"
"cold_scaffold","split2026","Contact500 pretraining without SCA","Target_64","Bcr-Abl m-RNA","7","-0.3821953239089829","-0.21821789023599242","1.571938753933688","1.4719538007463728"
"cold_scaffold","split2026","Contact500 pretraining without SCA","Target_65","PAX3-FKHR m-RNA","7","-0.6679948416675434","-0.4642857142857144","1.6918338227198773","1.557248319898333"
"cold_scaffold","split2026","Contact500 pretraining without SCA","Target_66","HCV IRES Domain IIId","10","0.07101504368776307","0.05471149893120582","0.8195419203575574","0.6869320392608642"
"cold_scaffold","split2026","Contact500 pretraining without SCA","Target_67","HCV IRES IIa 40-mer","1","","","0.535740852355957","0.535740852355957"
"cold_scaffold","split2026","Contact500 pretraining without SCA","Target_69","ADENINE RIBOSWITCH","1","","","2.094153881072998","2.094153881072998"
"cold_scaffold","split2026","Contact500 pretraining without SCA","Target_74","Guanine riboswitch","2","-1.0","-0.9999999999999999","1.764703737303247","1.7378180027008052"
"cold_scaffold","split2026","Contact500 pretraining without SCA","Target_78","B.subtilis lysine riboswitch","1","","","1.3952908515930185","1.3952908515930185"
"cold_scaffold","split2026","Contact500 pretraining without SCA","Target_79","T-box riboswitch","2","-1.0","-0.9999999999999999","1.390277133482178","1.3041870594024658"
"cold_scaffold","split2026","Contact500 pretraining without SCA","Target_80","RRE-RNA","6","-0.21103639462756407","-0.028988551782622423","1.531408174207281","1.1758510669072468"
"cold_scaffold","split2026","Contact500 pretraining without SCA","Target_83","RRE3","1","","","1.476050853729248","1.476050853729248"
"cold_scaffold","split2026","Contact500 pretraining without SCA","Target_84","RRE4","1","","","1.2217788696289062","1.2217788696289062"
"cold_scaffold","split2026","Contact500 pretraining without SCA","Target_91","RRE11","1","","","1.5676069259643555","1.5676069259643555"
"cold_scaffold","split2026","Contact500 pretraining without SCA","Target_97","decoding region 16SrRNA","3","-0.9596223418026621","-1.0","1.1857517982965085","1.1114198366800945"
"cold_scaffold","split2026","Contact500 pretraining without SCA","Target_99","Bacterial ribosome","5","0.46242931302445567","0.6","2.4678644756298223","2.210051345825195"
"cold_scaffold","split2026","DeepRSMA","Target_100","50S subunit","4","0.36269825639204367","0.39999999999999997","1.5669319628133407","1.3845651149749756"
"cold_scaffold","split2026","DeepRSMA","Target_101","Small subunit","3","0.8565359618330788","1.0","1.334041352496375","1.1694528261820476"
"cold_scaffold","split2026","DeepRSMA","Target_104","23SrRNA","3","0.9673999744178392","0.8660254037844387","1.4977035281796154","1.3433537483215332"
"cold_scaffold","split2026","DeepRSMA","Target_109","HIV-1 FSS RNA","2","-1.0","-0.9999999999999999","2.2874023684135842","2.1846530437469482"
"cold_scaffold","split2026","DeepRSMA","Target_110","DM1-RNA-MBNL1","1","","","0.36102771759033203","0.36102771759033203"
"cold_scaffold","split2026","DeepRSMA","Target_112","T box antiterminator RNA","6","-0.7522771295269297","-0.6","1.9397057973097165","1.858750621477763"
"cold_scaffold","split2026","DeepRSMA","Target_121","Bulge_A_RNA","1","","","0.11727714538574219","0.11727714538574219"
"cold_scaffold","split2026","DeepRSMA","Target_122","L11 binding BD RNA","1","","","1.7968602180480957","1.7968602180480957"
"cold_scaffold","split2026","DeepRSMA","Target_123","RNA XIII","1","","","0.37270307540893555","0.37270307540893555"
"cold_scaffold","split2026","DeepRSMA","Target_127","SLI of Rep A","5","0.015713623319085282","-0.10259783520851543","0.9216117780137633","0.8921730995178223"
"cold_scaffold","split2026","DeepRSMA","Target_136","RNA_XIX","1","","","1.4365744590759277","1.4365744590759277"
"cold_scaffold","split2026","DeepRSMA","Target_137","RNA_XX","1","","","1.5058588981628418","1.5058588981628418"
"cold_scaffold","split2026","DeepRSMA","Target_138","RNA_XXI","1","","","1.5279488563537598","1.5279488563537598"
"cold_scaffold","split2026","DeepRSMA","Target_139","RNA_XXII","1","","","1.51139497756958","1.51139497756958"
"cold_scaffold","split2026","DeepRSMA","Target_146","SL3 RNA","2","-1.0","-0.9999999999999999","0.876418090083357","0.730053186416626"
"cold_scaffold","split2026","DeepRSMA","Target_147","Antiterminator model RNA AM1A","7","0.7316359207162036","0.5357142857142858","0.3597866270992947","0.3286664145333428"
"cold_scaffold","split2026","DeepRSMA","Target_149","Double stranded RNA seq","2","-1.0","-0.9999999999999999","0.5133282452617726","0.5031983852386475"
"cold_scaffold","split2026","DeepRSMA","Target_150","single stranded RNA seq","2","-1.0","-0.9999999999999999","0.5701247095617367","0.53426194190979"
"cold_scaffold","split2026","DeepRSMA","Target_159","Pri-miR-96 RNAC  (UU loop mutant to AU basepair)","3","-0.7332903344321237","-1.0","1.4259575943598222","1.1060973803202312"
"cold_scaffold","split2026","DeepRSMA","Target_160","Pri-miR-96 RNA1 (Drosha processing site only)","1","","","1.8477373123168945","1.8477373123168945"
"cold_scaffold","split2026","DeepRSMA","Target_161","Pri-miR-96 RNA2 (desired GG loop only)","1","","","0.9960765838623047","0.9960765838623047"
"cold_scaffold","split2026","DeepRSMA","Target_162","Pri-miR-96 RNA3 (both the Drosha target site and adjacent target site)","1","","","2.7929539680480957","2.7929539680480957"
"cold_scaffold","split2026","DeepRSMA","Target_163","Pri-miR-96 RNA4 (GG to GC loop mutation)","1","","","1.5579710006713867","1.5579710006713867"
"cold_scaffold","split2026","DeepRSMA","Target_164","Pri-miR-96 RNA5 (UU loop mutant to UA loop)","1","","","1.7152771949768066","1.7152771949768066"
"cold_scaffold","split2026","DeepRSMA","Target_165","Pri-miR-96 AT-rich DNA hairpin","1","","","2.4664525985717773","2.4664525985717773"
"cold_scaffold","split2026","DeepRSMA","Target_169","r(CGG)12","1","","","0.9032211303710938","0.9032211303710938"
"cold_scaffold","split2026","DeepRSMA","Target_182","r(GGCC)4","1","","","0.055556297302246094","0.055556297302246094"
"cold_scaffold","split2026","DeepRSMA","Target_183","r(GGGGCC)8","2","1.0","0.9999999999999999","0.844636420546231","0.8222267627716064"
"cold_scaffold","split2026","DeepRSMA","Target_184","G-Quadruplex Conformation of r(GGGGCC)8","1","","","1.2303423881530762","1.2303423881530762"
"cold_scaffold","split2026","DeepRSMA","Target_188","HIV-1 FSS","4","0.7208715680222327","0.9486832980505139","0.5177212820314173","0.5102071762084961"
"cold_scaffold","split2026","DeepRSMA","Target_19","HIV-1 TAR RNA","8","0.42498297200204627","0.2380952380952381","0.9293494505285639","0.7241693735122681"
"cold_scaffold","split2026","DeepRSMA","Target_195","108 nt yjdF Riboswitch Construct, B. subtilis, Mutant 1","1","","","2.1437950134277344","2.1437950134277344"
"cold_scaffold","split2026","DeepRSMA","Target_196","A10-RNA-WT QGRS in ADAM10 mRNA","1","","","0.5037755966186523","0.5037755966186523"
"cold_scaffold","split2026","DeepRSMA","Target_198","DDPAC hairpin A-bulge","2","1.0","0.9999999999999999","0.979622917155589","0.9796085357666016"
"cold_scaffold","split2026","DeepRSMA","Target_20","RNA_Str_HIV-2 TAR","2","","","1.0991249476106706","1.0877771377563477"
"cold_scaffold","split2026","DeepRSMA","Target_204","5'CAG/3'GAC","1","","","0.7603726387023926","0.7603726387023926"
"cold_scaffold","split2026","DeepRSMA","Target_205","5'CGG/3'GGC Loop","1","","","1.92549753189087","1.92549753189087"
"cold_scaffold","split2026","DeepRSMA","Target_206","5'CUG/3'GUC, DM1 Motif","1","","","0.5373468399047852","0.5373468399047852"
"cold_scaffold","split2026","DeepRSMA","Target_207","Fully Paired RNA","1","","","0.09747600555419922","0.09747600555419922"
"cold_scaffold","split2026","DeepRSMA","Target_217","Influenza RNA promoter","1","","","1.383817434310913","1.383817434310913"
"cold_scaffold","split2026","DeepRSMA","Target_227","Pre-miR-21","2","-1.0","-0.9999999999999999","1.0320258947379901","0.8614568710327148"
"cold_scaffold","split2026","DeepRSMA","Target_248","Oligo-4, an AGGAAG-containing RNA 15-mer","1","","","0.7029914855957031","0.7029914855957031"
"cold_scaffold","split2026","DeepRSMA","Target_249","Oligo-7, an AAGGAG-containing RNA 15-mer","1","","","2.3718695640563965","2.3718695640563965"
"cold_scaffold","split2026","DeepRSMA","Target_250","Oligo-1, a pyrimidine-rich RNA 15-mer","1","","","3.072807550430298","3.072807550430298"
"cold_scaffold","split2026","DeepRSMA","Target_251","Oligo-2, an RNA 15-mer","1","","","2.522969961166382","2.522969961166382"
"cold_scaffold","split2026","DeepRSMA","Target_252","Oligo-3, a purine-rich RNA 15-mer","1","","","1.6167471408843994","1.6167471408843994"
"cold_scaffold","split2026","DeepRSMA","Target_253","Oligo-5, an RNA 15-mer","1","","","2.7563140392303467","2.7563140392303467"
"cold_scaffold","split2026","DeepRSMA","Target_254","Oligo-6, an RNA 15-mer","1","","","1.3783824443817139","1.3783824443817139"
"cold_scaffold","split2026","DeepRSMA","Target_255","TERRA G-quadruplex","1","","","1.080545425415039","1.080545425415039"
"cold_scaffold","split2026","DeepRSMA","Target_259","NRAS G4 motif","2","1.0","0.9999999999999999","1.3544332931748257","1.013094186782837"
"cold_scaffold","split2026","DeepRSMA","Target_265","miR-21 hairpin","3","0.5997896307459134","0.5","0.45397385414198876","0.4353230794270833"
"cold_scaffold","split2026","DeepRSMA","Target_266","Pre-miR-372","7","0.8469294002032491","0.5357142857142858","2.215771396057792","2.200635705675398"
"cold_scaffold","split2026","DeepRSMA","Target_267","Pre-miR-373","6","0.5432543920931024","-0.028571428571428574","2.282720238600574","2.2766708930333457"
"cold_scaffold","split2026","DeepRSMA","Target_281","r(CUG)16","1","","","1.6573352813720703","1.6573352813720703"
"cold_scaffold","split2026","DeepRSMA","Target_282","Oligonucleotide 3","7","-0.11661659152373004","-0.10714285714285716","1.6718453627086047","1.6105170590536935"
"cold_scaffold","split2026","DeepRSMA","Target_283","Oligonucleotide 4","7","-0.14422142622681272","-0.42857142857142866","1.7742272142472932","1.7175564425332206"
"cold_scaffold","split2026","DeepRSMA","Target_284","SMN2 pre-mRNA GA-rich sequence","4","-0.21390342657924102","-0.39999999999999997","0.9458972596817197","0.8578609228134151"
"cold_scaffold","split2026","DeepRSMA","Target_285","Seq20","1","","","2.5751986503601074","2.5751986503601074"
"cold_scaffold","split2026","DeepRSMA","Target_286","Seq21","1","","","0.026200294494628906","0.026200294494628906"
"cold_scaffold","split2026","DeepRSMA","Target_287","Seq22","1","","","0.8417439460754395","0.8417439460754395"
"cold_scaffold","split2026","DeepRSMA","Target_288","Seq23","1","","","0.056168556213378906","0.056168556213378906"
"cold_scaffold","split2026","DeepRSMA","Target_3","A-site 16S rRNA_E_coli (1)","40","0.7260681661361212","0.7661192468529893","1.0971394419182587","0.9586264133453369"
"cold_scaffold","split2026","DeepRSMA","Target_307","J6f1 RNA","1","","","2.0376229286193848","2.0376229286193848"
"cold_scaffold","split2026","DeepRSMA","Target_308","J6fd6 RNA","1","","","0.5874247550964355","0.5874247550964355"
"cold_scaffold","split2026","DeepRSMA","Target_309","J6f15 RNA","1","","","1.4940519332885742","1.4940519332885742"
"cold_scaffold","split2026","DeepRSMA","Target_31","cyanocobalamin 35 nt RNA aptamer","1","","","1.3923187255859375","1.3923187255859375"
"cold_scaffold","split2026","DeepRSMA","Target_310","J6f16 RNA","1","","","2.3479113578796387","2.3479113578796387"
"cold_scaffold","split2026","DeepRSMA","Target_311","J6f17 RNA","1","","","1.4814605712890625","1.4814605712890625"
"cold_scaffold","split2026","DeepRSMA","Target_312","Pre-miR-377","1","","","0.4381694793701181","0.4381694793701181"
"cold_scaffold","split2026","DeepRSMA","Target_329","EV71 SLII RNA","1","","","0.9659914970397949","0.9659914970397949"
"cold_scaffold","split2026","DeepRSMA","Target_345","(5'CGG/3'GGC) x1","2","-1.0","-0.9999999999999999","0.8821339760462646","0.7805850505828857"
"cold_scaffold","split2026","DeepRSMA","Target_346","(5'CAG/3'GUC) x1","2","-1.0","-0.9999999999999999","0.6966878097183687","0.5917842388153076"
"cold_scaffold","split2026","DeepRSMA","Target_372","B12.9","1","","","1.1003508567810059","1.1003508567810059"
"cold_scaffold","split2026","DeepRSMA","Target_375","RNA hairpin loop I","1","","","0.27713584899902344","0.27713584899902344"
"cold_scaffold","split2026","DeepRSMA","Target_376","RNA hairpin loop Ib","1","","","0.2214956283569336","0.2214956283569336"
"cold_scaffold","split2026","DeepRSMA","Target_377","RNA hairpin loop II","1","","","0.6258211135864258","0.6258211135864258"
"cold_scaffold","split2026","DeepRSMA","Target_378","RNA hairpin loop III","1","","","0.7644281387329102","0.7644281387329102"
"cold_scaffold","split2026","DeepRSMA","Target_379","RNA hairpin loop IIIa","1","","","0.6124405860900879","0.6124405860900879"
"cold_scaffold","split2026","DeepRSMA","Target_380","RNA hairpin loop IIIb","1","","","0.7450675964355469","0.7450675964355469"
"cold_scaffold","split2026","DeepRSMA","Target_381","RNA hairpin loop IV","1","","","0.4476652145385742","0.4476652145385742"
"cold_scaffold","split2026","DeepRSMA","Target_382","RNA hairpin loop Iva","1","","","0.5730175971984863","0.5730175971984863"
"cold_scaffold","split2026","DeepRSMA","Target_39","Tetracycline in vitro aptamer","1","","","3.2650256156921387","3.2650256156921387"
"cold_scaffold","split2026","DeepRSMA","Target_4","RNA_APTAMER_CB_42","1","","","2.673977851867676","2.673977851867676"
"cold_scaffold","split2026","DeepRSMA","Target_407","E. coli transglycosidase mRNA","7","0.7918274483239374","0.5225437283634242","0.4880303940338306","0.4342406817844937"
"cold_scaffold","split2026","DeepRSMA","Target_408","HCV IRES Domain Iib","7","0.08999190318036226","-0.2636363636363636","0.5069709043876469","0.44555643626621794"
"cold_scaffold","split2026","DeepRSMA","Target_409","HIV protease active site (PAS) mRNA","7","0.702030852129785","0.6785714285714287","0.6219877741048749","0.5347782543727332"
"cold_scaffold","split2026","DeepRSMA","Target_410","human tyrosine sulfotransferase mRNA","7","0.48659501911707936","0.5225437283634242","0.5608761263743606","0.46348074504307324"
"cold_scaffold","split2026","DeepRSMA","Target_411","Tetracycline riboswitch","8","-0.18203501162508587","-0.19047619047619052","2.7712446492250957","2.624207377433777"
"cold_scaffold","split2026","DeepRSMA","Target_412","Tetracycline riboswitch A08G mutant","1","","","3.129277229309081","3.129277229309081"
"cold_scaffold","split2026","DeepRSMA","Target_413","Tetracycline riboswitch A09G mutant","3","0.999998711111187","1.0","0.5806236332106958","0.5193943977355957"
"cold_scaffold","split2026","DeepRSMA","Target_414","Tetracycline riboswitch A13U mutant","3","0.9971978787945088","1.0","0.46904800628845356","0.3816704750061035"
"cold_scaffold","split2026","DeepRSMA","Target_415","Tetracycline riboswitch A50U mutant","3","0.9967106185882739","1.0","0.49410917647476416","0.43807681401570636"
"cold_scaffold","split2026","DeepRSMA","Target_416","Tetracycline riboswitch G51U mutant","1","","","2.4275002479553223","2.4275002479553223"
"cold_scaffold","split2026","DeepRSMA","Target_417","Tetracycline riboswitch U54G mutant","1","","","2.755063056945801","2.755063056945801"
"cold_scaffold","split2026","DeepRSMA","Target_418","Tetracycline riboswitch A55G mutant","1","","","2.8415050506591797","2.8415050506591797"
"cold_scaffold","split2026","DeepRSMA","Target_441","U15C,U16C SLI_mutant","5","-0.019362650908561284","-0.3","0.9793025766709953","0.9425081253051756"
"cold_scaffold","split2026","DeepRSMA","Target_442","G17A,G18A SLI_mutant","5","-0.19505389505672865","-0.6668859288553503","0.7965492790356042","0.7474297523498533"
"cold_scaffold","split2026","DeepRSMA","Target_443","C19U,G20A SLI_mutant","5","0.044909384881781145","-0.10259783520851543","0.7482757747380542","0.6969602584838868"
"cold_scaffold","split2026","DeepRSMA","Target_444","G21A,A22G SLI_mutant","5","-0.19235075673008373","-0.3","0.6562796028655329","0.6155989646911622"
"cold_scaffold","split2026","DeepRSMA","Target_445","TS mRNA Construct_4","3","0.8484166085901644","1.0","0.574240972113293","0.5715578397115072"
"cold_scaffold","split2026","DeepRSMA","Target_446","TS mRNA Construct_5","3","-0.9693146720693845","-0.5","0.5275206982241913","0.516264279683431"
"cold_scaffold","split2026","DeepRSMA","Target_6","Aptamer","1","","","1.7669544219970703","1.7669544219970703"
"cold_scaffold","split2026","DeepRSMA","Target_63","Thymidylate synthase m-RNA","3","0.9763408319615703","1.0","0.5325410081753029","0.5321176846822103"
"cold_scaffold","split2026","DeepRSMA","Target_64","Bcr-Abl m-RNA","7","-0.6375445314036728","-0.7455777916396408","0.7732872476097422","0.6414129393441337"
"cold_scaffold","split2026","DeepRSMA","Target_65","PAX3-FKHR m-RNA","7","-0.4611779677718163","-0.4642857142857144","1.2083654416372027","1.1115516253880093"
"cold_scaffold","split2026","DeepRSMA","Target_66","HCV IRES Domain IIId","10","0.338238400115854","0.24848484848484845","0.484033366275523","0.4174349784851074"
"cold_scaffold","split2026","DeepRSMA","Target_67","HCV IRES IIa 40-mer","1","","","0.5966224670410156","0.5966224670410156"
"cold_scaffold","split2026","DeepRSMA","Target_69","ADENINE RIBOSWITCH","1","","","2.8044724464416504","2.8044724464416504"
"cold_scaffold","split2026","DeepRSMA","Target_74","Guanine riboswitch","2","1.0","0.9999999999999999","2.4361431796462014","2.423218727111816"
"cold_scaffold","split2026","DeepRSMA","Target_78","B.subtilis lysine riboswitch","1","","","1.4354548454284668","1.4354548454284668"
"cold_scaffold","split2026","DeepRSMA","Target_79","T-box riboswitch","2","1.0","0.9999999999999999","0.4599790666067045","0.389721155166626"
"cold_scaffold","split2026","DeepRSMA","Target_80","RRE-RNA","6","0.1336886434096707","0.5507824838698261","1.1688469688157437","0.7548026641209921"
"cold_scaffold","split2026","DeepRSMA","Target_83","RRE3","1","","","0.7709574699401855","0.7709574699401855"
"cold_scaffold","split2026","DeepRSMA","Target_84","RRE4","1","","","0.429412841796875","0.429412841796875"
"cold_scaffold","split2026","DeepRSMA","Target_91","RRE11","1","","","0.8382501602172852","0.8382501602172852"
"cold_scaffold","split2026","DeepRSMA","Target_97","decoding region 16SrRNA","3","-0.13659985377006917","0.5","0.08931970666148209","0.07954295476277669"
"cold_scaffold","split2026","DeepRSMA","Target_99","Bacterial ribosome","5","0.5776035425591698","0.49999999999999994","1.849544506100823","1.5912022590637205"
"cold_scaffold","split2026","Ligand-only descriptors","Target_100","50S subunit","4","0.8867679750334951","0.7999999999999999","0.9182008098551431","0.671403006675001"
"cold_scaffold","split2026","Ligand-only descriptors","Target_101","Small subunit","3","-0.36674208462343216","-0.5","1.4863685508200877","1.3450553946958308"
"cold_scaffold","split2026","Ligand-only descriptors","Target_104","23SrRNA","3","-0.9673999791477677","-0.8660254037844387","1.2279606226745963","0.9135948604539768"
"cold_scaffold","split2026","Ligand-only descriptors","Target_109","HIV-1 FSS RNA","2","-1.0","-0.9999999999999999","1.2852181457008114","1.0313669627905664"
"cold_scaffold","split2026","Ligand-only descriptors","Target_110","DM1-RNA-MBNL1","1","","","0.3905767619168907","0.3905767619168907"
"cold_scaffold","split2026","Ligand-only descriptors","Target_112","T box antiterminator RNA","6","-0.3024352688071954","-0.5428571428571429","1.8080798166698617","1.6997503217664578"
"cold_scaffold","split2026","Ligand-only descriptors","Target_121","Bulge_A_RNA","1","","","0.3028924365828578","0.3028924365828578"
"cold_scaffold","split2026","Ligand-only descriptors","Target_122","L11 binding BD RNA","1","","","0.7154149570457129","0.7154149570457129"
"cold_scaffold","split2026","Ligand-only descriptors","Target_123","RNA XIII","1","","","0.27234928373906175","0.27234928373906175"
"cold_scaffold","split2026","Ligand-only descriptors","Target_127","SLI of Rep A","5","0.6659888353440021","0.5642880936468347","1.7549302645439468","1.7413314654665217"
"cold_scaffold","split2026","Ligand-only descriptors","Target_136","RNA_XIX","1","","","1.4232009919936095","1.4232009919936095"
"cold_scaffold","split2026","Ligand-only descriptors","Target_137","RNA_XX","1","","","1.4232009919936095","1.4232009919936095"
"cold_scaffold","split2026","Ligand-only descriptors","Target_138","RNA_XXI","1","","","1.4232009919936095","1.4232009919936095"
"cold_scaffold","split2026","Ligand-only descriptors","Target_139","RNA_XXII","1","","","1.4232009919936095","1.4232009919936095"
"cold_scaffold","split2026","Ligand-only descriptors","Target_146","SL3 RNA","2","-1.0","-0.9999999999999999","0.8726232123026437","0.7299977896075434"
"cold_scaffold","split2026","Ligand-only descriptors","Target_147","Antiterminator model RNA AM1A","7","0.9455999116549056","0.8660254037844387","0.36201652634599285","0.3334020932719409"
"cold_scaffold","split2026","Ligand-only descriptors","Target_149","Double stranded RNA seq","2","-1.0","-0.9999999999999999","0.5574467219238853","0.5020318117826776"
"cold_scaffold","split2026","Ligand-only descriptors","Target_150","single stranded RNA seq","2","-1.0","-0.9999999999999999","0.6512796788156738","0.5334814525188927"
"cold_scaffold","split2026","Ligand-only descriptors","Target_159","Pri-miR-96 RNAC  (UU loop mutant to AU basepair)","3","-0.9527476868687091","-0.5","1.2128378812781677","1.186401760296303"
"cold_scaffold","split2026","Ligand-only descriptors","Target_160","Pri-miR-96 RNA1 (Drosha processing site only)","1","","","0.5956829682083331","0.5956829682083331"
"cold_scaffold","split2026","Ligand-only descriptors","Target_161","Pri-miR-96 RNA2 (desired GG loop only)","1","","","0.4707442316000341","0.4707442316000341"
"cold_scaffold","split2026","Ligand-only descriptors","Target_162","Pri-miR-96 RNA3 (both the Drosha target site and adjacent target site)","1","","","1.8175317178246937","1.8175317178246937"
"cold_scaffold","split2026","Ligand-only descriptors","Target_163","Pri-miR-96 RNA4 (GG to GC loop mutation)","1","","","0.5956829682083331","0.5956829682083331"
"cold_scaffold","split2026","Ligand-only descriptors","Target_164","Pri-miR-96 RNA5 (UU loop mutant to UA loop)","1","","","0.6925929812163929","0.6925929812163929"
"cold_scaffold","split2026","Ligand-only descriptors","Target_165","Pri-miR-96 AT-rich DNA hairpin","1","","","2.215471726496733","2.215471726496733"
"cold_scaffold","split2026","Ligand-only descriptors","Target_169","r(CGG)12","1","","","0.7098984407183533","0.7098984407183533"
"cold_scaffold","split2026","Ligand-only descriptors","Target_182","r(GGCC)4","1","","","0.3112908583515859","0.3112908583515859"
"cold_scaffold","split2026","Ligand-only descriptors","Target_183","r(GGGGCC)8","2","1.0","0.9999999999999999","0.898508982647046","0.8728698566941269"
"cold_scaffold","split2026","Ligand-only descriptors","Target_184","G-Quadruplex Conformation of r(GGGGCC)8","1","","","1.3008254246734259","1.3008254246734259"
"cold_scaffold","split2026","Ligand-only descriptors","Target_188","HIV-1 FSS","4","-0.5440469137224517","-0.7378647873726218","0.35271960934602636","0.25236397186623494"
"cold_scaffold","split2026","Ligand-only descriptors","Target_19","HIV-1 TAR RNA","8","0.9616604199289978","0.9047619047619048","0.5215225340572174","0.38186079268424494"
"cold_scaffold","split2026","Ligand-only descriptors","Target_195","108 nt yjdF Riboswitch Construct, B. subtilis, Mutant 1","1","","","3.5029544046461263","3.5029544046461263"
"cold_scaffold","split2026","Ligand-only descriptors","Target_196","A10-RNA-WT QGRS in ADAM10 mRNA","1","","","0.6942089423071112","0.6942089423071112"
"cold_scaffold","split2026","Ligand-only descriptors","Target_198","DDPAC hairpin A-bulge","2","1.0","0.9999999999999999","0.3801172549421266","0.35328197554872487"
"cold_scaffold","split2026","Ligand-only descriptors","Target_20","RNA_Str_HIV-2 TAR","2","","","0.6673514145326864","0.6385942793326325"
"cold_scaffold","split2026","Ligand-only descriptors","Target_204","5'CAG/3'GAC","1","","","2.095306792700608","2.095306792700608"
"cold_scaffold","split2026","Ligand-only descriptors","Target_205","5'CGG/3'GGC Loop","1","","","1.7321748354295048","1.7321748354295048"
"cold_scaffold","split2026","Ligand-only descriptors","Target_206","5'CUG/3'GUC, DM1 Motif","1","","","2.3569759854496164","2.3569759854496164"
"cold_scaffold","split2026","Ligand-only descriptors","Target_207","Fully Paired RNA","1","","","1.9233204245110453","1.9233204245110453"
"cold_scaffold","split2026","Ligand-only descriptors","Target_217","Influenza RNA promoter","1","","","0.24964291116883164","0.24964291116883164"
"cold_scaffold","split2026","Ligand-only descriptors","Target_227","Pre-miR-21","2","-1.0","-0.9999999999999999","1.0888741966113222","0.8570793375048349"
"cold_scaffold","split2026","Ligand-only descriptors","Target_248","Oligo-4, an AGGAAG-containing RNA 15-mer","1","","","0.060722702211365664","0.060722702211365664"
"cold_scaffold","split2026","Ligand-only descriptors","Target_249","Oligo-7, an AAGGAG-containing RNA 15-mer","1","","","0.3979151468142845","0.3979151468142845"
"cold_scaffold","split2026","Ligand-only descriptors","Target_250","Oligo-1, a pyrimidine-rich RNA 15-mer","1","","","0.9392772977886445","0.9392772977886445"
"cold_scaffold","split2026","Ligand-only descriptors","Target_251","Oligo-2, an RNA 15-mer","1","","","0.9392772977886445","0.9392772977886445"
"cold_scaffold","split2026","Ligand-only descriptors","Target_252","Oligo-3, a purine-rich RNA 15-mer","1","","","0.9392772977886445","0.9392772977886445"
"cold_scaffold","split2026","Ligand-only descriptors","Target_253","Oligo-5, an RNA 15-mer","1","","","0.9392772977886445","0.9392772977886445"
"cold_scaffold","split2026","Ligand-only descriptors","Target_254","Oligo-6, an RNA 15-mer","1","","","0.9392772977886445","0.9392772977886445"
"cold_scaffold","split2026","Ligand-only descriptors","Target_255","TERRA G-quadruplex","1","","","0.003995520354327375","0.003995520354327375"
"cold_scaffold","split2026","Ligand-only descriptors","Target_259","NRAS G4 motif","2","1.0","0.9999999999999999","0.8411491663233723","0.743829868898584"
"cold_scaffold","split2026","Ligand-only descriptors","Target_265","miR-21 hairpin","3","-0.4237050407072304","-0.5","0.2883488683103634","0.23228968597990848"
"cold_scaffold","split2026","Ligand-only descriptors","Target_266","Pre-miR-372","7","0.3772003087728895","-0.1785714285714286","0.44425803333713576","0.2842143868459222"
"cold_scaffold","split2026","Ligand-only descriptors","Target_267","Pre-miR-373","6","-0.9039865327225227","-0.8857142857142858","0.3688635492639311","0.2980685309976851"
"cold_scaffold","split2026","Ligand-only descriptors","Target_281","r(CUG)16","1","","","1.2551526405032964","1.2551526405032964"
"cold_scaffold","split2026","Ligand-only descriptors","Target_282","Oligonucleotide 3","7","-0.059165304751213364","0.07142857142857144","0.9589707463357323","0.7936849479663134"
"cold_scaffold","split2026","Ligand-only descriptors","Target_283","Oligonucleotide 4","7","-0.0011320051271994785","0.0","0.9254802621705146","0.7667313280468662"
"cold_scaffold","split2026","Ligand-only descriptors","Target_284","SMN2 pre-mRNA GA-rich sequence","4","-0.9315548084412613","-0.7999999999999999","0.5758053360026476","0.48002829278398873"
"cold_scaffold","split2026","Ligand-only descriptors","Target_285","Seq20","1","","","0.7351573151327147","0.7351573151327147"
"cold_scaffold","split2026","Ligand-only descriptors","Target_286","Seq21","1","","","0.6020848531857146","0.6020848531857146"
"cold_scaffold","split2026","Ligand-only descriptors","Target_287","Seq22","1","","","0.22344999970905466","0.22344999970905466"
"cold_scaffold","split2026","Ligand-only descriptors","Target_288","Seq23","1","","","0.5166546578610856","0.5166546578610856"
"cold_scaffold","split2026","Ligand-only descriptors","Target_3","A-site 16S rRNA_E_coli (1)","40","0.590795924288838","0.5833881218226364","1.0779596719996747","0.9069365008086272"
"cold_scaffold","split2026","Ligand-only descriptors","Target_307","J6f1 RNA","1","","","2.829377043793351","2.829377043793351"
"cold_scaffold","split2026","Ligand-only descriptors","Target_308","J6fd6 RNA","1","","","1.3709225574395818","1.3709225574395818"
"cold_scaffold","split2026","Ligand-only descriptors","Target_309","J6f15 RNA","1","","","2.285911767731232","2.285911767731232"
"cold_scaffold","split2026","Ligand-only descriptors","Target_31","cyanocobalamin 35 nt RNA aptamer","1","","","1.315799331594552","1.315799331594552"
"cold_scaffold","split2026","Ligand-only descriptors","Target_310","J6f16 RNA","1","","","3.1346440924005803","3.1346440924005803"
"cold_scaffold","split2026","Ligand-only descriptors","Target_311","J6f17 RNA","1","","","2.285911767731232","2.285911767731232"
"cold_scaffold","split2026","Ligand-only descriptors","Target_312","Pre-miR-377","1","","","0.6353395863722637","0.6353395863722637"
"cold_scaffold","split2026","Ligand-only descriptors","Target_329","EV71 SLII RNA","1","","","0.9283246284669566","0.9283246284669566"
"cold_scaffold","split2026","Ligand-only descriptors","Target_345","(5'CGG/3'GGC) x1","2","-1.0","-0.9999999999999999","0.5069078975983698","0.3665737937062188"
"cold_scaffold","split2026","Ligand-only descriptors","Target_346","(5'CAG/3'GUC) x1","2","-1.0","-0.9999999999999999","0.8440499341091807","0.6424547121225705"
"cold_scaffold","split2026","Ligand-only descriptors","Target_372","B12.9","1","","","0.9658157775831322","0.9658157775831322"
"cold_scaffold","split2026","Ligand-only descriptors","Target_375","RNA hairpin loop I","1","","","0.1860500413827353","0.1860500413827353"
"cold_scaffold","split2026","Ligand-only descriptors","Target_376","RNA hairpin loop Ib","1","","","0.22861249769772574","0.22861249769772574"
"cold_scaffold","split2026","Ligand-only descriptors","Target_377","RNA hairpin loop II","1","","","0.2561342351277345","0.2561342351277345"
"cold_scaffold","split2026","Ligand-only descriptors","Target_378","RNA hairpin loop III","1","","","0.4167685431195949","0.4167685431195949"
"cold_scaffold","split2026","Ligand-only descriptors","Target_379","RNA hairpin loop IIIa","1","","","0.1359419335438954","0.1359419335438954"
"cold_scaffold","split2026","Ligand-only descriptors","Target_380","RNA hairpin loop IIIb","1","","","0.26460854267144374","0.26460854267144374"
"cold_scaffold","split2026","Ligand-only descriptors","Target_381","RNA hairpin loop IV","1","","","0.08355386408421328","0.08355386408421328"
"cold_scaffold","split2026","Ligand-only descriptors","Target_382","RNA hairpin loop Iva","1","","","0.26460854267144374","0.26460854267144374"
"cold_scaffold","split2026","Ligand-only descriptors","Target_39","Tetracycline in vitro aptamer","1","","","3.091596285347161","3.091596285347161"
"cold_scaffold","split2026","Ligand-only descriptors","Target_4","RNA_APTAMER_CB_42","1","","","0.13007993033459986","0.13007993033459986"
"cold_scaffold","split2026","Ligand-only descriptors","Target_407","E. coli transglycosidase mRNA","7","0.787760738998404","0.8829187134416479","0.36861262365089725","0.3043223123073373"
"cold_scaffold","split2026","Ligand-only descriptors","Target_408","HCV IRES Domain Iib","7","0.41915054114380057","0.22727272727272727","0.45192464402891475","0.3807446122391663"
"cold_scaffold","split2026","Ligand-only descriptors","Target_409","HIV protease active site (PAS) mRNA","7","0.7291549768628529","0.8468812149338255","0.39185684883518734","0.3615292613334651"
"cold_scaffold","split2026","Ligand-only descriptors","Target_410","human tyrosine sulfotransferase mRNA","7","0.26972327629558546","0.30631873731649006","0.6940962497180833","0.5954601426576801"
"cold_scaffold","split2026","Ligand-only descriptors","Target_411","Tetracycline riboswitch","8","0.37659553202275264","0.28571428571428575","2.7138540033761447","2.588372459571132"
"cold_scaffold","split2026","Ligand-only descriptors","Target_412","Tetracycline riboswitch A08G mutant","1","","","2.973496973269161","2.973496973269161"
"cold_scaffold","split2026","Ligand-only descriptors","Target_413","Tetracycline riboswitch A09G mutant","3","0.9772019610696077","1.0","0.5244572049688536","0.4739962525612018"
"cold_scaffold","split2026","Ligand-only descriptors","Target_414","Tetracycline riboswitch A13U mutant","3","0.9581120151991153","1.0","0.4134369055179468","0.3388147236566382"
"cold_scaffold","split2026","Ligand-only descriptors","Target_415","Tetracycline riboswitch A50U mutant","3","0.9563126700493472","1.0","0.4531892230031419","0.3992618859761687"
"cold_scaffold","split2026","Ligand-only descriptors","Target_416","Tetracycline riboswitch G51U mutant","1","","","2.5278186519849912","2.5278186519849912"
"cold_scaffold","split2026","Ligand-only descriptors","Target_417","Tetracycline riboswitch U54G mutant","1","","","2.5747305238493405","2.5747305238493405"
"cold_scaffold","split2026","Ligand-only descriptors","Target_418","Tetracycline riboswitch A55G mutant","1","","","2.766799567725431","2.766799567725431"
"cold_scaffold","split2026","Ligand-only descriptors","Target_441","U15C,U16C SLI_mutant","5","0.7927673290121862","0.7999999999999999","1.6706190160530654","1.6610912832573081"
"cold_scaffold","split2026","Ligand-only descriptors","Target_442","G17A,G18A SLI_mutant","5","0.18507893869401149","-0.35909242322980395","1.775762984872777","1.743298609221366"
"cold_scaffold","split2026","Ligand-only descriptors","Target_443","C19U,G20A SLI_mutant","5","0.7372423728882059","0.5642880936468347","1.7001929268095852","1.6882540628098262"
"cold_scaffold","split2026","Ligand-only descriptors","Target_444","G21A,A22G SLI_mutant","5","0.6716783336373885","0.49999999999999994","1.6174157947336114","1.60281250193226"
"cold_scaffold","split2026","Ligand-only descriptors","Target_445","TS mRNA Construct_4","3","-0.13041753726329755","-0.5","0.3985174323824872","0.28471563631914903"
"cold_scaffold","split2026","Ligand-only descriptors","Target_446","TS mRNA Construct_5","3","0.8054507703717033","1.0","0.2945291482351703","0.18895519379913997"
"cold_scaffold","split2026","Ligand-only descriptors","Target_6","Aptamer","1","","","1.463569644900267","1.463569644900267"
"cold_scaffold","split2026","Ligand-only descriptors","Target_63","Thymidylate synthase m-RNA","3","-0.4507002629939051","-0.5","0.43283236563081284","0.32253553998597706"
"cold_scaffold","split2026","Ligand-only descriptors","Target_64","Bcr-Abl m-RNA","7","-0.2508090214132179","-0.43643578047198484","0.5491329394021125","0.4191642913472817"
"cold_scaffold","split2026","Ligand-only descriptors","Target_65","PAX3-FKHR m-RNA","7","-0.04105729105032159","-0.21428571428571433","0.6325825755936781","0.5636258635911593"
"cold_scaffold","split2026","Ligand-only descriptors","Target_66","HCV IRES Domain IIId","10","0.8158834659690576","0.7963562622208846","0.4403747290806214","0.3689055543576127"
"cold_scaffold","split2026","Ligand-only descriptors","Target_67","HCV IRES IIa 40-mer","1","","","0.6504803245829978","0.6504803245829978"
"cold_scaffold","split2026","Ligand-only descriptors","Target_69","ADENINE RIBOSWITCH","1","","","3.610920182145242","3.610920182145242"
"cold_scaffold","split2026","Ligand-only descriptors","Target_74","Guanine riboswitch","2","1.0","0.9999999999999999","2.545845043096385","2.499625841594706"
"cold_scaffold","split2026","Ligand-only descriptors","Target_78","B.subtilis lysine riboswitch","1","","","0.7242490554558243","0.7242490554558243"
"cold_scaffold","split2026","Ligand-only descriptors","Target_79","T-box riboswitch","2","1.0","0.9999999999999999","0.506962997310282","0.40093472265865815"
"cold_scaffold","split2026","Ligand-only descriptors","Target_80","RRE-RNA","6","0.5703184133065327","0.5507824838698261","0.8837803359480301","0.6473318388424086"
"cold_scaffold","split2026","Ligand-only descriptors","Target_83","RRE3","1","","","0.04559235026180186","0.04559235026180186"
"cold_scaffold","split2026","Ligand-only descriptors","Target_84","RRE4","1","","","0.25197711329267847","0.25197711329267847"
"cold_scaffold","split2026","Ligand-only descriptors","Target_91","RRE11","1","","","0.0725339782208323","0.0725339782208323"
"cold_scaffold","split2026","Ligand-only descriptors","Target_97","decoding region 16SrRNA","3","0.8498938995203348","0.5","0.4617737024189845","0.3940030035533321"
"cold_scaffold","split2026","Ligand-only descriptors","Target_99","Bacterial ribosome","5","0.6806245401368961","0.3","1.2184003338426106","0.900704051600686"
"cold_scaffold","split2026","RNA+ligand descriptors","Target_100","50S subunit","4","0.9271766018766886","0.7999999999999999","0.5053264306524672","0.4546999794462072"
"cold_scaffold","split2026","RNA+ligand descriptors","Target_101","Small subunit","3","-0.5246983148225841","-0.5","1.433524614706667","1.30813394138161"
"cold_scaffold","split2026","RNA+ligand descriptors","Target_104","23SrRNA","3","-0.9673999791477677","-0.8660254037844387","1.236427039883709","1.0212583296195508"
"cold_scaffold","split2026","RNA+ligand descriptors","Target_109","HIV-1 FSS RNA","2","-1.0","-0.9999999999999999","1.279151382670837","1.12930547970509"
"cold_scaffold","split2026","RNA+ligand descriptors","Target_110","DM1-RNA-MBNL1","1","","","0.2809207192577574","0.2809207192577574"
"cold_scaffold","split2026","RNA+ligand descriptors","Target_112","T box antiterminator RNA","6","0.3546513941397602","0.48571428571428577","1.8129247607771624","1.7590310104041267"
"cold_scaffold","split2026","RNA+ligand descriptors","Target_121","Bulge_A_RNA","1","","","0.25914526221883616","0.25914526221883616"
"cold_scaffold","split2026","RNA+ligand descriptors","Target_122","L11 binding BD RNA","1","","","0.8319876198579479","0.8319876198579479"
"cold_scaffold","split2026","RNA+ligand descriptors","Target_123","RNA XIII","1","","","0.618363780144926","0.618363780144926"
"cold_scaffold","split2026","RNA+ligand descriptors","Target_127","SLI of Rep A","5","0.291663633182006","0.6668859288553503","1.1003403581508338","1.0487482334014542"
"cold_scaffold","split2026","RNA+ligand descriptors","Target_136","RNA_XIX","1","","","1.5794218558382154","1.5794218558382154"
"cold_scaffold","split2026","RNA+ligand descriptors","Target_137","RNA_XX","1","","","1.6826064158214864","1.6826064158214864"
"cold_scaffold","split2026","RNA+ligand descriptors","Target_138","RNA_XXI","1","","","1.6855949221359356","1.6855949221359356"
"cold_scaffold","split2026","RNA+ligand descriptors","Target_139","RNA_XXII","1","","","1.6514858008033544","1.6514858008033544"
"cold_scaffold","split2026","RNA+ligand descriptors","Target_146","SL3 RNA","2","1.0","0.9999999999999999","0.43810364953791725","0.4118602190043612"
"cold_scaffold","split2026","RNA+ligand descriptors","Target_147","Antiterminator model RNA AM1A","7","-0.9455999116549056","-0.8660254037844387","0.436732002335008","0.415252124792576"
"cold_scaffold","split2026","RNA+ligand descriptors","Target_149","Double stranded RNA seq","2","-1.0","-0.9999999999999999","0.3260851801055425","0.3255296546399866"
"cold_scaffold","split2026","RNA+ligand descriptors","Target_150","single stranded RNA seq","2","-1.0","-0.9999999999999999","0.373641883247714","0.35039629990753207"
"cold_scaffold","split2026","RNA+ligand descriptors","Target_159","Pri-miR-96 RNAC  (UU loop mutant to AU basepair)","3","-0.9338007480020447","-0.5","1.2416653807291453","1.1964301242149606"
"cold_scaffold","split2026","RNA+ligand descriptors","Target_160","Pri-miR-96 RNA1 (Drosha processing site only)","1","","","0.3026121201550609","0.3026121201550609"
"cold_scaffold","split2026","RNA+ligand descriptors","Target_161","Pri-miR-96 RNA2 (desired GG loop only)","1","","","0.214541538203175","0.214541538203175"
"cold_scaffold","split2026","RNA+ligand descriptors","Target_162","Pri-miR-96 RNA3 (both the Drosha target site and adjacent target site)","1","","","1.5364358879299322","1.5364358879299322"
"cold_scaffold","split2026","RNA+ligand descriptors","Target_163","Pri-miR-96 RNA4 (GG to GC loop mutation)","1","","","0.2990753413510632","0.2990753413510632"
"cold_scaffold","split2026","RNA+ligand descriptors","Target_164","Pri-miR-96 RNA5 (UU loop mutant to UA loop)","1","","","0.4508878701389767","0.4508878701389767"
"cold_scaffold","split2026","RNA+ligand descriptors","Target_165","Pri-miR-96 AT-rich DNA hairpin","1","","","1.4581479850604646","1.4581479850604646"
"cold_scaffold","split2026","RNA+ligand descriptors","Target_169","r(CGG)12","1","","","0.49730686742692587","0.49730686742692587"
"cold_scaffold","split2026","RNA+ligand descriptors","Target_182","r(GGCC)4","1","","","0.39496223532042407","0.39496223532042407"
"cold_scaffold","split2026","RNA+ligand descriptors","Target_183","r(GGGGCC)8","2","1.0","0.9999999999999999","0.9103557609266472","0.8975627101864889"
"cold_scaffold","split2026","RNA+ligand descriptors","Target_184","G-Quadruplex Conformation of r(GGGGCC)8","1","","","1.2644880914162941","1.2644880914162941"
"cold_scaffold","split2026","RNA+ligand descriptors","Target_188","HIV-1 FSS","4","0.9255024571873066","0.632455532033676","0.27347892046938","0.258091806799686"
"cold_scaffold","split2026","RNA+ligand descriptors","Target_19","HIV-1 TAR RNA","8","0.9276852201803104","0.8095238095238096","0.4890063843051275","0.40006526074803467"
"cold_scaffold","split2026","RNA+ligand descriptors","Target_195","108 nt yjdF Riboswitch Construct, B. subtilis, Mutant 1","1","","","2.1382218242938107","2.1382218242938107"
"cold_scaffold","split2026","RNA+ligand descriptors","Target_196","A10-RNA-WT QGRS in ADAM10 mRNA","1","","","0.9651604838521219","0.9651604838521219"
"cold_scaffold","split2026","RNA+ligand descriptors","Target_198","DDPAC hairpin A-bulge","2","1.0","0.9999999999999999","0.17517791321645318","0.14492242223945428"
"cold_scaffold","split2026","RNA+ligand descriptors","Target_20","RNA_Str_HIV-2 TAR","2","","","0.5570723521649772","0.5464481642492052"
"cold_scaffold","split2026","RNA+ligand descriptors","Target_204","5'CAG/3'GAC","1","","","1.5463297958029578","1.5463297958029578"
"cold_scaffold","split2026","RNA+ligand descriptors","Target_205","5'CGG/3'GGC Loop","1","","","1.5195832621380774","1.5195832621380774"
"cold_scaffold","split2026","RNA+ligand descriptors","Target_206","5'CUG/3'GUC, DM1 Motif","1","","","1.5847382502325633","1.5847382502325633"
"cold_scaffold","split2026","RNA+ligand descriptors","Target_207","Fully Paired RNA","1","","","1.5169274640489894","1.5169274640489894"
"cold_scaffold","split2026","RNA+ligand descriptors","Target_217","Influenza RNA promoter","1","","","0.3495741813657194","0.3495741813657194"
"cold_scaffold","split2026","RNA+ligand descriptors","Target_227","Pre-miR-21","2","-1.0","-0.9999999999999999","0.9270932303115085","0.713873012489934"
"cold_scaffold","split2026","RNA+ligand descriptors","Target_248","Oligo-4, an AGGAAG-containing RNA 15-mer","1","","","0.13939241898466737","0.13939241898466737"
"cold_scaffold","split2026","RNA+ligand descriptors","Target_249","Oligo-7, an AAGGAG-containing RNA 15-mer","1","","","0.5470499635272157","0.5470499635272157"
"cold_scaffold","split2026","RNA+ligand descriptors","Target_250","Oligo-1, a pyrimidine-rich RNA 15-mer","1","","","1.075586861740471","1.075586861740471"
"cold_scaffold","split2026","RNA+ligand descriptors","Target_251","Oligo-2, an RNA 15-mer","1","","","1.2230285117650879","1.2230285117650879"
"cold_scaffold","split2026","RNA+ligand descriptors","Target_252","Oligo-3, a purine-rich RNA 15-mer","1","","","1.1454772740690573","1.1454772740690573"
"cold_scaffold","split2026","RNA+ligand descriptors","Target_253","Oligo-5, an RNA 15-mer","1","","","0.9530965637345159","0.9530965637345159"
"cold_scaffold","split2026","RNA+ligand descriptors","Target_254","Oligo-6, an RNA 15-mer","1","","","1.1445048604638557","1.1445048604638557"
"cold_scaffold","split2026","RNA+ligand descriptors","Target_255","TERRA G-quadruplex","1","","","0.11252317730559014","0.11252317730559014"
"cold_scaffold","split2026","RNA+ligand descriptors","Target_259","NRAS G4 motif","2","1.0","0.9999999999999999","0.7007560195930111","0.6062288590453244"
"cold_scaffold","split2026","RNA+ligand descriptors","Target_265","miR-21 hairpin","3","-0.20833696863628637","-0.5","0.22577784294499584","0.18465567034238037"
"cold_scaffold","split2026","RNA+ligand descriptors","Target_266","Pre-miR-372","7","0.6107809053848012","0.5714285714285715","0.34654912336805943","0.2235809579811708"
"cold_scaffold","split2026","RNA+ligand descriptors","Target_267","Pre-miR-373","6","0.6475448625147848","0.14285714285714288","0.2726507381304243","0.23207999199761672"
"cold_scaffold","split2026","RNA+ligand descriptors","Target_281","r(CUG)16","1","","","1.1775253327885924","1.1775253327885924"
"cold_scaffold","split2026","RNA+ligand descriptors","Target_282","Oligonucleotide 3","7","0.1717322858002833","0.3214285714285715","0.6617360947965361","0.49825205574466075"
"cold_scaffold","split2026","RNA+ligand descriptors","Target_283","Oligonucleotide 4","7","0.2327432332817582","0.3214285714285715","0.643389763397373","0.48787059093810836"
"cold_scaffold","split2026","RNA+ligand descriptors","Target_284","SMN2 pre-mRNA GA-rich sequence","4","-0.9495572239815024","-1.0","0.49145638920173745","0.4042069213122277"
"cold_scaffold","split2026","RNA+ligand descriptors","Target_285","Seq20","1","","","0.7580499657339077","0.7580499657339077"
"cold_scaffold","split2026","RNA+ligand descriptors","Target_286","Seq21","1","","","0.42838380998494685","0.42838380998494685"
"cold_scaffold","split2026","RNA+ligand descriptors","Target_287","Seq22","1","","","0.033403972100233936","0.033403972100233936"
"cold_scaffold","split2026","RNA+ligand descriptors","Target_288","Seq23","1","","","0.3149658770360766","0.3149658770360766"
"cold_scaffold","split2026","RNA+ligand descriptors","Target_3","A-site 16S rRNA_E_coli (1)","40","0.7563088243483331","0.7915533171576763","0.826442263854917","0.6611795611644578"
"cold_scaffold","split2026","RNA+ligand descriptors","Target_307","J6f1 RNA","1","","","2.686889732173805","2.686889732173805"
"cold_scaffold","split2026","RNA+ligand descriptors","Target_308","J6fd6 RNA","1","","","1.207028031197991","1.207028031197991"
"cold_scaffold","split2026","RNA+ligand descriptors","Target_309","J6f15 RNA","1","","","2.1442938116451833","2.1442938116451833"
"cold_scaffold","split2026","RNA+ligand descriptors","Target_31","cyanocobalamin 35 nt RNA aptamer","1","","","1.4256541442741115","1.4256541442741115"
"cold_scaffold","split2026","RNA+ligand descriptors","Target_310","J6f16 RNA","1","","","3.0274894138944815","3.0274894138944815"
"cold_scaffold","split2026","RNA+ligand descriptors","Target_311","J6f17 RNA","1","","","2.153469105390819","2.153469105390819"
"cold_scaffold","split2026","RNA+ligand descriptors","Target_312","Pre-miR-377","1","","","0.6707768038389696","0.6707768038389696"
"cold_scaffold","split2026","RNA+ligand descriptors","Target_329","EV71 SLII RNA","1","","","0.652179367213833","0.652179367213833"
"cold_scaffold","split2026","RNA+ligand descriptors","Target_345","(5'CGG/3'GGC) x1","2","1.0","0.9999999999999999","0.3287741190978413","0.28864143865048764"
"cold_scaffold","split2026","RNA+ligand descriptors","Target_346","(5'CAG/3'GUC) x1","2","1.0","0.9999999999999999","0.5365916166140667","0.47268543951880027"
"cold_scaffold","split2026","RNA+ligand descriptors","Target_372","B12.9","1","","","1.0205070786304544","1.0205070786304544"
"cold_scaffold","split2026","RNA+ligand descriptors","Target_375","RNA hairpin loop I","1","","","0.24502407821230054","0.24502407821230054"
"cold_scaffold","split2026","RNA+ligand descriptors","Target_376","RNA hairpin loop Ib","1","","","0.2587523779128347","0.2587523779128347"
"cold_scaffold","split2026","RNA+ligand descriptors","Target_377","RNA hairpin loop II","1","","","0.37038093886938483","0.37038093886938483"
"cold_scaffold","split2026","RNA+ligand descriptors","Target_378","RNA hairpin loop III","1","","","0.45199722209515336","0.45199722209515336"
"cold_scaffold","split2026","RNA+ligand descriptors","Target_379","RNA hairpin loop IIIa","1","","","0.06563745523113251","0.06563745523113251"
"cold_scaffold","split2026","RNA+ligand descriptors","Target_380","RNA hairpin loop IIIb","1","","","0.17759966111710046","0.17759966111710046"
"cold_scaffold","split2026","RNA+ligand descriptors","Target_381","RNA hairpin loop IV","1","","","0.08374953591228085","0.08374953591228085"
"cold_scaffold","split2026","RNA+ligand descriptors","Target_382","RNA hairpin loop Iva","1","","","0.07732461391194345","0.07732461391194345"
"cold_scaffold","split2026","RNA+ligand descriptors","Target_39","Tetracycline in vitro aptamer","1","","","2.992265022123184","2.992265022123184"
"cold_scaffold","split2026","RNA+ligand descriptors","Target_4","RNA_APTAMER_CB_42","1","","","0.8597486405319454","0.8597486405319454"
"cold_scaffold","split2026","RNA+ligand descriptors","Target_407","E. coli transglycosidase mRNA","7","0.5402251896990231","0.6666937223947137","0.47308255414473654","0.41506583303456523"
"cold_scaffold","split2026","RNA+ligand descriptors","Target_408","HCV IRES Domain Iib","7","0.31241375700683194","0.37272727272727274","0.49531676876683556","0.41255369599113273"
"cold_scaffold","split2026","RNA+ligand descriptors","Target_409","HIV protease active site (PAS) mRNA","7","0.38930128807241343","0.16216874328520064","0.45189041246962874","0.3555306282352485"
"cold_scaffold","split2026","RNA+ligand descriptors","Target_410","human tyrosine sulfotransferase mRNA","7","-0.5585072726634902","-0.34235623582431246","0.5443143883909491","0.39829147078849875"
"cold_scaffold","split2026","RNA+ligand descriptors","Target_411","Tetracycline riboswitch","8","-0.11518815728932533","-0.4285714285714286","2.6323501070371425","2.4753338061068595"
"cold_scaffold","split2026","RNA+ligand descriptors","Target_412","Tetracycline riboswitch A08G mutant","1","","","2.8883438318907793","2.8883438318907793"
"cold_scaffold","split2026","RNA+ligand descriptors","Target_413","Tetracycline riboswitch A09G mutant","3","-0.011622546972234471","0.5","0.5362033730382768","0.5221612382328766"
"cold_scaffold","split2026","RNA+ligand descriptors","Target_414","Tetracycline riboswitch A13U mutant","3","0.16493668093290806","0.5","0.3924466259761439","0.37605219630463643"
"cold_scaffold","split2026","RNA+ligand descriptors","Target_415","Tetracycline riboswitch A50U mutant","3","0.03886855827430316","0.5","0.470959914003814","0.445849847265498"
"cold_scaffold","split2026","RNA+ligand descriptors","Target_416","Tetracycline riboswitch G51U mutant","1","","","2.4036779913614117","2.4036779913614117"
"cold_scaffold","split2026","RNA+ligand descriptors","Target_417","Tetracycline riboswitch U54G mutant","1","","","2.481991092514458","2.481991092514458"
"cold_scaffold","split2026","RNA+ligand descriptors","Target_418","Tetracycline riboswitch A55G mutant","1","","","2.6545233820774836","2.6545233820774836"
"cold_scaffold","split2026","RNA+ligand descriptors","Target_441","U15C,U16C SLI_mutant","5","0.7805567833670176","0.9999999999999999","1.0558165315354522","1.0397388864183355"
"cold_scaffold","split2026","RNA+ligand descriptors","Target_442","G17A,G18A SLI_mutant","5","-0.2574531086532182","0.05129891760425771","1.1397645856583656","1.053739104248788"
"cold_scaffold","split2026","RNA+ligand descriptors","Target_443","C19U,G20A SLI_mutant","5","0.5554779086650816","0.5642880936468347","0.9887160621898144","0.9511362052305421"
"cold_scaffold","split2026","RNA+ligand descriptors","Target_444","G21A,A22G SLI_mutant","5","0.45015346214443874","0.7","0.9941548135685315","0.9542989617078901"
"cold_scaffold","split2026","RNA+ligand descriptors","Target_445","TS mRNA Construct_4","3","-0.1359978934922665","-0.5","0.2694776568353274","0.21521899985489915"
"cold_scaffold","split2026","RNA+ligand descriptors","Target_446","TS mRNA Construct_5","3","0.8381576935589264","1.0","0.0973628296989878","0.0695423453089085"
"cold_scaffold","split2026","RNA+ligand descriptors","Target_6","Aptamer","1","","","1.114436836027953","1.114436836027953"
"cold_scaffold","split2026","RNA+ligand descriptors","Target_63","Thymidylate synthase m-RNA","3","-0.48733368973591895","-0.5","0.2710875349665138","0.20944668756781107"
"cold_scaffold","split2026","RNA+ligand descriptors","Target_64","Bcr-Abl m-RNA","7","0.06476967665994321","-0.20003306604965973","0.37470731031034116","0.30083384441390787"
"cold_scaffold","split2026","RNA+ligand descriptors","Target_65","PAX3-FKHR m-RNA","7","0.3094293428156666","0.10714285714285716","0.41615215311097475","0.3610633671170138"
"cold_scaffold","split2026","RNA+ligand descriptors","Target_66","HCV IRES Domain IIId","10","0.6622931589763633","0.4559291577600484","0.4554638126532951","0.3886001954355495"
"cold_scaffold","split2026","RNA+ligand descriptors","Target_67","HCV IRES IIa 40-mer","1","","","0.7724161652159047","0.7724161652159047"
"cold_scaffold","split2026","RNA+ligand descriptors","Target_69","ADENINE RIBOSWITCH","1","","","3.166382562294669","3.166382562294669"
"cold_scaffold","split2026","RNA+ligand descriptors","Target_74","Guanine riboswitch","2","1.0","0.9999999999999999","1.9577468224300458","1.9443349565671957"
"cold_scaffold","split2026","RNA+ligand descriptors","Target_78","B.subtilis lysine riboswitch","1","","","1.0673490538665433","1.0673490538665433"
"cold_scaffold","split2026","RNA+ligand descriptors","Target_79","T-box riboswitch","2","-1.0","-0.9999999999999999","0.6269522401658734","0.46741641562997627"
"cold_scaffold","split2026","RNA+ligand descriptors","Target_80","RRE-RNA","6","0.6830812154682376","0.6087595874350709","1.0082751616697654","0.680248085044865"
"cold_scaffold","split2026","RNA+ligand descriptors","Target_83","RRE3","1","","","0.36979193027193613","0.36979193027193613"
"cold_scaffold","split2026","RNA+ligand descriptors","Target_84","RRE4","1","","","0.10478296812995325","0.10478296812995325"
"cold_scaffold","split2026","RNA+ligand descriptors","Target_91","RRE11","1","","","0.3608191835361616","0.3608191835361616"
"cold_scaffold","split2026","RNA+ligand descriptors","Target_97","decoding region 16SrRNA","3","0.8106420045522067","0.5","0.38619399268714916","0.33415626502667956"
"cold_scaffold","split2026","RNA+ligand descriptors","Target_99","Bacterial ribosome","5","0.7026381892511897","0.3","1.1090221262272584","0.68819814910614"
"cold_scaffold","split2026","Sequence-SMILES ridge","Target_100","50S subunit","4","0.5078414639063276","0.39999999999999997","1.410692840340533","1.2384674965355305"
"cold_scaffold","split2026","Sequence-SMILES ridge","Target_101","Small subunit","3","0.998428037015351","1.0","1.0402724815914235","0.8477609089827377"
"cold_scaffold","split2026","Sequence-SMILES ridge","Target_104","23SrRNA","3","0.9673999791477677","0.8660254037844387","1.2270139219546101","0.9230018155436697"
"cold_scaffold","split2026","Sequence-SMILES ridge","Target_109","HIV-1 FSS RNA","2","-1.0","-0.9999999999999999","1.8789136711649237","1.6084888906487633"
"cold_scaffold","split2026","Sequence-SMILES ridge","Target_110","DM1-RNA-MBNL1","1","","","0.12455055730299947","0.12455055730299947"
"cold_scaffold","split2026","Sequence-SMILES ridge","Target_112","T box antiterminator RNA","6","0.7509515979100333","0.5428571428571429","2.5863321985604895","2.5487113378618695"
"cold_scaffold","split2026","Sequence-SMILES ridge","Target_121","Bulge_A_RNA","1","","","0.026385939329542474","0.026385939329542474"
"cold_scaffold","split2026","Sequence-SMILES ridge","Target_122","L11 binding BD RNA","1","","","1.0625053133064943","1.0625053133064943"
"cold_scaffold","split2026","Sequence-SMILES ridge","Target_123","RNA XIII","1","","","1.0503730879695912","1.0503730879695912"
"cold_scaffold","split2026","Sequence-SMILES ridge","Target_127","SLI of Rep A","5","0.8883331070338576","0.9746794344808963","0.5495650718569057","0.457914173995743"
"cold_scaffold","split2026","Sequence-SMILES ridge","Target_136","RNA_XIX","1","","","1.5463764429491382","1.5463764429491382"
"cold_scaffold","split2026","Sequence-SMILES ridge","Target_137","RNA_XX","1","","","1.7654838728214086","1.7654838728214086"
"cold_scaffold","split2026","Sequence-SMILES ridge","Target_138","RNA_XXI","1","","","1.7648871111118547","1.7648871111118547"
"cold_scaffold","split2026","Sequence-SMILES ridge","Target_139","RNA_XXII","1","","","1.9137340669223564","1.9137340669223564"
"cold_scaffold","split2026","Sequence-SMILES ridge","Target_146","SL3 RNA","2","1.0","0.9999999999999999","0.8272996823646559","0.827107422727893"
"cold_scaffold","split2026","Sequence-SMILES ridge","Target_147","Antiterminator model RNA AM1A","7","0.055519009709010275","-0.14285714285714288","0.7781769986004469","0.6480943093149888"
"cold_scaffold","split2026","Sequence-SMILES ridge","Target_149","Double stranded RNA seq","2","1.0","0.9999999999999999","1.0366555695861577","1.015135265090885"
"cold_scaffold","split2026","Sequence-SMILES ridge","Target_150","single stranded RNA seq","2","1.0","0.9999999999999999","1.1366192290227672","1.1224865861943571"
"cold_scaffold","split2026","Sequence-SMILES ridge","Target_159","Pri-miR-96 RNAC  (UU loop mutant to AU basepair)","3","-0.9999881487233302","-1.0","1.4984985845284442","1.3676313492454504"
"cold_scaffold","split2026","Sequence-SMILES ridge","Target_160","Pri-miR-96 RNA1 (Drosha processing site only)","1","","","1.4393640100143248","1.4393640100143248"
"cold_scaffold","split2026","Sequence-SMILES ridge","Target_161","Pri-miR-96 RNA2 (desired GG loop only)","1","","","0.898158383244656","0.898158383244656"
"cold_scaffold","split2026","Sequence-SMILES ridge","Target_162","Pri-miR-96 RNA3 (both the Drosha target site and adjacent target site)","1","","","2.0410207502984896","2.0410207502984896"
"cold_scaffold","split2026","Sequence-SMILES ridge","Target_163","Pri-miR-96 RNA4 (GG to GC loop mutation)","1","","","0.5562481146361815","0.5562481146361815"
"cold_scaffold","split2026","Sequence-SMILES ridge","Target_164","Pri-miR-96 RNA5 (UU loop mutant to UA loop)","1","","","1.229262024990125","1.229262024990125"
"cold_scaffold","split2026","Sequence-SMILES ridge","Target_165","Pri-miR-96 AT-rich DNA hairpin","1","","","0.5755617187908371","0.5755617187908371"
"cold_scaffold","split2026","Sequence-SMILES ridge","Target_169","r(CGG)12","1","","","0.24752534148505934","0.24752534148505934"
"cold_scaffold","split2026","Sequence-SMILES ridge","Target_182","r(GGCC)4","1","","","0.8074906832292861","0.8074906832292861"
"cold_scaffold","split2026","Sequence-SMILES ridge","Target_183","r(GGGGCC)8","2","1.0","0.9999999999999999","1.831178015192376","1.713403431577262"
"cold_scaffold","split2026","Sequence-SMILES ridge","Target_184","G-Quadruplex Conformation of r(GGGGCC)8","1","","","1.2821345928719836","1.2821345928719836"
"cold_scaffold","split2026","Sequence-SMILES ridge","Target_188","HIV-1 FSS","4","0.46951482576484893","0.316227766016838","0.6995550602112216","0.6924606939120412"
"cold_scaffold","split2026","Sequence-SMILES ridge","Target_19","HIV-1 TAR RNA","8","0.7354768813019107","0.523809523809524","0.5857032032690015","0.5086740744012597"
"cold_scaffold","split2026","Sequence-SMILES ridge","Target_195","108 nt yjdF Riboswitch Construct, B. subtilis, Mutant 1","1","","","0.7292175245662484","0.7292175245662484"
"cold_scaffold","split2026","Sequence-SMILES ridge","Target_196","A10-RNA-WT QGRS in ADAM10 mRNA","1","","","0.8018724168941374","0.8018724168941374"
"cold_scaffold","split2026","Sequence-SMILES ridge","Target_198","DDPAC hairpin A-bulge","2","-1.0","-0.9999999999999999","0.40103455143645417","0.3800772383769577"
"cold_scaffold","split2026","Sequence-SMILES ridge","Target_20","RNA_Str_HIV-2 TAR","2","","","0.40896335575648984","0.395028089092178"
"cold_scaffold","split2026","Sequence-SMILES ridge","Target_204","5'CAG/3'GAC","1","","","1.6087767855750092","1.6087767855750092"
"cold_scaffold","split2026","Sequence-SMILES ridge","Target_205","5'CGG/3'GGC Loop","1","","","0.7747510532260922","0.7747510532260922"
"cold_scaffold","split2026","Sequence-SMILES ridge","Target_206","5'CUG/3'GUC, DM1 Motif","1","","","1.325994290653104","1.325994290653104"
"cold_scaffold","split2026","Sequence-SMILES ridge","Target_207","Fully Paired RNA","1","","","1.691144938287696","1.691144938287696"
"cold_scaffold","split2026","Sequence-SMILES ridge","Target_217","Influenza RNA promoter","1","","","0.001736388758375007","0.001736388758375007"
"cold_scaffold","split2026","Sequence-SMILES ridge","Target_227","Pre-miR-21","2","-1.0","-0.9999999999999999","0.6957609405202234","0.5329340572590917"
"cold_scaffold","split2026","Sequence-SMILES ridge","Target_248","Oligo-4, an AGGAAG-containing RNA 15-mer","1","","","0.3124802204709187","0.3124802204709187"
"cold_scaffold","split2026","Sequence-SMILES ridge","Target_249","Oligo-7, an AAGGAG-containing RNA 15-mer","1","","","1.4381779062005542","1.4381779062005542"
"cold_scaffold","split2026","Sequence-SMILES ridge","Target_250","Oligo-1, a pyrimidine-rich RNA 15-mer","1","","","0.721336033126073","0.721336033126073"
"cold_scaffold","split2026","Sequence-SMILES ridge","Target_251","Oligo-2, an RNA 15-mer","1","","","1.8648339755072452","1.8648339755072452"
"cold_scaffold","split2026","Sequence-SMILES ridge","Target_252","Oligo-3, a purine-rich RNA 15-mer","1","","","0.9544450293205418","0.9544450293205418"
"cold_scaffold","split2026","Sequence-SMILES ridge","Target_253","Oligo-5, an RNA 15-mer","1","","","1.1743471327224095","1.1743471327224095"
"cold_scaffold","split2026","Sequence-SMILES ridge","Target_254","Oligo-6, an RNA 15-mer","1","","","0.24592442846347984","0.24592442846347984"
"cold_scaffold","split2026","Sequence-SMILES ridge","Target_255","TERRA G-quadruplex","1","","","0.4951422932748617","0.4951422932748617"
"cold_scaffold","split2026","Sequence-SMILES ridge","Target_259","NRAS G4 motif","2","1.0","0.9999999999999999","0.6997677618122211","0.5235494104415221"
"cold_scaffold","split2026","Sequence-SMILES ridge","Target_265","miR-21 hairpin","3","0.15718114802403002","-0.5","0.22024745922634775","0.17112195508456432"
"cold_scaffold","split2026","Sequence-SMILES ridge","Target_266","Pre-miR-372","7","0.08610065777608891","-0.3214285714285715","0.4925444023039822","0.3144424808762731"
"cold_scaffold","split2026","Sequence-SMILES ridge","Target_267","Pre-miR-373","6","-0.6419475187537714","-0.7714285714285715","0.397173342719904","0.2919963406942117"
"cold_scaffold","split2026","Sequence-SMILES ridge","Target_281","r(CUG)16","1","","","1.9721757955215828","1.9721757955215828"
"cold_scaffold","split2026","Sequence-SMILES ridge","Target_282","Oligonucleotide 3","7","0.3536819952353697","0.39285714285714296","1.0005626045404656","0.8093304329695327"
"cold_scaffold","split2026","Sequence-SMILES ridge","Target_283","Oligonucleotide 4","7","0.368987292681053","0.42857142857142866","0.7484789030051814","0.5981101928203378"
"cold_scaffold","split2026","Sequence-SMILES ridge","Target_284","SMN2 pre-mRNA GA-rich sequence","4","-0.7142032061846249","-0.7999999999999999","1.0671122340220232","0.9547618466270751"
"cold_scaffold","split2026","Sequence-SMILES ridge","Target_285","Seq20","1","","","0.5706953730178066","0.5706953730178066"
"cold_scaffold","split2026","Sequence-SMILES ridge","Target_286","Seq21","1","","","2.1460560520676686","2.1460560520676686"
"cold_scaffold","split2026","Sequence-SMILES ridge","Target_287","Seq22","1","","","1.6462554794111806","1.6462554794111806"
"cold_scaffold","split2026","Sequence-SMILES ridge","Target_288","Seq23","1","","","0.9306679318365401","0.9306679318365401"
"cold_scaffold","split2026","Sequence-SMILES ridge","Target_3","A-site 16S rRNA_E_coli (1)","40","0.6289056703928435","0.6986391857863105","1.0013236616534151","0.7825895275201589"
"cold_scaffold","split2026","Sequence-SMILES ridge","Target_307","J6f1 RNA","1","","","1.1309418558172375","1.1309418558172375"
"cold_scaffold","split2026","Sequence-SMILES ridge","Target_308","J6fd6 RNA","1","","","0.502918778944089","0.502918778944089"
"cold_scaffold","split2026","Sequence-SMILES ridge","Target_309","J6f15 RNA","1","","","0.8697887723104536","0.8697887723104536"
"cold_scaffold","split2026","Sequence-SMILES ridge","Target_31","cyanocobalamin 35 nt RNA aptamer","1","","","1.4900702775988828","1.4900702775988828"
"cold_scaffold","split2026","Sequence-SMILES ridge","Target_310","J6f16 RNA","1","","","1.199740970368068","1.199740970368068"
"cold_scaffold","split2026","Sequence-SMILES ridge","Target_311","J6f17 RNA","1","","","0.7280782020549008","0.7280782020549008"
"cold_scaffold","split2026","Sequence-SMILES ridge","Target_312","Pre-miR-377","1","","","0.0724752308912322","0.0724752308912322"
"cold_scaffold","split2026","Sequence-SMILES ridge","Target_329","EV71 SLII RNA","1","","","0.6356942419755409","0.6356942419755409"
"cold_scaffold","split2026","Sequence-SMILES ridge","Target_345","(5'CGG/3'GGC) x1","2","1.0","0.9999999999999999","0.2947538535905742","0.29259619631590095"
"cold_scaffold","split2026","Sequence-SMILES ridge","Target_346","(5'CAG/3'GUC) x1","2","1.0","0.9999999999999999","0.27041388546727896","0.2280921203376125"
"cold_scaffold","split2026","Sequence-SMILES ridge","Target_372","B12.9","1","","","0.4769414640730254","0.4769414640730254"
"cold_scaffold","split2026","Sequence-SMILES ridge","Target_375","RNA hairpin loop I","1","","","0.1255684861240578","0.1255684861240578"
"cold_scaffold","split2026","Sequence-SMILES ridge","Target_376","RNA hairpin loop Ib","1","","","0.1716263674423324","0.1716263674423324"
"cold_scaffold","split2026","Sequence-SMILES ridge","Target_377","RNA hairpin loop II","1","","","0.405499509454037","0.405499509454037"
"cold_scaffold","split2026","Sequence-SMILES ridge","Target_378","RNA hairpin loop III","1","","","0.5667305791554513","0.5667305791554513"
"cold_scaffold","split2026","Sequence-SMILES ridge","Target_379","RNA hairpin loop IIIa","1","","","0.15297787802097407","0.15297787802097407"
"cold_scaffold","split2026","Sequence-SMILES ridge","Target_380","RNA hairpin loop IIIb","1","","","0.31618180302906396","0.31618180302906396"
"cold_scaffold","split2026","Sequence-SMILES ridge","Target_381","RNA hairpin loop IV","1","","","0.08466894430956806","0.08466894430956806"
"cold_scaffold","split2026","Sequence-SMILES ridge","Target_382","RNA hairpin loop Iva","1","","","0.007455911425027217","0.007455911425027217"
"cold_scaffold","split2026","Sequence-SMILES ridge","Target_39","Tetracycline in vitro aptamer","1","","","3.409816773178452","3.409816773178452"
"cold_scaffold","split2026","Sequence-SMILES ridge","Target_4","RNA_APTAMER_CB_42","1","","","1.3275315828325258","1.3275315828325258"
"cold_scaffold","split2026","Sequence-SMILES ridge","Target_407","E. coli transglycosidase mRNA","7","-0.34453080744196535","-0.09009374626955591","0.8645816295700048","0.5809900174022051"
"cold_scaffold","split2026","Sequence-SMILES ridge","Target_408","HCV IRES Domain Iib","7","0.1471321274773473","0.06363636363636363","0.6890452449696618","0.5570634011969194"
"cold_scaffold","split2026","Sequence-SMILES ridge","Target_409","HIV protease active site (PAS) mRNA","7","-0.11937061907258842","0.23424374030084535","0.7664787905973361","0.5077289424670857"
"cold_scaffold","split2026","Sequence-SMILES ridge","Target_410","human tyrosine sulfotransferase mRNA","7","-0.4206757055393868","0.054056247761733546","0.8597034210115555","0.6133690837098401"
"cold_scaffold","split2026","Sequence-SMILES ridge","Target_411","Tetracycline riboswitch","8","0.2948033501632028","0.28571428571428575","2.9028770826243857","2.7784078938466843"
"cold_scaffold","split2026","Sequence-SMILES ridge","Target_412","Tetracycline riboswitch A08G mutant","1","","","3.396439847271404","3.396439847271404"
"cold_scaffold","split2026","Sequence-SMILES ridge","Target_413","Tetracycline riboswitch A09G mutant","3","-0.8206257754231471","-0.5","1.2050247971295946","1.0975501666849452"
"cold_scaffold","split2026","Sequence-SMILES ridge","Target_414","Tetracycline riboswitch A13U mutant","3","-0.774538133854522","-0.5","0.8110547431283247","0.8047228609491901"
"cold_scaffold","split2026","Sequence-SMILES ridge","Target_415","Tetracycline riboswitch A50U mutant","3","-0.7705900478920109","-0.5","1.256858219794635","1.0859462367335355"
"cold_scaffold","split2026","Sequence-SMILES ridge","Target_416","Tetracycline riboswitch G51U mutant","1","","","2.946665395427683","2.946665395427683"
"cold_scaffold","split2026","Sequence-SMILES ridge","Target_417","Tetracycline riboswitch U54G mutant","1","","","3.2847579465532357","3.2847579465532357"
"cold_scaffold","split2026","Sequence-SMILES ridge","Target_418","Tetracycline riboswitch A55G mutant","1","","","3.079607940204416","3.079607940204416"
"cold_scaffold","split2026","Sequence-SMILES ridge","Target_441","U15C,U16C SLI_mutant","5","0.43553696342915116","0.7","0.6638979530691063","0.4907348194221175"
"cold_scaffold","split2026","Sequence-SMILES ridge","Target_442","G17A,G18A SLI_mutant","5","0.8944778010952202","0.6155870112510925","0.5884437274827686","0.5353405055795909"
"cold_scaffold","split2026","Sequence-SMILES ridge","Target_443","C19U,G20A SLI_mutant","5","0.6085041567471662","0.9746794344808963","0.6038676471415302","0.47797674736227086"
"cold_scaffold","split2026","Sequence-SMILES ridge","Target_444","G21A,A22G SLI_mutant","5","0.8338558695580371","0.9999999999999999","0.5955126344672059","0.4547100813711076"
"cold_scaffold","split2026","Sequence-SMILES ridge","Target_445","TS mRNA Construct_4","3","0.5338705709976594","0.5","0.7330106386521673","0.6124519700230433"
"cold_scaffold","split2026","Sequence-SMILES ridge","Target_446","TS mRNA Construct_5","3","0.24010506705287815","0.5","0.7359739714072394","0.6259708427576068"
"cold_scaffold","split2026","Sequence-SMILES ridge","Target_6","Aptamer","1","","","1.3118113493390124","1.3118113493390124"
"cold_scaffold","split2026","Sequence-SMILES ridge","Target_63","Thymidylate synthase m-RNA","3","0.22448248980036145","0.5","0.7405430496682922","0.5997222418425956"
"cold_scaffold","split2026","Sequence-SMILES ridge","Target_64","Bcr-Abl m-RNA","7","0.2613305540119649","0.09092412093166351","0.6590627447796442","0.5194798633565517"
"cold_scaffold","split2026","Sequence-SMILES ridge","Target_65","PAX3-FKHR m-RNA","7","0.5838501928006138","0.3214285714285715","0.5144838531194622","0.4117545495272881"
"cold_scaffold","split2026","Sequence-SMILES ridge","Target_66","HCV IRES Domain IIId","10","0.007501627269448278","0.16413449679361747","0.6962560962968531","0.4945160495629515"
"cold_scaffold","split2026","Sequence-SMILES ridge","Target_67","HCV IRES IIa 40-mer","1","","","1.3201075831796727","1.3201075831796727"
"cold_scaffold","split2026","Sequence-SMILES ridge","Target_69","ADENINE RIBOSWITCH","1","","","2.3875795691777757","2.3875795691777757"
"cold_scaffold","split2026","Sequence-SMILES ridge","Target_74","Guanine riboswitch","2","1.0","0.9999999999999999","1.5120682620140802","1.502068333233673"
"cold_scaffold","split2026","Sequence-SMILES ridge","Target_78","B.subtilis lysine riboswitch","1","","","0.8521336616296233","0.8521336616296233"
"cold_scaffold","split2026","Sequence-SMILES ridge","Target_79","T-box riboswitch","2","1.0","0.9999999999999999","0.761847877669643","0.760571095083808"
"cold_scaffold","split2026","Sequence-SMILES ridge","Target_80","RRE-RNA","6","0.32566965398503844","0.7247137945655605","1.3019207917320743","0.9940406989393317"
"cold_scaffold","split2026","Sequence-SMILES ridge","Target_83","RRE3","1","","","0.38036067033338483","0.38036067033338483"
"cold_scaffold","split2026","Sequence-SMILES ridge","Target_84","RRE4","1","","","0.8389345654646769","0.8389345654646769"
"cold_scaffold","split2026","Sequence-SMILES ridge","Target_91","RRE11","1","","","0.34755212852034045","0.34755212852034045"
"cold_scaffold","split2026","Sequence-SMILES ridge","Target_97","decoding region 16SrRNA","3","0.9903620862027417","1.0","0.8924747390274409","0.7605478132977984"
"cold_scaffold","split2026","Sequence-SMILES ridge","Target_99","Bacterial ribosome","5","0.813779625118391","0.7","0.9691569597150095","0.6004269809552787"
"cold_scaffold","split2027","Contact500 pretraining without SCA","Target_100","Large subunit (TELITHROMYCIN)","3","-0.4204008032406883","-0.5","1.6325674670929398","1.5261179606119792"
"cold_scaffold","split2027","Contact500 pretraining without SCA","Target_109","HIV-1FRAMESHIFT STEM LOOP STRUCTURE","3","0.05385108321215129","-0.5","1.023144165217307","0.7904419898986816"
"cold_scaffold","split2027","Contact500 pretraining without SCA","Target_110","DM1-RNA-MBNL1","1","","","0.020599842071533203","0.020599842071533203"
"cold_scaffold","split2027","Contact500 pretraining without SCA","Target_113","T-box RNA","1","","","0.5940403938293457","0.5940403938293457"
"cold_scaffold","split2027","Contact500 pretraining without SCA","Target_114","T-box C11U","1","","","0.5429477691650391","0.5429477691650391"
"cold_scaffold","split2027","Contact500 pretraining without SCA","Target_123","RNA XIII","1","","","0.3060302734375","0.3060302734375"
"cold_scaffold","split2027","Contact500 pretraining without SCA","Target_124","RNA XIV","1","","","0.183917999267579","0.183917999267579"
"cold_scaffold","split2027","Contact500 pretraining without SCA","Target_125","RNA XV","1","","","0.45485734939575195","0.45485734939575195"
"cold_scaffold","split2027","Contact500 pretraining without SCA","Target_127","SLI of Rep A","1","","","0.4816122055053711","0.4816122055053711"
"cold_scaffold","split2027","Contact500 pretraining without SCA","Target_130","Coxsackie virus B3 RNA","1","","","2.1831090450286865","2.1831090450286865"
"cold_scaffold","split2027","Contact500 pretraining without SCA","Target_131","Polio virus loop B construct","1","","","3.015315532684326","3.015315532684326"
"cold_scaffold","split2027","Contact500 pretraining without SCA","Target_136","RNA_XIX","1","","","0.02894115447997958","0.02894115447997958"
"cold_scaffold","split2027","Contact500 pretraining without SCA","Target_137","RNA_XX","1","","","0.5263495445251465","0.5263495445251465"
"cold_scaffold","split2027","Contact500 pretraining without SCA","Target_138","RNA_XXI","1","","","0.5102863311767569","0.5102863311767569"
"cold_scaffold","split2027","Contact500 pretraining without SCA","Target_139","RNA_XXII","1","","","0.6508092880249023","0.6508092880249023"
"cold_scaffold","split2027","Contact500 pretraining without SCA","Target_142","Spiegelmer L-A42d RNA (58 mer)","7","-0.3004850342306677","-0.3571428571428572","2.0658217090927926","1.9145295790263586"
"cold_scaffold","split2027","Contact500 pretraining without SCA","Target_146","SL3 RNA","10","0.3192244066922575","0.22424242424242422","0.8561097105856177","0.7600701093673705"
"cold_scaffold","split2027","Contact500 pretraining without SCA","Target_149","Double stranded RNA seq","3","-0.9336342665298474","-1.0","1.4797150804313834","1.4197943210601807"
"cold_scaffold","split2027","Contact500 pretraining without SCA","Target_150","single stranded RNA seq","3","-0.9186852462375028","-1.0","1.4118690696986513","1.3846379915873213"
"cold_scaffold","split2027","Contact500 pretraining without SCA","Target_151","RNA seq A","1","","","0.4308152198791504","0.4308152198791504"
"cold_scaffold","split2027","Contact500 pretraining without SCA","Target_152","RNA seq A (20 x t-RNA)","1","","","0.8003025054931641","0.8003025054931641"
"cold_scaffold","split2027","Contact500 pretraining without SCA","Target_153","RNA seq B","1","","","0.29183483123779297","0.29183483123779297"
"cold_scaffold","split2027","Contact500 pretraining without SCA","Target_154","RNA seq C","1","","","0.08446025848388672","0.08446025848388672"
"cold_scaffold","split2027","Contact500 pretraining without SCA","Target_155","RNA seq D","1","","","0.42439842224121094","0.42439842224121094"
"cold_scaffold","split2027","Contact500 pretraining without SCA","Target_156","RNA seq E","1","","","0.8232812881469727","0.8232812881469727"
"cold_scaffold","split2027","Contact500 pretraining without SCA","Target_157","RNA seq F","1","","","0.21283483505249023","0.21283483505249023"
"cold_scaffold","split2027","Contact500 pretraining without SCA","Target_158","RpoH σ32mRNA factor","2","-1.0","-0.9999999999999999","0.32119230190295256","0.28594183921813965"
"cold_scaffold","split2027","Contact500 pretraining without SCA","Target_166","r(AUUCU)11","2","1.0","0.9999999999999999","0.49997042951128773","0.49953413009643555"
"cold_scaffold","split2027","Contact500 pretraining without SCA","Target_167","r(CUG)12","2","1.0","0.9999999999999999","0.7947622881211415","0.7944986820220947"
"cold_scaffold","split2027","Contact500 pretraining without SCA","Target_169","r(CGG)12","3","0.9986858991514029","1.0","1.114029479135166","1.1135354042053223"
"cold_scaffold","split2027","Contact500 pretraining without SCA","Target_173","r(CUG)6","1","","","0.9738903045654297","0.9738903045654297"
"cold_scaffold","split2027","Contact500 pretraining without SCA","Target_185","r(CCUG)12","2","1.0","0.9999999999999999","1.2005760365876579","1.2004711627960205"
"cold_scaffold","split2027","Contact500 pretraining without SCA","Target_189","165 ribD FMN Riboswitch Aptamer, B. subtilis","1","","","0.08195304870605469","0.08195304870605469"
"cold_scaffold","split2027","Contact500 pretraining without SCA","Target_19","HIV-1 TAR RNA","39","0.28623689096866","0.2882626103438825","2.061121659124921","1.7952198187510173"
"cold_scaffold","split2027","Contact500 pretraining without SCA","Target_195","108 nt yjdF Riboswitch Construct, B. subtilis, Mutant 1","1","","","0.8343405723571786","0.8343405723571786"
"cold_scaffold","split2027","Contact500 pretraining without SCA","Target_196","A10-RNA-WT QGRS in ADAM10 mRNA","1","","","0.8616156578063956","0.8616156578063956"
"cold_scaffold","split2027","Contact500 pretraining without SCA","Target_198","DDPAC hairpin A-bulge","2","1.0","0.9999999999999999","0.5628636202762182","0.48556065559387207"
"cold_scaffold","split2027","Contact500 pretraining without SCA","Target_20","RNA_Str_HIV-2 TAR","1","","","0.542109489440918","0.542109489440918"
"cold_scaffold","split2027","Contact500 pretraining without SCA","Target_204","5'CAG/3'GAC","1","","","2.256843090057373","2.256843090057373"
"cold_scaffold","split2027","Contact500 pretraining without SCA","Target_212","Hairpin DNA","2","1.0","0.9999999999999999","3.811544093754462","3.2174720615148544"
"cold_scaffold","split2027","Contact500 pretraining without SCA","Target_215","HTT exon1 RNA, 18 repeats","1","","","0.4442453384399414","0.4442453384399414"
"cold_scaffold","split2027","Contact500 pretraining without SCA","Target_216","HTT exon1 RNA, 48 repeats","1","","","0.8709385395050049","0.8709385395050049"
"cold_scaffold","split2027","Contact500 pretraining without SCA","Target_217","Influenza RNA promoter","1","","","0.06947517395019531","0.06947517395019531"
"cold_scaffold","split2027","Contact500 pretraining without SCA","Target_219","HCV IRES-A","1","","","0.5481986999511719","0.5481986999511719"
"cold_scaffold","split2027","Contact500 pretraining without SCA","Target_220","HCV IRES-A 1 Mutant","1","","","0.5499424934387207","0.5499424934387207"
"cold_scaffold","split2027","Contact500 pretraining without SCA","Target_222","HCV IRES-A DNA","1","","","1.1122517585754395","1.1122517585754395"
"cold_scaffold","split2027","Contact500 pretraining without SCA","Target_227","Pre-miR-21","2","-1.0","-0.9999999999999999","0.8579300209609809","0.8300836086273193"
"cold_scaffold","split2027","Contact500 pretraining without SCA","Target_232","G4C2 repeat G-quadruplex RNA","1","","","0.6401314735412598","0.6401314735412598"
"cold_scaffold","split2027","Contact500 pretraining without SCA","Target_255","TERRA G-quadruplex","2","1.0","0.9999999999999999","1.0229276239035698","1.0212013721466056"
"cold_scaffold","split2027","Contact500 pretraining without SCA","Target_256","Telomeric DNA G-quadruplex (HTG22)","1","","","0.9239768981933594","0.9239768981933594"
"cold_scaffold","split2027","Contact500 pretraining without SCA","Target_257","IRES RNA G-quadruplex","1","","","0.4953794479370117","0.4953794479370117"
"cold_scaffold","split2027","Contact500 pretraining without SCA","Target_258","BCL2 RNA G-quadruplex","1","","","0.07715177536010742","0.07715177536010742"
"cold_scaffold","split2027","Contact500 pretraining without SCA","Target_259","NRAS G4 motif","5","0.29154301310150527","0.7","0.6749883614929826","0.6632983207702638"
"cold_scaffold","split2027","Contact500 pretraining without SCA","Target_26","35 nucleotide RNA","1","","","4.83368992805481","4.83368992805481"
"cold_scaffold","split2027","Contact500 pretraining without SCA","Target_260","Pu22 DNA G-quadruplex","1","","","0.7169160842895508","0.7169160842895508"
"cold_scaffold","split2027","Contact500 pretraining without SCA","Target_261","TRF2:Telomeric duplex DNA (hTELO-dup)","1","","","1.5278630256652832","1.5278630256652832"
"cold_scaffold","split2027","Contact500 pretraining without SCA","Target_262","TRF2:TERRA G-quadruplex (TERRA22):Telomeric duplex DNA (hTELO-dup)","1","","","0.5689153671264648","0.5689153671264648"
"cold_scaffold","split2027","Contact500 pretraining without SCA","Target_265","miR-21 hairpin","19","0.0713771279565033","0.19639079804471843","0.4524583709347375","0.38516579176250243"
"cold_scaffold","split2027","Contact500 pretraining without SCA","Target_266","Pre-miR-372","7","0.6091805372904145","0.7500000000000002","0.9433849052121188","0.7360662051609583"
"cold_scaffold","split2027","Contact500 pretraining without SCA","Target_267","Pre-miR-373","2","-1.0","-0.9999999999999999","0.16194210695904165","0.1280660629272461"
"cold_scaffold","split2027","Contact500 pretraining without SCA","Target_281","r(CUG)16","1","","","0.32216691970825195","0.32216691970825195"
"cold_scaffold","split2027","Contact500 pretraining without SCA","Target_282","Oligonucleotide 3","2","-1.0","-0.9999999999999999","0.6218227752853072","0.5268640518188477"
"cold_scaffold","split2027","Contact500 pretraining without SCA","Target_283","Oligonucleotide 4","2","-1.0","-0.9999999999999999","0.612889410526921","0.5205287933349605"
"cold_scaffold","split2027","Contact500 pretraining without SCA","Target_284","SMN2 pre-mRNA GA-rich sequence","1","","","0.1075601577758789","0.1075601577758789"
"cold_scaffold","split2027","Contact500 pretraining without SCA","Target_3","A-site 16S rRNA_E_coli (1)","45","0.6641965948916508","0.4584843582180638","1.0408725130845156","0.8800462034013536"
"cold_scaffold","split2027","Contact500 pretraining without SCA","Target_307","J6f1 RNA","1","","","2.686664104461668","2.686664104461668"
"cold_scaffold","split2027","Contact500 pretraining without SCA","Target_308","J6fd6 RNA","1","","","0.8803310394287109","0.8803310394287109"
"cold_scaffold","split2027","Contact500 pretraining without SCA","Target_309","J6f15 RNA","1","","","2.4684877395629883","2.4684877395629883"
"cold_scaffold","split2027","Contact500 pretraining without SCA","Target_310","J6f16 RNA","1","","","2.028526782989502","2.028526782989502"
"cold_scaffold","split2027","Contact500 pretraining without SCA","Target_311","J6f17 RNA","1","","","2.6954331398010236","2.6954331398010236"
"cold_scaffold","split2027","Contact500 pretraining without SCA","Target_312","Pre-miR-377 dicer processing site","2","1.0","0.9999999999999999","1.4612673771616693","1.3256382942199707"
"cold_scaffold","split2027","Contact500 pretraining without SCA","Target_329","EV71 SLII RNA","1","","","0.2471909523010254","0.2471909523010254"
"cold_scaffold","split2027","Contact500 pretraining without SCA","Target_345","(5'CGG/3'GGC) x1","4","-0.9920539678847441","-0.7999999999999999","0.9182432804793551","0.8085401058197024"
"cold_scaffold","split2027","Contact500 pretraining without SCA","Target_346","(5'CAG/3'GUC) x1","4","-0.3417288591295681","-0.39999999999999997","0.46407782652114277","0.322485089302063"
"cold_scaffold","split2027","Contact500 pretraining without SCA","Target_347","(5'CGG/3'GGC)x6","2","1.0","0.9999999999999999","0.3870008272102413","0.3565049171447754"
"cold_scaffold","split2027","Contact500 pretraining without SCA","Target_348","(5'CAG/3'GUC)x6","2","-1.0","-0.9999999999999999","0.39541394093610915","0.3952734470367427"
"cold_scaffold","split2027","Contact500 pretraining without SCA","Target_349","(5'CGG/3'GGC) x20","1","","","0.2074427604675293","0.2074427604675293"
"cold_scaffold","split2027","Contact500 pretraining without SCA","Target_350","(5'CGG/3'GGC) x40","1","","","0.2610816955566406","0.2610816955566406"
"cold_scaffold","split2027","Contact500 pretraining without SCA","Target_351","(5'CGG/3'GGC) x60","1","","","0.7048006057739258","0.7048006057739258"
"cold_scaffold","split2027","Contact500 pretraining without SCA","Target_352","Fusibacterium ulcerans ZTP riboswitch","3","0.9320981876149341","0.5","0.7247323054129371","0.7021687825520834"
"cold_scaffold","split2027","Contact500 pretraining without SCA","Target_37","TPP RIBOSWITCH APTAMER","1","","","0.0985879898071289","0.0985879898071289"
"cold_scaffold","split2027","Contact500 pretraining without SCA","Target_373","CVB loop D RNA","1","","","2.1831090450286865","2.1831090450286865"
"cold_scaffold","split2027","Contact500 pretraining without SCA","Target_374","Polio virus loop B RNA","1","","","3.401801586151123","3.401801586151123"
"cold_scaffold","split2027","Contact500 pretraining without SCA","Target_38","LYSINE RIBOSWITCH APTAMER","1","","","1.3465213775634757","1.3465213775634757"
"cold_scaffold","split2027","Contact500 pretraining without SCA","Target_4","RNA_APTAMER_CB_42","1","","","4.8853654861450195","4.8853654861450195"
"cold_scaffold","split2027","Contact500 pretraining without SCA","Target_405","B.subtilis cysH","3","0.9351625112965958","1.0","1.9493371805523654","1.7205688158671062"
"cold_scaffold","split2027","Contact500 pretraining without SCA","Target_406","B.anthracis cysH","3","0.990446130312344","1.0","1.9647969962144902","1.6297899881998699"
"cold_scaffold","split2027","Contact500 pretraining without SCA","Target_407","E. coli transglycosidase mRNA","1","","","1.0933427810668945","1.0933427810668945"
"cold_scaffold","split2027","Contact500 pretraining without SCA","Target_408","HCV IRES Domain Iib","1","","","0.023957252502441406","0.023957252502441406"
"cold_scaffold","split2027","Contact500 pretraining without SCA","Target_409","HIV protease active site (PAS) mRNA","1","","","0.5807738304138184","0.5807738304138184"
"cold_scaffold","split2027","Contact500 pretraining without SCA","Target_410","human tyrosine sulfotransferase mRNA","1","","","0.8367781639099121","0.8367781639099121"
"cold_scaffold","split2027","Contact500 pretraining without SCA","Target_411","Tetracycline riboswitch","1","","","0.1739783287048331","0.1739783287048331"
"cold_scaffold","split2027","Contact500 pretraining without SCA","Target_413","Tetracycline riboswitch A09G mutant","1","","","1.1698417663574219","1.1698417663574219"
"cold_scaffold","split2027","Contact500 pretraining without SCA","Target_414","Tetracycline riboswitch A13U mutant","1","","","0.2685542106628418","0.2685542106628418"
"cold_scaffold","split2027","Contact500 pretraining without SCA","Target_415","Tetracycline riboswitch A50U mutant","1","","","1.147752285003662","1.147752285003662"
"cold_scaffold","split2027","Contact500 pretraining without SCA","Target_436","Duplex RNA","1","","","0.30199623107910156","0.30199623107910156"
"cold_scaffold","split2027","Contact500 pretraining without SCA","Target_437","Single_stranded_RNA","1","","","0.4173898696899414","0.4173898696899414"
"cold_scaffold","split2027","Contact500 pretraining without SCA","Target_441","U15C,U16C SLI_mutant","1","","","0.5381746292114258","0.5381746292114258"
"cold_scaffold","split2027","Contact500 pretraining without SCA","Target_442","G17A,G18A SLI_mutant","1","","","0.4233064651489258","0.4233064651489258"
"cold_scaffold","split2027","Contact500 pretraining without SCA","Target_443","C19U,G20A SLI_mutant","1","","","0.47426462173461914","0.47426462173461914"
"cold_scaffold","split2027","Contact500 pretraining without SCA","Target_444","G21A,A22G SLI_mutant","1","","","0.04250478744506836","0.04250478744506836"
"cold_scaffold","split2027","Contact500 pretraining without SCA","Target_445","TS mRNA Construct_4","2","-1.0","-0.9999999999999999","1.168811868635493","1.1668143272399902"
"cold_scaffold","split2027","Contact500 pretraining without SCA","Target_446","TS mRNA Construct_5","2","-1.0","-0.9999999999999999","1.104709102101513","1.1039743423461914"
"cold_scaffold","split2027","Contact500 pretraining without SCA","Target_55","r(CUG)","1","","","0.4686574935913086","0.4686574935913086"
"cold_scaffold","split2027","Contact500 pretraining without SCA","Target_6","RNA_Aptamer","2","-1.0","-0.9999999999999999","2.1598553617068883","2.152662515640259"
"cold_scaffold","split2027","Contact500 pretraining without SCA","Target_63","Thymidylate synthase m-RNA","2","-1.0","-0.9999999999999999","0.5780532821862054","0.5758042335510254"
"cold_scaffold","split2027","Contact500 pretraining without SCA","Target_66","HCV IRES Domain IIId","2","1.0","0.9999999999999999","0.9552583320564577","0.8026182651519775"
"cold_scaffold","split2027","Contact500 pretraining without SCA","Target_69","ADENINE RIBOSWITCH","4","0.27489381001094004","0.316227766016838","2.2360711213315354","2.135483145713806"
"cold_scaffold","split2027","Contact500 pretraining without SCA","Target_71","S_Adenosyl_methionine_riboswitch","2","","","1.9580495318529787","1.6429781913757324"
"cold_scaffold","split2027","Contact500 pretraining without SCA","Target_72","thiamine_BOX_Riboswitch","1","","","0.6047186851501465","0.6047186851501465"
"cold_scaffold","split2027","Contact500 pretraining without SCA","Target_74","Guanine riboswitch","1","","","0.8927993774414054","0.8927993774414054"
"cold_scaffold","split2027","Contact500 pretraining without SCA","Target_76","B.subtilis tenA TPP riboswitch","3","0.9706278634905012","1.0","0.9842198873717534","0.9777204195658366"
"cold_scaffold","split2027","Contact500 pretraining without SCA","Target_78","B.subtilis lysine riboswitch","2","-1.0","-0.9999999999999999","1.7798673113545218","1.756199836730957"
"cold_scaffold","split2027","Contact500 pretraining without SCA","Target_79","T-box riboswitch","1","","","0.9321928024291992","0.9321928024291992"
"cold_scaffold","split2027","Contact500 pretraining without SCA","Target_80","HIV-1 RRE","5","0.13120298842082548","0.3","0.7483673722058651","0.7373384475708008"
"cold_scaffold","split2027","DeepRSMA","Target_100","Large subunit (TELITHROMYCIN)","3","-0.19877997614293497","0.5","1.77360450533289","1.7238585154215496"
"cold_scaffold","split2027","DeepRSMA","Target_109","HIV-1FRAMESHIFT STEM LOOP STRUCTURE","3","0.9480872379677208","0.5","1.1082206284161709","1.0731282234191892"
"cold_scaffold","split2027","DeepRSMA","Target_110","DM1-RNA-MBNL1","1","","","0.8465962409973136","0.8465962409973136"
"cold_scaffold","split2027","DeepRSMA","Target_113","T-box RNA","1","","","0.13681650161743253","0.13681650161743253"
"cold_scaffold","split2027","DeepRSMA","Target_114","T-box C11U","1","","","1.2934789657592773","1.2934789657592773"
"cold_scaffold","split2027","DeepRSMA","Target_123","RNA XIII","1","","","0.9501829147338867","0.9501829147338867"
"cold_scaffold","split2027","DeepRSMA","Target_124","RNA XIV","1","","","0.9285902976989746","0.9285902976989746"
"cold_scaffold","split2027","DeepRSMA","Target_125","RNA XV","1","","","0.8507766723632812","0.8507766723632812"
"cold_scaffold","split2027","DeepRSMA","Target_127","SLI of Rep A","1","","","1.0634956359863281","1.0634956359863281"
"cold_scaffold","split2027","DeepRSMA","Target_130","Coxsackie virus B3 RNA","1","","","2.151308298110962","2.151308298110962"
"cold_scaffold","split2027","DeepRSMA","Target_131","Polio virus loop B construct","1","","","2.858165740966797","2.858165740966797"
"cold_scaffold","split2027","DeepRSMA","Target_136","RNA_XIX","1","","","0.602454185485839","0.602454185485839"
"cold_scaffold","split2027","DeepRSMA","Target_137","RNA_XX","1","","","0.18791627883911133","0.18791627883911133"
"cold_scaffold","split2027","DeepRSMA","Target_138","RNA_XXI","1","","","0.23547792434692383","0.23547792434692383"
"cold_scaffold","split2027","DeepRSMA","Target_139","RNA_XXII","1","","","0.07271432876586914","0.07271432876586914"
"cold_scaffold","split2027","DeepRSMA","Target_142","Spiegelmer L-A42d RNA (58 mer)","7","-0.2221588864461355","-0.25","1.8809698119945262","1.7927048717226302"
"cold_scaffold","split2027","DeepRSMA","Target_146","SL3 RNA","10","0.21403161017788747","0.05454545454545454","0.9320576261323698","0.8517980813980103"
"cold_scaffold","split2027","DeepRSMA","Target_149","Double stranded RNA seq","3","0.5182381851610602","0.5","1.2736185292543156","1.268058220545451"
"cold_scaffold","split2027","DeepRSMA","Target_150","single stranded RNA seq","3","0.5438942349581277","0.5","1.1650784885924228","1.158876895904541"
"cold_scaffold","split2027","DeepRSMA","Target_151","RNA seq A","1","","","0.6688814163208008","0.6688814163208008"
"cold_scaffold","split2027","DeepRSMA","Target_152","RNA seq A (20 x t-RNA)","1","","","1.0383691787719727","1.0383691787719727"
"cold_scaffold","split2027","DeepRSMA","Target_153","RNA seq B","1","","","0.5886363983154297","0.5886363983154297"
"cold_scaffold","split2027","DeepRSMA","Target_154","RNA seq C","1","","","0.7291250228881836","0.7291250228881836"
"cold_scaffold","split2027","DeepRSMA","Target_155","RNA seq D","1","","","0.8269972801208496","0.8269972801208496"
"cold_scaffold","split2027","DeepRSMA","Target_156","RNA seq E","1","","","1.0652499198913574","1.0652499198913574"
"cold_scaffold","split2027","DeepRSMA","Target_157","RNA seq F","1","","","1.1970767974853516","1.1970767974853516"
"cold_scaffold","split2027","DeepRSMA","Target_158","RpoH σ32mRNA factor","2","-1.0","-0.9999999999999999","1.1900838782142102","1.18211030960083"
"cold_scaffold","split2027","DeepRSMA","Target_166","r(AUUCU)11","2","1.0","0.9999999999999999","0.19198530957247406","0.18427753448486328"
"cold_scaffold","split2027","DeepRSMA","Target_167","r(CUG)12","2","1.0","0.9999999999999999","0.4196747482833351","0.4164490699768071"
"cold_scaffold","split2027","DeepRSMA","Target_169","r(CGG)12","3","0.9973503799650717","1.0","0.7765814201563003","0.6053759256998698"
"cold_scaffold","split2027","DeepRSMA","Target_173","r(CUG)6","1","","","0.041408538818359375","0.041408538818359375"
"cold_scaffold","split2027","DeepRSMA","Target_185","r(CCUG)12","2","1.0","0.9999999999999999","1.3863325600220444","1.3852994441986084"
"cold_scaffold","split2027","DeepRSMA","Target_189","165 ribD FMN Riboswitch Aptamer, B. subtilis","1","","","1.1140947341918936","1.1140947341918936"
"cold_scaffold","split2027","DeepRSMA","Target_19","HIV-1 TAR RNA","39","0.5738799111306733","0.4838470564951775","1.9281937326124643","1.660862623116909"
"cold_scaffold","split2027","DeepRSMA","Target_195","108 nt yjdF Riboswitch Construct, B. subtilis, Mutant 1","1","","","1.1685476303100586","1.1685476303100586"
"cold_scaffold","split2027","DeepRSMA","Target_196","A10-RNA-WT QGRS in ADAM10 mRNA","1","","","0.23668575286865234","0.23668575286865234"
"cold_scaffold","split2027","DeepRSMA","Target_198","DDPAC hairpin A-bulge","2","1.0","0.9999999999999999","0.48094495622999917","0.41348910331726074"
"cold_scaffold","split2027","DeepRSMA","Target_20","RNA_Str_HIV-2 TAR","1","","","1.1305274963378906","1.1305274963378906"
"cold_scaffold","split2027","DeepRSMA","Target_204","5'CAG/3'GAC","1","","","1.3584823608398438","1.3584823608398438"
"cold_scaffold","split2027","DeepRSMA","Target_212","Hairpin DNA","2","1.0","0.9999999999999999","3.3475843797594287","2.6869668811559677"
"cold_scaffold","split2027","DeepRSMA","Target_215","HTT exon1 RNA, 18 repeats","1","","","1.6058168411254883","1.6058168411254883"
"cold_scaffold","split2027","DeepRSMA","Target_216","HTT exon1 RNA, 48 repeats","1","","","2.0325100421905518","2.0325100421905518"
"cold_scaffold","split2027","DeepRSMA","Target_217","Influenza RNA promoter","1","","","0.46392011642456055","0.46392011642456055"
"cold_scaffold","split2027","DeepRSMA","Target_219","HCV IRES-A","1","","","0.8349976539611816","0.8349976539611816"
"cold_scaffold","split2027","DeepRSMA","Target_220","HCV IRES-A 1 Mutant","1","","","0.43033742904663086","0.43033742904663086"
"cold_scaffold","split2027","DeepRSMA","Target_222","HCV IRES-A DNA","1","","","0.7268381118774414","0.7268381118774414"
"cold_scaffold","split2027","DeepRSMA","Target_227","Pre-miR-21","2","-1.0","-0.9999999999999999","1.2060751653443904","1.1015868186950684"
"cold_scaffold","split2027","DeepRSMA","Target_232","G4C2 repeat G-quadruplex RNA","1","","","0.40814876556396484","0.40814876556396484"
"cold_scaffold","split2027","DeepRSMA","Target_255","TERRA G-quadruplex","2","1.0","0.9999999999999999","1.0632511476174875","1.0001757144927979"
"cold_scaffold","split2027","DeepRSMA","Target_256","Telomeric DNA G-quadruplex (HTG22)","1","","","1.0223398208618164","1.0223398208618164"
"cold_scaffold","split2027","DeepRSMA","Target_257","IRES RNA G-quadruplex","1","","","0.875732421875","0.875732421875"
"cold_scaffold","split2027","DeepRSMA","Target_258","BCL2 RNA G-quadruplex","1","","","0.29195117950439453","0.29195117950439453"
"cold_scaffold","split2027","DeepRSMA","Target_259","NRAS G4 motif","5","0.38733341210208594","0.49999999999999994","0.7893119421561121","0.7812762260437012"
"cold_scaffold","split2027","DeepRSMA","Target_26","35 nucleotide RNA","1","","","3.765380620956421","3.765380620956421"
"cold_scaffold","split2027","DeepRSMA","Target_260","Pu22 DNA G-quadruplex","1","","","0.5859546661376953","0.5859546661376953"
"cold_scaffold","split2027","DeepRSMA","Target_261","TRF2:Telomeric duplex DNA (hTELO-dup)","1","","","1.4295001029968262","1.4295001029968262"
"cold_scaffold","split2027","DeepRSMA","Target_262","TRF2:TERRA G-quadruplex (TERRA22):Telomeric duplex DNA (hTELO-dup)","1","","","0.4705524444580078","0.4705524444580078"
"cold_scaffold","split2027","DeepRSMA","Target_265","miR-21 hairpin","19","0.07577409055481467","0.15059563437509801","0.4366642457149688","0.3652623076187936"
"cold_scaffold","split2027","DeepRSMA","Target_266","Pre-miR-372","7","0.19222767693523207","0.42857142857142866","1.1210128858726722","0.9995196887425014"
"cold_scaffold","split2027","DeepRSMA","Target_267","Pre-miR-373","2","-1.0","-0.9999999999999999","0.5060575963299787","0.4837675094604492"
"cold_scaffold","split2027","DeepRSMA","Target_281","r(CUG)16","1","","","0.4353203773498535","0.4353203773498535"
"cold_scaffold","split2027","DeepRSMA","Target_282","Oligonucleotide 3","2","-1.0","-0.9999999999999999","0.5308556327261639","0.5086684226989746"
"cold_scaffold","split2027","DeepRSMA","Target_283","Oligonucleotide 4","2","-1.0","-0.9999999999999999","0.5026319622035261","0.5024430751800533"
"cold_scaffold","split2027","DeepRSMA","Target_284","SMN2 pre-mRNA GA-rich sequence","1","","","0.01408529281616211","0.01408529281616211"
"cold_scaffold","split2027","DeepRSMA","Target_3","A-site 16S rRNA_E_coli (1)","45","0.7286147410240303","0.3729489364477373","1.0035369386735382","0.8403901894887288"
"cold_scaffold","split2027","DeepRSMA","Target_307","J6f1 RNA","1","","","1.567955493927002","1.567955493927002"
"cold_scaffold","split2027","DeepRSMA","Target_308","J6fd6 RNA","1","","","0.6330041885375977","0.6330041885375977"
"cold_scaffold","split2027","DeepRSMA","Target_309","J6f15 RNA","1","","","1.848311424255371","1.848311424255371"
"cold_scaffold","split2027","DeepRSMA","Target_310","J6f16 RNA","1","","","1.0493969917297363","1.0493969917297363"
"cold_scaffold","split2027","DeepRSMA","Target_311","J6f17 RNA","1","","","1.8367085456848145","1.8367085456848145"
"cold_scaffold","split2027","DeepRSMA","Target_312","Pre-miR-377 dicer processing site","2","1.0","0.9999999999999999","0.9129455324724673","0.6532871723175049"
"cold_scaffold","split2027","DeepRSMA","Target_329","EV71 SLII RNA","1","","","0.9288091659545898","0.9288091659545898"
"cold_scaffold","split2027","DeepRSMA","Target_345","(5'CGG/3'GGC) x1","4","0.24192709384923106","0.39999999999999997","0.5421957400679117","0.46492207050323486"
"cold_scaffold","split2027","DeepRSMA","Target_346","(5'CAG/3'GUC) x1","4","-0.8804742280061874","-0.7999999999999999","0.7853258826171989","0.7340000867843628"
"cold_scaffold","split2027","DeepRSMA","Target_347","(5'CGG/3'GGC)x6","2","1.0","0.9999999999999999","0.4048030199355342","0.29936838150024414"
"cold_scaffold","split2027","DeepRSMA","Target_348","(5'CAG/3'GUC)x6","2","-1.0","-0.9999999999999999","0.9213651927589397","0.8023977279663086"
"cold_scaffold","split2027","DeepRSMA","Target_349","(5'CGG/3'GGC) x20","1","","","0.10101604461669922","0.10101604461669922"
"cold_scaffold","split2027","DeepRSMA","Target_350","(5'CGG/3'GGC) x40","1","","","0.04402732849121094","0.04402732849121094"
"cold_scaffold","split2027","DeepRSMA","Target_351","(5'CGG/3'GGC) x60","1","","","0.2762794494628906","0.2762794494628906"
"cold_scaffold","split2027","DeepRSMA","Target_352","Fusibacterium ulcerans ZTP riboswitch","3","0.716074693960414","0.5","0.8805330706544342","0.836738109588623"
"cold_scaffold","split2027","DeepRSMA","Target_37","TPP RIBOSWITCH APTAMER","1","","","0.8397049903869629","0.8397049903869629"
"cold_scaffold","split2027","DeepRSMA","Target_373","CVB loop D RNA","1","","","2.151308298110962","2.151308298110962"
"cold_scaffold","split2027","DeepRSMA","Target_374","Polio virus loop B RNA","1","","","2.9826364517211923","2.9826364517211923"
"cold_scaffold","split2027","DeepRSMA","Target_38","LYSINE RIBOSWITCH APTAMER","1","","","1.2786755561828613","1.2786755561828613"
"cold_scaffold","split2027","DeepRSMA","Target_4","RNA_APTAMER_CB_42","1","","","3.8125290870666504","3.8125290870666504"
"cold_scaffold","split2027","DeepRSMA","Target_405","B.subtilis cysH","3","0.951784823979018","1.0","1.7344885026714965","1.6348115603129065"
"cold_scaffold","split2027","DeepRSMA","Target_406","B.anthracis cysH","3","0.9822681523419741","1.0","2.0056428844764205","1.7027896245320637"
"cold_scaffold","split2027","DeepRSMA","Target_407","E. coli transglycosidase mRNA","1","","","0.6546950340270996","0.6546950340270996"
"cold_scaffold","split2027","DeepRSMA","Target_408","HCV IRES Domain Iib","1","","","0.027056217193603516","0.027056217193603516"
"cold_scaffold","split2027","DeepRSMA","Target_409","HIV protease active site (PAS) mRNA","1","","","0.2725844383239746","0.2725844383239746"
"cold_scaffold","split2027","DeepRSMA","Target_410","human tyrosine sulfotransferase mRNA","1","","","0.7969775199890137","0.7969775199890137"
"cold_scaffold","split2027","DeepRSMA","Target_411","Tetracycline riboswitch","1","","","1.1839938163757324","1.1839938163757324"
"cold_scaffold","split2027","DeepRSMA","Target_413","Tetracycline riboswitch A09G mutant","1","","","3.22127628326416","3.22127628326416"
"cold_scaffold","split2027","DeepRSMA","Target_414","Tetracycline riboswitch A13U mutant","1","","","2.2881336212158203","2.2881336212158203"
"cold_scaffold","split2027","DeepRSMA","Target_415","Tetracycline riboswitch A50U mutant","1","","","2.7169747352600098","2.7169747352600098"
"cold_scaffold","split2027","DeepRSMA","Target_436","Duplex RNA","1","","","0.6459565162658691","0.6459565162658691"
"cold_scaffold","split2027","DeepRSMA","Target_437","Single_stranded_RNA","1","","","0.761350154876709","0.761350154876709"
"cold_scaffold","split2027","DeepRSMA","Target_441","U15C,U16C SLI_mutant","1","","","0.6732821464538574","0.6732821464538574"
"cold_scaffold","split2027","DeepRSMA","Target_442","G17A,G18A SLI_mutant","1","","","0.9140324592590332","0.9140324592590332"
"cold_scaffold","split2027","DeepRSMA","Target_443","C19U,G20A SLI_mutant","1","","","0.9566245079040527","0.9566245079040527"
"cold_scaffold","split2027","DeepRSMA","Target_444","G21A,A22G SLI_mutant","1","","","0.636711597442627","0.636711597442627"
"cold_scaffold","split2027","DeepRSMA","Target_445","TS mRNA Construct_4","2","-1.0","-0.9999999999999999","0.5331939252016391","0.5282638072967529"
"cold_scaffold","split2027","DeepRSMA","Target_446","TS mRNA Construct_5","2","-1.0","-0.9999999999999999","0.38263294425768546","0.37952089309692383"
"cold_scaffold","split2027","DeepRSMA","Target_55","r(CUG)","1","","","1.0063605308532715","1.0063605308532715"
"cold_scaffold","split2027","DeepRSMA","Target_6","RNA_Aptamer","2","-1.0","-0.9999999999999999","2.106947626171256","1.6364467144012451"
"cold_scaffold","split2027","DeepRSMA","Target_63","Thymidylate synthase m-RNA","2","-1.0","-0.9999999999999999","0.5532812598331424","0.5506031513214111"
"cold_scaffold","split2027","DeepRSMA","Target_66","HCV IRES Domain IIId","2","1.0","0.9999999999999999","0.7423488260887819","0.7418606281280518"
"cold_scaffold","split2027","DeepRSMA","Target_69","ADENINE RIBOSWITCH","4","0.9225780805680588","0.316227766016838","2.239458001030358","2.1284433603286743"
"cold_scaffold","split2027","DeepRSMA","Target_71","S_Adenosyl_methionine_riboswitch","2","","","1.0660390321827733","1.06516695022583"
"cold_scaffold","split2027","DeepRSMA","Target_72","thiamine_BOX_Riboswitch","1","","","0.15423870086669922","0.15423870086669922"
"cold_scaffold","split2027","DeepRSMA","Target_74","Guanine riboswitch","1","","","1.2856311798095694","1.2856311798095694"
"cold_scaffold","split2027","DeepRSMA","Target_76","B.subtilis tenA TPP riboswitch","3","0.7961322654298095","1.0","1.4882938955002134","1.4078954060872395"
"cold_scaffold","split2027","DeepRSMA","Target_78","B.subtilis lysine riboswitch","2","-1.0","-0.9999999999999999","1.6614398581825878","1.6231892108917236"
"cold_scaffold","split2027","DeepRSMA","Target_79","T-box riboswitch","1","","","0.21170949935913086","0.21170949935913086"
"cold_scaffold","split2027","DeepRSMA","Target_80","HIV-1 RRE","5","0.2599748027632649","0.6","0.557657759783746","0.4264039993286133"
"cold_scaffold","split2027","Ligand-only descriptors","Target_100","Large subunit (TELITHROMYCIN)","3","-0.9385059215734045","-1.0","1.5248480459088583","1.3464401672221855"
"cold_scaffold","split2027","Ligand-only descriptors","Target_109","HIV-1FRAMESHIFT STEM LOOP STRUCTURE","3","0.9723691550324238","1.0","0.4668573624377914","0.3866358378142977"
"cold_scaffold","split2027","Ligand-only descriptors","Target_110","DM1-RNA-MBNL1","1","","","0.6118694807191476","0.6118694807191476"
"cold_scaffold","split2027","Ligand-only descriptors","Target_113","T-box RNA","1","","","0.15312641649743952","0.15312641649743952"
"cold_scaffold","split2027","Ligand-only descriptors","Target_114","T-box C11U","1","","","1.2957939200661786","1.2957939200661786"
"cold_scaffold","split2027","Ligand-only descriptors","Target_123","RNA XIII","1","","","0.6121887128197594","0.6121887128197594"
"cold_scaffold","split2027","Ligand-only descriptors","Target_124","RNA XIV","1","","","0.5687230190386696","0.5687230190386696"
"cold_scaffold","split2027","Ligand-only descriptors","Target_125","RNA XV","1","","","0.5909994137498193","0.5909994137498193"
"cold_scaffold","split2027","Ligand-only descriptors","Target_127","SLI of Rep A","1","","","2.1768722254579194","2.1768722254579194"
"cold_scaffold","split2027","Ligand-only descriptors","Target_130","Coxsackie virus B3 RNA","1","","","1.0434976895070034","1.0434976895070034"
"cold_scaffold","split2027","Ligand-only descriptors","Target_131","Polio virus loop B construct","1","","","1.780256254732424","1.780256254732424"
"cold_scaffold","split2027","Ligand-only descriptors","Target_136","RNA_XIX","1","","","0.2706652049276572","0.2706652049276572"
"cold_scaffold","split2027","Ligand-only descriptors","Target_137","RNA_XX","1","","","0.2194210269563719","0.2194210269563719"
"cold_scaffold","split2027","Ligand-only descriptors","Target_138","RNA_XXI","1","","","0.2194210269563719","0.2194210269563719"
"cold_scaffold","split2027","Ligand-only descriptors","Target_139","RNA_XXII","1","","","0.3577237251226624","0.3577237251226624"
"cold_scaffold","split2027","Ligand-only descriptors","Target_142","Spiegelmer L-A42d RNA (58 mer)","7","-0.04726607688612719","0.23424374030084535","1.9827140393455913","1.7828173798013647"
"cold_scaffold","split2027","Ligand-only descriptors","Target_146","SL3 RNA","10","0.4553011462579931","0.38181818181818183","0.8716452234813369","0.6969932219604047"
"cold_scaffold","split2027","Ligand-only descriptors","Target_149","Double stranded RNA seq","3","0.9967212593893746","0.5","0.6894688419674848","0.6361609486855763"
"cold_scaffold","split2027","Ligand-only descriptors","Target_150","single stranded RNA seq","3","0.9991501306627313","0.5","0.621665900208016","0.6155765517341795"
"cold_scaffold","split2027","Ligand-only descriptors","Target_151","RNA seq A","1","","","0.09961826709678512","0.09961826709678512"
"cold_scaffold","split2027","Ligand-only descriptors","Target_152","RNA seq A (20 x t-RNA)","1","","","0.26986910922304475","0.26986910922304475"
"cold_scaffold","split2027","Ligand-only descriptors","Target_153","RNA seq B","1","","","0.43364852286369526","0.43364852286369526"
"cold_scaffold","split2027","Ligand-only descriptors","Target_154","RNA seq C","1","","","0.040304265880806156","0.040304265880806156"
"cold_scaffold","split2027","Ligand-only descriptors","Target_155","RNA seq D","1","","","0.0657491265671144","0.0657491265671144"
"cold_scaffold","split2027","Ligand-only descriptors","Target_156","RNA seq E","1","","","0.6098171709173945","0.6098171709173945"
"cold_scaffold","split2027","Ligand-only descriptors","Target_157","RNA seq F","1","","","0.4917178588393938","0.4917178588393938"
"cold_scaffold","split2027","Ligand-only descriptors","Target_158","RpoH σ32mRNA factor","2","-1.0","-0.9999999999999999","0.4556050662452987","0.4161234631737054"
"cold_scaffold","split2027","Ligand-only descriptors","Target_166","r(AUUCU)11","2","-1.0","-0.9999999999999999","1.2150197221360808","1.2068081595109446"
"cold_scaffold","split2027","Ligand-only descriptors","Target_167","r(CUG)12","2","-1.0","-0.9999999999999999","0.16306315869581686","0.1410212442061307"
"cold_scaffold","split2027","Ligand-only descriptors","Target_169","r(CGG)12","3","0.9625089232216775","0.5","0.3233649834261163","0.2664839738861697"
"cold_scaffold","split2027","Ligand-only descriptors","Target_173","r(CUG)6","1","","","0.26352269756267965","0.26352269756267965"
"cold_scaffold","split2027","Ligand-only descriptors","Target_185","r(CCUG)12","2","-1.0","-0.9999999999999999","0.16306315869581686","0.1410212442061307"
"cold_scaffold","split2027","Ligand-only descriptors","Target_189","165 ribD FMN Riboswitch Aptamer, B. subtilis","1","","","3.5830050170480234","3.5830050170480234"
"cold_scaffold","split2027","Ligand-only descriptors","Target_19","HIV-1 TAR RNA","39","0.6099478969442917","0.5397945358040078","1.3161039408412274","1.0707664043564418"
"cold_scaffold","split2027","Ligand-only descriptors","Target_195","108 nt yjdF Riboswitch Construct, B. subtilis, Mutant 1","1","","","2.0538150962937225","2.0538150962937225"
"cold_scaffold","split2027","Ligand-only descriptors","Target_196","A10-RNA-WT QGRS in ADAM10 mRNA","1","","","0.8554724109377538","0.8554724109377538"
"cold_scaffold","split2027","Ligand-only descriptors","Target_198","DDPAC hairpin A-bulge","2","1.0","0.9999999999999999","0.45859142971646455","0.42995191720887593"
"cold_scaffold","split2027","Ligand-only descriptors","Target_20","RNA_Str_HIV-2 TAR","1","","","0.43609745376407894","0.43609745376407894"
"cold_scaffold","split2027","Ligand-only descriptors","Target_204","5'CAG/3'GAC","1","","","2.209189632651703","2.209189632651703"
"cold_scaffold","split2027","Ligand-only descriptors","Target_212","Hairpin DNA","2","-1.0","-0.9999999999999999","3.739487206803224","2.875590658672909"
"cold_scaffold","split2027","Ligand-only descriptors","Target_215","HTT exon1 RNA, 18 repeats","1","","","1.2120508683825868","1.2120508683825868"
"cold_scaffold","split2027","Ligand-only descriptors","Target_216","HTT exon1 RNA, 48 repeats","1","","","1.638744028649207","1.638744028649207"
"cold_scaffold","split2027","Ligand-only descriptors","Target_217","Influenza RNA promoter","1","","","0.6516752894411644","0.6516752894411644"
"cold_scaffold","split2027","Ligand-only descriptors","Target_219","HCV IRES-A","1","","","0.8737500770733435","0.8737500770733435"
"cold_scaffold","split2027","Ligand-only descriptors","Target_220","HCV IRES-A 1 Mutant","1","","","0.271924143677154","0.271924143677154"
"cold_scaffold","split2027","Ligand-only descriptors","Target_222","HCV IRES-A DNA","1","","","0.3200699489427663","0.3200699489427663"
"cold_scaffold","split2027","Ligand-only descriptors","Target_227","Pre-miR-21","2","-1.0","-0.9999999999999999","1.0570675529613913","0.7531112621595826"
"cold_scaffold","split2027","Ligand-only descriptors","Target_232","G4C2 repeat G-quadruplex RNA","1","","","0.6714335682963375","0.6714335682963375"
"cold_scaffold","split2027","Ligand-only descriptors","Target_255","TERRA G-quadruplex","2","1.0","0.9999999999999999","0.6703847078807749","0.5678148412836879"
"cold_scaffold","split2027","Ligand-only descriptors","Target_256","Telomeric DNA G-quadruplex (HTG22)","1","","","0.9534972187568238","0.9534972187568238"
"cold_scaffold","split2027","Ligand-only descriptors","Target_257","IRES RNA G-quadruplex","1","","","0.12673178288198628","0.12673178288198628"
"cold_scaffold","split2027","Ligand-only descriptors","Target_258","BCL2 RNA G-quadruplex","1","","","0.203211146694934","0.203211146694934"
"cold_scaffold","split2027","Ligand-only descriptors","Target_259","NRAS G4 motif","5","0.1204990542355289","-0.19999999999999998","0.30529234519437587","0.1963648911039096"
"cold_scaffold","split2027","Ligand-only descriptors","Target_26","35 nucleotide RNA","1","","","2.1883995756897647","2.1883995756897647"
"cold_scaffold","split2027","Ligand-only descriptors","Target_260","Pu22 DNA G-quadruplex","1","","","0.584647479435854","0.584647479435854"
"cold_scaffold","split2027","Ligand-only descriptors","Target_261","TRF2:Telomeric duplex DNA (hTELO-dup)","1","","","1.4983428528316765","1.4983428528316765"
"cold_scaffold","split2027","Ligand-only descriptors","Target_262","TRF2:TERRA G-quadruplex (TERRA22):Telomeric duplex DNA (hTELO-dup)","1","","","0.5393950483747352","0.5393950483747352"
"cold_scaffold","split2027","Ligand-only descriptors","Target_265","miR-21 hairpin","19","0.09270585714637","-0.02289758183481022","0.46022878433335995","0.3975218555517294"
"cold_scaffold","split2027","Ligand-only descriptors","Target_266","Pre-miR-372","7","0.8398500212962565","0.8571428571428573","0.7344196642017825","0.5420743579143167"
"cold_scaffold","split2027","Ligand-only descriptors","Target_267","Pre-miR-373","2","1.0","0.9999999999999999","0.06194377697366758","0.04819464203518242"
"cold_scaffold","split2027","Ligand-only descriptors","Target_281","r(CUG)16","1","","","0.03796943638598549","0.03796943638598549"
"cold_scaffold","split2027","Ligand-only descriptors","Target_282","Oligonucleotide 3","2","-1.0","-0.9999999999999999","0.6494275145883389","0.4844465984382329"
"cold_scaffold","split2027","Ligand-only descriptors","Target_283","Oligonucleotide 4","2","-1.0","-0.9999999999999999","0.6405400980944915","0.47815203478422275"
"cold_scaffold","split2027","Ligand-only descriptors","Target_284","SMN2 pre-mRNA GA-rich sequence","1","","","0.2847383159076209","0.2847383159076209"
"cold_scaffold","split2027","Ligand-only descriptors","Target_3","A-site 16S rRNA_E_coli (1)","45","0.6021909201378453","0.5422584013754252","1.358774708440409","1.1822076245013244"
"cold_scaffold","split2027","Ligand-only descriptors","Target_307","J6f1 RNA","1","","","0.7242161136195753","0.7242161136195753"
"cold_scaffold","split2027","Ligand-only descriptors","Target_308","J6fd6 RNA","1","","","1.4773934793658352","1.4773934793658352"
"cold_scaffold","split2027","Ligand-only descriptors","Target_309","J6f15 RNA","1","","","0.37966673930579464","0.37966673930579464"
"cold_scaffold","split2027","Ligand-only descriptors","Target_310","J6f16 RNA","1","","","1.2307211460244556","1.2307211460244556"
"cold_scaffold","split2027","Ligand-only descriptors","Target_311","J6f17 RNA","1","","","0.38520968905189523","0.38520968905189523"
"cold_scaffold","split2027","Ligand-only descriptors","Target_312","Pre-miR-377 dicer processing site","2","-1.0","-0.9999999999999999","1.3371243202827474","1.11788302422854"
"cold_scaffold","split2027","Ligand-only descriptors","Target_329","EV71 SLII RNA","1","","","0.8413949267032281","0.8413949267032281"
"cold_scaffold","split2027","Ligand-only descriptors","Target_345","(5'CGG/3'GGC) x1","4","0.8501627482743728","1.0","0.7816440111785578","0.6704970804084782"
"cold_scaffold","split2027","Ligand-only descriptors","Target_346","(5'CAG/3'GUC) x1","4","-0.23234475119350206","0.19999999999999998","0.3498681399438702","0.32105154169760675"
"cold_scaffold","split2027","Ligand-only descriptors","Target_347","(5'CGG/3'GGC)x6","2","1.0","0.9999999999999999","0.7943161552363864","0.7531908944215258"
"cold_scaffold","split2027","Ligand-only descriptors","Target_348","(5'CAG/3'GUC)x6","2","-1.0","-0.9999999999999999","0.5022026231268691","0.4998620446950226"
"cold_scaffold","split2027","Ligand-only descriptors","Target_349","(5'CGG/3'GGC) x20","1","","","1.3019461919765085","1.3019461919765085"
"cold_scaffold","split2027","Ligand-only descriptors","Target_350","(5'CGG/3'GGC) x40","1","","","1.3397347528659083","1.3397347528659083"
"cold_scaffold","split2027","Ligand-only descriptors","Target_351","(5'CGG/3'GGC) x60","1","","","1.4329590762969984","1.4329590762969984"
"cold_scaffold","split2027","Ligand-only descriptors","Target_352","Fusibacterium ulcerans ZTP riboswitch","3","0.44296459446023634","0.5","1.0001220466613292","0.9003480930954387"
"cold_scaffold","split2027","Ligand-only descriptors","Target_37","TPP RIBOSWITCH APTAMER","1","","","0.41051273290989343","0.41051273290989343"
"cold_scaffold","split2027","Ligand-only descriptors","Target_373","CVB loop D RNA","1","","","1.0434976895070034","1.0434976895070034"
"cold_scaffold","split2027","Ligand-only descriptors","Target_374","Polio virus loop B RNA","1","","","1.780256254732424","1.780256254732424"
"cold_scaffold","split2027","Ligand-only descriptors","Target_38","LYSINE RIBOSWITCH APTAMER","1","","","0.7618409315608821","0.7618409315608821"
"cold_scaffold","split2027","Ligand-only descriptors","Target_4","RNA_APTAMER_CB_42","1","","","0.07239987955029115","0.07239987955029115"
"cold_scaffold","split2027","Ligand-only descriptors","Target_405","B.subtilis cysH","3","0.8404147824544109","0.5","1.4990507240624844","1.4811464723652197"
"cold_scaffold","split2027","Ligand-only descriptors","Target_406","B.anthracis cysH","3","0.47731172590780974","0.5","2.150422331057581","1.9324086174171091"
"cold_scaffold","split2027","Ligand-only descriptors","Target_407","E. coli transglycosidase mRNA","1","","","0.4251877658700405","0.4251877658700405"
"cold_scaffold","split2027","Ligand-only descriptors","Target_408","HCV IRES Domain Iib","1","","","0.02052502459798955","0.02052502459798955"
"cold_scaffold","split2027","Ligand-only descriptors","Target_409","HIV protease active site (PAS) mRNA","1","","","0.5220977788781003","0.5220977788781003"
"cold_scaffold","split2027","Ligand-only descriptors","Target_410","human tyrosine sulfotransferase mRNA","1","","","0.9142082438894104","0.9142082438894104"
"cold_scaffold","split2027","Ligand-only descriptors","Target_411","Tetracycline riboswitch","1","","","1.8340416645101287","1.8340416645101287"
"cold_scaffold","split2027","Ligand-only descriptors","Target_413","Tetracycline riboswitch A09G mutant","1","","","0.3420495945455597","0.3420495945455597"
"cold_scaffold","split2027","Ligand-only descriptors","Target_414","Tetracycline riboswitch A13U mutant","1","","","0.52210830583582","0.52210830583582"
"cold_scaffold","split2027","Ligand-only descriptors","Target_415","Tetracycline riboswitch A50U mutant","1","","","0.11526562725369072","0.11526562725369072"
"cold_scaffold","split2027","Ligand-only descriptors","Target_436","Duplex RNA","1","","","0.936057742316323","0.936057742316323"
"cold_scaffold","split2027","Ligand-only descriptors","Target_437","Single_stranded_RNA","1","","","1.0514511610183934","1.0514511610183934"
"cold_scaffold","split2027","Ligand-only descriptors","Target_441","U15C,U16C SLI_mutant","1","","","2.0519334888496186","2.0519334888496186"
"cold_scaffold","split2027","Ligand-only descriptors","Target_442","G17A,G18A SLI_mutant","1","","","2.0519334888496186","2.0519334888496186"
"cold_scaffold","split2027","Ligand-only descriptors","Target_443","C19U,G20A SLI_mutant","1","","","2.1768722254579194","2.1768722254579194"
"cold_scaffold","split2027","Ligand-only descriptors","Target_444","G21A,A22G SLI_mutant","1","","","1.8758422297939399","1.8758422297939399"
"cold_scaffold","split2027","Ligand-only descriptors","Target_445","TS mRNA Construct_4","2","1.0","0.9999999999999999","0.04970898360403817","0.04521178258716674"
"cold_scaffold","split2027","Ligand-only descriptors","Target_446","TS mRNA Construct_5","2","1.0","0.9999999999999999","0.1314448551418209","0.12965929751976635"
"cold_scaffold","split2027","Ligand-only descriptors","Target_55","r(CUG)","1","","","0.1626591395751742","0.1626591395751742"
"cold_scaffold","split2027","Ligand-only descriptors","Target_6","RNA_Aptamer","2","1.0","0.9999999999999999","2.221864991403211","1.7515039510669355"
"cold_scaffold","split2027","Ligand-only descriptors","Target_63","Thymidylate synthase m-RNA","2","1.0","0.9999999999999999","0.07555948761255975","0.07048083370564351"
"cold_scaffold","split2027","Ligand-only descriptors","Target_66","HCV IRES Domain IIId","2","-1.0","-0.9999999999999999","1.0145737230099978","0.9812934235257056"
"cold_scaffold","split2027","Ligand-only descriptors","Target_69","ADENINE RIBOSWITCH","4","0.20701491305181682","0.316227766016838","1.9439041805210588","1.5975687277030388"
"cold_scaffold","split2027","Ligand-only descriptors","Target_71","S_Adenosyl_methionine_riboswitch","2","","","2.3632847367182963","2.109628937872281"
"cold_scaffold","split2027","Ligand-only descriptors","Target_72","thiamine_BOX_Riboswitch","1","","","0.3269666814598242","0.3269666814598242"
"cold_scaffold","split2027","Ligand-only descriptors","Target_74","Guanine riboswitch","1","","","2.5113705246531888","2.5113705246531888"
"cold_scaffold","split2027","Ligand-only descriptors","Target_76","B.subtilis tenA TPP riboswitch","3","0.10962448580412512","0.5","1.5796066599396235","1.517240329751272"
"cold_scaffold","split2027","Ligand-only descriptors","Target_78","B.subtilis lysine riboswitch","2","-1.0","-0.9999999999999999","1.214432176069177","1.1819922342814149"
"cold_scaffold","split2027","Ligand-only descriptors","Target_79","T-box riboswitch","1","","","0.004283497631217159","0.004283497631217159"
"cold_scaffold","split2027","Ligand-only descriptors","Target_80","HIV-1 RRE","5","-0.044418293286146826","-0.3","0.8282967138949737","0.7037181764835398"
"cold_scaffold","split2027","RNA+ligand descriptors","Target_100","Large subunit (TELITHROMYCIN)","3","-0.7068904443971926","-1.0","1.5951691190248911","1.295499260388973"
"cold_scaffold","split2027","RNA+ligand descriptors","Target_109","HIV-1FRAMESHIFT STEM LOOP STRUCTURE","3","0.964241265003416","1.0","0.4403786148275869","0.3742280191106131"
"cold_scaffold","split2027","RNA+ligand descriptors","Target_110","DM1-RNA-MBNL1","1","","","0.610893633274431","0.610893633274431"
"cold_scaffold","split2027","RNA+ligand descriptors","Target_113","T-box RNA","1","","","0.22478850602423517","0.22478850602423517"
"cold_scaffold","split2027","RNA+ligand descriptors","Target_114","T-box C11U","1","","","0.9625451550121191","0.9625451550121191"
"cold_scaffold","split2027","RNA+ligand descriptors","Target_123","RNA XIII","1","","","0.49091376343413806","0.49091376343413806"
"cold_scaffold","split2027","RNA+ligand descriptors","Target_124","RNA XIV","1","","","0.08665351142515565","0.08665351142515565"
"cold_scaffold","split2027","RNA+ligand descriptors","Target_125","RNA XV","1","","","0.36330360078490553","0.36330360078490553"
"cold_scaffold","split2027","RNA+ligand descriptors","Target_127","SLI of Rep A","1","","","1.7044610994867693","1.7044610994867693"
"cold_scaffold","split2027","RNA+ligand descriptors","Target_130","Coxsackie virus B3 RNA","1","","","1.2184467338825589","1.2184467338825589"
"cold_scaffold","split2027","RNA+ligand descriptors","Target_131","Polio virus loop B construct","1","","","2.0018892142825937","2.0018892142825937"
"cold_scaffold","split2027","RNA+ligand descriptors","Target_136","RNA_XIX","1","","","0.12732902076842567","0.12732902076842567"
"cold_scaffold","split2027","RNA+ligand descriptors","Target_137","RNA_XX","1","","","0.1269722858587663","0.1269722858587663"
"cold_scaffold","split2027","RNA+ligand descriptors","Target_138","RNA_XXI","1","","","0.09525613120379628","0.09525613120379628"
"cold_scaffold","split2027","RNA+ligand descriptors","Target_139","RNA_XXII","1","","","0.21903981174564624","0.21903981174564624"
"cold_scaffold","split2027","RNA+ligand descriptors","Target_142","Spiegelmer L-A42d RNA (58 mer)","7","-0.16013601482797768","0.054056247761733546","1.8642019453372218","1.7675848835289454"
"cold_scaffold","split2027","RNA+ligand descriptors","Target_146","SL3 RNA","10","0.47435844813382333","0.309090909090909","0.792741220458209","0.6347080620422596"
"cold_scaffold","split2027","RNA+ligand descriptors","Target_149","Double stranded RNA seq","3","0.9995356808326858","1.0","0.7930552255295511","0.7180607319239818"
"cold_scaffold","split2027","RNA+ligand descriptors","Target_150","single stranded RNA seq","3","0.9999825347225213","1.0","0.6692712763266072","0.6504328277381458"
"cold_scaffold","split2027","RNA+ligand descriptors","Target_151","RNA seq A","1","","","0.20603060884196278","0.20603060884196278"
"cold_scaffold","split2027","RNA+ligand descriptors","Target_152","RNA seq A (20 x t-RNA)","1","","","0.16345676747786708","0.16345676747786708"
"cold_scaffold","split2027","RNA+ligand descriptors","Target_153","RNA seq B","1","","","0.08533089026762486","0.08533089026762486"
"cold_scaffold","split2027","RNA+ligand descriptors","Target_154","RNA seq C","1","","","0.08600335979924534","0.08600335979924534"
"cold_scaffold","split2027","RNA+ligand descriptors","Target_155","RNA seq D","1","","","0.07485488315505773","0.07485488315505773"
"cold_scaffold","split2027","RNA+ligand descriptors","Target_156","RNA seq E","1","","","0.22264709011525152","0.22264709011525152"
"cold_scaffold","split2027","RNA+ligand descriptors","Target_157","RNA seq F","1","","","0.07262617420184192","0.07262617420184192"
"cold_scaffold","split2027","RNA+ligand descriptors","Target_158","RpoH σ32mRNA factor","2","-1.0","-0.9999999999999999","0.35269629094691324","0.3069598565528655"
"cold_scaffold","split2027","RNA+ligand descriptors","Target_166","r(AUUCU)11","2","-1.0","-0.9999999999999999","0.9931071636337737","0.9833815142267612"
"cold_scaffold","split2027","RNA+ligand descriptors","Target_167","r(CUG)12","2","-1.0","-0.9999999999999999","0.13136177554631726","0.10745609848529591"
"cold_scaffold","split2027","RNA+ligand descriptors","Target_169","r(CGG)12","3","0.9909574270169343","1.0","0.10932837769287618","0.09059159228343135"
"cold_scaffold","split2027","RNA+ligand descriptors","Target_173","r(CUG)6","1","","","0.010014003718992193","0.010014003718992193"
"cold_scaffold","split2027","RNA+ligand descriptors","Target_185","r(CCUG)12","2","1.0","0.9999999999999999","0.039974536771111034","0.03444344819948908"
"cold_scaffold","split2027","RNA+ligand descriptors","Target_189","165 ribD FMN Riboswitch Aptamer, B. subtilis","1","","","2.519262531603613","2.519262531603613"
"cold_scaffold","split2027","RNA+ligand descriptors","Target_19","HIV-1 TAR RNA","39","0.6845100951412894","0.5480574777675578","1.1749694366198227","0.9436123131294654"
"cold_scaffold","split2027","RNA+ligand descriptors","Target_195","108 nt yjdF Riboswitch Construct, B. subtilis, Mutant 1","1","","","1.8799717731642644","1.8799717731642644"
"cold_scaffold","split2027","RNA+ligand descriptors","Target_196","A10-RNA-WT QGRS in ADAM10 mRNA","1","","","0.8177568882029753","0.8177568882029753"
"cold_scaffold","split2027","RNA+ligand descriptors","Target_198","DDPAC hairpin A-bulge","2","1.0","0.9999999999999999","0.1584855486206718","0.13616466858033993"
"cold_scaffold","split2027","RNA+ligand descriptors","Target_20","RNA_Str_HIV-2 TAR","1","","","0.47036486332737315","0.47036486332737315"
"cold_scaffold","split2027","RNA+ligand descriptors","Target_204","5'CAG/3'GAC","1","","","1.4273306717754082","1.4273306717754082"
"cold_scaffold","split2027","RNA+ligand descriptors","Target_212","Hairpin DNA","2","-1.0","-0.9999999999999999","3.509312296442247","2.7070347177241545"
"cold_scaffold","split2027","RNA+ligand descriptors","Target_215","HTT exon1 RNA, 18 repeats","1","","","0.9004653976928214","0.9004653976928214"
"cold_scaffold","split2027","RNA+ligand descriptors","Target_216","HTT exon1 RNA, 48 repeats","1","","","1.3271585579594416","1.3271585579594416"
"cold_scaffold","split2027","RNA+ligand descriptors","Target_217","Influenza RNA promoter","1","","","0.6777190286780375","0.6777190286780375"
"cold_scaffold","split2027","RNA+ligand descriptors","Target_219","HCV IRES-A","1","","","1.4062454419764387","1.4062454419764387"
"cold_scaffold","split2027","RNA+ligand descriptors","Target_220","HCV IRES-A 1 Mutant","1","","","0.6121126620166004","0.6121126620166004"
"cold_scaffold","split2027","RNA+ligand descriptors","Target_222","HCV IRES-A DNA","1","","","0.3847989359365318","0.3847989359365318"
"cold_scaffold","split2027","RNA+ligand descriptors","Target_227","Pre-miR-21","2","-1.0","-0.9999999999999999","0.9843115460911946","0.7319061538322225"
"cold_scaffold","split2027","RNA+ligand descriptors","Target_232","G4C2 repeat G-quadruplex RNA","1","","","0.5496606794975074","0.5496606794975074"
"cold_scaffold","split2027","RNA+ligand descriptors","Target_255","TERRA G-quadruplex","2","1.0","0.9999999999999999","0.7468331594137737","0.570745043157705"
"cold_scaffold","split2027","RNA+ligand descriptors","Target_256","Telomeric DNA G-quadruplex (HTG22)","1","","","0.8219210850102501","0.8219210850102501"
"cold_scaffold","split2027","RNA+ligand descriptors","Target_257","IRES RNA G-quadruplex","1","","","0.9304828424489973","0.9304828424489973"
"cold_scaffold","split2027","RNA+ligand descriptors","Target_258","BCL2 RNA G-quadruplex","1","","","0.0020864533059512524","0.0020864533059512524"
"cold_scaffold","split2027","RNA+ligand descriptors","Target_259","NRAS G4 motif","5","0.15373952013927678","0.6","0.4065036035856549","0.25251358546102265"
"cold_scaffold","split2027","RNA+ligand descriptors","Target_26","35 nucleotide RNA","1","","","2.4755933161027226","2.4755933161027226"
"cold_scaffold","split2027","RNA+ligand descriptors","Target_260","Pu22 DNA G-quadruplex","1","","","0.37803129684952363","0.37803129684952363"
"cold_scaffold","split2027","RNA+ligand descriptors","Target_261","TRF2:Telomeric duplex DNA (hTELO-dup)","1","","","1.6299189865782502","1.6299189865782502"
"cold_scaffold","split2027","RNA+ligand descriptors","Target_262","TRF2:TERRA G-quadruplex (TERRA22):Telomeric duplex DNA (hTELO-dup)","1","","","0.6709711821213089","0.6709711821213089"
"cold_scaffold","split2027","RNA+ligand descriptors","Target_265","miR-21 hairpin","19","0.07558432304730824","0.071334774177678","0.34046170390295427","0.28409501806246046"
"cold_scaffold","split2027","RNA+ligand descriptors","Target_266","Pre-miR-372","7","0.9282578119407986","0.8214285714285715","0.5071033499094757","0.3484865598402515"
"cold_scaffold","split2027","RNA+ligand descriptors","Target_267","Pre-miR-373","2","1.0","0.9999999999999999","0.11478367439253369","0.09206775852328608"
"cold_scaffold","split2027","RNA+ligand descriptors","Target_281","r(CUG)16","1","","","0.13140554692216977","0.13140554692216977"
"cold_scaffold","split2027","RNA+ligand descriptors","Target_282","Oligonucleotide 3","2","-1.0","-0.9999999999999999","0.5758008192711532","0.5560550485200983"
"cold_scaffold","split2027","RNA+ligand descriptors","Target_283","Oligonucleotide 4","2","-1.0","-0.9999999999999999","0.5592783602115954","0.5327145283366042"
"cold_scaffold","split2027","RNA+ligand descriptors","Target_284","SMN2 pre-mRNA GA-rich sequence","1","","","0.13677658899379885","0.13677658899379885"
"cold_scaffold","split2027","RNA+ligand descriptors","Target_3","A-site 16S rRNA_E_coli (1)","45","0.8463117818087674","0.7570925009663454","0.7282309943925878","0.5832178197164299"
"cold_scaffold","split2027","RNA+ligand descriptors","Target_307","J6f1 RNA","1","","","0.17480833268806162","0.17480833268806162"
"cold_scaffold","split2027","RNA+ligand descriptors","Target_308","J6fd6 RNA","1","","","1.2804880355582613","1.2804880355582613"
"cold_scaffold","split2027","RNA+ligand descriptors","Target_309","J6f15 RNA","1","","","0.06133658856096602","0.06133658856096602"
"cold_scaffold","split2027","RNA+ligand descriptors","Target_310","J6f16 RNA","1","","","0.5963677497746183","0.5963677497746183"
"cold_scaffold","split2027","RNA+ligand descriptors","Target_311","J6f17 RNA","1","","","0.01167069767855633","0.01167069767855633"
"cold_scaffold","split2027","RNA+ligand descriptors","Target_312","Pre-miR-377 dicer processing site","2","-1.0","-0.9999999999999999","1.08502649284461","0.9056800386627102"
"cold_scaffold","split2027","RNA+ligand descriptors","Target_329","EV71 SLII RNA","1","","","0.5882455176958139","0.5882455176958139"
"cold_scaffold","split2027","RNA+ligand descriptors","Target_345","(5'CGG/3'GGC) x1","4","0.8164384160904802","0.7999999999999999","0.542372375171018","0.4814990626191402"
"cold_scaffold","split2027","RNA+ligand descriptors","Target_346","(5'CAG/3'GUC) x1","4","0.057533718114744475","0.39999999999999997","0.2342904032775291","0.21038093215997766"
"cold_scaffold","split2027","RNA+ligand descriptors","Target_347","(5'CGG/3'GGC)x6","2","1.0","0.9999999999999999","0.622514908150693","0.5176694428890714"
"cold_scaffold","split2027","RNA+ligand descriptors","Target_348","(5'CAG/3'GUC)x6","2","-1.0","-0.9999999999999999","0.40472093106439494","0.40066966935215964"
"cold_scaffold","split2027","RNA+ligand descriptors","Target_349","(5'CGG/3'GGC) x20","1","","","1.155777961996204","1.155777961996204"
"cold_scaffold","split2027","RNA+ligand descriptors","Target_350","(5'CGG/3'GGC) x40","1","","","1.179017072120991","1.179017072120991"
"cold_scaffold","split2027","RNA+ligand descriptors","Target_351","(5'CGG/3'GGC) x60","1","","","1.2293612119353172","1.2293612119353172"
"cold_scaffold","split2027","RNA+ligand descriptors","Target_352","Fusibacterium ulcerans ZTP riboswitch","3","0.39078479972193325","0.5","0.8651132845773272","0.7531920211550996"
"cold_scaffold","split2027","RNA+ligand descriptors","Target_37","TPP RIBOSWITCH APTAMER","1","","","0.5657076980106979","0.5657076980106979"
"cold_scaffold","split2027","RNA+ligand descriptors","Target_373","CVB loop D RNA","1","","","1.2184467338825589","1.2184467338825589"
"cold_scaffold","split2027","RNA+ligand descriptors","Target_374","Polio virus loop B RNA","1","","","2.005360601661317","2.005360601661317"
"cold_scaffold","split2027","RNA+ligand descriptors","Target_38","LYSINE RIBOSWITCH APTAMER","1","","","0.7461128239756976","0.7461128239756976"
"cold_scaffold","split2027","RNA+ligand descriptors","Target_4","RNA_APTAMER_CB_42","1","","","0.3883348164852265","0.3883348164852265"
"cold_scaffold","split2027","RNA+ligand descriptors","Target_405","B.subtilis cysH","3","0.9456821387389959","0.5","1.7093325608543772","1.6194145054624072"
"cold_scaffold","split2027","RNA+ligand descriptors","Target_406","B.anthracis cysH","3","0.4219520669623343","0.5","2.070149388564445","1.8242878267461269"
"cold_scaffold","split2027","RNA+ligand descriptors","Target_407","E. coli transglycosidase mRNA","1","","","0.5192680646147414","0.5192680646147414"
"cold_scaffold","split2027","RNA+ligand descriptors","Target_408","HCV IRES Domain Iib","1","","","0.09622112719573739","0.09622112719573739"
"cold_scaffold","split2027","RNA+ligand descriptors","Target_409","HIV protease active site (PAS) mRNA","1","","","0.21043145437464084","0.21043145437464084"
"cold_scaffold","split2027","RNA+ligand descriptors","Target_410","human tyrosine sulfotransferase mRNA","1","","","0.9365181570361738","0.9365181570361738"
"cold_scaffold","split2027","RNA+ligand descriptors","Target_411","Tetracycline riboswitch","1","","","1.229927860163647","1.229927860163647"
"cold_scaffold","split2027","RNA+ligand descriptors","Target_413","Tetracycline riboswitch A09G mutant","1","","","0.8172959259763415","0.8172959259763415"
"cold_scaffold","split2027","RNA+ligand descriptors","Target_414","Tetracycline riboswitch A13U mutant","1","","","0.0389441730336193","0.0389441730336193"
"cold_scaffold","split2027","RNA+ligand descriptors","Target_415","Tetracycline riboswitch A50U mutant","1","","","0.565188553701506","0.565188553701506"
"cold_scaffold","split2027","RNA+ligand descriptors","Target_436","Duplex RNA","1","","","0.7690697375811082","0.7690697375811082"
"cold_scaffold","split2027","RNA+ligand descriptors","Target_437","Single_stranded_RNA","1","","","0.8844631562831786","0.8844631562831786"
"cold_scaffold","split2027","RNA+ligand descriptors","Target_441","U15C,U16C SLI_mutant","1","","","1.584083281534335","1.584083281534335"
"cold_scaffold","split2027","RNA+ligand descriptors","Target_442","G17A,G18A SLI_mutant","1","","","1.5506430782359395","1.5506430782359395"
"cold_scaffold","split2027","RNA+ligand descriptors","Target_443","C19U,G20A SLI_mutant","1","","","1.6296225247194034","1.6296225247194034"
"cold_scaffold","split2027","RNA+ligand descriptors","Target_444","G21A,A22G SLI_mutant","1","","","1.3718304334168767","1.3718304334168767"
"cold_scaffold","split2027","RNA+ligand descriptors","Target_445","TS mRNA Construct_4","2","-1.0","-0.9999999999999999","0.08017178986458603","0.06142955656470672"
"cold_scaffold","split2027","RNA+ligand descriptors","Target_446","TS mRNA Construct_5","2","-1.0","-0.9999999999999999","0.0448836008125459","0.03427420731867015"
"cold_scaffold","split2027","RNA+ligand descriptors","Target_55","r(CUG)","1","","","0.13684878438026704","0.13684878438026704"
"cold_scaffold","split2027","RNA+ligand descriptors","Target_6","RNA_Aptamer","2","1.0","0.9999999999999999","2.001402036367474","1.4669615572017793"
"cold_scaffold","split2027","RNA+ligand descriptors","Target_63","Thymidylate synthase m-RNA","2","-1.0","-0.9999999999999999","0.09738725685769645","0.09128568248090607"
"cold_scaffold","split2027","RNA+ligand descriptors","Target_66","HCV IRES Domain IIId","2","-1.0","-0.9999999999999999","0.9694291530504353","0.9549599538541895"
"cold_scaffold","split2027","RNA+ligand descriptors","Target_69","ADENINE RIBOSWITCH","4","0.27744437569212993","0.316227766016838","1.9484811249396028","1.6274502093883103"
"cold_scaffold","split2027","RNA+ligand descriptors","Target_71","S_Adenosyl_methionine_riboswitch","2","","","2.201401744783888","1.9265485072117983"
"cold_scaffold","split2027","RNA+ligand descriptors","Target_72","thiamine_BOX_Riboswitch","1","","","0.49779213686497226","0.49779213686497226"
"cold_scaffold","split2027","RNA+ligand descriptors","Target_74","Guanine riboswitch","1","","","2.0092581840937935","2.0092581840937935"
"cold_scaffold","split2027","RNA+ligand descriptors","Target_76","B.subtilis tenA TPP riboswitch","3","0.5381158814208701","0.5","1.380600624781462","1.3674853867690315"
"cold_scaffold","split2027","RNA+ligand descriptors","Target_78","B.subtilis lysine riboswitch","2","-1.0","-0.9999999999999999","1.1655971095713415","1.1190792001866292"
"cold_scaffold","split2027","RNA+ligand descriptors","Target_79","T-box riboswitch","1","","","0.1921712814667087","0.1921712814667087"
"cold_scaffold","split2027","RNA+ligand descriptors","Target_80","HIV-1 RRE","5","-0.023138579711144636","-0.09999999999999999","0.7014935734639217","0.5664113744958945"
"cold_scaffold","split2027","Sequence-SMILES ridge","Target_100","Large subunit (TELITHROMYCIN)","3","-0.22076440163477926","-0.5","1.3975016492366168","1.2239811143818808"
"cold_scaffold","split2027","Sequence-SMILES ridge","Target_109","HIV-1FRAMESHIFT STEM LOOP STRUCTURE","3","-0.7122255422317937","-0.5","1.1199823325275635","1.076146229116213"
"cold_scaffold","split2027","Sequence-SMILES ridge","Target_110","DM1-RNA-MBNL1","1","","","0.9002423497812426","0.9002423497812426"
"cold_scaffold","split2027","Sequence-SMILES ridge","Target_113","T-box RNA","1","","","0.5463119612486604","0.5463119612486604"
"cold_scaffold","split2027","Sequence-SMILES ridge","Target_114","T-box C11U","1","","","0.8593437878958525","0.8593437878958525"
"cold_scaffold","split2027","Sequence-SMILES ridge","Target_123","RNA XIII","1","","","0.5801856299815737","0.5801856299815737"
"cold_scaffold","split2027","Sequence-SMILES ridge","Target_124","RNA XIV","1","","","0.40869563539444265","0.40869563539444265"
"cold_scaffold","split2027","Sequence-SMILES ridge","Target_125","RNA XV","1","","","0.6420623848903082","0.6420623848903082"
"cold_scaffold","split2027","Sequence-SMILES ridge","Target_127","SLI of Rep A","1","","","0.8341036589496413","0.8341036589496413"
"cold_scaffold","split2027","Sequence-SMILES ridge","Target_130","Coxsackie virus B3 RNA","1","","","1.6605220647426626","1.6605220647426626"
"cold_scaffold","split2027","Sequence-SMILES ridge","Target_131","Polio virus loop B construct","1","","","2.250053973497324","2.250053973497324"
"cold_scaffold","split2027","Sequence-SMILES ridge","Target_136","RNA_XIX","1","","","0.03475823304176995","0.03475823304176995"
"cold_scaffold","split2027","Sequence-SMILES ridge","Target_137","RNA_XX","1","","","0.47971558060395925","0.47971558060395925"
"cold_scaffold","split2027","Sequence-SMILES ridge","Target_138","RNA_XXI","1","","","0.28916496431656213","0.28916496431656213"
"cold_scaffold","split2027","Sequence-SMILES ridge","Target_139","RNA_XXII","1","","","0.6365603246616471","0.6365603246616471"
"cold_scaffold","split2027","Sequence-SMILES ridge","Target_142","Spiegelmer L-A42d RNA (58 mer)","7","-0.32511353977586804","-0.28571428571428575","2.1238894834921935","1.8939919477048512"
"cold_scaffold","split2027","Sequence-SMILES ridge","Target_146","SL3 RNA","10","0.47322990633179707","0.43030303030303024","0.8560783428487265","0.7160919955099028"
"cold_scaffold","split2027","Sequence-SMILES ridge","Target_149","Double stranded RNA seq","3","0.9923185694484986","0.5","1.0725188234693825","0.9742574581126277"
"cold_scaffold","split2027","Sequence-SMILES ridge","Target_150","single stranded RNA seq","3","0.9964524888032247","0.5","1.0646068448728407","0.9242399010587802"
"cold_scaffold","split2027","Sequence-SMILES ridge","Target_151","RNA seq A","1","","","0.06326348332742793","0.06326348332742793"
"cold_scaffold","split2027","Sequence-SMILES ridge","Target_152","RNA seq A (20 x t-RNA)","1","","","0.4327508596472578","0.4327508596472578"
"cold_scaffold","split2027","Sequence-SMILES ridge","Target_153","RNA seq B","1","","","0.4045646952169646","0.4045646952169646"
"cold_scaffold","split2027","Sequence-SMILES ridge","Target_154","RNA seq C","1","","","0.18335281525289915","0.18335281525289915"
"cold_scaffold","split2027","Sequence-SMILES ridge","Target_155","RNA seq D","1","","","0.18844282819671143","0.18844282819671143"
"cold_scaffold","split2027","Sequence-SMILES ridge","Target_156","RNA seq E","1","","","0.48190150109301566","0.48190150109301566"
"cold_scaffold","split2027","Sequence-SMILES ridge","Target_157","RNA seq F","1","","","0.542921819137729","0.542921819137729"
"cold_scaffold","split2027","Sequence-SMILES ridge","Target_158","RpoH σ32mRNA factor","2","-1.0","-0.9999999999999999","0.36974854278439206","0.3125070184798888"
"cold_scaffold","split2027","Sequence-SMILES ridge","Target_166","r(AUUCU)11","2","1.0","0.9999999999999999","1.2677739384801003","1.2629507884985092"
"cold_scaffold","split2027","Sequence-SMILES ridge","Target_167","r(CUG)12","2","1.0","0.9999999999999999","0.20575120561890647","0.17357273315038402"
"cold_scaffold","split2027","Sequence-SMILES ridge","Target_169","r(CGG)12","3","-0.7024933158064864","-0.5","0.7563681023615091","0.7283431547863838"
"cold_scaffold","split2027","Sequence-SMILES ridge","Target_173","r(CUG)6","1","","","0.33951147684749117","0.33951147684749117"
"cold_scaffold","split2027","Sequence-SMILES ridge","Target_185","r(CCUG)12","2","1.0","0.9999999999999999","0.17380012692939695","0.1341656409083014"
"cold_scaffold","split2027","Sequence-SMILES ridge","Target_189","165 ribD FMN Riboswitch Aptamer, B. subtilis","1","","","2.5104123431946466","2.5104123431946466"
"cold_scaffold","split2027","Sequence-SMILES ridge","Target_19","HIV-1 TAR RNA","39","0.5997476500729895","0.5796068596459778","1.5820292188497103","1.3484931128963416"
"cold_scaffold","split2027","Sequence-SMILES ridge","Target_195","108 nt yjdF Riboswitch Construct, B. subtilis, Mutant 1","1","","","2.208446514450939","2.208446514450939"
"cold_scaffold","split2027","Sequence-SMILES ridge","Target_196","A10-RNA-WT QGRS in ADAM10 mRNA","1","","","1.1886549042571666","1.1886549042571666"
"cold_scaffold","split2027","Sequence-SMILES ridge","Target_198","DDPAC hairpin A-bulge","2","1.0","0.9999999999999999","0.17807770336764023","0.17721697835592742"
"cold_scaffold","split2027","Sequence-SMILES ridge","Target_20","RNA_Str_HIV-2 TAR","1","","","0.11859605570287002","0.11859605570287002"
"cold_scaffold","split2027","Sequence-SMILES ridge","Target_204","5'CAG/3'GAC","1","","","1.3156656529273532","1.3156656529273532"
"cold_scaffold","split2027","Sequence-SMILES ridge","Target_212","Hairpin DNA","2","-1.0","-0.9999999999999999","2.9713838793639087","2.2317570537108424"
"cold_scaffold","split2027","Sequence-SMILES ridge","Target_215","HTT exon1 RNA, 18 repeats","1","","","0.7332188784296498","0.7332188784296498"
"cold_scaffold","split2027","Sequence-SMILES ridge","Target_216","HTT exon1 RNA, 48 repeats","1","","","1.15991203869627","1.15991203869627"
"cold_scaffold","split2027","Sequence-SMILES ridge","Target_217","Influenza RNA promoter","1","","","1.2494511337882201","1.2494511337882201"
"cold_scaffold","split2027","Sequence-SMILES ridge","Target_219","HCV IRES-A","1","","","2.208601156514394","2.208601156514394"
"cold_scaffold","split2027","Sequence-SMILES ridge","Target_220","HCV IRES-A 1 Mutant","1","","","1.3969751021048937","1.3969751021048937"
"cold_scaffold","split2027","Sequence-SMILES ridge","Target_222","HCV IRES-A DNA","1","","","0.15866885180084012","0.15866885180084012"
"cold_scaffold","split2027","Sequence-SMILES ridge","Target_227","Pre-miR-21","2","-1.0","-0.9999999999999999","0.7186218834173888","0.5542255235881965"
"cold_scaffold","split2027","Sequence-SMILES ridge","Target_232","G4C2 repeat G-quadruplex RNA","1","","","1.179698007896211","1.179698007896211"
"cold_scaffold","split2027","Sequence-SMILES ridge","Target_255","TERRA G-quadruplex","2","1.0","0.9999999999999999","0.5875690977194383","0.4494295278293543"
"cold_scaffold","split2027","Sequence-SMILES ridge","Target_256","Telomeric DNA G-quadruplex (HTG22)","1","","","0.9747560477361459","0.9747560477361459"
"cold_scaffold","split2027","Sequence-SMILES ridge","Target_257","IRES RNA G-quadruplex","1","","","1.7791744569740775","1.7791744569740775"
"cold_scaffold","split2027","Sequence-SMILES ridge","Target_258","BCL2 RNA G-quadruplex","1","","","0.9044906665297026","0.9044906665297026"
"cold_scaffold","split2027","Sequence-SMILES ridge","Target_259","NRAS G4 motif","5","0.6002441498330202","0.7","0.6333676653599181","0.5576943272176962"
"cold_scaffold","split2027","Sequence-SMILES ridge","Target_26","35 nucleotide RNA","1","","","3.707053871573682","3.707053871573682"
"cold_scaffold","split2027","Sequence-SMILES ridge","Target_260","Pu22 DNA G-quadruplex","1","","","0.04612291867515239","0.04612291867515239"
"cold_scaffold","split2027","Sequence-SMILES ridge","Target_261","TRF2:Telomeric duplex DNA (hTELO-dup)","1","","","1.4770840238523544","1.4770840238523544"
"cold_scaffold","split2027","Sequence-SMILES ridge","Target_262","TRF2:TERRA G-quadruplex (TERRA22):Telomeric duplex DNA (hTELO-dup)","1","","","0.5181362193954131","0.5181362193954131"
"cold_scaffold","split2027","Sequence-SMILES ridge","Target_265","miR-21 hairpin","19","-0.06418077582713644","-0.14002751968210866","0.6914721256979791","0.6115967669340345"
"cold_scaffold","split2027","Sequence-SMILES ridge","Target_266","Pre-miR-372","7","0.8211728176721385","0.8571428571428573","0.7577832412250207","0.5763025509395454"
"cold_scaffold","split2027","Sequence-SMILES ridge","Target_267","Pre-miR-373","2","1.0","0.9999999999999999","0.1356124779835907","0.13388624735516874"
"cold_scaffold","split2027","Sequence-SMILES ridge","Target_281","r(CUG)16","1","","","0.24865123391822408","0.24865123391822408"
"cold_scaffold","split2027","Sequence-SMILES ridge","Target_282","Oligonucleotide 3","2","-1.0","-0.9999999999999999","0.8244371506875581","0.5860986733587947"
"cold_scaffold","split2027","Sequence-SMILES ridge","Target_283","Oligonucleotide 4","2","-1.0","-0.9999999999999999","0.5772254799879097","0.5735200278499293"
"cold_scaffold","split2027","Sequence-SMILES ridge","Target_284","SMN2 pre-mRNA GA-rich sequence","1","","","0.13439653047114675","0.13439653047114675"
"cold_scaffold","split2027","Sequence-SMILES ridge","Target_3","A-site 16S rRNA_E_coli (1)","45","0.6418002640294339","0.5989785949009114","1.1062460542624828","0.9422294417566104"
"cold_scaffold","split2027","Sequence-SMILES ridge","Target_307","J6f1 RNA","1","","","0.10956606306521799","0.10956606306521799"
"cold_scaffold","split2027","Sequence-SMILES ridge","Target_308","J6fd6 RNA","1","","","0.8017770974027849","0.8017770974027849"
"cold_scaffold","split2027","Sequence-SMILES ridge","Target_309","J6f15 RNA","1","","","0.23001525293983782","0.23001525293983782"
"cold_scaffold","split2027","Sequence-SMILES ridge","Target_310","J6f16 RNA","1","","","0.4150703145119641","0.4150703145119641"
"cold_scaffold","split2027","Sequence-SMILES ridge","Target_311","J6f17 RNA","1","","","0.2564135995494574","0.2564135995494574"
"cold_scaffold","split2027","Sequence-SMILES ridge","Target_312","Pre-miR-377 dicer processing site","2","-1.0","-0.9999999999999999","1.0417981085907295","0.817879545493204"
"cold_scaffold","split2027","Sequence-SMILES ridge","Target_329","EV71 SLII RNA","1","","","0.5321478383674059","0.5321478383674059"
"cold_scaffold","split2027","Sequence-SMILES ridge","Target_345","(5'CGG/3'GGC) x1","4","-0.5835281701482868","-0.19999999999999998","0.7849911684260754","0.749822281472611"
"cold_scaffold","split2027","Sequence-SMILES ridge","Target_346","(5'CAG/3'GUC) x1","4","-0.8334422055245636","-1.0","0.36329508480972056","0.32158072254907033"
"cold_scaffold","split2027","Sequence-SMILES ridge","Target_347","(5'CGG/3'GGC)x6","2","1.0","0.9999999999999999","0.4061013794606613","0.37500536985359734"
"cold_scaffold","split2027","Sequence-SMILES ridge","Target_348","(5'CAG/3'GUC)x6","2","-1.0","-0.9999999999999999","0.38480504462283366","0.3771296044831489"
"cold_scaffold","split2027","Sequence-SMILES ridge","Target_349","(5'CGG/3'GGC) x20","1","","","0.44720288246788353","0.44720288246788353"
"cold_scaffold","split2027","Sequence-SMILES ridge","Target_350","(5'CGG/3'GGC) x40","1","","","0.49686586884985484","0.49686586884985484"
"cold_scaffold","split2027","Sequence-SMILES ridge","Target_351","(5'CGG/3'GGC) x60","1","","","0.5964838089590963","0.5964838089590963"
"cold_scaffold","split2027","Sequence-SMILES ridge","Target_352","Fusibacterium ulcerans ZTP riboswitch","3","0.8595835174482627","0.5","0.48253603114037535","0.40845728231808504"
"cold_scaffold","split2027","Sequence-SMILES ridge","Target_37","TPP RIBOSWITCH APTAMER","1","","","0.3623845535641079","0.3623845535641079"
"cold_scaffold","split2027","Sequence-SMILES ridge","Target_373","CVB loop D RNA","1","","","1.6605220647426626","1.6605220647426626"
"cold_scaffold","split2027","Sequence-SMILES ridge","Target_374","Polio virus loop B RNA","1","","","2.3710362004669543","2.3710362004669543"
"cold_scaffold","split2027","Sequence-SMILES ridge","Target_38","LYSINE RIBOSWITCH APTAMER","1","","","0.18493816757041248","0.18493816757041248"
"cold_scaffold","split2027","Sequence-SMILES ridge","Target_4","RNA_APTAMER_CB_42","1","","","0.6728997262584322","0.6728997262584322"
"cold_scaffold","split2027","Sequence-SMILES ridge","Target_405","B.subtilis cysH","3","-0.9962005756649643","-0.5","2.5697790060235235","2.24759196141836"
"cold_scaffold","split2027","Sequence-SMILES ridge","Target_406","B.anthracis cysH","3","-0.8322434895275199","-0.5","2.3238258595276626","2.0455777665226207"
"cold_scaffold","split2027","Sequence-SMILES ridge","Target_407","E. coli transglycosidase mRNA","1","","","0.7947577632662544","0.7947577632662544"
"cold_scaffold","split2027","Sequence-SMILES ridge","Target_408","HCV IRES Domain Iib","1","","","0.20457731960726644","0.20457731960726644"
"cold_scaffold","split2027","Sequence-SMILES ridge","Target_409","HIV protease active site (PAS) mRNA","1","","","0.516140341092397","0.516140341092397"
"cold_scaffold","split2027","Sequence-SMILES ridge","Target_410","human tyrosine sulfotransferase mRNA","1","","","1.0177810534664582","1.0177810534664582"
"cold_scaffold","split2027","Sequence-SMILES ridge","Target_411","Tetracycline riboswitch","1","","","0.8092108607879336","0.8092108607879336"
"cold_scaffold","split2027","Sequence-SMILES ridge","Target_413","Tetracycline riboswitch A09G mutant","1","","","2.8279512377856104","2.8279512377856104"
"cold_scaffold","split2027","Sequence-SMILES ridge","Target_414","Tetracycline riboswitch A13U mutant","1","","","2.0421735232071496","2.0421735232071496"
"cold_scaffold","split2027","Sequence-SMILES ridge","Target_415","Tetracycline riboswitch A50U mutant","1","","","2.5577522532041783","2.5577522532041783"
"cold_scaffold","split2027","Sequence-SMILES ridge","Target_436","Duplex RNA","1","","","1.2407037502861948","1.2407037502861948"
"cold_scaffold","split2027","Sequence-SMILES ridge","Target_437","Single_stranded_RNA","1","","","1.3560971689882653","1.3560971689882653"
"cold_scaffold","split2027","Sequence-SMILES ridge","Target_441","U15C,U16C SLI_mutant","1","","","0.7312349059676411","0.7312349059676411"
"cold_scaffold","split2027","Sequence-SMILES ridge","Target_442","G17A,G18A SLI_mutant","1","","","0.9497879909502522","0.9497879909502522"
"cold_scaffold","split2027","Sequence-SMILES ridge","Target_443","C19U,G20A SLI_mutant","1","","","0.8329283397710805","0.8329283397710805"
"cold_scaffold","split2027","Sequence-SMILES ridge","Target_444","G21A,A22G SLI_mutant","1","","","0.5747457027046403","0.5747457027046403"
"cold_scaffold","split2027","Sequence-SMILES ridge","Target_445","TS mRNA Construct_4","2","1.0","0.9999999999999999","0.5683917041465821","0.5673860545584128"
"cold_scaffold","split2027","Sequence-SMILES ridge","Target_446","TS mRNA Construct_5","2","1.0","0.9999999999999999","0.3348705531880047","0.3347158848246816"
"cold_scaffold","split2027","Sequence-SMILES ridge","Target_55","r(CUG)","1","","","0.6732861942375692","0.6732861942375692"
"cold_scaffold","split2027","Sequence-SMILES ridge","Target_6","RNA_Aptamer","2","1.0","0.9999999999999999","1.4358251175344103","1.3985623035205719"
"cold_scaffold","split2027","Sequence-SMILES ridge","Target_63","Thymidylate synthase m-RNA","2","1.0","0.9999999999999999","0.3849215470129101","0.38459637438806604"
"cold_scaffold","split2027","Sequence-SMILES ridge","Target_66","HCV IRES Domain IIId","2","-1.0","-0.9999999999999999","1.099597639093236","1.0746801160731732"
"cold_scaffold","split2027","Sequence-SMILES ridge","Target_69","ADENINE RIBOSWITCH","4","0.4867908887019426","0.316227766016838","2.2088142293713697","2.1622850832277307"
"cold_scaffold","split2027","Sequence-SMILES ridge","Target_71","S_Adenosyl_methionine_riboswitch","2","","","2.339959047826814","2.083465347494177"
"cold_scaffold","split2027","Sequence-SMILES ridge","Target_72","thiamine_BOX_Riboswitch","1","","","0.377585586304618","0.377585586304618"
"cold_scaffold","split2027","Sequence-SMILES ridge","Target_74","Guanine riboswitch","1","","","1.2226756276619355","1.2226756276619355"
"cold_scaffold","split2027","Sequence-SMILES ridge","Target_76","B.subtilis tenA TPP riboswitch","3","0.8844484920518739","0.5","1.0655502972710869","1.0164885301100754"
"cold_scaffold","split2027","Sequence-SMILES ridge","Target_78","B.subtilis lysine riboswitch","2","-1.0","-0.9999999999999999","0.6253151343651489","0.4555957332991101"
"cold_scaffold","split2027","Sequence-SMILES ridge","Target_79","T-box riboswitch","1","","","0.01981735391734496","0.01981735391734496"
"cold_scaffold","split2027","Sequence-SMILES ridge","Target_80","HIV-1 RRE","5","0.14236587471701145","-0.09999999999999999","0.6041668088048171","0.5292971373516488"
"cold_scaffold","split2028","Contact500 pretraining without SCA","Target_100","50S subunit","2","1.0","0.9999999999999999","0.6762704773843126","0.5458621978759766"
"cold_scaffold","split2028","Contact500 pretraining without SCA","Target_109","HIV-1FRAMESHIFT STEM LOOP STRUCTURE","1","","","0.15045404434204102","0.15045404434204102"
"cold_scaffold","split2028","Contact500 pretraining without SCA","Target_110","DM1-RNA-MBNL1","1","","","0.4819755554199219","0.4819755554199219"
"cold_scaffold","split2028","Contact500 pretraining without SCA","Target_112","T box antiterminator RNA","5","-0.9732315813820471","-0.8999999999999998","1.777147523655628","1.7113470554351806"
"cold_scaffold","split2028","Contact500 pretraining without SCA","Target_121","Bulge_A_RNA","1","","","0.705350399017334","0.705350399017334"
"cold_scaffold","split2028","Contact500 pretraining without SCA","Target_127","SLI of Rep A","5","-0.1740041780842172","-0.10259783520851543","2.1824283992154583","2.17219820022583"
"cold_scaffold","split2028","Contact500 pretraining without SCA","Target_136","RNA_XIX","2","1.0","0.9999999999999999","1.5375417471977204","1.5375412702560425"
"cold_scaffold","split2028","Contact500 pretraining without SCA","Target_137","RNA_XX","2","1.0","0.9999999999999999","1.5702072161590053","1.5702069997787476"
"cold_scaffold","split2028","Contact500 pretraining without SCA","Target_138","RNA_XXI","2","1.0","0.9999999999999999","1.586584633802404","1.586584448814392"
"cold_scaffold","split2028","Contact500 pretraining without SCA","Target_139","RNA_XXII","2","1.0","0.9999999999999999","1.5411152548439122","1.5411149263381958"
"cold_scaffold","split2028","Contact500 pretraining without SCA","Target_142","Spiegelmer L-A42d RNA (58 mer)","2","1.0","0.9999999999999999","1.9071461662059492","1.6769964098930359"
"cold_scaffold","split2028","Contact500 pretraining without SCA","Target_146","HIV-1 genomic SL3 rna","5","0.46156549801254143","0.05129891760425771","0.8340802781614474","0.7093908309936523"
"cold_scaffold","split2028","Contact500 pretraining without SCA","Target_147","Antiterminator model RNA AM1A","4","-0.6365597154207885","-0.39999999999999997","0.4869873581632087","0.452938437461853"
"cold_scaffold","split2028","Contact500 pretraining without SCA","Target_149","Double stranded RNA seq","1","","","0.33209705352783203","0.33209705352783203"
"cold_scaffold","split2028","Contact500 pretraining without SCA","Target_150","single stranded RNA seq","1","","","0.5889096260070801","0.5889096260070801"
"cold_scaffold","split2028","Contact500 pretraining without SCA","Target_159","Pri-miR-96 RNAC  (UU loop mutant to AU basepair)","1","","","1.1133627891540527","1.1133627891540527"
"cold_scaffold","split2028","Contact500 pretraining without SCA","Target_160","Pri-miR-96 RNA1 (Drosha processing site only)","1","","","0.6190371513366699","0.6190371513366699"
"cold_scaffold","split2028","Contact500 pretraining without SCA","Target_161","Pri-miR-96 RNA2 (desired GG loop only)","1","","","0.3882455825805664","0.3882455825805664"
"cold_scaffold","split2028","Contact500 pretraining without SCA","Target_162","Pri-miR-96 RNA3 (both the Drosha target site and adjacent target site)","1","","","1.6722588539123544","1.6722588539123544"
"cold_scaffold","split2028","Contact500 pretraining without SCA","Target_163","Pri-miR-96 RNA4 (GG to GC loop mutation)","1","","","0.4493851661682129","0.4493851661682129"
"cold_scaffold","split2028","Contact500 pretraining without SCA","Target_164","Pri-miR-96 RNA5 (UU loop mutant to UA loop)","1","","","0.5476970672607422","0.5476970672607422"
"cold_scaffold","split2028","Contact500 pretraining without SCA","Target_165","Pri-miR-96 AT-rich DNA hairpin","1","","","1.7294831275939941","1.7294831275939941"
"cold_scaffold","split2028","Contact500 pretraining without SCA","Target_169","r(CGG)12","1","","","0.8965659141540527","0.8965659141540527"
"cold_scaffold","split2028","Contact500 pretraining without SCA","Target_172","r(CUG)4","1","","","1.8690571784973145","1.8690571784973145"
"cold_scaffold","split2028","Contact500 pretraining without SCA","Target_188","HIV-1 FSS","4","0.7444852475932752","0.9486832980505139","0.46826709940127126","0.4599313735961914"
"cold_scaffold","split2028","Contact500 pretraining without SCA","Target_19","HIV-1 TAR RNA","16","0.15828802870365544","0.08241356167873644","0.7898012261083118","0.6260362565517426"
"cold_scaffold","split2028","Contact500 pretraining without SCA","Target_190","FMN Riboswitch Aptamer, E. Coli","1","","","2.8589296340942383","2.8589296340942383"
"cold_scaffold","split2028","Contact500 pretraining without SCA","Target_195","108 nt yjdF Riboswitch Construct, B. subtilis, Mutant 1","1","","","3.611794948577881","3.611794948577881"
"cold_scaffold","split2028","Contact500 pretraining without SCA","Target_198","DDPAC hairpin A-bulge","2","1.0","0.9999999999999999","0.7960052922682817","0.7890176773071289"
"cold_scaffold","split2028","Contact500 pretraining without SCA","Target_210","5' CUG/3' GUC Internal Loop","1","","","0.3903331756591797","0.3903331756591797"
"cold_scaffold","split2028","Contact500 pretraining without SCA","Target_211","GC Stem Loop","1","","","0.7490310668945312","0.7490310668945312"
"cold_scaffold","split2028","Contact500 pretraining without SCA","Target_212","AT Hairpin DNA","1","","","0.26992368698120117","0.26992368698120117"
"cold_scaffold","split2028","Contact500 pretraining without SCA","Target_227","Pre-miR-21","2","-1.0","-0.9999999999999999","1.0719269887866936","0.8615090847015381"
"cold_scaffold","split2028","Contact500 pretraining without SCA","Target_229","lysC riboswitch","1","","","0.004379749298095703","0.004379749298095703"
"cold_scaffold","split2028","Contact500 pretraining without SCA","Target_230","lysC riboswitch mutant 1 (M2)","1","","","0.7846450805664062","0.7846450805664062"
"cold_scaffold","split2028","Contact500 pretraining without SCA","Target_232","G4C2 repeat G-quadruplex RNA","1","","","0.2555046081542969","0.2555046081542969"
"cold_scaffold","split2028","Contact500 pretraining without SCA","Target_234","5'CAG/3'GUC x 6 repeat RNA","1","","","2.352680206298828","2.352680206298828"
"cold_scaffold","split2028","Contact500 pretraining without SCA","Target_235","5′CAG/3′GAC x 2 repeat RNA","1","","","2.4118285179138184","2.4118285179138184"
"cold_scaffold","split2028","Contact500 pretraining without SCA","Target_236","5′CAG/3′GAC x 3 repeat RNA","1","","","3.452540397644043","3.452540397644043"
"cold_scaffold","split2028","Contact500 pretraining without SCA","Target_237","5′CAG/3′GAC x 4 repeat RNA","1","","","2.602126121520996","2.602126121520996"
"cold_scaffold","split2028","Contact500 pretraining without SCA","Target_238","5′CAG/3′GAC x 5 repeat RNA","1","","","2.4600934982299805","2.4600934982299805"
"cold_scaffold","split2028","Contact500 pretraining without SCA","Target_239","5′CAG/3′GAC x 33 repeat RNA","1","","","3.9855194091796875","3.9855194091796875"
"cold_scaffold","split2028","Contact500 pretraining without SCA","Target_240","5′CAG/3′GAC internal loop","1","","","1.8180279731750488","1.8180279731750488"
"cold_scaffold","split2028","Contact500 pretraining without SCA","Target_241","5'CAG/3'GUC internal loop","1","","","1.0893478393554692","1.0893478393554692"
"cold_scaffold","split2028","Contact500 pretraining without SCA","Target_242","KRAS RNA G-quadruplex utr-1","1","","","1.551443099975586","1.551443099975586"
"cold_scaffold","split2028","Contact500 pretraining without SCA","Target_243","KRAS RNA G-quadruplex utr-z","1","","","1.0608329772949219","1.0608329772949219"
"cold_scaffold","split2028","Contact500 pretraining without SCA","Target_244","KRAS RNA G-quadruplex utr-4","1","","","2.419966220855713","2.419966220855713"
"cold_scaffold","split2028","Contact500 pretraining without SCA","Target_245","RNA Hairpin","1","","","1.732069492340088","1.732069492340088"
"cold_scaffold","split2028","Contact500 pretraining without SCA","Target_259","NRAS G4 motif","5","0.5225916036041638","0.19999999999999998","1.2394591942799695","1.1464926719665527"
"cold_scaffold","split2028","Contact500 pretraining without SCA","Target_26","35 nucleotide RNA","1","","","1.552253246307373","1.552253246307373"
"cold_scaffold","split2028","Contact500 pretraining without SCA","Target_265","miR-21 hairpin","1","","","0.4174971580505371","0.4174971580505371"
"cold_scaffold","split2028","Contact500 pretraining without SCA","Target_266","Pre-miR-372","7","0.9130740399995576","0.8214285714285715","1.8829323549859167","1.7832800660814558"
"cold_scaffold","split2028","Contact500 pretraining without SCA","Target_267","Pre-miR-373","2","1.0","0.9999999999999999","1.571639246064907","1.5676971673965454"
"cold_scaffold","split2028","Contact500 pretraining without SCA","Target_281","r(CUG)16","1","","","1.294429302215577","1.294429302215577"
"cold_scaffold","split2028","Contact500 pretraining without SCA","Target_282","Oligonucleotide 3","7","0.2806012159382163","-0.03571428571428572","0.7162882613906677","0.6046195370810371"
"cold_scaffold","split2028","Contact500 pretraining without SCA","Target_283","Oligonucleotide 4","7","0.22799585849994508","-0.14285714285714288","0.9835149858945204","0.898719344820295"
"cold_scaffold","split2028","Contact500 pretraining without SCA","Target_284","SMN2 pre-mRNA GA-rich sequence","3","-0.9767368189575379","-1.0","0.47856890497892735","0.39470704396565753"
"cold_scaffold","split2028","Contact500 pretraining without SCA","Target_3","Bacterial ribosomal A-site","33","0.6712913976282658","0.7011120084195582","1.1786446525402268","0.9811347975875392"
"cold_scaffold","split2028","Contact500 pretraining without SCA","Target_32","TCT8-4 RNA Aptamer","7","0.30167163297579025","0.10811249552346709","1.490636106415662","1.4106724943433488"
"cold_scaffold","split2028","Contact500 pretraining without SCA","Target_321","R-Seq1","1","","","0.8500323295593262","0.8500323295593262"
"cold_scaffold","split2028","Contact500 pretraining without SCA","Target_322","R-Seq2","1","","","0.18725252151489258","0.18725252151489258"
"cold_scaffold","split2028","Contact500 pretraining without SCA","Target_323","R-Seq3","1","","","0.15856313705444336","0.15856313705444336"
"cold_scaffold","split2028","Contact500 pretraining without SCA","Target_324","R-Seq4","1","","","1.5424838066101074","1.5424838066101074"
"cold_scaffold","split2028","Contact500 pretraining without SCA","Target_325","Pre-miR-33a","1","","","3.6449694633483887","3.6449694633483887"
"cold_scaffold","split2028","Contact500 pretraining without SCA","Target_326","Pre-miR-33a-G31A","1","","","3.4546146392822266","3.4546146392822266"
"cold_scaffold","split2028","Contact500 pretraining without SCA","Target_327","Pre-miR-33a-G32A","1","","","3.3903465270996094","3.3903465270996094"
"cold_scaffold","split2028","Contact500 pretraining without SCA","Target_328","Pre-miR-24-2","1","","","3.5238752365112305","3.5238752365112305"
"cold_scaffold","split2028","Contact500 pretraining without SCA","Target_331","Pre-miR-17/18a/20a","1","","","0.5941171646118164","0.5941171646118164"
"cold_scaffold","split2028","Contact500 pretraining without SCA","Target_345","(5'CGG/3'GGC) x1","4","0.5995943376617782","0.632455532033676","1.151897223109089","1.1148462295532227"
"cold_scaffold","split2028","Contact500 pretraining without SCA","Target_346","(5'CAG/3'GUC) x1","4","-0.1673956800143095","0.0","0.7087395575615804","0.5974776744842527"
"cold_scaffold","split2028","Contact500 pretraining without SCA","Target_347","(5'CGG/3'GGC)x6","2","1.0","0.9999999999999999","1.3809030219707334","1.37906813621521"
"cold_scaffold","split2028","Contact500 pretraining without SCA","Target_348","(5'CAG/3'GUC)x6","2","-1.0","-0.9999999999999999","0.18704162816361805","0.13836646080017045"
"cold_scaffold","split2028","Contact500 pretraining without SCA","Target_349","(5'CGG/3'GGC) x20","2","1.0","0.9999999999999999","1.4530589517448709","1.4494366645812988"
"cold_scaffold","split2028","Contact500 pretraining without SCA","Target_350","(5'CGG/3'GGC) x40","2","1.0","0.9999999999999999","1.1277220919757227","1.123225450515747"
"cold_scaffold","split2028","Contact500 pretraining without SCA","Target_351","(5'CGG/3'GGC) x60","2","1.0","0.9999999999999999","0.674800783595151","0.6699235439300537"
"cold_scaffold","split2028","Contact500 pretraining without SCA","Target_352","Fusibacterium ulcerans ZTP riboswitch","3","0.9983820708922","1.0","1.378017991135279","1.3278414408365886"
"cold_scaffold","split2028","Contact500 pretraining without SCA","Target_36","FMN RIBOSWITCH APTAMER","2","","","2.6005994555955336","2.5934808254241943"
"cold_scaffold","split2028","Contact500 pretraining without SCA","Target_375","RNA hairpin loop I","1","","","0.0411219596862793","0.0411219596862793"
"cold_scaffold","split2028","Contact500 pretraining without SCA","Target_376","RNA hairpin loop Ib","1","","","0.0835113525390625","0.0835113525390625"
"cold_scaffold","split2028","Contact500 pretraining without SCA","Target_377","RNA hairpin loop II","1","","","0.4552340507507324","0.4552340507507324"
"cold_scaffold","split2028","Contact500 pretraining without SCA","Target_378","RNA hairpin loop III","1","","","0.5994458198547363","0.5994458198547363"
"cold_scaffold","split2028","Contact500 pretraining without SCA","Target_379","RNA hairpin loop IIIa","1","","","0.2443075180053711","0.2443075180053711"
"cold_scaffold","split2028","Contact500 pretraining without SCA","Target_380","RNA hairpin loop IIIb","1","","","0.37481117248535156","0.37481117248535156"
"cold_scaffold","split2028","Contact500 pretraining without SCA","Target_381","RNA hairpin loop IV","1","","","0.3114485740661621","0.3114485740661621"
"cold_scaffold","split2028","Contact500 pretraining without SCA","Target_382","RNA hairpin loop Iva","1","","","0.41101503372192383","0.41101503372192383"
"cold_scaffold","split2028","Contact500 pretraining without SCA","Target_4","RNA_APTAMER_CB_42","1","","","2.02866792678833","2.02866792678833"
"cold_scaffold","split2028","Contact500 pretraining without SCA","Target_407","E. coli transglycosidase mRNA","6","0.8972018988577558","0.5428571428571429","0.8655521139187566","0.811704397201538"
"cold_scaffold","split2028","Contact500 pretraining without SCA","Target_408","HCV IRES Domain Iib","6","0.11293710994748171","0.25","0.7809746458182454","0.578932523727417"
"cold_scaffold","split2028","Contact500 pretraining without SCA","Target_409","HIV protease active site (PAS) mRNA","6","0.6963612935332306","0.8696565534786727","0.3888802644094056","0.35226742426554375"
"cold_scaffold","split2028","Contact500 pretraining without SCA","Target_410","human tyrosine sulfotransferase mRNA","6","0.4994241818146488","0.46381682852195877","0.3964818122706055","0.2975384394327801"
"cold_scaffold","split2028","Contact500 pretraining without SCA","Target_436","Duplex RNA","1","","","1.0284719467163086","1.0284719467163086"
"cold_scaffold","split2028","Contact500 pretraining without SCA","Target_437","Single_stranded_RNA","1","","","1.1438655853271484","1.1438655853271484"
"cold_scaffold","split2028","Contact500 pretraining without SCA","Target_441","U15C,U16C SLI_mutant","5","-0.10906844015232584","-0.09999999999999999","2.180902563162384","2.161099338531494"
"cold_scaffold","split2028","Contact500 pretraining without SCA","Target_442","G17A,G18A SLI_mutant","5","-0.6802001242777868","-0.7181848464596079","2.118188464367723","2.108823871612549"
"cold_scaffold","split2028","Contact500 pretraining without SCA","Target_443","C19U,G20A SLI_mutant","5","0.041859431405473824","0.10259783520851543","2.1753157035959814","2.160126876831055"
"cold_scaffold","split2028","Contact500 pretraining without SCA","Target_444","G21A,A22G SLI_mutant","5","-0.35605106006502396","-0.3","2.0689537994647504","2.0551240921020506"
"cold_scaffold","split2028","Contact500 pretraining without SCA","Target_445","TS mRNA Construct_4","3","0.9934859971533093","1.0","0.8655221698725569","0.8622934023539225"
"cold_scaffold","split2028","Contact500 pretraining without SCA","Target_446","TS mRNA Construct_5","3","0.9492658298919385","0.5","0.6860023435380442","0.6722668011983233"
"cold_scaffold","split2028","Contact500 pretraining without SCA","Target_5","RNA_APTAMER_B4_25","1","","","2.35770583152771","2.35770583152771"
"cold_scaffold","split2028","Contact500 pretraining without SCA","Target_60","T alpha aptamer","1","","","2.437480926513672","2.437480926513672"
"cold_scaffold","split2028","Contact500 pretraining without SCA","Target_61","B alpha aptamer","1","","","0.3410606384277344","0.3410606384277344"
"cold_scaffold","split2028","Contact500 pretraining without SCA","Target_63","Thymidylate synthase m-RNA","3","0.9999550805984924","1.0","0.8771929859097646","0.8740970293680826"
"cold_scaffold","split2028","Contact500 pretraining without SCA","Target_64","Bcr-Abl m-RNA","8","-0.17176988759780148","-0.22893227903814295","0.666031361694609","0.5968753695487976"
"cold_scaffold","split2028","Contact500 pretraining without SCA","Target_65","PAX3-FKHR m-RNA","8","-0.12006711595706618","-0.11976262619132588","0.46037339520025855","0.42867881059646606"
"cold_scaffold","split2028","Contact500 pretraining without SCA","Target_66","HCV IRES Domain IIId","6","0.7481808377664547","0.8696565534786727","0.385788359362376","0.3218997319539388"
"cold_scaffold","split2028","Contact500 pretraining without SCA","Target_67","HCV IRES IIa 40-mer","1","","","1.3248701095581046","1.3248701095581046"
"cold_scaffold","split2028","Contact500 pretraining without SCA","Target_69","ADENINE RIBOSWITCH","3","0.7447460712910194","0.5","2.291635436716007","2.1554238001505532"
"cold_scaffold","split2028","Contact500 pretraining without SCA","Target_70","Riboswitch","1","","","0.18506813049316406","0.18506813049316406"
"cold_scaffold","split2028","Contact500 pretraining without SCA","Target_73","PbuE Riboswitch","2","1.0","0.9999999999999999","2.5904506246976524","2.5037457942962646"
"cold_scaffold","split2028","Contact500 pretraining without SCA","Target_74","xpt-pbuX Guanine Riboswitch, B. Subtilis","3","1.0","1.0","2.814840869984043","2.7476466496785474"
"cold_scaffold","split2028","Contact500 pretraining without SCA","Target_78","B.subtilis lysine riboswitch","1","","","0.33737897872924805","0.33737897872924805"
"cold_scaffold","split2028","Contact500 pretraining without SCA","Target_79","T-box riboswitch","1","","","0.781954288482666","0.781954288482666"
"cold_scaffold","split2028","Contact500 pretraining without SCA","Target_80","RRE-RNA","4","0.7473241606092328","0.7999999999999999","1.0734867553414058","0.9589990973472595"
"cold_scaffold","split2028","Contact500 pretraining without SCA","Target_83","RRE3","1","","","0.5006270408630371","0.5006270408630371"
"cold_scaffold","split2028","Contact500 pretraining without SCA","Target_84","RRE4","1","","","0.15941715240478516","0.15941715240478516"
"cold_scaffold","split2028","Contact500 pretraining without SCA","Target_91","RRE11","1","","","0.5627460479736328","0.5627460479736328"
"cold_scaffold","split2028","Contact500 pretraining without SCA","Target_97","decoding region 16SrRNA","3","0.9803397192079558","0.5","0.6347969560865518","0.6014183362325033"
"cold_scaffold","split2028","DeepRSMA","Target_100","50S subunit","2","-1.0","-0.9999999999999999","1.0178228590918195","0.9067680835723877"
"cold_scaffold","split2028","DeepRSMA","Target_109","HIV-1FRAMESHIFT STEM LOOP STRUCTURE","1","","","0.9209051132202148","0.9209051132202148"
"cold_scaffold","split2028","DeepRSMA","Target_110","DM1-RNA-MBNL1","1","","","0.4516024589538574","0.4516024589538574"
"cold_scaffold","split2028","DeepRSMA","Target_112","T box antiterminator RNA","5","-0.9798542650067446","-0.8999999999999998","2.0138810183536497","1.9592941761016847"
"cold_scaffold","split2028","DeepRSMA","Target_121","Bulge_A_RNA","1","","","0.11030912399291992","0.11030912399291992"
"cold_scaffold","split2028","DeepRSMA","Target_127","SLI of Rep A","5","-0.09288633675175434","-0.10259783520851543","1.3758381430686195","1.361409282684326"
"cold_scaffold","split2028","DeepRSMA","Target_136","RNA_XIX","2","1.0","0.9999999999999999","2.092695608187416","2.0919100046157837"
"cold_scaffold","split2028","DeepRSMA","Target_137","RNA_XX","2","1.0","0.9999999999999999","2.1130076546859793","2.112230181694031"
"cold_scaffold","split2028","DeepRSMA","Target_138","RNA_XXI","2","1.0","0.9999999999999999","2.1197410756524455","2.1189666986465454"
"cold_scaffold","split2028","DeepRSMA","Target_139","RNA_XXII","2","1.0","0.9999999999999999","2.1253704306500993","2.124597430229187"
"cold_scaffold","split2028","DeepRSMA","Target_142","Spiegelmer L-A42d RNA (58 mer)","2","-1.0","-0.9999999999999999","2.3182747411908395","1.776781022548676"
"cold_scaffold","split2028","DeepRSMA","Target_146","HIV-1 genomic SL3 rna","5","0.44364509382946526","0.4103913408340617","0.6473847124820109","0.5441171646118164"
"cold_scaffold","split2028","DeepRSMA","Target_147","Antiterminator model RNA AM1A","4","-0.7788897727812377","-0.7999999999999999","0.2226834353518569","0.18664848804473877"
"cold_scaffold","split2028","DeepRSMA","Target_149","Double stranded RNA seq","1","","","0.3719778060913086","0.3719778060913086"
"cold_scaffold","split2028","DeepRSMA","Target_150","single stranded RNA seq","1","","","0.12829303741455078","0.12829303741455078"
"cold_scaffold","split2028","DeepRSMA","Target_159","Pri-miR-96 RNAC  (UU loop mutant to AU basepair)","1","","","1.6195259094238281","1.6195259094238281"
"cold_scaffold","split2028","DeepRSMA","Target_160","Pri-miR-96 RNA1 (Drosha processing site only)","1","","","1.134289264678955","1.134289264678955"
"cold_scaffold","split2028","DeepRSMA","Target_161","Pri-miR-96 RNA2 (desired GG loop only)","1","","","0.95208740234375","0.95208740234375"
"cold_scaffold","split2028","DeepRSMA","Target_162","Pri-miR-96 RNA3 (both the Drosha target site and adjacent target site)","1","","","2.3598570823669434","2.3598570823669434"
"cold_scaffold","split2028","DeepRSMA","Target_163","Pri-miR-96 RNA4 (GG to GC loop mutation)","1","","","1.1371769905090332","1.1371769905090332"
"cold_scaffold","split2028","DeepRSMA","Target_164","Pri-miR-96 RNA5 (UU loop mutant to UA loop)","1","","","1.236872673034668","1.236872673034668"
"cold_scaffold","split2028","DeepRSMA","Target_165","Pri-miR-96 AT-rich DNA hairpin","1","","","2.5860533714294434","2.5860533714294434"
"cold_scaffold","split2028","DeepRSMA","Target_169","r(CGG)12","1","","","0.5916380882263184","0.5916380882263184"
"cold_scaffold","split2028","DeepRSMA","Target_172","r(CUG)4","1","","","1.1969256401062003","1.1969256401062003"
"cold_scaffold","split2028","DeepRSMA","Target_188","HIV-1 FSS","4","0.7296734120623991","0.9486832980505139","0.21211558138620706","0.1949959993362429"
"cold_scaffold","split2028","DeepRSMA","Target_19","HIV-1 TAR RNA","16","0.2537445925104702","0.11331864730826259","0.6994155108106962","0.6142143607139587"
"cold_scaffold","split2028","DeepRSMA","Target_190","FMN Riboswitch Aptamer, E. Coli","1","","","2.4498720169067383","2.4498720169067383"
"cold_scaffold","split2028","DeepRSMA","Target_195","108 nt yjdF Riboswitch Construct, B. subtilis, Mutant 1","1","","","2.9119982719421387","2.9119982719421387"
"cold_scaffold","split2028","DeepRSMA","Target_198","DDPAC hairpin A-bulge","2","1.0","0.9999999999999999","0.5064658516375672","0.49925780296325684"
"cold_scaffold","split2028","DeepRSMA","Target_210","5' CUG/3' GUC Internal Loop","1","","","0.21987581253051758","0.21987581253051758"
"cold_scaffold","split2028","DeepRSMA","Target_211","GC Stem Loop","1","","","0.8876099586486816","0.8876099586486816"
"cold_scaffold","split2028","DeepRSMA","Target_212","AT Hairpin DNA","1","","","1.1361708641052246","1.1361708641052246"
"cold_scaffold","split2028","DeepRSMA","Target_227","Pre-miR-21","2","-1.0","-0.9999999999999999","0.8722939140574376","0.8447167873382568"
"cold_scaffold","split2028","DeepRSMA","Target_229","lysC riboswitch","1","","","0.3404221534729004","0.3404221534729004"
"cold_scaffold","split2028","DeepRSMA","Target_230","lysC riboswitch mutant 1 (M2)","1","","","1.0972557067871094","1.0972557067871094"
"cold_scaffold","split2028","DeepRSMA","Target_232","G4C2 repeat G-quadruplex RNA","1","","","0.15429353713989258","0.15429353713989258"
"cold_scaffold","split2028","DeepRSMA","Target_234","5'CAG/3'GUC x 6 repeat RNA","1","","","1.7973604202270508","1.7973604202270508"
"cold_scaffold","split2028","DeepRSMA","Target_235","5′CAG/3′GAC x 2 repeat RNA","1","","","1.8551387786865234","1.8551387786865234"
"cold_scaffold","split2028","DeepRSMA","Target_236","5′CAG/3′GAC x 3 repeat RNA","1","","","2.895850658416748","2.895850658416748"
"cold_scaffold","split2028","DeepRSMA","Target_237","5′CAG/3′GAC x 4 repeat RNA","1","","","2.045436382293701","2.045436382293701"
"cold_scaffold","split2028","DeepRSMA","Target_238","5′CAG/3′GAC x 5 repeat RNA","1","","","1.9034037590026855","1.9034037590026855"
"cold_scaffold","split2028","DeepRSMA","Target_239","5′CAG/3′GAC x 33 repeat RNA","1","","","3.4288296699523926","3.4288296699523926"
"cold_scaffold","split2028","DeepRSMA","Target_240","5′CAG/3′GAC internal loop","1","","","1.261338233947754","1.261338233947754"
"cold_scaffold","split2028","DeepRSMA","Target_241","5'CAG/3'GUC internal loop","1","","","1.6446681022644047","1.6446681022644047"
"cold_scaffold","split2028","DeepRSMA","Target_242","KRAS RNA G-quadruplex utr-1","1","","","1.6468987464904776","1.6468987464904776"
"cold_scaffold","split2028","DeepRSMA","Target_243","KRAS RNA G-quadruplex utr-z","1","","","1.1056537628173828","1.1056537628173828"
"cold_scaffold","split2028","DeepRSMA","Target_244","KRAS RNA G-quadruplex utr-4","1","","","1.5393128395080558","1.5393128395080558"
"cold_scaffold","split2028","DeepRSMA","Target_245","RNA Hairpin","1","","","0.8536291122436523","0.8536291122436523"
"cold_scaffold","split2028","DeepRSMA","Target_259","NRAS G4 motif","5","0.6509128335918436","0.3","1.1019482742112885","1.0363839149475098"
"cold_scaffold","split2028","DeepRSMA","Target_26","35 nucleotide RNA","1","","","1.5195493698120117","1.5195493698120117"
"cold_scaffold","split2028","DeepRSMA","Target_265","miR-21 hairpin","1","","","0.037877559661865234","0.037877559661865234"
"cold_scaffold","split2028","DeepRSMA","Target_266","Pre-miR-372","7","0.9103031705727392","0.8214285714285715","2.481483690614199","2.4099551268986295"
"cold_scaffold","split2028","DeepRSMA","Target_267","Pre-miR-373","2","1.0","0.9999999999999999","2.3003910355873387","2.2976776361465454"
"cold_scaffold","split2028","DeepRSMA","Target_281","r(CUG)16","1","","","2.0047640800476074","2.0047640800476074"
"cold_scaffold","split2028","DeepRSMA","Target_282","Oligonucleotide 3","7","0.328469369643715","0.03571428571428572","1.3192270507302792","1.262249571936471"
"cold_scaffold","split2028","DeepRSMA","Target_283","Oligonucleotide 4","7","0.27846873739539496","-0.03571428571428572","1.2906119306057577","1.229210683277675"
"cold_scaffold","split2028","DeepRSMA","Target_284","SMN2 pre-mRNA GA-rich sequence","3","-0.9655653200473016","-1.0","1.045238214713145","0.9546012878417963"
"cold_scaffold","split2028","DeepRSMA","Target_3","Bacterial ribosomal A-site","33","0.6909881895338843","0.7503762856662858","1.2175955686038986","0.9845728368470164"
"cold_scaffold","split2028","DeepRSMA","Target_32","TCT8-4 RNA Aptamer","7","0.17596449049570123","0.10811249552346709","1.4982008512194092","1.3190761634281702"
"cold_scaffold","split2028","DeepRSMA","Target_321","R-Seq1","1","","","0.599034309387207","0.599034309387207"
"cold_scaffold","split2028","DeepRSMA","Target_322","R-Seq2","1","","","0.16946792602539062","0.16946792602539062"
"cold_scaffold","split2028","DeepRSMA","Target_323","R-Seq3","1","","","0.1017913818359375","0.1017913818359375"
"cold_scaffold","split2028","DeepRSMA","Target_324","R-Seq4","1","","","0.8241267204284668","0.8241267204284668"
"cold_scaffold","split2028","DeepRSMA","Target_325","Pre-miR-33a","1","","","2.8780899047851562","2.8780899047851562"
"cold_scaffold","split2028","DeepRSMA","Target_326","Pre-miR-33a-G31A","1","","","2.6647520065307617","2.6647520065307617"
"cold_scaffold","split2028","DeepRSMA","Target_327","Pre-miR-33a-G32A","1","","","2.6099801063537598","2.6099801063537598"
"cold_scaffold","split2028","DeepRSMA","Target_328","Pre-miR-24-2","1","","","2.700985908508301","2.700985908508301"
"cold_scaffold","split2028","DeepRSMA","Target_331","Pre-miR-17/18a/20a","1","","","0.32199525833129883","0.32199525833129883"
"cold_scaffold","split2028","DeepRSMA","Target_345","(5'CGG/3'GGC) x1","4","0.48579852252085054","0.632455532033676","0.5820806050013266","0.49754273891448975"
"cold_scaffold","split2028","DeepRSMA","Target_346","(5'CAG/3'GUC) x1","4","-0.055708212576053365","0.0","0.38049687972749724","0.3794943094253538"
"cold_scaffold","split2028","DeepRSMA","Target_347","(5'CGG/3'GGC)x6","2","1.0","0.9999999999999999","0.7642228248443323","0.7607660293579102"
"cold_scaffold","split2028","DeepRSMA","Target_348","(5'CAG/3'GUC)x6","2","-1.0","-0.9999999999999999","0.6214463855637459","0.6088657379150391"
"cold_scaffold","split2028","DeepRSMA","Target_349","(5'CGG/3'GGC) x20","2","1.0","0.9999999999999999","0.7923045963854207","0.7855026721954346"
"cold_scaffold","split2028","DeepRSMA","Target_350","(5'CGG/3'GGC) x40","2","1.0","0.9999999999999999","0.5399420866856227","0.5305154323577881"
"cold_scaffold","split2028","DeepRSMA","Target_351","(5'CGG/3'GGC) x60","2","1.0","0.9999999999999999","0.342613790607273","0.33303833007812456"
"cold_scaffold","split2028","DeepRSMA","Target_352","Fusibacterium ulcerans ZTP riboswitch","3","0.996051451595074","1.0","0.6488131330651786","0.5386268297831215"
"cold_scaffold","split2028","DeepRSMA","Target_36","FMN RIBOSWITCH APTAMER","2","","","2.4988531982048","2.4914438724517822"
"cold_scaffold","split2028","DeepRSMA","Target_375","RNA hairpin loop I","1","","","0.48848915100097656","0.48848915100097656"
"cold_scaffold","split2028","DeepRSMA","Target_376","RNA hairpin loop Ib","1","","","0.5253734588623047","0.5253734588623047"
"cold_scaffold","split2028","DeepRSMA","Target_377","RNA hairpin loop II","1","","","0.06430864334106445","0.06430864334106445"
"cold_scaffold","split2028","DeepRSMA","Target_378","RNA hairpin loop III","1","","","0.08956050872802734","0.08956050872802734"
"cold_scaffold","split2028","DeepRSMA","Target_379","RNA hairpin loop IIIa","1","","","0.17478084564208984","0.17478084564208984"
"cold_scaffold","split2028","DeepRSMA","Target_380","RNA hairpin loop IIIb","1","","","0.046732425689697266","0.046732425689697266"
"cold_scaffold","split2028","DeepRSMA","Target_381","RNA hairpin loop IV","1","","","0.24924898147583008","0.24924898147583008"
"cold_scaffold","split2028","DeepRSMA","Target_382","RNA hairpin loop Iva","1","","","0.05778217315673828","0.05778217315673828"
"cold_scaffold","split2028","DeepRSMA","Target_4","RNA_APTAMER_CB_42","1","","","2.541329860687256","2.541329860687256"
"cold_scaffold","split2028","DeepRSMA","Target_407","E. coli transglycosidase mRNA","6","0.8978285515388387","0.9856107606091623","0.33307271395436955","0.27303822835286473"
"cold_scaffold","split2028","DeepRSMA","Target_408","HCV IRES Domain Iib","6","0.11398337737857567","0.3676470588235294","0.5603917038071556","0.5187021891276041"
"cold_scaffold","split2028","DeepRSMA","Target_409","HIV protease active site (PAS) mRNA","6","0.6968454529389507","0.8116794499134279","0.4291366386176849","0.40412767728169774"
"cold_scaffold","split2028","DeepRSMA","Target_410","human tyrosine sulfotransferase mRNA","6","0.49981513329751054","0.17393131069573456","0.529053922115591","0.4739748636881509"
"cold_scaffold","split2028","DeepRSMA","Target_436","Duplex RNA","1","","","0.2902402877807617","0.2902402877807617"
"cold_scaffold","split2028","DeepRSMA","Target_437","Single_stranded_RNA","1","","","0.40563392639160156","0.40563392639160156"
"cold_scaffold","split2028","DeepRSMA","Target_441","U15C,U16C SLI_mutant","5","0.0033726991049589494","-0.09999999999999999","1.4043492900366386","1.376371479034424"
"cold_scaffold","split2028","DeepRSMA","Target_442","G17A,G18A SLI_mutant","5","-0.6865292908558825","-0.7181848464596079","1.3355947789216824","1.321910285949707"
"cold_scaffold","split2028","DeepRSMA","Target_443","C19U,G20A SLI_mutant","5","0.1576334742401752","0.10259783520851543","1.3769511810568944","1.355447483062744"
"cold_scaffold","split2028","DeepRSMA","Target_444","G21A,A22G SLI_mutant","5","-0.26671196173088085","-0.3","1.2384788302844059","1.2178006172180176"
"cold_scaffold","split2028","DeepRSMA","Target_445","TS mRNA Construct_4","3","0.998643151463983","1.0","0.22805330835430876","0.2008814811706543"
"cold_scaffold","split2028","DeepRSMA","Target_446","TS mRNA Construct_5","3","0.9669745918921138","0.5","0.19621931887425137","0.1766050656636553"
"cold_scaffold","split2028","DeepRSMA","Target_5","RNA_APTAMER_B4_25","1","","","2.9579761028289795","2.9579761028289795"
"cold_scaffold","split2028","DeepRSMA","Target_60","T alpha aptamer","1","","","1.8820090293884277","1.8820090293884277"
"cold_scaffold","split2028","DeepRSMA","Target_61","B alpha aptamer","1","","","0.23450040817260742","0.23450040817260742"
"cold_scaffold","split2028","DeepRSMA","Target_63","Thymidylate synthase m-RNA","3","0.9974391521510877","1.0","0.22126499865614963","0.18885072072347006"
"cold_scaffold","split2028","DeepRSMA","Target_64","Bcr-Abl m-RNA","8","-0.11064953133285042","-0.22893227903814295","0.7623551706530098","0.6576439142227173"
"cold_scaffold","split2028","DeepRSMA","Target_65","PAX3-FKHR m-RNA","8","-0.05632648654598056","-0.11976262619132588","0.934417432123154","0.8467285633087158"
"cold_scaffold","split2028","DeepRSMA","Target_66","HCV IRES Domain IIId","6","0.7487198340448269","0.8116794499134279","0.48143396065957267","0.37235959370931004"
"cold_scaffold","split2028","DeepRSMA","Target_67","HCV IRES IIa 40-mer","1","","","0.5032167434692383","0.5032167434692383"
"cold_scaffold","split2028","DeepRSMA","Target_69","ADENINE RIBOSWITCH","3","0.38926253318363224","0.5","1.7101398077506254","1.5163025856018066"
"cold_scaffold","split2028","DeepRSMA","Target_70","Riboswitch","1","","","0.8140153884887695","0.8140153884887695"
"cold_scaffold","split2028","DeepRSMA","Target_73","PbuE Riboswitch","2","1.0","0.9999999999999999","1.9359964935642378","1.813011884689331"
"cold_scaffold","split2028","DeepRSMA","Target_74","xpt-pbuX Guanine Riboswitch, B. Subtilis","3","1.0","1.0","2.2288350888430517","2.136366685231527"
"cold_scaffold","split2028","DeepRSMA","Target_78","B.subtilis lysine riboswitch","1","","","0.8338050842285156","0.8338050842285156"
"cold_scaffold","split2028","DeepRSMA","Target_79","T-box riboswitch","1","","","0.509986400604248","0.509986400604248"
"cold_scaffold","split2028","DeepRSMA","Target_80","RRE-RNA","4","0.7714997297505402","0.9486832980505139","1.4294290015389193","1.10838121175766"
"cold_scaffold","split2028","DeepRSMA","Target_83","RRE3","1","","","0.5246038436889648","0.5246038436889648"
"cold_scaffold","split2028","DeepRSMA","Target_84","RRE4","1","","","0.22791671752929688","0.22791671752929688"
"cold_scaffold","split2028","DeepRSMA","Target_91","RRE11","1","","","0.559105396270752","0.559105396270752"
"cold_scaffold","split2028","DeepRSMA","Target_97","decoding region 16SrRNA","3","0.9905337149470974","0.5","0.9661482664059724","0.9529765446980797"
"cold_scaffold","split2028","Ligand-only descriptors","Target_100","50S subunit","2","1.0","0.9999999999999999","0.7196160849997983","0.6598639637991899"
"cold_scaffold","split2028","Ligand-only descriptors","Target_109","HIV-1FRAMESHIFT STEM LOOP STRUCTURE","1","","","0.3311793424070988","0.3311793424070988"
"cold_scaffold","split2028","Ligand-only descriptors","Target_110","DM1-RNA-MBNL1","1","","","0.21975509023214101","0.21975509023214101"
"cold_scaffold","split2028","Ligand-only descriptors","Target_112","T box antiterminator RNA","5","0.9136278136238054","0.7999999999999999","2.013545274540364","1.9995764262255755"
"cold_scaffold","split2028","Ligand-only descriptors","Target_121","Bulge_A_RNA","1","","","0.15046710889639758","0.15046710889639758"
"cold_scaffold","split2028","Ligand-only descriptors","Target_127","SLI of Rep A","5","0.5868643971489641","0.46169025843831935","1.5099880178160414","1.4938171946474905"
"cold_scaffold","split2028","Ligand-only descriptors","Target_136","RNA_XIX","2","1.0","0.9999999999999999","1.449084417382402","1.4057346494463192"
"cold_scaffold","split2028","Ligand-only descriptors","Target_137","RNA_XX","2","1.0","0.9999999999999999","1.449084417382402","1.4057346494463192"
"cold_scaffold","split2028","Ligand-only descriptors","Target_138","RNA_XXI","2","1.0","0.9999999999999999","1.449084417382402","1.4057346494463192"
"cold_scaffold","split2028","Ligand-only descriptors","Target_139","RNA_XXII","2","1.0","0.9999999999999999","1.449084417382402","1.4057346494463192"
"cold_scaffold","split2028","Ligand-only descriptors","Target_142","Spiegelmer L-A42d RNA (58 mer)","2","-1.0","-0.9999999999999999","2.911029021169383","2.5377547896084267"
"cold_scaffold","split2028","Ligand-only descriptors","Target_146","HIV-1 genomic SL3 rna","5","0.702748919609887","0.8720815992723809","0.7907636390158629","0.6111637826641735"
"cold_scaffold","split2028","Ligand-only descriptors","Target_147","Antiterminator model RNA AM1A","4","","","0.7598830369570643","0.7423848831580209"
"cold_scaffold","split2028","Ligand-only descriptors","Target_149","Double stranded RNA seq","1","","","0.5750968325002006","0.5750968325002006"
"cold_scaffold","split2028","Ligand-only descriptors","Target_150","single stranded RNA seq","1","","","0.7792168151561203","0.7792168151561203"
"cold_scaffold","split2028","Ligand-only descriptors","Target_159","Pri-miR-96 RNAC  (UU loop mutant to AU basepair)","1","","","1.2689975851273951","1.2689975851273951"
"cold_scaffold","split2028","Ligand-only descriptors","Target_160","Pri-miR-96 RNA1 (Drosha processing site only)","1","","","0.7461188398470542","0.7461188398470542"
"cold_scaffold","split2028","Ligand-only descriptors","Target_161","Pri-miR-96 RNA2 (desired GG loop only)","1","","","0.6211801032387552","0.6211801032387552"
"cold_scaffold","split2028","Ligand-only descriptors","Target_162","Pri-miR-96 RNA3 (both the Drosha target site and adjacent target site)","1","","","1.9679675894634148","1.9679675894634148"
"cold_scaffold","split2028","Ligand-only descriptors","Target_163","Pri-miR-96 RNA4 (GG to GC loop mutation)","1","","","0.7461188398470542","0.7461188398470542"
"cold_scaffold","split2028","Ligand-only descriptors","Target_164","Pri-miR-96 RNA5 (UU loop mutant to UA loop)","1","","","0.843028852855114","0.843028852855114"
"cold_scaffold","split2028","Ligand-only descriptors","Target_165","Pri-miR-96 AT-rich DNA hairpin","1","","","2.365907598135454","2.365907598135454"
"cold_scaffold","split2028","Ligand-only descriptors","Target_169","r(CGG)12","1","","","1.3429196122629303","1.3429196122629303"
"cold_scaffold","split2028","Ligand-only descriptors","Target_172","r(CUG)4","1","","","1.0122026732417044","1.0122026732417044"
"cold_scaffold","split2028","Ligand-only descriptors","Target_188","HIV-1 FSS","4","-0.545006657237139","-0.7378647873726218","0.3152658107812636","0.23438999253377046"
"cold_scaffold","split2028","Ligand-only descriptors","Target_19","HIV-1 TAR RNA","16","0.349731050223976","0.48120867892858943","0.664346275093706","0.5367185912221755"
"cold_scaffold","split2028","Ligand-only descriptors","Target_190","FMN Riboswitch Aptamer, E. Coli","1","","","2.888016796195531","2.888016796195531"
"cold_scaffold","split2028","Ligand-only descriptors","Target_195","108 nt yjdF Riboswitch Construct, B. subtilis, Mutant 1","1","","","2.080427690448907","2.080427690448907"
"cold_scaffold","split2028","Ligand-only descriptors","Target_198","DDPAC hairpin A-bulge","2","1.0","0.9999999999999999","0.1620011343684211","0.1547094334591197"
"cold_scaffold","split2028","Ligand-only descriptors","Target_210","5' CUG/3' GUC Internal Loop","1","","","0.14864925653717265","0.14864925653717265"
"cold_scaffold","split2028","Ligand-only descriptors","Target_211","GC Stem Loop","1","","","0.6657141665009165","0.6657141665009165"
"cold_scaffold","split2028","Ligand-only descriptors","Target_212","AT Hairpin DNA","1","","","0.8875629161172762","0.8875629161172762"
"cold_scaffold","split2028","Ligand-only descriptors","Target_227","Pre-miR-21","2","-1.0","-0.9999999999999999","0.9723315652788648","0.875032379082421"
"cold_scaffold","split2028","Ligand-only descriptors","Target_229","lysC riboswitch","1","","","0.47864850165663153","0.47864850165663153"
"cold_scaffold","split2028","Ligand-only descriptors","Target_230","lysC riboswitch mutant 1 (M2)","1","","","1.239766412741492","1.239766412741492"
"cold_scaffold","split2028","Ligand-only descriptors","Target_232","G4C2 repeat G-quadruplex RNA","1","","","0.6924871495366247","0.6924871495366247"
"cold_scaffold","split2028","Ligand-only descriptors","Target_234","5'CAG/3'GUC x 6 repeat RNA","1","","","1.8198183908936807","1.8198183908936807"
"cold_scaffold","split2028","Ligand-only descriptors","Target_235","5′CAG/3′GAC x 2 repeat RNA","1","","","1.8790018186787911","1.8790018186787911"
"cold_scaffold","split2028","Ligand-only descriptors","Target_236","5′CAG/3′GAC x 3 repeat RNA","1","","","2.9197132574511997","2.9197132574511997"
"cold_scaffold","split2028","Ligand-only descriptors","Target_237","5′CAG/3′GAC x 4 repeat RNA","1","","","2.06929942913807","2.06929942913807"
"cold_scaffold","split2028","Ligand-only descriptors","Target_238","5′CAG/3′GAC x 5 repeat RNA","1","","","1.9272663953416496","1.9272663953416496"
"cold_scaffold","split2028","Ligand-only descriptors","Target_239","5′CAG/3′GAC x 33 repeat RNA","1","","","3.4526923296358714","3.4526923296358714"
"cold_scaffold","split2028","Ligand-only descriptors","Target_240","5′CAG/3′GAC internal loop","1","","","1.2852012423421009","1.2852012423421009"
"cold_scaffold","split2028","Ligand-only descriptors","Target_241","5'CAG/3'GUC internal loop","1","","","1.6222101184324798","1.6222101184324798"
"cold_scaffold","split2028","Ligand-only descriptors","Target_242","KRAS RNA G-quadruplex utr-1","1","","","1.1262796408848654","1.1262796408848654"
"cold_scaffold","split2028","Ligand-only descriptors","Target_243","KRAS RNA G-quadruplex utr-z","1","","","0.6016671827955262","0.6016671827955262"
"cold_scaffold","split2028","Ligand-only descriptors","Target_244","KRAS RNA G-quadruplex utr-4","1","","","1.0190696712369958","1.0190696712369958"
"cold_scaffold","split2028","Ligand-only descriptors","Target_245","RNA Hairpin","1","","","0.29037778528128566","0.29037778528128566"
"cold_scaffold","split2028","Ligand-only descriptors","Target_259","NRAS G4 motif","5","0.9055856859751971","0.3","0.7818340468565786","0.6925919980564663"
"cold_scaffold","split2028","Ligand-only descriptors","Target_26","35 nucleotide RNA","1","","","0.35160663957597915","0.35160663957597915"
"cold_scaffold","split2028","Ligand-only descriptors","Target_265","miR-21 hairpin","1","","","0.06028068515679674","0.06028068515679674"
"cold_scaffold","split2028","Ligand-only descriptors","Target_266","Pre-miR-372","7","0.5080732275995754","0.5714285714285715","0.9774887975146153","0.766377871036543"
"cold_scaffold","split2028","Ligand-only descriptors","Target_267","Pre-miR-373","2","-1.0","-0.9999999999999999","0.6178836606079692","0.4496805394688883"
"cold_scaffold","split2028","Ligand-only descriptors","Target_281","r(CUG)16","1","","","1.300081605310612","1.300081605310612"
"cold_scaffold","split2028","Ligand-only descriptors","Target_282","Oligonucleotide 3","7","-0.23289484767184676","-0.10714285714285716","1.0809318017391787","0.9751467230421965"
"cold_scaffold","split2028","Ligand-only descriptors","Target_283","Oligonucleotide 4","7","-0.19116692204734353","0.0","1.0438255357636457","0.9393148307300582"
"cold_scaffold","split2028","Ligand-only descriptors","Target_284","SMN2 pre-mRNA GA-rich sequence","3","-0.5295161799783962","-0.5","0.32011391307945414","0.29826644658574963"
"cold_scaffold","split2028","Ligand-only descriptors","Target_3","Bacterial ribosomal A-site","33","0.6197193382170716","0.7491639214977428","1.1056604619288513","0.871954892011484"
"cold_scaffold","split2028","Ligand-only descriptors","Target_32","TCT8-4 RNA Aptamer","7","0.20599778781533812","0.16216874328520064","1.4414149665012843","1.2590923540252017"
"cold_scaffold","split2028","Ligand-only descriptors","Target_321","R-Seq1","1","","","1.7920691137020963","1.7920691137020963"
"cold_scaffold","split2028","Ligand-only descriptors","Target_322","R-Seq2","1","","","1.0132543116509352","1.0132543116509352"
"cold_scaffold","split2028","Ligand-only descriptors","Target_323","R-Seq3","1","","","1.2967412326502146","1.2967412326502146"
"cold_scaffold","split2028","Ligand-only descriptors","Target_324","R-Seq4","1","","","2.000191838811685","2.000191838811685"
"cold_scaffold","split2028","Ligand-only descriptors","Target_325","Pre-miR-33a","1","","","3.9906465209054547","3.9906465209054547"
"cold_scaffold","split2028","Ligand-only descriptors","Target_326","Pre-miR-33a-G31A","1","","","3.7802775889725355","3.7802775889725355"
"cold_scaffold","split2028","Ligand-only descriptors","Target_327","Pre-miR-33a-G32A","1","","","3.7239854268727344","3.7239854268727344"
"cold_scaffold","split2028","Ligand-only descriptors","Target_328","Pre-miR-24-2","1","","","3.820895439880794","3.820895439880794"
"cold_scaffold","split2028","Ligand-only descriptors","Target_331","Pre-miR-17/18a/20a","1","","","0.25880261915994485","0.25880261915994485"
"cold_scaffold","split2028","Ligand-only descriptors","Target_345","(5'CGG/3'GGC) x1","4","0.39115512409188247","0.316227766016838","1.130764284707299","1.0591728848624236"
"cold_scaffold","split2028","Ligand-only descriptors","Target_346","(5'CAG/3'GUC) x1","4","0.07301992599997897","0.39999999999999997","0.7266428929916963","0.6644096956616816"
"cold_scaffold","split2028","Ligand-only descriptors","Target_347","(5'CGG/3'GGC)x6","2","1.0","0.9999999999999999","1.4034749298576064","1.3626328507876941"
"cold_scaffold","split2028","Ligand-only descriptors","Target_348","(5'CAG/3'GUC)x6","2","-1.0","-0.9999999999999999","0.5331753778164159","0.5331426799271095"
"cold_scaffold","split2028","Ligand-only descriptors","Target_349","(5'CGG/3'GGC) x20","2","1.0","0.9999999999999999","1.6562255305717213","1.6279156377610096"
"cold_scaffold","split2028","Ligand-only descriptors","Target_350","(5'CGG/3'GGC) x40","2","1.0","0.9999999999999999","1.6966872866704308","1.6685427650962543"
"cold_scaffold","split2028","Ligand-only descriptors","Target_351","(5'CGG/3'GGC) x60","2","1.0","0.9999999999999999","1.8113127865811496","1.7814677094490947"
"cold_scaffold","split2028","Ligand-only descriptors","Target_352","Fusibacterium ulcerans ZTP riboswitch","3","-0.9069589376032181","-1.0","0.9442804129706153","0.7645168967391992"
"cold_scaffold","split2028","Ligand-only descriptors","Target_36","FMN RIBOSWITCH APTAMER","2","","","2.702578083910727","2.695728772638507"
"cold_scaffold","split2028","Ligand-only descriptors","Target_375","RNA hairpin loop I","1","","","0.2248242563273095","0.2248242563273095"
"cold_scaffold","split2028","Ligand-only descriptors","Target_376","RNA hairpin loop Ib","1","","","0.26738671264229996","0.26738671264229996"
"cold_scaffold","split2028","Ligand-only descriptors","Target_377","RNA hairpin loop II","1","","","0.21736002018316025","0.21736002018316025"
"cold_scaffold","split2028","Ligand-only descriptors","Target_378","RNA hairpin loop III","1","","","0.37799432817502066","0.37799432817502066"
"cold_scaffold","split2028","Ligand-only descriptors","Target_379","RNA hairpin loop IIIa","1","","","0.09716771859932116","0.09716771859932116"
"cold_scaffold","split2028","Ligand-only descriptors","Target_380","RNA hairpin loop IIIb","1","","","0.2258343277268695","0.2258343277268695"
"cold_scaffold","split2028","Ligand-only descriptors","Target_381","RNA hairpin loop IV","1","","","0.044779649139639055","0.044779649139639055"
"cold_scaffold","split2028","Ligand-only descriptors","Target_382","RNA hairpin loop Iva","1","","","0.2258343277268695","0.2258343277268695"
"cold_scaffold","split2028","Ligand-only descriptors","Target_4","RNA_APTAMER_CB_42","1","","","1.3572897904529997","1.3572897904529997"
"cold_scaffold","split2028","Ligand-only descriptors","Target_407","E. coli transglycosidase mRNA","6","0.44434918289649805","0.40583972495671394","0.40651501335294854","0.3947518197278573"
"cold_scaffold","split2028","Ligand-only descriptors","Target_408","HCV IRES Domain Iib","6","0.8355341206898416","0.6911764705882353","0.4196557913019581","0.34951409119125393"
"cold_scaffold","split2028","Ligand-only descriptors","Target_409","HIV protease active site (PAS) mRNA","6","0.5199087591038956","0.23190841426097938","0.42454457740006324","0.39543007756400944"
"cold_scaffold","split2028","Ligand-only descriptors","Target_410","human tyrosine sulfotransferase mRNA","6","0.18182967579628384","0.17393131069573456","0.5494651400920715","0.5145920432071684"
"cold_scaffold","split2028","Ligand-only descriptors","Target_436","Duplex RNA","1","","","0.9132453832235488","0.9132453832235488"
"cold_scaffold","split2028","Ligand-only descriptors","Target_437","Single_stranded_RNA","1","","","1.0286388019256192","1.0286388019256192"
"cold_scaffold","split2028","Ligand-only descriptors","Target_441","U15C,U16C SLI_mutant","5","0.3737001846279919","0.3","1.5138177706366147","1.4840135160605488"
"cold_scaffold","split2028","Ligand-only descriptors","Target_442","G17A,G18A SLI_mutant","5","0.9647390935623894","0.8207826816681234","1.4803690562631182","1.4707965910806746"
"cold_scaffold","split2028","Ligand-only descriptors","Target_443","C19U,G20A SLI_mutant","5","0.17112322229757856","0.15389675281277312","1.5366667992708485","1.5009457911235908"
"cold_scaffold","split2028","Ligand-only descriptors","Target_444","G21A,A22G SLI_mutant","5","0.6399558678202899","0.6","1.3968664181448431","1.3811171703891203"
"cold_scaffold","split2028","Ligand-only descriptors","Target_445","TS mRNA Construct_4","3","-0.599335157227878","-1.0","0.35958364925139763","0.26604528273035033"
"cold_scaffold","split2028","Ligand-only descriptors","Target_446","TS mRNA Construct_5","3","-0.4232953203700008","-0.5","0.26665754090391636","0.23284917429239105"
"cold_scaffold","split2028","Ligand-only descriptors","Target_5","RNA_APTAMER_B4_25","1","","","2.174348360488453","2.174348360488453"
"cold_scaffold","split2028","Ligand-only descriptors","Target_60","T alpha aptamer","1","","","2.39781914631262","2.39781914631262"
"cold_scaffold","split2028","Ligand-only descriptors","Target_61","B alpha aptamer","1","","","0.6976917416633244","0.6976917416633244"
"cold_scaffold","split2028","Ligand-only descriptors","Target_63","Thymidylate synthase m-RNA","3","-0.6935094102250832","-1.0","0.3606228902684606","0.2870865572809865"
"cold_scaffold","split2028","Ligand-only descriptors","Target_64","Bcr-Abl m-RNA","8","0.5689329179745777","0.614502433207647","0.6058078348349674","0.48840974874878407"
"cold_scaffold","split2028","Ligand-only descriptors","Target_65","PAX3-FKHR m-RNA","8","0.5761678673851393","0.6227656561948947","0.746624348987895","0.6810070060692756"
"cold_scaffold","split2028","Ligand-only descriptors","Target_66","HCV IRES Domain IIId","6","0.5521359074799462","0.23190841426097938","0.5254079589601096","0.4290236768869291"
"cold_scaffold","split2028","Ligand-only descriptors","Target_67","HCV IRES IIa 40-mer","1","","","0.2142398430472925","0.2142398430472925"
"cold_scaffold","split2028","Ligand-only descriptors","Target_69","ADENINE RIBOSWITCH","3","0.9009298965262121","1.0","1.1420293976801563","1.0826527941233979"
"cold_scaffold","split2028","Ligand-only descriptors","Target_70","Riboswitch","1","","","0.08503596932467783","0.08503596932467783"
"cold_scaffold","split2028","Ligand-only descriptors","Target_73","PbuE Riboswitch","2","1.0","0.9999999999999999","1.0736292181391358","0.9616033702225693"
"cold_scaffold","split2028","Ligand-only descriptors","Target_74","xpt-pbuX Guanine Riboswitch, B. Subtilis","3","1.0","1.0","1.5041164392168231","1.3899651904763248"
"cold_scaffold","split2028","Ligand-only descriptors","Target_78","B.subtilis lysine riboswitch","1","","","0.8292846449569451","0.8292846449569451"
"cold_scaffold","split2028","Ligand-only descriptors","Target_79","T-box riboswitch","1","","","1.1727858071704125","1.1727858071704125"
"cold_scaffold","split2028","Ligand-only descriptors","Target_80","RRE-RNA","4","-0.7542514602694231","-0.9486832980505139","1.47196284303271","1.2073845338195839"
"cold_scaffold","split2028","Ligand-only descriptors","Target_83","RRE3","1","","","0.6567671385304363","0.6567671385304363"
"cold_scaffold","split2028","Ligand-only descriptors","Target_84","RRE4","1","","","0.359197674975956","0.359197674975956"
"cold_scaffold","split2028","Ligand-only descriptors","Target_91","RRE11","1","","","0.6837087664894668","0.6837087664894668"
"cold_scaffold","split2028","Ligand-only descriptors","Target_97","decoding region 16SrRNA","3","-0.5292635118254365","-0.5","0.7192585405235662","0.4509565098795954"
"cold_scaffold","split2028","RNA+ligand descriptors","Target_100","50S subunit","2","1.0","0.9999999999999999","0.7723611244160054","0.680947202704814"
"cold_scaffold","split2028","RNA+ligand descriptors","Target_109","HIV-1FRAMESHIFT STEM LOOP STRUCTURE","1","","","0.6950186705302661","0.6950186705302661"
"cold_scaffold","split2028","RNA+ligand descriptors","Target_110","DM1-RNA-MBNL1","1","","","0.04928806525777496","0.04928806525777496"
"cold_scaffold","split2028","RNA+ligand descriptors","Target_112","T box antiterminator RNA","5","-0.07350149321391705","0.0","1.585733420312992","1.5099390741965633"
"cold_scaffold","split2028","RNA+ligand descriptors","Target_121","Bulge_A_RNA","1","","","0.03431104214120495","0.03431104214120495"
"cold_scaffold","split2028","RNA+ligand descriptors","Target_127","SLI of Rep A","5","0.5786896674579584","0.46169025843831935","0.17673484967001016","0.14658147702615718"
"cold_scaffold","split2028","RNA+ligand descriptors","Target_136","RNA_XIX","2","1.0","0.9999999999999999","1.5767540594720455","1.5765974329870058"
"cold_scaffold","split2028","RNA+ligand descriptors","Target_137","RNA_XX","2","1.0","0.9999999999999999","1.761823722144572","1.7614038632729159"
"cold_scaffold","split2028","RNA+ligand descriptors","Target_138","RNA_XXI","2","1.0","0.9999999999999999","1.7815295087987983","1.7802713681695148"
"cold_scaffold","split2028","RNA+ligand descriptors","Target_139","RNA_XXII","2","1.0","0.9999999999999999","1.6932968781532047","1.6900007355656816"
"cold_scaffold","split2028","RNA+ligand descriptors","Target_142","Spiegelmer L-A42d RNA (58 mer)","2","-1.0","-0.9999999999999999","2.48776189056754","2.3590196771154597"
"cold_scaffold","split2028","RNA+ligand descriptors","Target_146","HIV-1 genomic SL3 rna","5","0.877481456781965","0.8720815992723809","0.565739105594575","0.4705170045492208"
"cold_scaffold","split2028","RNA+ligand descriptors","Target_147","Antiterminator model RNA AM1A","4","","","0.7642084399556233","0.7468116392945845"
"cold_scaffold","split2028","RNA+ligand descriptors","Target_149","Double stranded RNA seq","1","","","0.267871564821208","0.267871564821208"
"cold_scaffold","split2028","RNA+ligand descriptors","Target_150","single stranded RNA seq","1","","","0.4423885104466274","0.4423885104466274"
"cold_scaffold","split2028","RNA+ligand descriptors","Target_159","Pri-miR-96 RNAC  (UU loop mutant to AU basepair)","1","","","1.2506634319581664","1.2506634319581664"
"cold_scaffold","split2028","RNA+ligand descriptors","Target_160","Pri-miR-96 RNA1 (Drosha processing site only)","1","","","0.6306732096033087","0.6306732096033087"
"cold_scaffold","split2028","RNA+ligand descriptors","Target_161","Pri-miR-96 RNA2 (desired GG loop only)","1","","","0.41802986989222557","0.41802986989222557"
"cold_scaffold","split2028","RNA+ligand descriptors","Target_162","Pri-miR-96 RNA3 (both the Drosha target site and adjacent target site)","1","","","1.837254698487401","1.837254698487401"
"cold_scaffold","split2028","RNA+ligand descriptors","Target_163","Pri-miR-96 RNA4 (GG to GC loop mutation)","1","","","0.5726246962006165","0.5726246962006165"
"cold_scaffold","split2028","RNA+ligand descriptors","Target_164","Pri-miR-96 RNA5 (UU loop mutant to UA loop)","1","","","0.7530047633464285","0.7530047633464285"
"cold_scaffold","split2028","RNA+ligand descriptors","Target_165","Pri-miR-96 AT-rich DNA hairpin","1","","","1.3740661306980764","1.3740661306980764"
"cold_scaffold","split2028","RNA+ligand descriptors","Target_169","r(CGG)12","1","","","1.0842107994431123","1.0842107994431123"
"cold_scaffold","split2028","RNA+ligand descriptors","Target_172","r(CUG)4","1","","","1.0065806987496373","1.0065806987496373"
"cold_scaffold","split2028","RNA+ligand descriptors","Target_188","HIV-1 FSS","4","0.9502083399591181","0.9486832980505139","0.1958395391011254","0.18906795559144363"
"cold_scaffold","split2028","RNA+ligand descriptors","Target_19","HIV-1 TAR RNA","16","0.3569499189608398","0.3750922168065115","0.6556015397796942","0.5146344913938684"
"cold_scaffold","split2028","RNA+ligand descriptors","Target_190","FMN Riboswitch Aptamer, E. Coli","1","","","1.7728056809133035","1.7728056809133035"
"cold_scaffold","split2028","RNA+ligand descriptors","Target_195","108 nt yjdF Riboswitch Construct, B. subtilis, Mutant 1","1","","","1.7799654338063933","1.7799654338063933"
"cold_scaffold","split2028","RNA+ligand descriptors","Target_198","DDPAC hairpin A-bulge","2","-1.0","-0.9999999999999999","0.11630774788814033","0.1157232670839865"
"cold_scaffold","split2028","RNA+ligand descriptors","Target_210","5' CUG/3' GUC Internal Loop","1","","","0.4739163855236397","0.4739163855236397"
"cold_scaffold","split2028","RNA+ligand descriptors","Target_211","GC Stem Loop","1","","","0.8353329812825043","0.8353329812825043"
"cold_scaffold","split2028","RNA+ligand descriptors","Target_212","AT Hairpin DNA","1","","","0.256906460436614","0.256906460436614"
"cold_scaffold","split2028","RNA+ligand descriptors","Target_227","Pre-miR-21","2","-1.0","-0.9999999999999999","0.8779859251640652","0.6869256271859094"
"cold_scaffold","split2028","RNA+ligand descriptors","Target_229","lysC riboswitch","1","","","0.71422493768282","0.71422493768282"
"cold_scaffold","split2028","RNA+ligand descriptors","Target_230","lysC riboswitch mutant 1 (M2)","1","","","0.9209888511482811","0.9209888511482811"
"cold_scaffold","split2028","RNA+ligand descriptors","Target_232","G4C2 repeat G-quadruplex RNA","1","","","0.5471916920790747","0.5471916920790747"
"cold_scaffold","split2028","RNA+ligand descriptors","Target_234","5'CAG/3'GUC x 6 repeat RNA","1","","","1.4339509566151207","1.4339509566151207"
"cold_scaffold","split2028","RNA+ligand descriptors","Target_235","5′CAG/3′GAC x 2 repeat RNA","1","","","1.3831704865225625","1.3831704865225625"
"cold_scaffold","split2028","RNA+ligand descriptors","Target_236","5′CAG/3′GAC x 3 repeat RNA","1","","","2.423881925294971","2.423881925294971"
"cold_scaffold","split2028","RNA+ligand descriptors","Target_237","5′CAG/3′GAC x 4 repeat RNA","1","","","1.5734680969818413","1.5734680969818413"
"cold_scaffold","split2028","RNA+ligand descriptors","Target_238","5′CAG/3′GAC x 5 repeat RNA","1","","","1.431435063185421","1.431435063185421"
"cold_scaffold","split2028","RNA+ligand descriptors","Target_239","5′CAG/3′GAC x 33 repeat RNA","1","","","2.9568609974796427","2.9568609974796427"
"cold_scaffold","split2028","RNA+ligand descriptors","Target_240","5′CAG/3′GAC internal loop","1","","","0.7893699101858722","0.7893699101858722"
"cold_scaffold","split2028","RNA+ligand descriptors","Target_241","5'CAG/3'GUC internal loop","1","","","2.0080775527110397","2.0080775527110397"
"cold_scaffold","split2028","RNA+ligand descriptors","Target_242","KRAS RNA G-quadruplex utr-1","1","","","0.7577522306427875","0.7577522306427875"
"cold_scaffold","split2028","RNA+ligand descriptors","Target_243","KRAS RNA G-quadruplex utr-z","1","","","0.5130825368379472","0.5130825368379472"
"cold_scaffold","split2028","RNA+ligand descriptors","Target_244","KRAS RNA G-quadruplex utr-4","1","","","0.7002259727747902","0.7002259727747902"
"cold_scaffold","split2028","RNA+ligand descriptors","Target_245","RNA Hairpin","1","","","0.37812746603967184","0.37812746603967184"
"cold_scaffold","split2028","RNA+ligand descriptors","Target_259","NRAS G4 motif","5","0.8553493198945943","0.3","0.9121083164083983","0.7567210039903214"
"cold_scaffold","split2028","RNA+ligand descriptors","Target_26","35 nucleotide RNA","1","","","0.03570403004146261","0.03570403004146261"
"cold_scaffold","split2028","RNA+ligand descriptors","Target_265","miR-21 hairpin","1","","","0.11381017565281581","0.11381017565281581"
"cold_scaffold","split2028","RNA+ligand descriptors","Target_266","Pre-miR-372","7","0.6715687912448833","0.642857142857143","0.7437575385461798","0.6411208113382408"
"cold_scaffold","split2028","RNA+ligand descriptors","Target_267","Pre-miR-373","2","-1.0","-0.9999999999999999","0.6127620598338188","0.4360417534223886"
"cold_scaffold","split2028","RNA+ligand descriptors","Target_281","r(CUG)16","1","","","1.237635858786744","1.237635858786744"
"cold_scaffold","split2028","RNA+ligand descriptors","Target_282","Oligonucleotide 3","7","-0.49023908812998096","-0.4642857142857144","0.9256532349409685","0.8140244271906079"
"cold_scaffold","split2028","RNA+ligand descriptors","Target_283","Oligonucleotide 4","7","-0.4202349984543919","-0.25","0.9230182948752957","0.8150491829990949"
"cold_scaffold","split2028","RNA+ligand descriptors","Target_284","SMN2 pre-mRNA GA-rich sequence","3","-0.8714778660259446","-1.0","0.4879326664320977","0.37643649961570375"
"cold_scaffold","split2028","RNA+ligand descriptors","Target_3","Bacterial ribosomal A-site","33","0.7658577189179963","0.8357859999209194","0.9464622826228265","0.7102606718077416"
"cold_scaffold","split2028","RNA+ligand descriptors","Target_32","TCT8-4 RNA Aptamer","7","-0.3144442575355657","-0.34235623582431246","1.5616955365262122","1.479321702892298"
"cold_scaffold","split2028","RNA+ligand descriptors","Target_321","R-Seq1","1","","","1.3934565612700345","1.3934565612700345"
"cold_scaffold","split2028","RNA+ligand descriptors","Target_322","R-Seq2","1","","","0.5972284978090574","0.5972284978090574"
"cold_scaffold","split2028","RNA+ligand descriptors","Target_323","R-Seq3","1","","","0.9041808867189172","0.9041808867189172"
"cold_scaffold","split2028","RNA+ligand descriptors","Target_324","R-Seq4","1","","","1.581191640749144","1.581191640749144"
"cold_scaffold","split2028","RNA+ligand descriptors","Target_325","Pre-miR-33a","1","","","3.615942392272766","3.615942392272766"
"cold_scaffold","split2028","RNA+ligand descriptors","Target_326","Pre-miR-33a-G31A","1","","","3.4130697987700467","3.4130697987700467"
"cold_scaffold","split2028","RNA+ligand descriptors","Target_327","Pre-miR-33a-G32A","1","","","3.363272094050127","3.363272094050127"
"cold_scaffold","split2028","RNA+ligand descriptors","Target_328","Pre-miR-24-2","1","","","3.5888146405443244","3.5888146405443244"
"cold_scaffold","split2028","RNA+ligand descriptors","Target_331","Pre-miR-17/18a/20a","1","","","0.6746005665576096","0.6746005665576096"
"cold_scaffold","split2028","RNA+ligand descriptors","Target_345","(5'CGG/3'GGC) x1","4","0.45705132105856305","0.316227766016838","0.47397170912991193","0.34332303286667143"
"cold_scaffold","split2028","RNA+ligand descriptors","Target_346","(5'CAG/3'GUC) x1","4","0.061795244366851465","0.19999999999999998","0.37271353535750296","0.3339368540706029"
"cold_scaffold","split2028","RNA+ligand descriptors","Target_347","(5'CGG/3'GGC)x6","2","1.0","0.9999999999999999","0.8715338112746742","0.868171156924459"
"cold_scaffold","split2028","RNA+ligand descriptors","Target_348","(5'CAG/3'GUC)x6","2","-1.0","-0.9999999999999999","0.4418950473057887","0.34288386377402613"
"cold_scaffold","split2028","RNA+ligand descriptors","Target_349","(5'CGG/3'GGC) x20","2","1.0","0.9999999999999999","1.1566111678288766","1.156610074742387"
"cold_scaffold","split2028","RNA+ligand descriptors","Target_350","(5'CGG/3'GGC) x40","2","1.0","0.9999999999999999","1.2204526838401875","1.2203498246857865"
"cold_scaffold","split2028","RNA+ligand descriptors","Target_351","(5'CGG/3'GGC) x60","2","1.0","0.9999999999999999","1.3034545640617041","1.3034505343079696"
"cold_scaffold","split2028","RNA+ligand descriptors","Target_352","Fusibacterium ulcerans ZTP riboswitch","3","-0.9875715713230022","-1.0","0.8192773618732055","0.6800564649569282"
"cold_scaffold","split2028","RNA+ligand descriptors","Target_36","FMN RIBOSWITCH APTAMER","2","","","2.1034237372053473","2.0946161305202065"
"cold_scaffold","split2028","RNA+ligand descriptors","Target_375","RNA hairpin loop I","1","","","0.37715727132569654","0.37715727132569654"
"cold_scaffold","split2028","RNA+ligand descriptors","Target_376","RNA hairpin loop Ib","1","","","0.3280477695196451","0.3280477695196451"
"cold_scaffold","split2028","RNA+ligand descriptors","Target_377","RNA hairpin loop II","1","","","0.5036927766545576","0.5036927766545576"
"cold_scaffold","split2028","RNA+ligand descriptors","Target_378","RNA hairpin loop III","1","","","0.6209169314236673","0.6209169314236673"
"cold_scaffold","split2028","RNA+ligand descriptors","Target_379","RNA hairpin loop IIIa","1","","","0.006086979061739051","0.006086979061739051"
"cold_scaffold","split2028","RNA+ligand descriptors","Target_380","RNA hairpin loop IIIb","1","","","0.15308847860220087","0.15308847860220087"
"cold_scaffold","split2028","RNA+ligand descriptors","Target_381","RNA hairpin loop IV","1","","","0.5083814249082073","0.5083814249082073"
"cold_scaffold","split2028","RNA+ligand descriptors","Target_382","RNA hairpin loop Iva","1","","","0.47574028940654145","0.47574028940654145"
"cold_scaffold","split2028","RNA+ligand descriptors","Target_4","RNA_APTAMER_CB_42","1","","","1.4847256189866078","1.4847256189866078"
"cold_scaffold","split2028","RNA+ligand descriptors","Target_407","E. coli transglycosidase mRNA","6","0.04221513597078813","-0.2898855178262242","0.533593644208403","0.4626288316138932"
"cold_scaffold","split2028","RNA+ligand descriptors","Target_408","HCV IRES Domain Iib","6","0.8049671255873649","0.8088235294117647","0.48373273586526816","0.4068681979859301"
"cold_scaffold","split2028","RNA+ligand descriptors","Target_409","HIV protease active site (PAS) mRNA","6","0.732903703135859","0.8116794499134279","0.44282070581375443","0.3330998932063804"
"cold_scaffold","split2028","RNA+ligand descriptors","Target_410","human tyrosine sulfotransferase mRNA","6","0.31277247522319285","0.057977103565244846","0.3593145024186553","0.3034670519302362"
"cold_scaffold","split2028","RNA+ligand descriptors","Target_436","Duplex RNA","1","","","0.8741149735464671","0.8741149735464671"
"cold_scaffold","split2028","RNA+ligand descriptors","Target_437","Single_stranded_RNA","1","","","0.9895083922485375","0.9895083922485375"
"cold_scaffold","split2028","RNA+ligand descriptors","Target_441","U15C,U16C SLI_mutant","5","0.4460079159175907","0.49999999999999994","0.3121127895934494","0.2802027718749736"
"cold_scaffold","split2028","RNA+ligand descriptors","Target_442","G17A,G18A SLI_mutant","5","0.9586739306670015","0.8207826816681234","0.07900741152040103","0.06569912273104314"
"cold_scaffold","split2028","RNA+ligand descriptors","Target_443","C19U,G20A SLI_mutant","5","0.24418079565428116","0.35909242322980395","0.28567239566561325","0.25767091411846244"
"cold_scaffold","split2028","RNA+ligand descriptors","Target_444","G21A,A22G SLI_mutant","5","0.5611938711288785","0.7","0.1723877785628695","0.15545529222261684"
"cold_scaffold","split2028","RNA+ligand descriptors","Target_445","TS mRNA Construct_4","3","-0.47417882485145435","-0.5","0.35701093404130685","0.24379943299168558"
"cold_scaffold","split2028","RNA+ligand descriptors","Target_446","TS mRNA Construct_5","3","-0.18523390508883758","0.5","0.2702148374961873","0.18999191021973902"
"cold_scaffold","split2028","RNA+ligand descriptors","Target_5","RNA_APTAMER_B4_25","1","","","2.402963000348621","2.402963000348621"
"cold_scaffold","split2028","RNA+ligand descriptors","Target_60","T alpha aptamer","1","","","1.879440951915008","1.879440951915008"
"cold_scaffold","split2028","RNA+ligand descriptors","Target_61","B alpha aptamer","1","","","0.7233925436811761","0.7233925436811761"
"cold_scaffold","split2028","RNA+ligand descriptors","Target_63","Thymidylate synthase m-RNA","3","-0.7058713538759471","-1.0","0.37605245120889375","0.29030083543205737"
"cold_scaffold","split2028","RNA+ligand descriptors","Target_64","Bcr-Abl m-RNA","8","-0.22896468542774595","-0.20483414440254896","0.5751198564524086","0.4832400620364091"
"cold_scaffold","split2028","RNA+ligand descriptors","Target_65","PAX3-FKHR m-RNA","8","0.11782059588019637","0.47905050476530353","0.680469257558605","0.5705123525312532"
"cold_scaffold","split2028","RNA+ligand descriptors","Target_66","HCV IRES Domain IIId","6","0.17944966740223275","0.11595420713048969","0.5629632613584656","0.4566571295119995"
"cold_scaffold","split2028","RNA+ligand descriptors","Target_67","HCV IRES IIa 40-mer","1","","","0.26470502563383214","0.26470502563383214"
"cold_scaffold","split2028","RNA+ligand descriptors","Target_69","ADENINE RIBOSWITCH","3","0.7554992049480816","1.0","1.0256475961467095","0.8396760738254162"
"cold_scaffold","split2028","RNA+ligand descriptors","Target_70","Riboswitch","1","","","0.4397098971410447","0.4397098971410447"
"cold_scaffold","split2028","RNA+ligand descriptors","Target_73","PbuE Riboswitch","2","1.0","0.9999999999999999","1.1589747934144874","0.9744896934808795"
"cold_scaffold","split2028","RNA+ligand descriptors","Target_74","xpt-pbuX Guanine Riboswitch, B. Subtilis","3","-0.9999999999999999","-1.0","1.0531841619155071","0.93157692647691"
"cold_scaffold","split2028","RNA+ligand descriptors","Target_78","B.subtilis lysine riboswitch","1","","","1.1811358751640615","1.1811358751640615"
"cold_scaffold","split2028","RNA+ligand descriptors","Target_79","T-box riboswitch","1","","","1.177212563306976","1.177212563306976"
"cold_scaffold","split2028","RNA+ligand descriptors","Target_80","RRE-RNA","4","0.6662342176688949","0.316227766016838","1.3232529506534931","1.0297791603031663"
"cold_scaffold","split2028","RNA+ligand descriptors","Target_83","RRE3","1","","","0.22585547620878454","0.22585547620878454"
"cold_scaffold","split2028","RNA+ligand descriptors","Target_84","RRE4","1","","","0.08971925493742638","0.08971925493742638"
"cold_scaffold","split2028","RNA+ligand descriptors","Target_91","RRE11","1","","","0.3588753298709797","0.3588753298709797"
"cold_scaffold","split2028","RNA+ligand descriptors","Target_97","decoding region 16SrRNA","3","-0.2950725051367872","0.5","0.6839148093466707","0.43645051928520395"
"cold_scaffold","split2028","Sequence-SMILES ridge","Target_100","50S subunit","2","-1.0","-0.9999999999999999","0.5808223721418286","0.48545942084877014"
"cold_scaffold","split2028","Sequence-SMILES ridge","Target_109","HIV-1FRAMESHIFT STEM LOOP STRUCTURE","1","","","0.14220798353737418","0.14220798353737418"
"cold_scaffold","split2028","Sequence-SMILES ridge","Target_110","DM1-RNA-MBNL1","1","","","0.10967037808055125","0.10967037808055125"
"cold_scaffold","split2028","Sequence-SMILES ridge","Target_112","T box antiterminator RNA","5","-0.20043257769066875","0.09999999999999999","2.184891853542806","2.147752932845096"
"cold_scaffold","split2028","Sequence-SMILES ridge","Target_121","Bulge_A_RNA","1","","","0.5028948814974177","0.5028948814974177"
"cold_scaffold","split2028","Sequence-SMILES ridge","Target_127","SLI of Rep A","5","0.515196615141391","0.6668859288553503","0.1527417311500455","0.11454273215964736"
"cold_scaffold","split2028","Sequence-SMILES ridge","Target_136","RNA_XIX","2","1.0","0.9999999999999999","1.3840294469469794","1.3760264118554875"
"cold_scaffold","split2028","Sequence-SMILES ridge","Target_137","RNA_XX","2","1.0","0.9999999999999999","1.3320177598938956","1.323700301722515"
"cold_scaffold","split2028","Sequence-SMILES ridge","Target_138","RNA_XXI","2","1.0","0.9999999999999999","1.6299442270022955","1.6231541390901962"
"cold_scaffold","split2028","Sequence-SMILES ridge","Target_139","RNA_XXII","2","1.0","0.9999999999999999","1.4731636756455124","1.465647430778945"
"cold_scaffold","split2028","Sequence-SMILES ridge","Target_142","Spiegelmer L-A42d RNA (58 mer)","2","1.0","0.9999999999999999","1.8410800707777202","1.64793436914613"
"cold_scaffold","split2028","Sequence-SMILES ridge","Target_146","HIV-1 genomic SL3 rna","5","0.6361837125904386","0.6155870112510925","0.5805461313758973","0.47766273837177786"
"cold_scaffold","split2028","Sequence-SMILES ridge","Target_147","Antiterminator model RNA AM1A","4","-0.9519310502935678","-1.0","0.5425451785937883","0.43219726230197075"
"cold_scaffold","split2028","Sequence-SMILES ridge","Target_149","Double stranded RNA seq","1","","","0.7386975677303225","0.7386975677303225"
"cold_scaffold","split2028","Sequence-SMILES ridge","Target_150","single stranded RNA seq","1","","","0.9982714649580062","0.9982714649580062"
"cold_scaffold","split2028","Sequence-SMILES ridge","Target_159","Pri-miR-96 RNAC  (UU loop mutant to AU basepair)","1","","","1.3098129605606612","1.3098129605606612"
"cold_scaffold","split2028","Sequence-SMILES ridge","Target_160","Pri-miR-96 RNA1 (Drosha processing site only)","1","","","0.6767672616764955","0.6767672616764955"
"cold_scaffold","split2028","Sequence-SMILES ridge","Target_161","Pri-miR-96 RNA2 (desired GG loop only)","1","","","0.7450782933563245","0.7450782933563245"
"cold_scaffold","split2028","Sequence-SMILES ridge","Target_162","Pri-miR-96 RNA3 (both the Drosha target site and adjacent target site)","1","","","1.8880663629399104","1.8880663629399104"
"cold_scaffold","split2028","Sequence-SMILES ridge","Target_163","Pri-miR-96 RNA4 (GG to GC loop mutation)","1","","","0.631250283152454","0.631250283152454"
"cold_scaffold","split2028","Sequence-SMILES ridge","Target_164","Pri-miR-96 RNA5 (UU loop mutant to UA loop)","1","","","0.7930673875584286","0.7930673875584286"
"cold_scaffold","split2028","Sequence-SMILES ridge","Target_165","Pri-miR-96 AT-rich DNA hairpin","1","","","0.08454518923490806","0.08454518923490806"
"cold_scaffold","split2028","Sequence-SMILES ridge","Target_169","r(CGG)12","1","","","0.1181334724556029","0.1181334724556029"
"cold_scaffold","split2028","Sequence-SMILES ridge","Target_172","r(CUG)4","1","","","0.6401116723845774","0.6401116723845774"
"cold_scaffold","split2028","Sequence-SMILES ridge","Target_188","HIV-1 FSS","4","0.8180923832123428","0.632455532033676","0.5487563101238072","0.5437120668735274"
"cold_scaffold","split2028","Sequence-SMILES ridge","Target_19","HIV-1 TAR RNA","16","-0.1278037525749307","-0.1309786962394204","0.8570818045616787","0.7513695461313238"
"cold_scaffold","split2028","Sequence-SMILES ridge","Target_190","FMN Riboswitch Aptamer, E. Coli","1","","","1.8140538422455474","1.8140538422455474"
"cold_scaffold","split2028","Sequence-SMILES ridge","Target_195","108 nt yjdF Riboswitch Construct, B. subtilis, Mutant 1","1","","","2.1962705225970733","2.1962705225970733"
"cold_scaffold","split2028","Sequence-SMILES ridge","Target_198","DDPAC hairpin A-bulge","2","-1.0","-0.9999999999999999","0.5893841575071579","0.4764505782962085"
"cold_scaffold","split2028","Sequence-SMILES ridge","Target_210","5' CUG/3' GUC Internal Loop","1","","","0.46094004665876476","0.46094004665876476"
"cold_scaffold","split2028","Sequence-SMILES ridge","Target_211","GC Stem Loop","1","","","0.5531021701139522","0.5531021701139522"
"cold_scaffold","split2028","Sequence-SMILES ridge","Target_212","AT Hairpin DNA","1","","","0.5447410538344042","0.5447410538344042"
"cold_scaffold","split2028","Sequence-SMILES ridge","Target_227","Pre-miR-21","2","-1.0","-0.9999999999999999","0.9019443246277278","0.7463201319159545"
"cold_scaffold","split2028","Sequence-SMILES ridge","Target_229","lysC riboswitch","1","","","1.0533795929998622","1.0533795929998622"
"cold_scaffold","split2028","Sequence-SMILES ridge","Target_230","lysC riboswitch mutant 1 (M2)","1","","","1.7807958112220348","1.7807958112220348"
"cold_scaffold","split2028","Sequence-SMILES ridge","Target_232","G4C2 repeat G-quadruplex RNA","1","","","1.101089077305482","1.101089077305482"
"cold_scaffold","split2028","Sequence-SMILES ridge","Target_234","5'CAG/3'GUC x 6 repeat RNA","1","","","1.7391322710222346","1.7391322710222346"
"cold_scaffold","split2028","Sequence-SMILES ridge","Target_235","5′CAG/3′GAC x 2 repeat RNA","1","","","1.7661694441953681","1.7661694441953681"
"cold_scaffold","split2028","Sequence-SMILES ridge","Target_236","5′CAG/3′GAC x 3 repeat RNA","1","","","2.8068808829677767","2.8068808829677767"
"cold_scaffold","split2028","Sequence-SMILES ridge","Target_237","5′CAG/3′GAC x 4 repeat RNA","1","","","1.956467054654647","1.956467054654647"
"cold_scaffold","split2028","Sequence-SMILES ridge","Target_238","5′CAG/3′GAC x 5 repeat RNA","1","","","1.8144340208582266","1.8144340208582266"
"cold_scaffold","split2028","Sequence-SMILES ridge","Target_239","5′CAG/3′GAC x 33 repeat RNA","1","","","3.3398599551524484","3.3398599551524484"
"cold_scaffold","split2028","Sequence-SMILES ridge","Target_240","5′CAG/3′GAC internal loop","1","","","1.1723688678586779","1.1723688678586779"
"cold_scaffold","split2028","Sequence-SMILES ridge","Target_241","5'CAG/3'GUC internal loop","1","","","1.702896238303926","1.702896238303926"
"cold_scaffold","split2028","Sequence-SMILES ridge","Target_242","KRAS RNA G-quadruplex utr-1","1","","","0.12027288090292743","0.12027288090292743"
"cold_scaffold","split2028","Sequence-SMILES ridge","Target_243","KRAS RNA G-quadruplex utr-z","1","","","0.341736950271077","0.341736950271077"
"cold_scaffold","split2028","Sequence-SMILES ridge","Target_244","KRAS RNA G-quadruplex utr-4","1","","","0.5303105931010892","0.5303105931010892"
"cold_scaffold","split2028","Sequence-SMILES ridge","Target_245","RNA Hairpin","1","","","0.07433678589610171","0.07433678589610171"
"cold_scaffold","split2028","Sequence-SMILES ridge","Target_259","NRAS G4 motif","5","0.78620150063593","0.3","0.9467521355859582","0.8218270435227227"
"cold_scaffold","split2028","Sequence-SMILES ridge","Target_26","35 nucleotide RNA","1","","","1.9856777174360598","1.9856777174360598"
"cold_scaffold","split2028","Sequence-SMILES ridge","Target_265","miR-21 hairpin","1","","","0.1781009569635934","0.1781009569635934"
"cold_scaffold","split2028","Sequence-SMILES ridge","Target_266","Pre-miR-372","7","0.6594830055361499","0.8214285714285715","0.909684310536895","0.7380363056543265"
"cold_scaffold","split2028","Sequence-SMILES ridge","Target_267","Pre-miR-373","2","-1.0","-0.9999999999999999","0.6668946014798939","0.5712206504402884"
"cold_scaffold","split2028","Sequence-SMILES ridge","Target_281","r(CUG)16","1","","","1.6196080090793714","1.6196080090793714"
"cold_scaffold","split2028","Sequence-SMILES ridge","Target_282","Oligonucleotide 3","7","-0.2051739023579333","-0.21428571428571433","1.3247716626802508","1.2175331581279991"
"cold_scaffold","split2028","Sequence-SMILES ridge","Target_283","Oligonucleotide 4","7","-0.14330092901766014","-0.14285714285714288","0.8996753417864308","0.7568742471848072"
"cold_scaffold","split2028","Sequence-SMILES ridge","Target_284","SMN2 pre-mRNA GA-rich sequence","3","-0.10276909744698931","0.5","0.8593456758758796","0.8079991376579718"
"cold_scaffold","split2028","Sequence-SMILES ridge","Target_3","Bacterial ribosomal A-site","33","0.6191545356132168","0.6626536821766538","1.2176334500919743","1.024344285548025"
"cold_scaffold","split2028","Sequence-SMILES ridge","Target_32","TCT8-4 RNA Aptamer","7","-0.7250097015414546","-0.5585812268712466","1.7131039466060631","1.5897031032277769"
"cold_scaffold","split2028","Sequence-SMILES ridge","Target_321","R-Seq1","1","","","0.8654603442791435","0.8654603442791435"
"cold_scaffold","split2028","Sequence-SMILES ridge","Target_322","R-Seq2","1","","","0.07620709923618918","0.07620709923618918"
"cold_scaffold","split2028","Sequence-SMILES ridge","Target_323","R-Seq3","1","","","0.2991907401035476","0.2991907401035476"
"cold_scaffold","split2028","Sequence-SMILES ridge","Target_324","R-Seq4","1","","","1.2651664682188608","1.2651664682188608"
"cold_scaffold","split2028","Sequence-SMILES ridge","Target_325","Pre-miR-33a","1","","","3.6457041747480208","3.6457041747480208"
"cold_scaffold","split2028","Sequence-SMILES ridge","Target_326","Pre-miR-33a-G31A","1","","","3.4228566778802207","3.4228566778802207"
"cold_scaffold","split2028","Sequence-SMILES ridge","Target_327","Pre-miR-33a-G32A","1","","","3.363875238598883","3.363875238598883"
"cold_scaffold","split2028","Sequence-SMILES ridge","Target_328","Pre-miR-24-2","1","","","2.8452418241098822","2.8452418241098822"
"cold_scaffold","split2028","Sequence-SMILES ridge","Target_331","Pre-miR-17/18a/20a","1","","","1.0365152604976444","1.0365152604976444"
"cold_scaffold","split2028","Sequence-SMILES ridge","Target_345","(5'CGG/3'GGC) x1","4","0.831171180234071","0.9486832980505139","0.7093948578993639","0.6657241660178699"
"cold_scaffold","split2028","Sequence-SMILES ridge","Target_346","(5'CAG/3'GUC) x1","4","-0.9040566715980725","-0.7999999999999999","0.5356200279051664","0.42530156508387806"
"cold_scaffold","split2028","Sequence-SMILES ridge","Target_347","(5'CGG/3'GGC)x6","2","1.0","0.9999999999999999","0.3249223460956094","0.3078468356095829"
"cold_scaffold","split2028","Sequence-SMILES ridge","Target_348","(5'CAG/3'GUC)x6","2","-1.0","-0.9999999999999999","0.10537130319236092","0.09308082133772855"
"cold_scaffold","split2028","Sequence-SMILES ridge","Target_349","(5'CGG/3'GGC) x20","2","1.0","0.9999999999999999","0.5222929974440405","0.5045052383004802"
"cold_scaffold","split2028","Sequence-SMILES ridge","Target_350","(5'CGG/3'GGC) x40","2","1.0","0.9999999999999999","0.5647661284723119","0.5490496557431341"
"cold_scaffold","split2028","Sequence-SMILES ridge","Target_351","(5'CGG/3'GGC) x60","2","1.0","0.9999999999999999","0.6744816512405619","0.6650151915182652"
"cold_scaffold","split2028","Sequence-SMILES ridge","Target_352","Fusibacterium ulcerans ZTP riboswitch","3","-0.37543940679085513","-0.5","0.9257660013945064","0.8463923170570705"
"cold_scaffold","split2028","Sequence-SMILES ridge","Target_36","FMN RIBOSWITCH APTAMER","2","","","1.4904780786381686","1.478022401351705"
"cold_scaffold","split2028","Sequence-SMILES ridge","Target_375","RNA hairpin loop I","1","","","0.005970955139882328","0.005970955139882328"
"cold_scaffold","split2028","Sequence-SMILES ridge","Target_376","RNA hairpin loop Ib","1","","","0.18276531006245822","0.18276531006245822"
"cold_scaffold","split2028","Sequence-SMILES ridge","Target_377","RNA hairpin loop II","1","","","0.47395974135698715","0.47395974135698715"
"cold_scaffold","split2028","Sequence-SMILES ridge","Target_378","RNA hairpin loop III","1","","","0.33514021198116595","0.33514021198116595"
"cold_scaffold","split2028","Sequence-SMILES ridge","Target_379","RNA hairpin loop IIIa","1","","","0.15733522460513072","0.15733522460513072"
"cold_scaffold","split2028","Sequence-SMILES ridge","Target_380","RNA hairpin loop IIIb","1","","","0.25798843837085617","0.25798843837085617"
"cold_scaffold","split2028","Sequence-SMILES ridge","Target_381","RNA hairpin loop IV","1","","","0.1594322412570346","0.1594322412570346"
"cold_scaffold","split2028","Sequence-SMILES ridge","Target_382","RNA hairpin loop Iva","1","","","0.20207044962723852","0.20207044962723852"
"cold_scaffold","split2028","Sequence-SMILES ridge","Target_4","RNA_APTAMER_CB_42","1","","","0.4054056993979014","0.4054056993979014"
"cold_scaffold","split2028","Sequence-SMILES ridge","Target_407","E. coli transglycosidase mRNA","6","-0.822862219599705","-0.9276336570439175","0.7664390542042993","0.652453870804598"
"cold_scaffold","split2028","Sequence-SMILES ridge","Target_408","HCV IRES Domain Iib","6","-0.3000862943912824","-0.16176470588235295","0.6491222842170816","0.4623892086823438"
"cold_scaffold","split2028","Sequence-SMILES ridge","Target_409","HIV protease active site (PAS) mRNA","6","-0.6554526154555428","-0.753702346348183","0.6969436304721108","0.5567047916415592"
"cold_scaffold","split2028","Sequence-SMILES ridge","Target_410","human tyrosine sulfotransferase mRNA","6","-0.12132895198740559","0.0","0.40450474824505656","0.3395114830753639"
"cold_scaffold","split2028","Sequence-SMILES ridge","Target_436","Duplex RNA","1","","","1.1949084114889281","1.1949084114889281"
"cold_scaffold","split2028","Sequence-SMILES ridge","Target_437","Single_stranded_RNA","1","","","1.3103018301909986","1.3103018301909986"
"cold_scaffold","split2028","Sequence-SMILES ridge","Target_441","U15C,U16C SLI_mutant","5","0.7224425432944612","0.8999999999999998","0.19116345823029202","0.17924494193068358"
"cold_scaffold","split2028","Sequence-SMILES ridge","Target_442","G17A,G18A SLI_mutant","5","-0.06840761986492078","0.05129891760425771","0.1774552158691823","0.16235598810261925"
"cold_scaffold","split2028","Sequence-SMILES ridge","Target_443","C19U,G20A SLI_mutant","5","0.7350646899378801","0.8720815992723809","0.17583092000898218","0.15250497666473245"
"cold_scaffold","split2028","Sequence-SMILES ridge","Target_444","G21A,A22G SLI_mutant","5","0.5673077281031196","0.7","0.15862348720127536","0.13865945887793724"
"cold_scaffold","split2028","Sequence-SMILES ridge","Target_445","TS mRNA Construct_4","3","0.38109903000109346","-0.5","0.2663274961950073","0.2412701163281422"
"cold_scaffold","split2028","Sequence-SMILES ridge","Target_446","TS mRNA Construct_5","3","0.5618128592701254","0.5","0.17952065894278063","0.15259480470603867"
"cold_scaffold","split2028","Sequence-SMILES ridge","Target_5","RNA_APTAMER_B4_25","1","","","2.2219623118576695","2.2219623118576695"
"cold_scaffold","split2028","Sequence-SMILES ridge","Target_60","T alpha aptamer","1","","","2.597237704619971","2.597237704619971"
"cold_scaffold","split2028","Sequence-SMILES ridge","Target_61","B alpha aptamer","1","","","0.40500722380910226","0.40500722380910226"
"cold_scaffold","split2028","Sequence-SMILES ridge","Target_63","Thymidylate synthase m-RNA","3","0.264134267358062","-0.5","0.2570198289494197","0.24215220211383492"
"cold_scaffold","split2028","Sequence-SMILES ridge","Target_64","Bcr-Abl m-RNA","8","0.1336149825768881","0.036147201953390995","0.7083675471698113","0.6054837096063931"
"cold_scaffold","split2028","Sequence-SMILES ridge","Target_65","PAX3-FKHR m-RNA","8","0.15973644550832758","0.07185757571479554","0.6281698174813594","0.548581544115542"
"cold_scaffold","split2028","Sequence-SMILES ridge","Target_66","HCV IRES Domain IIId","6","-0.7599101893665473","-0.753702346348183","0.7514749014267359","0.6115484313184701"
"cold_scaffold","split2028","Sequence-SMILES ridge","Target_67","HCV IRES IIa 40-mer","1","","","1.1314900587012948","1.1314900587012948"
"cold_scaffold","split2028","Sequence-SMILES ridge","Target_69","ADENINE RIBOSWITCH","3","0.82896221981331","1.0","1.3911493761950646","1.3004311416635534"
"cold_scaffold","split2028","Sequence-SMILES ridge","Target_70","Riboswitch","1","","","0.23723490611746012","0.23723490611746012"
"cold_scaffold","split2028","Sequence-SMILES ridge","Target_73","PbuE Riboswitch","2","1.0","0.9999999999999999","1.42935422729177","1.282765389072539"
"cold_scaffold","split2028","Sequence-SMILES ridge","Target_74","xpt-pbuX Guanine Riboswitch, B. Subtilis","3","0.9999999999999998","1.0","1.2096679947840443","1.1540558638693386"
"cold_scaffold","split2028","Sequence-SMILES ridge","Target_78","B.subtilis lysine riboswitch","1","","","0.9302133434622153","0.9302133434622153"
"cold_scaffold","split2028","Sequence-SMILES ridge","Target_79","T-box riboswitch","1","","","0.9242354780038111","0.9242354780038111"
"cold_scaffold","split2028","Sequence-SMILES ridge","Target_80","RRE-RNA","4","0.8507958559007438","0.9486832980505139","1.474608272060503","1.1428139679412497"
"cold_scaffold","split2028","Sequence-SMILES ridge","Target_83","RRE3","1","","","0.6036314618226912","0.6036314618226912"
"cold_scaffold","split2028","Sequence-SMILES ridge","Target_84","RRE4","1","","","0.5573682245515243","0.5573682245515243"
"cold_scaffold","split2028","Sequence-SMILES ridge","Target_91","RRE11","1","","","0.699983642344634","0.699983642344634"
"cold_scaffold","split2028","Sequence-SMILES ridge","Target_97","decoding region 16SrRNA","3","0.45815885667162715","0.5","0.4819918984537345","0.4712271039986315"
"double_cold","split2026","Contact500 pretraining without SCA","Target_100","50S subunit","9","0.6027804731036923","0.4666666666666666","1.5655913644142647","1.2695590919918485"
"double_cold","split2026","Contact500 pretraining without SCA","Target_102","Bacterial 23S rRNA hairpins 82 and 91","1","","","4.354745864868164","4.354745864868164"
"double_cold","split2026","Contact500 pretraining without SCA","Target_104","23SrRNA","3","-0.9673999744178392","-0.8660254037844387","2.2338911237268078","1.897383689880371"
"double_cold","split2026","Contact500 pretraining without SCA","Target_110","DM1-RNA-MBNL1","3","0.9207884017475787","0.5","0.9113833499680796","0.7597746849060059"
"double_cold","split2026","Contact500 pretraining without SCA","Target_123","RNA XIII","3","0.9984013998983636","0.5","0.20034203177930082","0.19553105036417642"
"double_cold","split2026","Contact500 pretraining without SCA","Target_124","RNA XIV","2","-1.0","-0.9999999999999999","0.31917273694550996","0.3184998035430908"
"double_cold","split2026","Contact500 pretraining without SCA","Target_125","RNA XV","1","","","0.3038668632507324","0.3038668632507324"
"double_cold","split2026","Contact500 pretraining without SCA","Target_132","fIIRE","1","","","0.25937652587890625","0.25937652587890625"
"double_cold","split2026","Contact500 pretraining without SCA","Target_146","SL3 RNA","14","-0.32691300777776255","-0.3256327603036127","1.1565531181705384","1.001050318990435"
"double_cold","split2026","Contact500 pretraining without SCA","Target_150","single stranded RNA seq","6","0.35885838049720725","0.3714285714285715","1.89600657746445","1.709243893623352"
"double_cold","split2026","Contact500 pretraining without SCA","Target_154","RNA seq C","2","1.0","0.9999999999999999","0.08353552942907362","0.0662224292755127"
"double_cold","split2026","Contact500 pretraining without SCA","Target_159","Pri-miR-96","1","","","1.1095232963562012","1.1095232963562012"
"double_cold","split2026","Contact500 pretraining without SCA","Target_167","r(CUG)12","4","0.15012373470450005","0.39999999999999997","1.3868059578532599","1.2469993829727173"
"double_cold","split2026","Contact500 pretraining without SCA","Target_172","r(CUG)4","2","1.0","0.9999999999999999","0.5799177760096847","0.5773379802703853"
"double_cold","split2026","Contact500 pretraining without SCA","Target_176","d(CTG)12","1","","","1.9505796432495117","1.9505796432495117"
"double_cold","split2026","Contact500 pretraining without SCA","Target_19","HIV-1 TAR RNA","48","0.4316652890068248","0.3910691058949352","1.3958174568636739","1.1857738892237346"
"double_cold","split2026","Contact500 pretraining without SCA","Target_196","A10-RNA-WT QGRS in ADAM10 mRNA","1","","","0.1729254722595206","0.1729254722595206"
"double_cold","split2026","Contact500 pretraining without SCA","Target_20","RNA_Str_HIV-2 TAR","3","-0.46268618886460344","0.0","0.8221149792114917","0.7127827008565264"
"double_cold","split2026","Contact500 pretraining without SCA","Target_204","5'CAG/3'GAC","1","","","1.7393484115600577","1.7393484115600577"
"double_cold","split2026","Contact500 pretraining without SCA","Target_206","5'CUG/3'GUC, DM1 Motif","1","","","1.4334654808044434","1.4334654808044434"
"double_cold","split2026","Contact500 pretraining without SCA","Target_207","Fully Paired RNA","1","","","0.9336123466491699","0.9336123466491699"
"double_cold","split2026","Contact500 pretraining without SCA","Target_208","1 X 1 UU Hairpin","1","","","1.3910717964172363","1.3910717964172363"
"double_cold","split2026","Contact500 pretraining without SCA","Target_209","AU stem","1","","","0.20098638534545898","0.20098638534545898"
"double_cold","split2026","Contact500 pretraining without SCA","Target_212","Hairpin DNA","1","","","1.604353427886963","1.604353427886963"
"double_cold","split2026","Contact500 pretraining without SCA","Target_227","Pre-miR-210","4","0.711552195027008","0.7999999999999999","0.2500843440411295","0.17135822772979736"
"double_cold","split2026","Contact500 pretraining without SCA","Target_229","lysC riboswitch","1","","","0.309112548828125","0.309112548828125"
"double_cold","split2026","Contact500 pretraining without SCA","Target_230","lysC riboswitch mutant 1 (M2)","1","","","1.036613941192627","1.036613941192627"
"double_cold","split2026","Contact500 pretraining without SCA","Target_232","G4C2 repeat G-quadruplex RNA","1","","","0.057166099548339844","0.057166099548339844"
"double_cold","split2026","Contact500 pretraining without SCA","Target_244","KRAS RNA G-quadruplex utr-4","1","","","2.0061893463134775","2.0061893463134775"
"double_cold","split2026","Contact500 pretraining without SCA","Target_266","Pre-miR-372","6","-0.7266049172620235","0.028571428571428574","1.478014477298093","1.386372447013855"
"double_cold","split2026","Contact500 pretraining without SCA","Target_271","Pri-miR-515 and the adjacent RNA motif (RNA 4)","1","","","0.3225131034851083","0.3225131034851083"
"double_cold","split2026","Contact500 pretraining without SCA","Target_31","cyanocobalamin 35 nt RNA aptamer","1","","","0.4495668411254883","0.4495668411254883"
"double_cold","split2026","Contact500 pretraining without SCA","Target_33","Biotin aptamer","1","","","0.03905773162841797","0.03905773162841797"
"double_cold","split2026","Contact500 pretraining without SCA","Target_345","(5'CGG/3'GGC) x1","3","0.4701995839196458","0.5","0.9557278603977057","0.9206539789835612"
"double_cold","split2026","Contact500 pretraining without SCA","Target_346","(5'CAG/3'GUC) x1","3","-0.17948773272351043","0.5","0.633828462596828","0.4563322067260745"
"double_cold","split2026","Contact500 pretraining without SCA","Target_350","(5'CGG/3'GGC) x40","2","1.0","0.9999999999999999","0.8091377649830411","0.7913558483123779"
"double_cold","split2026","Contact500 pretraining without SCA","Target_351","(5'CGG/3'GGC) x60","2","1.0","0.9999999999999999","0.7861130783859683","0.7734756469726562"
"double_cold","split2026","Contact500 pretraining without SCA","Target_352","Fusibacterium ulcerans ZTP riboswitch","3","0.13090793119101324","0.5","1.0793533570765916","1.0622859001159668"
"double_cold","split2026","Contact500 pretraining without SCA","Target_375","RNA hairpin loop I","4","0.6857935911799363","0.7999999999999999","1.0528753996733764","0.9884583950042725"
"double_cold","split2026","Contact500 pretraining without SCA","Target_382","RNA hairpin loop Iva","4","0.9636144145600938","0.7999999999999999","1.1217178905129703","1.0370370149612427"
"double_cold","split2026","Contact500 pretraining without SCA","Target_40","ss_PolyA","1","","","2.068614959716797","2.068614959716797"
"double_cold","split2026","Contact500 pretraining without SCA","Target_407","E. coli transglycosidase mRNA","1","","","0.13208580017089933","0.13208580017089933"
"double_cold","split2026","Contact500 pretraining without SCA","Target_410","human tyrosine sulfotransferase mRNA","1","","","1.3065729141235352","1.3065729141235352"
"double_cold","split2026","Contact500 pretraining without SCA","Target_432","FSS_mutant_2","1","","","1.52703857421875","1.52703857421875"
"double_cold","split2026","Contact500 pretraining without SCA","Target_435","FSS_mutant_5","1","","","0.699152946472168","0.699152946472168"
"double_cold","split2026","Contact500 pretraining without SCA","Target_436","Duplex RNA","1","","","0.07075881958007812","0.07075881958007812"
"double_cold","split2026","Contact500 pretraining without SCA","Target_437","Single_stranded_RNA","1","","","0.17752361297607422","0.17752361297607422"
"double_cold","split2026","Contact500 pretraining without SCA","Target_446","TS mRNA Construct_5","2","-1.0","-0.9999999999999999","0.28167712516063004","0.27781105041503906"
"double_cold","split2026","Contact500 pretraining without SCA","Target_55","r(CUG)","3","-0.6661039893373568","-0.5","0.2970502896304691","0.27093998591105145"
"double_cold","split2026","Contact500 pretraining without SCA","Target_61","B alpha aptamer","2","1.0","0.9999999999999999","0.41487084256507434","0.4124147891998291"
"double_cold","split2026","Contact500 pretraining without SCA","Target_69","ADENINE RIBOSWITCH","4","0.8600666273743487","0.9486832980505139","1.9455231258802868","1.3726916313171387"
"double_cold","split2026","Contact500 pretraining without SCA","Target_74","Guanine riboswitch","2","1.0","0.9999999999999999","2.510973492757322","2.4836444854736324"
"double_cold","split2026","Contact500 pretraining without SCA","Target_80","RRE-RNA","1","","","0.21970462799072266","0.21970462799072266"
"double_cold","split2026","DeepRSMA","Target_100","50S subunit","9","0.6280694477058467","0.6","1.635790076502295","1.4336837927500408"
"double_cold","split2026","DeepRSMA","Target_102","Bacterial 23S rRNA hairpins 82 and 91","1","","","3.3294081687927246","3.3294081687927246"
"double_cold","split2026","DeepRSMA","Target_104","23SrRNA","3","0.967399974417839","0.8660254037844387","1.8790527269554143","1.5304266611735027"
"double_cold","split2026","DeepRSMA","Target_110","DM1-RNA-MBNL1","3","0.9326895220651261","1.0","0.31408563526664873","0.2686123847961423"
"double_cold","split2026","DeepRSMA","Target_123","RNA XIII","3","0.9995883166356557","0.5","1.2767006118718922","1.2422622044881184"
"double_cold","split2026","DeepRSMA","Target_124","RNA XIV","2","-1.0","-0.9999999999999999","1.7236280512248254","1.7002854347229004"
"double_cold","split2026","DeepRSMA","Target_125","RNA XV","1","","","1.4438843727111816","1.4438843727111816"
"double_cold","split2026","DeepRSMA","Target_132","fIIRE","1","","","1.1823320388793945","1.1823320388793945"
"double_cold","split2026","DeepRSMA","Target_146","SL3 RNA","14","-0.018299446391758064","-0.20242036451305656","1.4077597948678047","1.1939417804990495"
"double_cold","split2026","DeepRSMA","Target_150","single stranded RNA seq","6","0.6282591536690728","0.6571428571428573","2.0963525411872297","1.9811853965123494"
"double_cold","split2026","DeepRSMA","Target_154","RNA seq C","2","1.0","0.9999999999999999","0.6415751884159225","0.6381118297576904"
"double_cold","split2026","DeepRSMA","Target_159","Pri-miR-96","1","","","0.28201723098754883","0.28201723098754883"
"double_cold","split2026","DeepRSMA","Target_167","r(CUG)12","4","0.21723880472798504","0.39999999999999997","1.6477503621358567","1.298073410987854"
"double_cold","split2026","DeepRSMA","Target_172","r(CUG)4","2","1.0","0.9999999999999999","2.3204061734301025","2.274573564529419"
"double_cold","split2026","DeepRSMA","Target_176","d(CTG)12","1","","","0.20161867141723633","0.20161867141723633"
"double_cold","split2026","DeepRSMA","Target_19","HIV-1 TAR RNA","48","0.5964712468144103","0.5656985216912229","2.210947743611978","1.8661011656125386"
"double_cold","split2026","DeepRSMA","Target_196","A10-RNA-WT QGRS in ADAM10 mRNA","1","","","0.3219757080078116","0.3219757080078116"
"double_cold","split2026","DeepRSMA","Target_20","RNA_Str_HIV-2 TAR","3","-0.4868448315152357","0.0","0.49067954332303104","0.3691569964090983"
"double_cold","split2026","DeepRSMA","Target_204","5'CAG/3'GAC","1","","","0.7831816673278809","0.7831816673278809"
"double_cold","split2026","DeepRSMA","Target_206","5'CUG/3'GUC, DM1 Motif","1","","","0.4926180839538574","0.4926180839538574"
"double_cold","split2026","DeepRSMA","Target_207","Fully Paired RNA","1","","","0.44083499908447266","0.44083499908447266"
"double_cold","split2026","DeepRSMA","Target_208","1 X 1 UU Hairpin","1","","","2.592947483062744","2.592947483062744"
"double_cold","split2026","DeepRSMA","Target_209","AU stem","1","","","0.8800473213195801","0.8800473213195801"
"double_cold","split2026","DeepRSMA","Target_212","Hairpin DNA","1","","","0.4056587219238281","0.4056587219238281"
"double_cold","split2026","DeepRSMA","Target_227","Pre-miR-210","4","-0.71155210080975","-0.7745966692414834","1.7989938078040086","1.7412201166152954"
"double_cold","split2026","DeepRSMA","Target_229","lysC riboswitch","1","","","0.7309050559997559","0.7309050559997559"
"double_cold","split2026","DeepRSMA","Target_230","lysC riboswitch mutant 1 (M2)","1","","","1.4593772888183594","1.4593772888183594"
"double_cold","split2026","DeepRSMA","Target_232","G4C2 repeat G-quadruplex RNA","1","","","0.25237035751342773","0.25237035751342773"
"double_cold","split2026","DeepRSMA","Target_244","KRAS RNA G-quadruplex utr-4","1","","","3.087942123413087","3.087942123413087"
"double_cold","split2026","DeepRSMA","Target_266","Pre-miR-372","6","-0.7076643041695995","0.08571428571428573","2.145110530088608","2.0697707732518515"
"double_cold","split2026","DeepRSMA","Target_271","Pri-miR-515 and the adjacent RNA motif (RNA 4)","1","","","2.1540756225585938","2.1540756225585938"
"double_cold","split2026","DeepRSMA","Target_31","cyanocobalamin 35 nt RNA aptamer","1","","","0.7982950210571289","0.7982950210571289"
"double_cold","split2026","DeepRSMA","Target_33","Biotin aptamer","1","","","0.2904329299926758","0.2904329299926758"
"double_cold","split2026","DeepRSMA","Target_345","(5'CGG/3'GGC) x1","3","0.5923611115378871","0.5","0.24999973742646797","0.1861866315205892"
"double_cold","split2026","DeepRSMA","Target_346","(5'CAG/3'GUC) x1","3","-0.31929377119258096","0.5","0.9438704055495174","0.7723007202148434"
"double_cold","split2026","DeepRSMA","Target_350","(5'CGG/3'GGC) x40","2","1.0","0.9999999999999999","2.407220379745749","2.40572190284729"
"double_cold","split2026","DeepRSMA","Target_351","(5'CGG/3'GGC) x60","2","1.0","0.9999999999999999","1.757183480885528","1.7562077045440674"
"double_cold","split2026","DeepRSMA","Target_352","Fusibacterium ulcerans ZTP riboswitch","3","0.2188332247355977","0.5","0.9679498203911184","0.862840493520101"
"double_cold","split2026","DeepRSMA","Target_375","RNA hairpin loop I","4","0.9393693420125995","0.7999999999999999","1.4936275904602627","1.450265884399414"
"double_cold","split2026","DeepRSMA","Target_382","RNA hairpin loop Iva","4","0.9314075114071476","0.7999999999999999","1.4105365058158095","1.3396492004394531"
"double_cold","split2026","DeepRSMA","Target_40","ss_PolyA","1","","","0.3672332763671875","0.3672332763671875"
"double_cold","split2026","DeepRSMA","Target_407","E. coli transglycosidase mRNA","1","","","0.7096080780029297","0.7096080780029297"
"double_cold","split2026","DeepRSMA","Target_410","human tyrosine sulfotransferase mRNA","1","","","0.7032804489135751","0.7032804489135751"
"double_cold","split2026","DeepRSMA","Target_432","FSS_mutant_2","1","","","1.8836231231689453","1.8836231231689453"
"double_cold","split2026","DeepRSMA","Target_435","FSS_mutant_5","1","","","0.7200284004211426","0.7200284004211426"
"double_cold","split2026","DeepRSMA","Target_436","Duplex RNA","1","","","0.8424553871154785","0.8424553871154785"
"double_cold","split2026","DeepRSMA","Target_437","Single_stranded_RNA","1","","","0.9492201805114746","0.9492201805114746"
"double_cold","split2026","DeepRSMA","Target_446","TS mRNA Construct_5","2","-1.0","-0.9999999999999999","1.191423926811658","1.190453290939331"
"double_cold","split2026","DeepRSMA","Target_55","r(CUG)","3","0.7398094039781866","0.5","0.2605898642896837","0.2454671859741208"
"double_cold","split2026","DeepRSMA","Target_61","B alpha aptamer","2","1.0","0.9999999999999999","0.4591670705937867","0.4444551467895508"
"double_cold","split2026","DeepRSMA","Target_69","ADENINE RIBOSWITCH","4","0.9685610824826107","0.9486832980505139","2.0452992706160815","1.4037734270095825"
"double_cold","split2026","DeepRSMA","Target_74","Guanine riboswitch","2","-1.0","-0.9999999999999999","2.8160397895888494","2.7884914875030513"
"double_cold","split2026","DeepRSMA","Target_80","RRE-RNA","1","","","1.189213752746582","1.189213752746582"
"double_cold","split2026","Ligand-only descriptors","Target_100","50S subunit","9","-0.7743103990600945","-0.6333333333333333","2.5320311388916474","2.107589290011602"
"double_cold","split2026","Ligand-only descriptors","Target_102","Bacterial 23S rRNA hairpins 82 and 91","1","","","1.0313682122273757","1.0313682122273757"
"double_cold","split2026","Ligand-only descriptors","Target_104","23SrRNA","3","0.9673999791477679","0.8660254037844387","1.163004728912704","1.1011171818020884"
"double_cold","split2026","Ligand-only descriptors","Target_110","DM1-RNA-MBNL1","3","0.45793302478792175","0.5","1.5947978238544374","1.5783952579680374"
"double_cold","split2026","Ligand-only descriptors","Target_123","RNA XIII","3","-0.23361351244613196","-0.5","0.637275311459031","0.6323901035085315"
"double_cold","split2026","Ligand-only descriptors","Target_124","RNA XIV","2","-1.0","-0.9999999999999999","0.8734285349614492","0.8109946345352128"
"double_cold","split2026","Ligand-only descriptors","Target_125","RNA XV","1","","","0.5089793265464628","0.5089793265464628"
"double_cold","split2026","Ligand-only descriptors","Target_132","fIIRE","1","","","0.44587405451265116","0.44587405451265116"
"double_cold","split2026","Ligand-only descriptors","Target_146","SL3 RNA","14","0.06746711332568142","-0.12555066079295157","0.9530374385517011","0.762735711511404"
"double_cold","split2026","Ligand-only descriptors","Target_150","single stranded RNA seq","6","0.8850468200685448","0.7714285714285715","0.8301038802288776","0.5914357717832627"
"double_cold","split2026","Ligand-only descriptors","Target_154","RNA seq C","2","-1.0","-0.9999999999999999","0.22655300954321161","0.21324424532372976"
"double_cold","split2026","Ligand-only descriptors","Target_159","Pri-miR-96","1","","","0.6760305982051085","0.6760305982051085"
"double_cold","split2026","Ligand-only descriptors","Target_167","r(CUG)12","4","0.290714474472628","0.39999999999999997","1.6036405190035856","1.192995680332038"
"double_cold","split2026","Ligand-only descriptors","Target_172","r(CUG)4","2","1.0","0.9999999999999999","1.532732611581609","1.274071189381111"
"double_cold","split2026","Ligand-only descriptors","Target_176","d(CTG)12","1","","","0.00850789176059763","0.00850789176059763"
"double_cold","split2026","Ligand-only descriptors","Target_19","HIV-1 TAR RNA","48","0.3828816787712492","0.32925024867607955","1.683784580339252","1.399574464275885"
"double_cold","split2026","Ligand-only descriptors","Target_196","A10-RNA-WT QGRS in ADAM10 mRNA","1","","","0.45480097101507333","0.45480097101507333"
"double_cold","split2026","Ligand-only descriptors","Target_20","RNA_Str_HIV-2 TAR","3","0.9549339640949855","0.8660254037844387","0.3854284457156029","0.38457730478611146"
"double_cold","split2026","Ligand-only descriptors","Target_204","5'CAG/3'GAC","1","","","2.1969133314293545","2.1969133314293545"
"double_cold","split2026","Ligand-only descriptors","Target_206","5'CUG/3'GUC, DM1 Motif","1","","","2.1003843550890116","2.1003843550890116"
"double_cold","split2026","Ligand-only descriptors","Target_207","Fully Paired RNA","1","","","1.6667287941504405","1.6667287941504405"
"double_cold","split2026","Ligand-only descriptors","Target_208","1 X 1 UU Hairpin","1","","","1.5711756465359192","1.5711756465359192"
"double_cold","split2026","Ligand-only descriptors","Target_209","AU stem","1","","","0.10248849253533177","0.10248849253533177"
"double_cold","split2026","Ligand-only descriptors","Target_212","Hairpin DNA","1","","","0.6553863836995726","0.6553863836995726"
"double_cold","split2026","Ligand-only descriptors","Target_227","Pre-miR-210","4","-0.7115520038207352","-0.7745966692414834","1.2753398350593854","1.2013263957298388"
"double_cold","split2026","Ligand-only descriptors","Target_229","lysC riboswitch","1","","","0.5169119284422097","0.5169119284422097"
"double_cold","split2026","Ligand-only descriptors","Target_230","lysC riboswitch mutant 1 (M2)","1","","","1.2780298395270702","1.2780298395270702"
"double_cold","split2026","Ligand-only descriptors","Target_232","G4C2 repeat G-quadruplex RNA","1","","","1.1545141914194872","1.1545141914194872"
"double_cold","split2026","Ligand-only descriptors","Target_244","KRAS RNA G-quadruplex utr-4","1","","","0.7751619397129721","0.7751619397129721"
"double_cold","split2026","Ligand-only descriptors","Target_266","Pre-miR-372","6","-0.5369966362138813","-0.14285714285714288","1.5767991175869396","1.4853046925251177"
"double_cold","split2026","Ligand-only descriptors","Target_271","Pri-miR-515 and the adjacent RNA motif (RNA 4)","1","","","0.9719261894929403","0.9719261894929403"
"double_cold","split2026","Ligand-only descriptors","Target_31","cyanocobalamin 35 nt RNA aptamer","1","","","1.612418179973666","1.612418179973666"
"double_cold","split2026","Ligand-only descriptors","Target_33","Biotin aptamer","1","","","0.1170925384979995","0.1170925384979995"
"double_cold","split2026","Ligand-only descriptors","Target_345","(5'CGG/3'GGC) x1","3","0.20447377737555988","0.5","1.2984156989857043","1.266696111231955"
"double_cold","split2026","Ligand-only descriptors","Target_346","(5'CAG/3'GUC) x1","3","0.10297272922508277","0.5","0.8149735255759584","0.6418352985269348"
"double_cold","split2026","Ligand-only descriptors","Target_350","(5'CGG/3'GGC) x40","2","1.0","0.9999999999999999","1.9223887921343334","1.9199340189975018"
"double_cold","split2026","Ligand-only descriptors","Target_351","(5'CGG/3'GGC) x60","2","1.0","0.9999999999999999","1.9885177113890504","1.9872425232921618"
"double_cold","split2026","Ligand-only descriptors","Target_352","Fusibacterium ulcerans ZTP riboswitch","3","0.9438938448568398","1.0","0.9710681831428196","0.8833212805999016"
"double_cold","split2026","Ligand-only descriptors","Target_375","RNA hairpin loop I","4","-0.19593404184122165","0.19999999999999998","1.4825978690558748","1.4252089658516744"
"double_cold","split2026","Ligand-only descriptors","Target_382","RNA hairpin loop Iva","4","-0.05435535601239662","-0.19999999999999998","1.9569131796798813","1.895235976839762"
"double_cold","split2026","Ligand-only descriptors","Target_40","ss_PolyA","1","","","0.2475555085171477","0.2475555085171477"
"double_cold","split2026","Ligand-only descriptors","Target_407","E. coli transglycosidase mRNA","1","","","0.38267342085828115","0.38267342085828115"
"double_cold","split2026","Ligand-only descriptors","Target_410","human tyrosine sulfotransferase mRNA","1","","","0.871693898877651","0.871693898877651"
"double_cold","split2026","Ligand-only descriptors","Target_432","FSS_mutant_2","1","","","0.26021173600350345","0.26021173600350345"
"double_cold","split2026","Ligand-only descriptors","Target_435","FSS_mutant_5","1","","","1.8233343154465675","1.8233343154465675"
"double_cold","split2026","Ligand-only descriptors","Target_436","Duplex RNA","1","","","0.007220170499448564","0.007220170499448564"
"double_cold","split2026","Ligand-only descriptors","Target_437","Single_stranded_RNA","1","","","0.11398493817915867","0.11398493817915867"
"double_cold","split2026","Ligand-only descriptors","Target_446","TS mRNA Construct_5","2","1.0","0.9999999999999999","0.31408590603408376","0.314053493394129"
"double_cold","split2026","Ligand-only descriptors","Target_55","r(CUG)","3","0.8369834832574744","0.5","0.45856002435187443","0.3728904339358241"
"double_cold","split2026","Ligand-only descriptors","Target_61","B alpha aptamer","2","1.0","0.9999999999999999","0.39486827617877246","0.39358048275714363"
"double_cold","split2026","Ligand-only descriptors","Target_69","ADENINE RIBOSWITCH","4","0.5415427418489169","0.632455532033676","1.9906535410949031","1.3585117371098592"
"double_cold","split2026","Ligand-only descriptors","Target_74","Guanine riboswitch","2","1.0","0.9999999999999999","2.7022397713935","2.686082570723474"
"double_cold","split2026","Ligand-only descriptors","Target_80","RRE-RNA","1","","","0.8571920734848106","0.8571920734848106"
"double_cold","split2026","RNA+ligand descriptors","Target_100","50S subunit","9","-0.6743244528867071","-0.6333333333333333","2.294313379114159","1.9582328054048925"
"double_cold","split2026","RNA+ligand descriptors","Target_102","Bacterial 23S rRNA hairpins 82 and 91","1","","","1.2255745852437467","1.2255745852437467"
"double_cold","split2026","RNA+ligand descriptors","Target_104","23SrRNA","3","0.9673999791477679","0.8660254037844387","1.5214442956273366","1.321506709023578"
"double_cold","split2026","RNA+ligand descriptors","Target_110","DM1-RNA-MBNL1","3","0.5185679012848219","0.5","1.4176989680142302","1.4075607123891365"
"double_cold","split2026","RNA+ligand descriptors","Target_123","RNA XIII","3","-0.9291871113624232","-1.0","0.6431601395982732","0.6185790502844828"
"double_cold","split2026","RNA+ligand descriptors","Target_124","RNA XIV","2","-1.0","-0.9999999999999999","0.7690064878296804","0.7107471299013164"
"double_cold","split2026","RNA+ligand descriptors","Target_125","RNA XV","1","","","0.44947793269832736","0.44947793269832736"
"double_cold","split2026","RNA+ligand descriptors","Target_132","fIIRE","1","","","0.5453486925199824","0.5453486925199824"
"double_cold","split2026","RNA+ligand descriptors","Target_146","SL3 RNA","14","0.0035505728549226146","-0.1211453744493392","1.0648119881571187","0.8750690157756482"
"double_cold","split2026","RNA+ligand descriptors","Target_150","single stranded RNA seq","6","0.8475932909031839","0.8285714285714287","0.877491249393735","0.5851326717874089"
"double_cold","split2026","RNA+ligand descriptors","Target_154","RNA seq C","2","-1.0","-0.9999999999999999","0.13868348892087196","0.12124981436169913"
"double_cold","split2026","RNA+ligand descriptors","Target_159","Pri-miR-96","1","","","1.0552877224988162","1.0552877224988162"
"double_cold","split2026","RNA+ligand descriptors","Target_167","r(CUG)12","4","0.26655232928995365","0.39999999999999997","1.6814154205680092","1.2463357687322651"
"double_cold","split2026","RNA+ligand descriptors","Target_172","r(CUG)4","2","1.0","0.9999999999999999","1.5911058783872654","1.2748942092056903"
"double_cold","split2026","RNA+ligand descriptors","Target_176","d(CTG)12","1","","","0.08769518986786817","0.08769518986786817"
"double_cold","split2026","RNA+ligand descriptors","Target_19","HIV-1 TAR RNA","48","0.21116014466062105","0.23417525749300924","1.7302363606020978","1.4338418145809306"
"double_cold","split2026","RNA+ligand descriptors","Target_196","A10-RNA-WT QGRS in ADAM10 mRNA","1","","","0.42183771597868436","0.42183771597868436"
"double_cold","split2026","RNA+ligand descriptors","Target_20","RNA_Str_HIV-2 TAR","3","0.5298193319281939","0.8660254037844387","0.2797645156738082","0.2794647515981854"
"double_cold","split2026","RNA+ligand descriptors","Target_204","5'CAG/3'GAC","1","","","1.7751510504118375","1.7751510504118375"
"double_cold","split2026","RNA+ligand descriptors","Target_206","5'CUG/3'GUC, DM1 Motif","1","","","1.7114434185125882","1.7114434185125882"
"double_cold","split2026","RNA+ligand descriptors","Target_207","Fully Paired RNA","1","","","1.1828875810011024","1.1828875810011024"
"double_cold","split2026","RNA+ligand descriptors","Target_208","1 X 1 UU Hairpin","1","","","1.401543106761447","1.401543106761447"
"double_cold","split2026","RNA+ligand descriptors","Target_209","AU stem","1","","","0.28128751917576444","0.28128751917576444"
"double_cold","split2026","RNA+ligand descriptors","Target_212","Hairpin DNA","1","","","0.8727503852155234","0.8727503852155234"
"double_cold","split2026","RNA+ligand descriptors","Target_227","Pre-miR-210","4","-0.7115520038207352","-0.7745966692414834","1.3655570889891142","1.2178503012296311"
"double_cold","split2026","RNA+ligand descriptors","Target_229","lysC riboswitch","1","","","0.7822803008906263","0.7822803008906263"
"double_cold","split2026","RNA+ligand descriptors","Target_230","lysC riboswitch mutant 1 (M2)","1","","","1.542820261322417","1.542820261322417"
"double_cold","split2026","RNA+ligand descriptors","Target_232","G4C2 repeat G-quadruplex RNA","1","","","1.393952803484443","1.393952803484443"
"double_cold","split2026","RNA+ligand descriptors","Target_244","KRAS RNA G-quadruplex utr-4","1","","","1.053976893241793","1.053976893241793"
"double_cold","split2026","RNA+ligand descriptors","Target_266","Pre-miR-372","6","-0.4147663649163461","-0.14285714285714288","1.5662122493770396","1.4763104850785813"
"double_cold","split2026","RNA+ligand descriptors","Target_271","Pri-miR-515 and the adjacent RNA motif (RNA 4)","1","","","1.00253199128084","1.00253199128084"
"double_cold","split2026","RNA+ligand descriptors","Target_31","cyanocobalamin 35 nt RNA aptamer","1","","","1.8175806104398013","1.8175806104398013"
"double_cold","split2026","RNA+ligand descriptors","Target_33","Biotin aptamer","1","","","0.14080034942589936","0.14080034942589936"
"double_cold","split2026","RNA+ligand descriptors","Target_345","(5'CGG/3'GGC) x1","3","0.23316610294748757","0.5","0.9876741695758393","0.9478046893755531"
"double_cold","split2026","RNA+ligand descriptors","Target_346","(5'CAG/3'GUC) x1","3","0.21647669951295162","0.5","0.5907894590058421","0.35321734560870716"
"double_cold","split2026","RNA+ligand descriptors","Target_350","(5'CGG/3'GGC) x40","2","1.0","0.9999999999999999","1.4549063518155838","1.4547452045614584"
"double_cold","split2026","RNA+ligand descriptors","Target_351","(5'CGG/3'GGC) x60","2","1.0","0.9999999999999999","1.5238526370910206","1.5238507199055142"
"double_cold","split2026","RNA+ligand descriptors","Target_352","Fusibacterium ulcerans ZTP riboswitch","3","0.9077700848516497","0.5","0.9702403449404409","0.784665385556806"
"double_cold","split2026","RNA+ligand descriptors","Target_375","RNA hairpin loop I","4","0.38460492255490347","0.39999999999999997","1.409411842586921","1.3548162275889213"
"double_cold","split2026","RNA+ligand descriptors","Target_382","RNA hairpin loop Iva","4","0.4229743707505792","-0.19999999999999998","2.010690269002676","1.9556230547317415"
"double_cold","split2026","RNA+ligand descriptors","Target_40","ss_PolyA","1","","","0.2508624329649889","0.2508624329649889"
"double_cold","split2026","RNA+ligand descriptors","Target_407","E. coli transglycosidase mRNA","1","","","0.539645132862649","0.539645132862649"
"double_cold","split2026","RNA+ligand descriptors","Target_410","human tyrosine sulfotransferase mRNA","1","","","1.099403564742274","1.099403564742274"
"double_cold","split2026","RNA+ligand descriptors","Target_432","FSS_mutant_2","1","","","0.3271720455735103","0.3271720455735103"
"double_cold","split2026","RNA+ligand descriptors","Target_435","FSS_mutant_5","1","","","1.5979438063804974","1.5979438063804974"
"double_cold","split2026","RNA+ligand descriptors","Target_436","Duplex RNA","1","","","0.11039746613843882","0.11039746613843882"
"double_cold","split2026","RNA+ligand descriptors","Target_437","Single_stranded_RNA","1","","","0.0036326984587287114","0.0036326984587287114"
"double_cold","split2026","RNA+ligand descriptors","Target_446","TS mRNA Construct_5","2","1.0","0.9999999999999999","0.8200714072061811","0.8196431471108827"
"double_cold","split2026","RNA+ligand descriptors","Target_55","r(CUG)","3","0.9440617513107018","1.0","0.4906034843678091","0.3456050635901227"
"double_cold","split2026","RNA+ligand descriptors","Target_61","B alpha aptamer","2","-1.0","-0.9999999999999999","0.41914001580606414","0.41276685349768494"
"double_cold","split2026","RNA+ligand descriptors","Target_69","ADENINE RIBOSWITCH","4","-0.1798629217837912","-0.316227766016838","1.9874736577405463","1.668066053937141"
"double_cold","split2026","RNA+ligand descriptors","Target_74","Guanine riboswitch","2","1.0","0.9999999999999999","2.1780526186047378","2.146115687041536"
"double_cold","split2026","RNA+ligand descriptors","Target_80","RRE-RNA","1","","","0.9723450018887982","0.9723450018887982"
"double_cold","split2026","Sequence-SMILES ridge","Target_100","50S subunit","9","0.05571960877943333","-0.049999999999999996","2.1438133287691046","1.9057197907387307"
"double_cold","split2026","Sequence-SMILES ridge","Target_102","Bacterial 23S rRNA hairpins 82 and 91","1","","","1.2533993929012643","1.2533993929012643"
"double_cold","split2026","Sequence-SMILES ridge","Target_104","23SrRNA","3","0.9673999791477678","0.8660254037844387","1.6825059751380427","1.429712410225837"
"double_cold","split2026","Sequence-SMILES ridge","Target_110","DM1-RNA-MBNL1","3","0.853940581011377","1.0","1.2040654518681253","1.196352201590795"
"double_cold","split2026","Sequence-SMILES ridge","Target_123","RNA XIII","3","-0.971854749672913","-1.0","0.7712709150556543","0.7494489681364707"
"double_cold","split2026","Sequence-SMILES ridge","Target_124","RNA XIV","2","-1.0","-0.9999999999999999","0.9371070110290927","0.8785293795274711"
"double_cold","split2026","Sequence-SMILES ridge","Target_125","RNA XV","1","","","0.6807154543529013","0.6807154543529013"
"double_cold","split2026","Sequence-SMILES ridge","Target_132","fIIRE","1","","","0.04497421634316989","0.04497421634316989"
"double_cold","split2026","Sequence-SMILES ridge","Target_146","SL3 RNA","14","0.35336834701859743","0.25742589834812624","1.2548350255903455","1.0886286106727427"
"double_cold","split2026","Sequence-SMILES ridge","Target_150","single stranded RNA seq","6","0.6340470048954218","0.3142857142857143","0.8634245001480614","0.6890878704026343"
"double_cold","split2026","Sequence-SMILES ridge","Target_154","RNA seq C","2","1.0","0.9999999999999999","0.18006110421025187","0.16904250973204782"
"double_cold","split2026","Sequence-SMILES ridge","Target_159","Pri-miR-96","1","","","0.7471945272399241","0.7471945272399241"
"double_cold","split2026","Sequence-SMILES ridge","Target_167","r(CUG)12","4","-0.10740556957725028","0.39999999999999997","1.6039440244597967","1.2496496916055424"
"double_cold","split2026","Sequence-SMILES ridge","Target_172","r(CUG)4","2","1.0","0.9999999999999999","1.5791916331104827","1.4212258007183936"
"double_cold","split2026","Sequence-SMILES ridge","Target_176","d(CTG)12","1","","","0.32998485769590324","0.32998485769590324"
"double_cold","split2026","Sequence-SMILES ridge","Target_19","HIV-1 TAR RNA","48","0.4048055034987806","0.34014862511084215","1.8833470497302802","1.543763312293213"
"double_cold","split2026","Sequence-SMILES ridge","Target_196","A10-RNA-WT QGRS in ADAM10 mRNA","1","","","0.08786531228483607","0.08786531228483607"
"double_cold","split2026","Sequence-SMILES ridge","Target_20","RNA_Str_HIV-2 TAR","3","0.6996929984364105","0.8660254037844387","0.8816541981997145","0.8685530200655688"
"double_cold","split2026","Sequence-SMILES ridge","Target_204","5'CAG/3'GAC","1","","","1.3528343535624767","1.3528343535624767"
"double_cold","split2026","Sequence-SMILES ridge","Target_206","5'CUG/3'GUC, DM1 Motif","1","","","1.5583785983330758","1.5583785983330758"
"double_cold","split2026","Sequence-SMILES ridge","Target_207","Fully Paired RNA","1","","","1.105304357730013","1.105304357730013"
"double_cold","split2026","Sequence-SMILES ridge","Target_208","1 X 1 UU Hairpin","1","","","0.5778231448943174","0.5778231448943174"
"double_cold","split2026","Sequence-SMILES ridge","Target_209","AU stem","1","","","1.0250521404669808","1.0250521404669808"
"double_cold","split2026","Sequence-SMILES ridge","Target_212","Hairpin DNA","1","","","0.2416165282305558","0.2416165282305558"
"double_cold","split2026","Sequence-SMILES ridge","Target_227","Pre-miR-210","4","-0.7115520038207352","-0.7745966692414834","1.1570829669623193","1.0872047724450444"
"double_cold","split2026","Sequence-SMILES ridge","Target_229","lysC riboswitch","1","","","1.8355540556115448","1.8355540556115448"
"double_cold","split2026","Sequence-SMILES ridge","Target_230","lysC riboswitch mutant 1 (M2)","1","","","2.5486543447260424","2.5486543447260424"
"double_cold","split2026","Sequence-SMILES ridge","Target_232","G4C2 repeat G-quadruplex RNA","1","","","1.7571486986296136","1.7571486986296136"
"double_cold","split2026","Sequence-SMILES ridge","Target_244","KRAS RNA G-quadruplex utr-4","1","","","0.9935830241081955","0.9935830241081955"
"double_cold","split2026","Sequence-SMILES ridge","Target_266","Pre-miR-372","6","-0.5693544784448945","-0.3142857142857143","1.778666784627961","1.6857450771112283"
"double_cold","split2026","Sequence-SMILES ridge","Target_271","Pri-miR-515 and the adjacent RNA motif (RNA 4)","1","","","1.1730670402523593","1.1730670402523593"
"double_cold","split2026","Sequence-SMILES ridge","Target_31","cyanocobalamin 35 nt RNA aptamer","1","","","1.6000252768107082","1.6000252768107082"
"double_cold","split2026","Sequence-SMILES ridge","Target_33","Biotin aptamer","1","","","0.5080762606417615","0.5080762606417615"
"double_cold","split2026","Sequence-SMILES ridge","Target_345","(5'CGG/3'GGC) x1","3","-0.7045326602016541","-1.0","0.7154500203929147","0.6178630636979149"
"double_cold","split2026","Sequence-SMILES ridge","Target_346","(5'CAG/3'GUC) x1","3","0.4552764850300231","0.5","0.4850754821107589","0.3708194744308025"
"double_cold","split2026","Sequence-SMILES ridge","Target_350","(5'CGG/3'GGC) x40","2","-1.0","-0.9999999999999999","0.9583886895448079","0.9467503241851114"
"double_cold","split2026","Sequence-SMILES ridge","Target_351","(5'CGG/3'GGC) x60","2","-1.0","-0.9999999999999999","1.0410960042598656","1.026313093337301"
"double_cold","split2026","Sequence-SMILES ridge","Target_352","Fusibacterium ulcerans ZTP riboswitch","3","0.27455044549446184","0.5","1.1435969335617233","1.010266012007836"
"double_cold","split2026","Sequence-SMILES ridge","Target_375","RNA hairpin loop I","4","-0.32544033299116026","0.0","1.0883250474288158","1.0067205376759045"
"double_cold","split2026","Sequence-SMILES ridge","Target_382","RNA hairpin loop Iva","4","-0.7928216055065304","-0.7999999999999999","1.46687485301583","1.3742856730195396"
"double_cold","split2026","Sequence-SMILES ridge","Target_40","ss_PolyA","1","","","0.4172269752096165","0.4172269752096165"
"double_cold","split2026","Sequence-SMILES ridge","Target_407","E. coli transglycosidase mRNA","1","","","0.7796937115384726","0.7796937115384726"
"double_cold","split2026","Sequence-SMILES ridge","Target_410","human tyrosine sulfotransferase mRNA","1","","","1.477560293419799","1.477560293419799"
"double_cold","split2026","Sequence-SMILES ridge","Target_432","FSS_mutant_2","1","","","0.8792828328160098","0.8792828328160098"
"double_cold","split2026","Sequence-SMILES ridge","Target_435","FSS_mutant_5","1","","","1.2966264720752259","1.2966264720752259"
"double_cold","split2026","Sequence-SMILES ridge","Target_436","Duplex RNA","1","","","0.20421295595076572","0.20421295595076572"
"double_cold","split2026","Sequence-SMILES ridge","Target_437","Single_stranded_RNA","1","","","0.3109777236304758","0.3109777236304758"
"double_cold","split2026","Sequence-SMILES ridge","Target_446","TS mRNA Construct_5","2","1.0","0.9999999999999999","1.0696650272490378","1.0696142973298786"
"double_cold","split2026","Sequence-SMILES ridge","Target_55","r(CUG)","3","0.9831706496264632","1.0","0.47885685925729105","0.47601579805769134"
"double_cold","split2026","Sequence-SMILES ridge","Target_61","B alpha aptamer","2","-1.0","-0.9999999999999999","0.6334842978689892","0.4645455185141847"
"double_cold","split2026","Sequence-SMILES ridge","Target_69","ADENINE RIBOSWITCH","4","-0.8768097517799344","-0.316227766016838","2.227865860828735","1.7000373521063108"
"double_cold","split2026","Sequence-SMILES ridge","Target_74","Guanine riboswitch","2","-1.0","-0.9999999999999999","2.779350207288014","2.7288183169243223"
"double_cold","split2026","Sequence-SMILES ridge","Target_80","RRE-RNA","1","","","0.7918632756109281","0.7918632756109281"
"double_cold","split2027","Contact500 pretraining without SCA","Target_127","SLI of Rep A","4","0.5263881157291728","0.9486832980505139","1.5758915114253345","1.527657389640808"
"double_cold","split2027","Contact500 pretraining without SCA","Target_149","Double stranded RNA seq","6","-0.17454421029660483","-0.6","1.1160184839288825","0.8200944662094113"
"double_cold","split2027","Contact500 pretraining without SCA","Target_150","single stranded RNA seq","6","-0.16027174622696297","-0.5428571428571429","1.0713481122653177","0.8448676268259684"
"double_cold","split2027","Contact500 pretraining without SCA","Target_166","r(AUUCU)11","4","0.9422421966040352","0.7378647873726218","0.5902004094006588","0.44272387027740456"
"double_cold","split2027","Contact500 pretraining without SCA","Target_185","r(CCUG)12","3","0.41000731127231727","0.0","0.5523649480813733","0.38471126556396484"
"double_cold","split2027","Contact500 pretraining without SCA","Target_19","HIV-1 TAR RNA","51","0.18038657964174729","0.08126108007564783","1.7489179195221756","1.4786684279348337"
"double_cold","split2027","Contact500 pretraining without SCA","Target_190","FMN Riboswitch Aptamer, E. Coli","1","","","3.750735282897949","3.750735282897949"
"double_cold","split2027","Contact500 pretraining without SCA","Target_191","FMN Riboswitch Aptamer SA1, S. Aureus","1","","","2.242039203643799","2.242039203643799"
"double_cold","split2027","Contact500 pretraining without SCA","Target_195","108 nt yjdF Riboswitch Construct, B. subtilis, Mutant 1","2","1.0","0.9999999999999999","1.6633872711440956","1.6633827686309814"
"double_cold","split2027","Contact500 pretraining without SCA","Target_196","A10-RNA-WT QGRS in ADAM10 mRNA","3","0.9177640224190505","1.0","0.12118185578021706","0.1106109619140631"
"double_cold","split2027","Contact500 pretraining without SCA","Target_197","A10-RNA-WT QGRS in ADAM10 mRNA Mutant","1","","","5.111419215798378","5.111419215798378"
"double_cold","split2027","Contact500 pretraining without SCA","Target_20","RNA_Str_HIV-2 TAR","1","","","0.2645716667175293","0.2645716667175293"
"double_cold","split2027","Contact500 pretraining without SCA","Target_202","5'UUU/3'AUA, miR-96 Precursor Processing Site","1","","","0.7352399826049805","0.7352399826049805"
"double_cold","split2027","Contact500 pretraining without SCA","Target_203","5'CGAUUU/3'GGUAUA, Expanded miR-96 Precursor Processing Site","1","","","1.152775287628173","1.152775287628173"
"double_cold","split2027","Contact500 pretraining without SCA","Target_215","HTT exon1 RNA, 18 repeats","1","","","1.6365303993225098","1.6365303993225098"
"double_cold","split2027","Contact500 pretraining without SCA","Target_216","HTT exon1 RNA, 48 repeats","1","","","2.0632236003875732","2.0632236003875732"
"double_cold","split2027","Contact500 pretraining without SCA","Target_227","miR-21","7","0.4849305273212202","0.528395949267478","1.1153287376099053","0.9723824773515973"
"double_cold","split2027","Contact500 pretraining without SCA","Target_242","KRAS RNA G-quadruplex utr-1","1","","","2.1980252265930176","2.1980252265930176"
"double_cold","split2027","Contact500 pretraining without SCA","Target_267","Pre-miR-373","4","-0.8270001893447246","-0.6000000000000001","1.4376600407916864","1.4360014200210571"
"double_cold","split2027","Contact500 pretraining without SCA","Target_284","SMN2 pre-mRNA GA-rich sequence","8","-0.9339528332553881","-0.8783100656536799","0.9652123555995251","0.8926486968994141"
"double_cold","split2027","Contact500 pretraining without SCA","Target_3","16s_rRNA A SITE","83","0.1335110075657165","0.1690658244880841","1.749084434767944","1.4385816361530717"
"double_cold","split2027","Contact500 pretraining without SCA","Target_31","cyanocobalamin 35 nt RNA aptamer","1","","","1.08018159866333","1.08018159866333"
"double_cold","split2027","Contact500 pretraining without SCA","Target_32","TCT8-4 RNA Aptamer","9","-0.7007151561805435","-0.652725378829464","2.131280463589336","1.74208845032586"
"double_cold","split2027","Contact500 pretraining without SCA","Target_350","(5'CGG/3'GGC) x40","1","","","1.2799625396728516","1.2799625396728516"
"double_cold","split2027","Contact500 pretraining without SCA","Target_358","r(CGGx6)","1","","","0.525456428527832","0.525456428527832"
"double_cold","split2027","Contact500 pretraining without SCA","Target_360","r(CGGx40)","1","","","0.18476343154907227","0.18476343154907227"
"double_cold","split2027","Contact500 pretraining without SCA","Target_363","r(CAGx6)","1","","","1.074326992034912","1.074326992034912"
"double_cold","split2027","Contact500 pretraining without SCA","Target_364","r(CCGx6)","1","","","0.8145675659179688","0.8145675659179688"
"double_cold","split2027","Contact500 pretraining without SCA","Target_382","RNA hairpin loop Iva","1","","","0.05636024475097656","0.05636024475097656"
"double_cold","split2027","Contact500 pretraining without SCA","Target_410","human tyrosine sulfotransferase mRNA","5","0.05112985977644488","-0.41039134083406165","0.9328504030019781","0.8301541328430175"
"double_cold","split2027","Contact500 pretraining without SCA","Target_436","Duplex RNA","1","","","0.26665687561035156","0.26665687561035156"
"double_cold","split2027","Contact500 pretraining without SCA","Target_437","Single_stranded_RNA","1","","","0.3820500373840332","0.3820500373840332"
"double_cold","split2027","Contact500 pretraining without SCA","Target_441","U15C,U16C SLI_mutant","4","0.430301928123275","0.7999999999999999","1.586964589796047","1.5335879325866697"
"double_cold","split2027","Contact500 pretraining without SCA","Target_442","G17A,G18A SLI_mutant","4","-0.7439941262819636","-0.316227766016838","1.4384797655431136","1.35454261302948"
"double_cold","split2027","Contact500 pretraining without SCA","Target_443","C19U,G20A SLI_mutant","4","0.4629339728664857","0.9486832980505139","1.4625906786486385","1.4078832864761353"
"double_cold","split2027","Contact500 pretraining without SCA","Target_444","G21A,A22G SLI_mutant","4","0.2237023647320587","0.7999999999999999","1.3694393614338662","1.2985645532608032"
"double_cold","split2027","Contact500 pretraining without SCA","Target_60","T alpha aptamer","1","","","1.1435894966125488","1.1435894966125488"
"double_cold","split2027","Contact500 pretraining without SCA","Target_76","B.subtilis tenA TPP riboswitch","1","","","1.5797662734985352","1.5797662734985352"
"double_cold","split2027","Contact500 pretraining without SCA","Target_83","RRE3","1","","","0.08227252960205078","0.08227252960205078"
"double_cold","split2027","Contact500 pretraining without SCA","Target_84","RRE4","1","","","0.2737464904785156","0.2737464904785156"
"double_cold","split2027","Contact500 pretraining without SCA","Target_91","RRE11","1","","","0.13222265243530273","0.13222265243530273"
"double_cold","split2027","DeepRSMA","Target_127","SLI of Rep A","4","0.09873446289369758","-0.10540925533894598","1.6460213964224384","1.6401290893554685"
"double_cold","split2027","DeepRSMA","Target_149","Double stranded RNA seq","6","-0.347225198416001","-0.4285714285714286","1.381792008730833","1.0029352903366087"
"double_cold","split2027","DeepRSMA","Target_150","single stranded RNA seq","6","-0.39311686294165366","-0.48571428571428577","1.450156011783381","1.0819958051045735"
"double_cold","split2027","DeepRSMA","Target_166","r(AUUCU)11","4","0.9871384030534789","0.9486832980505139","0.9552748360375265","0.9064559936523435"
"double_cold","split2027","DeepRSMA","Target_185","r(CCUG)12","3","0.6011565381330398","0.8660254037844387","0.5207028194568593","0.34605614344278973"
"double_cold","split2027","DeepRSMA","Target_19","HIV-1 TAR RNA","51","0.3888305453898662","0.3815340573081331","1.8267914646103451","1.5728026838863598"
"double_cold","split2027","DeepRSMA","Target_190","FMN Riboswitch Aptamer, E. Coli","1","","","3.388545513153076","3.388545513153076"
"double_cold","split2027","DeepRSMA","Target_191","FMN Riboswitch Aptamer SA1, S. Aureus","1","","","1.3528923988342285","1.3528923988342285"
"double_cold","split2027","DeepRSMA","Target_195","108 nt yjdF Riboswitch Construct, B. subtilis, Mutant 1","2","1.0","0.9999999999999999","2.018968567559763","1.9135897159576416"
"double_cold","split2027","DeepRSMA","Target_196","A10-RNA-WT QGRS in ADAM10 mRNA","3","0.4717319383160776","0.5","0.10733544117225502","0.08179648717244466"
"double_cold","split2027","DeepRSMA","Target_197","A10-RNA-WT QGRS in ADAM10 mRNA Mutant","1","","","5.334213271737099","5.334213271737099"
"double_cold","split2027","DeepRSMA","Target_20","RNA_Str_HIV-2 TAR","1","","","0.4423375129699707","0.4423375129699707"
"double_cold","split2027","DeepRSMA","Target_202","5'UUU/3'AUA, miR-96 Precursor Processing Site","1","","","0.17323064804077148","0.17323064804077148"
"double_cold","split2027","DeepRSMA","Target_203","5'CGAUUU/3'GGUAUA, Expanded miR-96 Precursor Processing Site","1","","","0.244304656982421","0.244304656982421"
"double_cold","split2027","DeepRSMA","Target_215","HTT exon1 RNA, 18 repeats","1","","","1.1714344024658203","1.1714344024658203"
"double_cold","split2027","DeepRSMA","Target_216","HTT exon1 RNA, 48 repeats","1","","","1.5981276035308838","1.5981276035308838"
"double_cold","split2027","DeepRSMA","Target_227","miR-21","7","0.35563288491418804","0.528395949267478","0.8910412633473588","0.8097285543169294"
"double_cold","split2027","DeepRSMA","Target_242","KRAS RNA G-quadruplex utr-1","1","","","1.8900704383850098","1.8900704383850098"
"double_cold","split2027","DeepRSMA","Target_267","Pre-miR-373","4","-0.22200448546489432","0.0","1.6836733952769019","1.6824575662612915"
"double_cold","split2027","DeepRSMA","Target_284","SMN2 pre-mRNA GA-rich sequence","8","0.7987709806781367","0.5367450401216933","1.3022067765095757","1.2635877132415774"
"double_cold","split2027","DeepRSMA","Target_3","16s_rRNA A SITE","83","0.10948150820069037","0.04501611100795125","1.6489776528905407","1.3743603057171925"
"double_cold","split2027","DeepRSMA","Target_31","cyanocobalamin 35 nt RNA aptamer","1","","","1.2481422424316406","1.2481422424316406"
"double_cold","split2027","DeepRSMA","Target_32","TCT8-4 RNA Aptamer","9","0.12798469326524933","-0.19247030401381632","1.76168025151496","1.457739273707072"
"double_cold","split2027","DeepRSMA","Target_350","(5'CGG/3'GGC) x40","1","","","0.8037629127502441","0.8037629127502441"
"double_cold","split2027","DeepRSMA","Target_358","r(CGGx6)","1","","","1.668668270111084","1.668668270111084"
"double_cold","split2027","DeepRSMA","Target_360","r(CGGx40)","1","","","2.042591094970703","2.042591094970703"
"double_cold","split2027","DeepRSMA","Target_363","r(CAGx6)","1","","","0.1923379898071289","0.1923379898071289"
"double_cold","split2027","DeepRSMA","Target_364","r(CCGx6)","1","","","0.7769026756286621","0.7769026756286621"
"double_cold","split2027","DeepRSMA","Target_382","RNA hairpin loop Iva","1","","","0.6875753402709961","0.6875753402709961"
"double_cold","split2027","DeepRSMA","Target_410","human tyrosine sulfotransferase mRNA","5","0.04683519870895353","-0.41039134083406165","0.7168045341761713","0.5972177505493164"
"double_cold","split2027","DeepRSMA","Target_436","Duplex RNA","1","","","0.5575594902038574","0.5575594902038574"
"double_cold","split2027","DeepRSMA","Target_437","Single_stranded_RNA","1","","","0.4421658515930176","0.4421658515930176"
"double_cold","split2027","DeepRSMA","Target_441","U15C,U16C SLI_mutant","4","-0.0057084068935772826","-0.39999999999999997","1.6530104069031324","1.6304552555084229"
"double_cold","split2027","DeepRSMA","Target_442","G17A,G18A SLI_mutant","4","-0.9103204592960403","-0.9486832980505139","1.6762890909409447","1.6733168363571167"
"double_cold","split2027","DeepRSMA","Target_443","C19U,G20A SLI_mutant","4","0.05005927423591844","-0.10540925533894598","1.717037704836465","1.6969630718231201"
"double_cold","split2027","DeepRSMA","Target_444","G21A,A22G SLI_mutant","4","-0.22006412222184288","-0.39999999999999997","1.6701905358250329","1.6610695123672483"
"double_cold","split2027","DeepRSMA","Target_60","T alpha aptamer","1","","","1.7747406959533691","1.7747406959533691"
"double_cold","split2027","DeepRSMA","Target_76","B.subtilis tenA TPP riboswitch","1","","","1.2422194480895987","1.2422194480895987"
"double_cold","split2027","DeepRSMA","Target_83","RRE3","1","","","0.0702676773071289","0.0702676773071289"
"double_cold","split2027","DeepRSMA","Target_84","RRE4","1","","","0.22291946411132724","0.22291946411132724"
"double_cold","split2027","DeepRSMA","Target_91","RRE11","1","","","0.1092681884765625","0.1092681884765625"
"double_cold","split2027","Ligand-only descriptors","Target_127","SLI of Rep A","4","-0.8451645513968067","-0.9486832980505139","1.4552862522798231","1.4348526011691014"
"double_cold","split2027","Ligand-only descriptors","Target_149","Double stranded RNA seq","6","0.6505592760152551","0.48571428571428577","0.8303954220393449","0.6036433641473647"
"double_cold","split2027","Ligand-only descriptors","Target_150","single stranded RNA seq","6","0.6300363818562547","0.3142857142857143","0.7487797204081613","0.5863827622594299"
"double_cold","split2027","Ligand-only descriptors","Target_166","r(AUUCU)11","4","0.9837919201306782","0.9486832980505139","0.8806778929507021","0.8652995082024397"
"double_cold","split2027","Ligand-only descriptors","Target_185","r(CCUG)12","3","0.6251139304838582","0.8660254037844387","0.34757738503430785","0.26110008339650176"
"double_cold","split2027","Ligand-only descriptors","Target_19","HIV-1 TAR RNA","51","0.4769845659174422","0.4415529882771155","1.877527996235684","1.578109831353086"
"double_cold","split2027","Ligand-only descriptors","Target_190","FMN Riboswitch Aptamer, E. Coli","1","","","1.9868754100374533","1.9868754100374533"
"double_cold","split2027","Ligand-only descriptors","Target_191","FMN Riboswitch Aptamer SA1, S. Aureus","1","","","0.22344741647451283","0.22344741647451283"
"double_cold","split2027","Ligand-only descriptors","Target_195","108 nt yjdF Riboswitch Construct, B. subtilis, Mutant 1","2","-1.0","-0.9999999999999999","2.4806631226481417","2.3392988261367234"
"double_cold","split2027","Ligand-only descriptors","Target_196","A10-RNA-WT QGRS in ADAM10 mRNA","3","0.10171748715756007","0.5","0.19588664853404888","0.15616177498042738"
"double_cold","split2027","Ligand-only descriptors","Target_197","A10-RNA-WT QGRS in ADAM10 mRNA Mutant","1","","","5.47829394681757","5.47829394681757"
"double_cold","split2027","Ligand-only descriptors","Target_20","RNA_Str_HIV-2 TAR","1","","","0.6524981856690379","0.6524981856690379"
"double_cold","split2027","Ligand-only descriptors","Target_202","5'UUU/3'AUA, miR-96 Precursor Processing Site","1","","","1.0900599917921339","1.0900599917921339"
"double_cold","split2027","Ligand-only descriptors","Target_203","5'CGAUUU/3'GGUAUA, Expanded miR-96 Precursor Processing Site","1","","","0.6725244270567137","0.6725244270567137"
"double_cold","split2027","Ligand-only descriptors","Target_215","HTT exon1 RNA, 18 repeats","1","","","1.3933898649821677","1.3933898649821677"
"double_cold","split2027","Ligand-only descriptors","Target_216","HTT exon1 RNA, 48 repeats","1","","","1.8200830252487878","1.8200830252487878"
"double_cold","split2027","Ligand-only descriptors","Target_227","miR-21","7","0.05373138209682894","0.09435641951204965","1.1630524450705024","1.107907004847369"
"double_cold","split2027","Ligand-only descriptors","Target_242","KRAS RNA G-quadruplex utr-1","1","","","1.4515949151727598","1.4515949151727598"
"double_cold","split2027","Ligand-only descriptors","Target_267","Pre-miR-373","4","0.12657931448230408","0.39999999999999997","0.8912875219175852","0.8770185014404577"
"double_cold","split2027","Ligand-only descriptors","Target_284","SMN2 pre-mRNA GA-rich sequence","8","0.6670503445091902","0.51234753829798","1.3087051814618302","1.2819881589416486"
"double_cold","split2027","Ligand-only descriptors","Target_3","16s_rRNA A SITE","83","0.23328366842857196","0.18077669918844777","1.6841177457428251","1.3991792450996179"
"double_cold","split2027","Ligand-only descriptors","Target_31","cyanocobalamin 35 nt RNA aptamer","1","","","0.8279907602865579","0.8279907602865579"
"double_cold","split2027","Ligand-only descriptors","Target_32","TCT8-4 RNA Aptamer","9","0.5029564627046175","0.5523060897787772","1.636095502931356","1.4019480088422434"
"double_cold","split2027","Ligand-only descriptors","Target_350","(5'CGG/3'GGC) x40","1","","","1.3949149984116103","1.3949149984116103"
"double_cold","split2027","Ligand-only descriptors","Target_358","r(CGGx6)","1","","","1.5553645887145153","1.5553645887145153"
"double_cold","split2027","Ligand-only descriptors","Target_360","r(CGGx40)","1","","","2.0567544181611153","2.0567544181611153"
"double_cold","split2027","Ligand-only descriptors","Target_363","r(CAGx6)","1","","","0.31503243340415565","0.31503243340415565"
"double_cold","split2027","Ligand-only descriptors","Target_364","r(CCGx6)","1","","","0.594873129998196","0.594873129998196"
"double_cold","split2027","Ligand-only descriptors","Target_382","RNA hairpin loop Iva","1","","","0.01683188000077962","0.01683188000077962"
"double_cold","split2027","Ligand-only descriptors","Target_410","human tyrosine sulfotransferase mRNA","5","-0.20368439423287976","-0.30779350562554625","0.7493418738535971","0.6351330186510318"
"double_cold","split2027","Ligand-only descriptors","Target_436","Duplex RNA","1","","","0.48207312432634186","0.48207312432634186"
"double_cold","split2027","Ligand-only descriptors","Target_437","Single_stranded_RNA","1","","","0.5974665430284123","0.5974665430284123"
"double_cold","split2027","Ligand-only descriptors","Target_441","U15C,U16C SLI_mutant","4","-0.7781855432182314","-0.7999999999999999","1.4691336329650657","1.4225980029354244"
"double_cold","split2027","Ligand-only descriptors","Target_442","G17A,G18A SLI_mutant","4","0.420966643071249","0.316227766016838","1.4101950047474217","1.4060768467105818"
"double_cold","split2027","Ligand-only descriptors","Target_443","C19U,G20A SLI_mutant","4","-0.7691788774401047","-0.9486832980505139","1.4573344262317363","1.4125286626121518"
"double_cold","split2027","Ligand-only descriptors","Target_444","G21A,A22G SLI_mutant","4","-0.6278532056072842","-0.7999999999999999","1.345444413174397","1.3224634089228489"
"double_cold","split2027","Ligand-only descriptors","Target_60","T alpha aptamer","1","","","1.3604124997655491","1.3604124997655491"
"double_cold","split2027","Ligand-only descriptors","Target_76","B.subtilis tenA TPP riboswitch","1","","","2.408663874063814","2.408663874063814"
"double_cold","split2027","Ligand-only descriptors","Target_83","RRE3","1","","","0.7260456876509247","0.7260456876509247"
"double_cold","split2027","Ligand-only descriptors","Target_84","RRE4","1","","","0.42847622409644437","0.42847622409644437"
"double_cold","split2027","Ligand-only descriptors","Target_91","RRE11","1","","","0.7529873156099551","0.7529873156099551"
"double_cold","split2027","RNA+ligand descriptors","Target_127","SLI of Rep A","4","-0.2714664917456192","-0.21081851067789195","1.4790432297774956","1.4719868821135174"
"double_cold","split2027","RNA+ligand descriptors","Target_149","Double stranded RNA seq","6","0.20286122300680737","-0.14285714285714288","1.2105330709087256","0.8556832492122624"
"double_cold","split2027","RNA+ligand descriptors","Target_150","single stranded RNA seq","6","0.20631866129839915","-0.028571428571428574","1.043843493471565","0.739598480365751"
"double_cold","split2027","RNA+ligand descriptors","Target_166","r(AUUCU)11","4","0.9857245652400115","0.9486832980505139","0.9103888943892956","0.9083997438750362"
"double_cold","split2027","RNA+ligand descriptors","Target_185","r(CCUG)12","3","0.7377704520111114","0.8660254037844387","0.40165717798205725","0.38428124584455947"
"double_cold","split2027","RNA+ligand descriptors","Target_19","HIV-1 TAR RNA","51","0.09257283247378345","0.010327795695578448","2.1328851895252376","1.8102967134934258"
"double_cold","split2027","RNA+ligand descriptors","Target_190","FMN Riboswitch Aptamer, E. Coli","1","","","3.009075397586308","3.009075397586308"
"double_cold","split2027","RNA+ligand descriptors","Target_191","FMN Riboswitch Aptamer SA1, S. Aureus","1","","","1.2317317056346875","1.2317317056346875"
"double_cold","split2027","RNA+ligand descriptors","Target_195","108 nt yjdF Riboswitch Construct, B. subtilis, Mutant 1","2","-1.0","-0.9999999999999999","2.2899397968794846","2.0996172564409834"
"double_cold","split2027","RNA+ligand descriptors","Target_196","A10-RNA-WT QGRS in ADAM10 mRNA","3","-0.9653997981080451","-1.0","0.19861815807631997","0.16114733426944294"
"double_cold","split2027","RNA+ligand descriptors","Target_197","A10-RNA-WT QGRS in ADAM10 mRNA Mutant","1","","","5.465465232466992","5.465465232466992"
"double_cold","split2027","RNA+ligand descriptors","Target_20","RNA_Str_HIV-2 TAR","1","","","0.9366998421524739","0.9366998421524739"
"double_cold","split2027","RNA+ligand descriptors","Target_202","5'UUU/3'AUA, miR-96 Precursor Processing Site","1","","","0.601154669263722","0.601154669263722"
"double_cold","split2027","RNA+ligand descriptors","Target_203","5'CGAUUU/3'GGUAUA, Expanded miR-96 Precursor Processing Site","1","","","0.18361910452830177","0.18361910452830177"
"double_cold","split2027","RNA+ligand descriptors","Target_215","HTT exon1 RNA, 18 repeats","1","","","1.3331179272640883","1.3331179272640883"
"double_cold","split2027","RNA+ligand descriptors","Target_216","HTT exon1 RNA, 48 repeats","1","","","1.7598110875307085","1.7598110875307085"
"double_cold","split2027","RNA+ligand descriptors","Target_227","miR-21","7","-0.24349025611483632","-0.13338778844417354","1.148914812815018","1.099712866990252"
"double_cold","split2027","RNA+ligand descriptors","Target_242","KRAS RNA G-quadruplex utr-1","1","","","1.195729874378289","1.195729874378289"
"double_cold","split2027","RNA+ligand descriptors","Target_267","Pre-miR-373","4","0.4579750934641401","0.7999999999999999","1.3417681022327297","1.3406010774106663"
"double_cold","split2027","RNA+ligand descriptors","Target_284","SMN2 pre-mRNA GA-rich sequence","8","0.09032437152763098","-0.048795003647426664","1.5123819674463355","1.46971239157785"
"double_cold","split2027","RNA+ligand descriptors","Target_3","16s_rRNA A SITE","83","0.11196807009882653","-0.05526633434416767","1.7093668972190914","1.4501956513723073"
"double_cold","split2027","RNA+ligand descriptors","Target_31","cyanocobalamin 35 nt RNA aptamer","1","","","0.9980704855572275","0.9980704855572275"
"double_cold","split2027","RNA+ligand descriptors","Target_32","TCT8-4 RNA Aptamer","9","0.37727194000847747","0.3765723339400754","1.8562495571989521","1.5319871965680807"
"double_cold","split2027","RNA+ligand descriptors","Target_350","(5'CGG/3'GGC) x40","1","","","1.0057863840721506","1.0057863840721506"
"double_cold","split2027","RNA+ligand descriptors","Target_358","r(CGGx6)","1","","","1.4348547709690136","1.4348547709690136"
"double_cold","split2027","RNA+ligand descriptors","Target_360","r(CGGx40)","1","","","1.8983010255276476","1.8983010255276476"
"double_cold","split2027","RNA+ligand descriptors","Target_363","r(CAGx6)","1","","","0.17605716673114813","0.17605716673114813"
"double_cold","split2027","RNA+ligand descriptors","Target_364","r(CCGx6)","1","","","0.49016260279057544","0.49016260279057544"
"double_cold","split2027","RNA+ligand descriptors","Target_382","RNA hairpin loop Iva","1","","","0.05492400603028802","0.05492400603028802"
"double_cold","split2027","RNA+ligand descriptors","Target_410","human tyrosine sulfotransferase mRNA","5","0.011211687403484244","-0.20519567041703082","0.8384835340745718","0.7361481743751259"
"double_cold","split2027","RNA+ligand descriptors","Target_436","Duplex RNA","1","","","0.1130119908640923","0.1130119908640923"
"double_cold","split2027","RNA+ligand descriptors","Target_437","Single_stranded_RNA","1","","","0.002381427837978123","0.002381427837978123"
"double_cold","split2027","RNA+ligand descriptors","Target_441","U15C,U16C SLI_mutant","4","-0.21032199431389773","-0.39999999999999997","1.509665692509345","1.484818785012784"
"double_cold","split2027","RNA+ligand descriptors","Target_442","G17A,G18A SLI_mutant","4","-0.021478225636338166","-0.10540925533894598","1.4401336961880877","1.439154804631984"
"double_cold","split2027","RNA+ligand descriptors","Target_443","C19U,G20A SLI_mutant","4","-0.1839582005398249","-0.21081851067789195","1.4782589106687472","1.4542532790187457"
"double_cold","split2027","RNA+ligand descriptors","Target_444","G21A,A22G SLI_mutant","4","-0.4132679151193164","-0.39999999999999997","1.3714677150201364","1.3609887131207266"
"double_cold","split2027","RNA+ligand descriptors","Target_60","T alpha aptamer","1","","","1.1040645320110771","1.1040645320110771"
"double_cold","split2027","RNA+ligand descriptors","Target_76","B.subtilis tenA TPP riboswitch","1","","","1.1298035318736988","1.1298035318736988"
"double_cold","split2027","RNA+ligand descriptors","Target_83","RRE3","1","","","0.6072731982500299","0.6072731982500299"
"double_cold","split2027","RNA+ligand descriptors","Target_84","RRE4","1","","","0.32321966064104046","0.32321966064104046"
"double_cold","split2027","RNA+ligand descriptors","Target_91","RRE11","1","","","0.6141148163590495","0.6141148163590495"
"double_cold","split2027","Sequence-SMILES ridge","Target_127","SLI of Rep A","4","0.7085070736921477","0.7378647873726218","1.2116004093370383","1.2048796016921273"
"double_cold","split2027","Sequence-SMILES ridge","Target_149","Double stranded RNA seq","6","0.7385822974624652","0.028571428571428574","1.3106441300937002","0.9649813600797005"
"double_cold","split2027","Sequence-SMILES ridge","Target_150","single stranded RNA seq","6","0.7003812847512333","0.08571428571428573","1.191012588990173","0.858502707253025"
"double_cold","split2027","Sequence-SMILES ridge","Target_166","r(AUUCU)11","4","0.4242743313481177","0.632455532033676","0.8374809031016912","0.8282067734177232"
"double_cold","split2027","Sequence-SMILES ridge","Target_185","r(CCUG)12","3","0.7706994541077866","0.8660254037844387","0.45763077731855434","0.4566248489558508"
"double_cold","split2027","Sequence-SMILES ridge","Target_19","HIV-1 TAR RNA","51","-0.11610733472331868","-0.15109892590054874","2.2683765336827766","1.9322433728041737"
"double_cold","split2027","Sequence-SMILES ridge","Target_190","FMN Riboswitch Aptamer, E. Coli","1","","","3.1865729035552164","3.1865729035552164"
"double_cold","split2027","Sequence-SMILES ridge","Target_191","FMN Riboswitch Aptamer SA1, S. Aureus","1","","","1.4059685079907487","1.4059685079907487"
"double_cold","split2027","Sequence-SMILES ridge","Target_195","108 nt yjdF Riboswitch Construct, B. subtilis, Mutant 1","2","1.0","0.9999999999999999","2.1361482550161304","1.9897679621984432"
"double_cold","split2027","Sequence-SMILES ridge","Target_196","A10-RNA-WT QGRS in ADAM10 mRNA","3","-0.9620864227604491","-1.0","0.3962938149765126","0.37573364403025017"
"double_cold","split2027","Sequence-SMILES ridge","Target_197","A10-RNA-WT QGRS in ADAM10 mRNA Mutant","1","","","5.68990446045784","5.68990446045784"
"double_cold","split2027","Sequence-SMILES ridge","Target_20","RNA_Str_HIV-2 TAR","1","","","0.8900235815627866","0.8900235815627866"
"double_cold","split2027","Sequence-SMILES ridge","Target_202","5'UUU/3'AUA, miR-96 Precursor Processing Site","1","","","0.06049930193304309","0.06049930193304309"
"double_cold","split2027","Sequence-SMILES ridge","Target_203","5'CGAUUU/3'GGUAUA, Expanded miR-96 Precursor Processing Site","1","","","0.3570362628023771","0.3570362628023771"
"double_cold","split2027","Sequence-SMILES ridge","Target_215","HTT exon1 RNA, 18 repeats","1","","","1.5798879121875347","1.5798879121875347"
"double_cold","split2027","Sequence-SMILES ridge","Target_216","HTT exon1 RNA, 48 repeats","1","","","2.006581072454155","2.006581072454155"
"double_cold","split2027","Sequence-SMILES ridge","Target_227","miR-21","7","0.5944095251856251","0.547267233169888","0.9211125100279104","0.8903742883640654"
"double_cold","split2027","Sequence-SMILES ridge","Target_242","KRAS RNA G-quadruplex utr-1","1","","","1.2729382237740205","1.2729382237740205"
"double_cold","split2027","Sequence-SMILES ridge","Target_267","Pre-miR-373","4","-0.6621419389978156","-0.7999999999999999","1.3736609444780536","1.3721822996607995"
"double_cold","split2027","Sequence-SMILES ridge","Target_284","SMN2 pre-mRNA GA-rich sequence","8","0.6955419069396944","-0.17078251276599335","1.4889476242012492","1.4494293709030648"
"double_cold","split2027","Sequence-SMILES ridge","Target_3","16s_rRNA A SITE","83","-0.09147376075537568","-0.06114834203300086","1.951728947730127","1.6636126357091048"
"double_cold","split2027","Sequence-SMILES ridge","Target_31","cyanocobalamin 35 nt RNA aptamer","1","","","1.103309970279465","1.103309970279465"
"double_cold","split2027","Sequence-SMILES ridge","Target_32","TCT8-4 RNA Aptamer","9","-0.09864979998524938","-0.15899720766358738","1.9952588283202486","1.619425677194046"
"double_cold","split2027","Sequence-SMILES ridge","Target_350","(5'CGG/3'GGC) x40","1","","","0.9172613244649988","0.9172613244649988"
"double_cold","split2027","Sequence-SMILES ridge","Target_358","r(CGGx6)","1","","","1.2010832331242431","1.2010832331242431"
"double_cold","split2027","Sequence-SMILES ridge","Target_360","r(CGGx40)","1","","","1.7058660518827917","1.7058660518827917"
"double_cold","split2027","Sequence-SMILES ridge","Target_363","r(CAGx6)","1","","","0.05537595594263234","0.05537595594263234"
"double_cold","split2027","Sequence-SMILES ridge","Target_364","r(CCGx6)","1","","","0.22757429435308651","0.22757429435308651"
"double_cold","split2027","Sequence-SMILES ridge","Target_382","RNA hairpin loop Iva","1","","","0.002893230702097682","0.002893230702097682"
"double_cold","split2027","Sequence-SMILES ridge","Target_410","human tyrosine sulfotransferase mRNA","5","-0.39521849143888677","-0.41039134083406165","1.0394865532602546","0.961461327759571"
"double_cold","split2027","Sequence-SMILES ridge","Target_436","Duplex RNA","1","","","0.34507102865814243","0.34507102865814243"
"double_cold","split2027","Sequence-SMILES ridge","Target_437","Single_stranded_RNA","1","","","0.229677609956072","0.229677609956072"
"double_cold","split2027","Sequence-SMILES ridge","Target_441","U15C,U16C SLI_mutant","4","0.6908771062161616","0.7999999999999999","1.2119676705188438","1.1837357359230458"
"double_cold","split2027","Sequence-SMILES ridge","Target_442","G17A,G18A SLI_mutant","4","0.02864562648527219","-0.10540925533894598","1.16490558140308","1.163809988893294"
"double_cold","split2027","Sequence-SMILES ridge","Target_443","C19U,G20A SLI_mutant","4","0.5823955388576131","0.7378647873726218","1.203662237735496","1.1766584889733114"
"double_cold","split2027","Sequence-SMILES ridge","Target_444","G21A,A22G SLI_mutant","4","0.6759138395748865","0.7999999999999999","1.0978909071815939","1.0877759205846582"
"double_cold","split2027","Sequence-SMILES ridge","Target_60","T alpha aptamer","1","","","0.9576964140610968","0.9576964140610968"
"double_cold","split2027","Sequence-SMILES ridge","Target_76","B.subtilis tenA TPP riboswitch","1","","","0.957351897442166","0.957351897442166"
"double_cold","split2027","Sequence-SMILES ridge","Target_83","RRE3","1","","","0.8464524401711007","0.8464524401711007"
"double_cold","split2027","Sequence-SMILES ridge","Target_84","RRE4","1","","","0.5512910543580407","0.5512910543580407"
"double_cold","split2027","Sequence-SMILES ridge","Target_91","RRE11","1","","","0.8750961444860801","0.8750961444860801"
"double_cold","split2028","Contact500 pretraining without SCA","Target_100","50S subunit","6","0.15597886502226405","0.4285714285714286","1.9776960378096244","1.3889576196670532"
"double_cold","split2028","Contact500 pretraining without SCA","Target_102","Bacterial 23S rRNA hairpins 82 and 91","1","","","4.6564435958862305","4.6564435958862305"
"double_cold","split2028","Contact500 pretraining without SCA","Target_104","23SrRNA","1","","","0.7005672454833984","0.7005672454833984"
"double_cold","split2028","Contact500 pretraining without SCA","Target_112","T box antiterminator RNA","6","0.5718571977959039","0.028571428571428574","2.0323922169482733","1.9918053547541301"
"double_cold","split2028","Contact500 pretraining without SCA","Target_121","Bulge_A_RNA","1","","","0.2174677848815909","0.2174677848815909"
"double_cold","split2028","Contact500 pretraining without SCA","Target_122","L11 binding BD RNA","1","","","1.39900541305542","1.39900541305542"
"double_cold","split2028","Contact500 pretraining without SCA","Target_123","RNA XIII","1","","","1.788792610168458","1.788792610168458"
"double_cold","split2028","Contact500 pretraining without SCA","Target_124","RNA XIV","1","","","2.274078845977783","2.274078845977783"
"double_cold","split2028","Contact500 pretraining without SCA","Target_135","Yohimbine_XII_RNA","1","","","0.31792116165161133","0.31792116165161133"
"double_cold","split2028","Contact500 pretraining without SCA","Target_136","RNA_XIX","2","-1.0","-0.9999999999999999","1.2990982933125885","1.1274241209030151"
"double_cold","split2028","Contact500 pretraining without SCA","Target_137","RNA_XX","2","-1.0","-0.9999999999999999","1.1286037025573437","0.9049583673477173"
"double_cold","split2028","Contact500 pretraining without SCA","Target_138","RNA_XXI","2","-1.0","-0.9999999999999999","1.1461859646227472","0.9545880556106567"
"double_cold","split2028","Contact500 pretraining without SCA","Target_139","RNA_XXII","2","-1.0","-0.9999999999999999","1.075742903837872","0.9290040731430054"
"double_cold","split2028","Contact500 pretraining without SCA","Target_147","Antiterminator model RNA AM1A","7","0.043666443426666646","0.03571428571428572","0.43405324845267124","0.39633900778634207"
"double_cold","split2028","Contact500 pretraining without SCA","Target_149","Double stranded RNA seq","5","0.5712275382135645","0.8999999999999998","0.7256675746904337","0.6300654888153074"
"double_cold","split2028","Contact500 pretraining without SCA","Target_151","RNA seq A","1","","","0.19328975677490234","0.19328975677490234"
"double_cold","split2028","Contact500 pretraining without SCA","Target_152","RNA seq A (20 x t-RNA)","1","","","0.5400772094726562","0.5400772094726562"
"double_cold","split2028","Contact500 pretraining without SCA","Target_153","RNA seq B","1","","","0.4310579299926758","0.4310579299926758"
"double_cold","split2028","Contact500 pretraining without SCA","Target_155","RNA seq D","1","","","0.16242027282714844","0.16242027282714844"
"double_cold","split2028","Contact500 pretraining without SCA","Target_156","RNA seq E","1","","","0.308804988861084","0.308804988861084"
"double_cold","split2028","Contact500 pretraining without SCA","Target_166","r(AUUCU)11","3","0.02528958757927824","-0.5","1.1973702632089143","0.9221908251444498"
"double_cold","split2028","Contact500 pretraining without SCA","Target_169","r(CGG)12","3","0.7556092804234066","0.5","1.3097693049963024","0.8656886418660482"
"double_cold","split2028","Contact500 pretraining without SCA","Target_174","r(CCUG)8]","1","","","3.0318000316619873","3.0318000316619873"
"double_cold","split2028","Contact500 pretraining without SCA","Target_175","r(CUG16)-MBNL1 complex","1","","","3.1063308715820312","3.1063308715820312"
"double_cold","split2028","Contact500 pretraining without SCA","Target_181","r(CCG)12","1","","","0.20077991485595703","0.20077991485595703"
"double_cold","split2028","Contact500 pretraining without SCA","Target_19","HIV-1 TAR RNA","38","0.2893250310007098","0.27893357952109094","1.4015391119658862","1.1596476592515643"
"double_cold","split2028","Contact500 pretraining without SCA","Target_192","FMN Riboswitch Aptamer SA2, S. Aureus","1","","","0.9705080986022949","0.9705080986022949"
"double_cold","split2028","Contact500 pretraining without SCA","Target_20","RNA_Str_HIV-2 TAR","1","","","1.5956249237060556","1.5956249237060556"
"double_cold","split2028","Contact500 pretraining without SCA","Target_212","Hairpin DNA","1","","","0.7521486282348633","0.7521486282348633"
"double_cold","split2028","Contact500 pretraining without SCA","Target_217","Influenza RNA promoter","3","0.7226407498082325","1.0","1.9752642099799087","1.9498385588328044"
"double_cold","split2028","Contact500 pretraining without SCA","Target_219","HCV IRES-A","1","","","0.03113079071044922","0.03113079071044922"
"double_cold","split2028","Contact500 pretraining without SCA","Target_220","HCV IRES-A 1 Mutant","1","","","1.2341632843017578","1.2341632843017578"
"double_cold","split2028","Contact500 pretraining without SCA","Target_255","TERRA G-quadruplex","1","","","0.9120059013366699","0.9120059013366699"
"double_cold","split2028","Contact500 pretraining without SCA","Target_266","Pre-miR-372","12","-0.36935496202321366","-0.15061319069274445","2.13876748602054","1.8894434968630474"
"double_cold","split2028","Contact500 pretraining without SCA","Target_267","Pre-miR-373","5","0.9320657981249745","0.7999999999999999","3.38684992335718","3.3624996662139894"
"double_cold","split2028","Contact500 pretraining without SCA","Target_281","r(CUG)16","1","","","0.35335731506347656","0.35335731506347656"
"double_cold","split2028","Contact500 pretraining without SCA","Target_282","Oligonucleotide 3","7","0.5285012255284431","0.3571428571428572","1.513267297831905","1.4330799579620361"
"double_cold","split2028","Contact500 pretraining without SCA","Target_283","Oligonucleotide 4","7","0.5041017952944666","0.28571428571428575","1.715663314158353","1.641125236238752"
"double_cold","split2028","Contact500 pretraining without SCA","Target_307","J6f1 RNA","1","","","1.3120789527893066","1.3120789527893066"
"double_cold","split2028","Contact500 pretraining without SCA","Target_308","J6fd6 RNA","1","","","0.06655073165893555","0.06655073165893555"
"double_cold","split2028","Contact500 pretraining without SCA","Target_309","J6f15 RNA","1","","","0.7801332473754883","0.7801332473754883"
"double_cold","split2028","Contact500 pretraining without SCA","Target_310","J6f16 RNA","1","","","1.5881848335266113","1.5881848335266113"
"double_cold","split2028","Contact500 pretraining without SCA","Target_311","J6f17 RNA","1","","","0.7217931747436523","0.7217931747436523"
"double_cold","split2028","Contact500 pretraining without SCA","Target_312","Pre-miR-377 dicer processing site","2","1.0","0.9999999999999999","1.2371471539243886","1.0358288288116455"
"double_cold","split2028","Contact500 pretraining without SCA","Target_313","Pre-miR-377 5′-G_G/3′-CAC bulge","2","-1.0","-0.9999999999999999","0.5658516883882244","0.5641798973083496"
"double_cold","split2028","Contact500 pretraining without SCA","Target_316","miR-17 Dicer site","1","","","0.6485142707824707","0.6485142707824707"
"double_cold","split2028","Contact500 pretraining without SCA","Target_317","miR-17 G-bulge","1","","","1.4483957290649414","1.4483957290649414"
"double_cold","split2028","Contact500 pretraining without SCA","Target_318","miR-17 U-bulge","1","","","1.5087132453918457","1.5087132453918457"
"double_cold","split2028","Contact500 pretraining without SCA","Target_319","miR-17 Base pairing control","1","","","2.334141731262207","2.334141731262207"
"double_cold","split2028","Contact500 pretraining without SCA","Target_347","(5'CGG/3'GGC)x6","3","-0.10224087803707144","0.5","1.5105864505992654","1.2338919639587402"
"double_cold","split2028","Contact500 pretraining without SCA","Target_348","(5'CAG/3'GUC)x6","3","0.09196671482684066","-0.5","0.811717758741824","0.7277905146280924"
"double_cold","split2028","Contact500 pretraining without SCA","Target_349","(5'CGG/3'GGC) x20","2","1.0","0.9999999999999999","2.5846107182628533","2.4542980194091797"
"double_cold","split2028","Contact500 pretraining without SCA","Target_350","(5'CGG/3'GGC) x40","2","1.0","0.9999999999999999","2.446993081449295","2.2750505208969116"
"double_cold","split2028","Contact500 pretraining without SCA","Target_351","(5'CGG/3'GGC) x60","2","1.0","0.9999999999999999","2.261128401219284","2.0997965335845947"
"double_cold","split2028","Contact500 pretraining without SCA","Target_376","RNA hairpin loop Ib","1","","","0.1028280258178711","0.1028280258178711"
"double_cold","split2028","Contact500 pretraining without SCA","Target_377","RNA hairpin loop II","1","","","0.32710742950439453","0.32710742950439453"
"double_cold","split2028","Contact500 pretraining without SCA","Target_378","RNA hairpin loop III","1","","","1.0156121253967285","1.0156121253967285"
"double_cold","split2028","Contact500 pretraining without SCA","Target_379","RNA hairpin loop IIIa","1","","","0.19923830032348544","0.19923830032348544"
"double_cold","split2028","Contact500 pretraining without SCA","Target_380","RNA hairpin loop IIIb","1","","","0.24225234985351562","0.24225234985351562"
"double_cold","split2028","Contact500 pretraining without SCA","Target_381","RNA hairpin loop IV","1","","","0.7727899551391602","0.7727899551391602"
"double_cold","split2028","Contact500 pretraining without SCA","Target_382","RNA hairpin loop Iva","1","","","0.6163091659545898","0.6163091659545898"
"double_cold","split2028","Contact500 pretraining without SCA","Target_39","Tetracycline in vitro aptamer","1","","","3.3226890563964844","3.3226890563964844"
"double_cold","split2028","Contact500 pretraining without SCA","Target_4","RNA_APTAMER_CB_42","1","","","0.8262457847595215","0.8262457847595215"
"double_cold","split2028","Contact500 pretraining without SCA","Target_407","E. coli transglycosidase mRNA","3","-0.7708059287664188","-0.5","1.578138031426546","1.573831081390381"
"double_cold","split2028","Contact500 pretraining without SCA","Target_408","HCV IRES Domain Iib","3","0.38201598592905195","0.5","1.5274439715747543","1.4893141587575276"
"double_cold","split2028","Contact500 pretraining without SCA","Target_411","Tetracycline riboswitch","8","0.19705594091881037","-0.11904761904761905","2.7764799455043634","2.6417819261550903"
"double_cold","split2028","Contact500 pretraining without SCA","Target_412","Tetracycline riboswitch A08G mutant","1","","","3.171332359313965","3.171332359313965"
"double_cold","split2028","Contact500 pretraining without SCA","Target_413","Tetracycline riboswitch A09G mutant","3","-0.7748328044319401","-0.5","0.7086951946142258","0.6330523490905762"
"double_cold","split2028","Contact500 pretraining without SCA","Target_414","Tetracycline riboswitch A13U mutant","3","-0.723444858632994","-0.5","0.7306519788620174","0.6165666580200192"
"double_cold","split2028","Contact500 pretraining without SCA","Target_415","Tetracycline riboswitch A50U mutant","3","-0.7184731667454103","-0.5","0.6309131836033125","0.5583845774332682"
"double_cold","split2028","Contact500 pretraining without SCA","Target_416","Tetracycline riboswitch G51U mutant","1","","","2.887178897857666","2.887178897857666"
"double_cold","split2028","Contact500 pretraining without SCA","Target_417","Tetracycline riboswitch U54G mutant","1","","","2.8333992958068848","2.8333992958068848"
"double_cold","split2028","Contact500 pretraining without SCA","Target_418","Tetracycline riboswitch A55G mutant","1","","","3.0251669883728027","3.0251669883728027"
"double_cold","split2028","Contact500 pretraining without SCA","Target_438","SL3_duplex_RNA","1","","","0.10687541961669833","0.10687541961669833"
"double_cold","split2028","Contact500 pretraining without SCA","Target_445","TS mRNA Construct_4","3","0.8849481404637266","0.5","0.6878432878918072","0.5132865905761719"
"double_cold","split2028","Contact500 pretraining without SCA","Target_60","T alpha aptamer","1","","","1.7745819091796875","1.7745819091796875"
"double_cold","split2028","Contact500 pretraining without SCA","Target_63","Thymidylate synthase m-RNA","3","0.5793679592781495","0.5","0.5169395683053751","0.500978151957194"
"double_cold","split2028","Contact500 pretraining without SCA","Target_68","HCV IRES RNA","1","","","0.49573183059692383","0.49573183059692383"
"double_cold","split2028","Contact500 pretraining without SCA","Target_79","T-box riboswitch","2","1.0","0.9999999999999999","0.2818486470529002","0.2762887477874756"
"double_cold","split2028","DeepRSMA","Target_100","50S subunit","6","0.5181170515177622","0.3142857142857143","2.8137484964067148","2.1995777686436973"
"double_cold","split2028","DeepRSMA","Target_102","Bacterial 23S rRNA hairpins 82 and 91","1","","","6.448369979858398","6.448369979858398"
"double_cold","split2028","DeepRSMA","Target_104","23SrRNA","1","","","2.7831640243530273","2.7831640243530273"
"double_cold","split2028","DeepRSMA","Target_112","T box antiterminator RNA","6","0.29848169110590755","-0.08571428571428573","1.9404050546445974","1.8726509014765422"
"double_cold","split2028","DeepRSMA","Target_121","Bulge_A_RNA","1","","","0.06236886978149414","0.06236886978149414"
"double_cold","split2028","DeepRSMA","Target_122","L11 binding BD RNA","1","","","1.019763469696045","1.019763469696045"
"double_cold","split2028","DeepRSMA","Target_123","RNA XIII","1","","","1.5382924079895028","1.5382924079895028"
"double_cold","split2028","DeepRSMA","Target_124","RNA XIV","1","","","2.021238327026367","2.021238327026367"
"double_cold","split2028","DeepRSMA","Target_135","Yohimbine_XII_RNA","1","","","0.17926502227783203","0.17926502227783203"
"double_cold","split2028","DeepRSMA","Target_136","RNA_XIX","2","-1.0","-0.9999999999999999","1.6451272479985608","1.4798485040664673"
"double_cold","split2028","DeepRSMA","Target_137","RNA_XX","2","-1.0","-0.9999999999999999","1.6566148204280573","1.3702434301376343"
"double_cold","split2028","DeepRSMA","Target_138","RNA_XXI","2","-1.0","-0.9999999999999999","1.7306859920793962","1.4592398405075073"
"double_cold","split2028","DeepRSMA","Target_139","RNA_XXII","2","-1.0","-0.9999999999999999","1.7103293338286036","1.434973120689392"
"double_cold","split2028","DeepRSMA","Target_147","Antiterminator model RNA AM1A","7","0.7726563778255874","0.642857142857143","0.389907673031287","0.30609192167009625"
"double_cold","split2028","DeepRSMA","Target_149","Double stranded RNA seq","5","0.3464190736656624","0.3","1.1420250031084855","1.119130277633667"
"double_cold","split2028","DeepRSMA","Target_151","RNA seq A","1","","","0.9032373428344727","0.9032373428344727"
"double_cold","split2028","DeepRSMA","Target_152","RNA seq A (20 x t-RNA)","1","","","1.2500247955322266","1.2500247955322266"
"double_cold","split2028","DeepRSMA","Target_153","RNA seq B","1","","","0.9465584754943848","0.9465584754943848"
"double_cold","split2028","DeepRSMA","Target_155","RNA seq D","1","","","1.0861225128173828","1.0861225128173828"
"double_cold","split2028","DeepRSMA","Target_156","RNA seq E","1","","","1.15986967086792","1.15986967086792"
"double_cold","split2028","DeepRSMA","Target_166","r(AUUCU)11","3","0.9242839825585756","0.5","1.3532764317465136","1.1138660113016765"
"double_cold","split2028","DeepRSMA","Target_169","r(CGG)12","3","0.9778841113097247","0.5","1.17742953870299","1.0054736137390134"
"double_cold","split2028","DeepRSMA","Target_174","r(CCUG)8]","1","","","1.7936418056488037","1.7936418056488037"
"double_cold","split2028","DeepRSMA","Target_175","r(CUG16)-MBNL1 complex","1","","","1.4860405921936035","1.4860405921936035"
"double_cold","split2028","DeepRSMA","Target_181","r(CCG)12","1","","","0.6107535362243652","0.6107535362243652"
"double_cold","split2028","DeepRSMA","Target_19","HIV-1 TAR RNA","38","0.2227681200172242","0.2421854054915479","1.4238642585014345","1.2521940093291433"
"double_cold","split2028","DeepRSMA","Target_192","FMN Riboswitch Aptamer SA2, S. Aureus","1","","","0.7568202018737793","0.7568202018737793"
"double_cold","split2028","DeepRSMA","Target_20","RNA_Str_HIV-2 TAR","1","","","1.3036890029907227","1.3036890029907227"
"double_cold","split2028","DeepRSMA","Target_212","Hairpin DNA","1","","","0.9793634414672852","0.9793634414672852"
"double_cold","split2028","DeepRSMA","Target_217","Influenza RNA promoter","3","0.3410558274843095","0.5","0.47440939028836404","0.413914124170939"
"double_cold","split2028","DeepRSMA","Target_219","HCV IRES-A","1","","","0.13558006286621094","0.13558006286621094"
"double_cold","split2028","DeepRSMA","Target_220","HCV IRES-A 1 Mutant","1","","","0.23545026779174805","0.23545026779174805"
"double_cold","split2028","DeepRSMA","Target_255","TERRA G-quadruplex","1","","","0.4103860855102539","0.4103860855102539"
"double_cold","split2028","DeepRSMA","Target_266","Pre-miR-372","12","-0.4347803010133078","0.024518426391842117","2.378404370541513","2.2643306454022727"
"double_cold","split2028","DeepRSMA","Target_267","Pre-miR-373","5","0.9575529562952994","0.6","2.9776953175982634","2.946424436569214"
"double_cold","split2028","DeepRSMA","Target_281","r(CUG)16","1","","","0.9196987152099609","0.9196987152099609"
"double_cold","split2028","DeepRSMA","Target_282","Oligonucleotide 3","7","0.4233466827566489","0.1785714285714286","1.7898715599614803","1.732048749923706"
"double_cold","split2028","DeepRSMA","Target_283","Oligonucleotide 4","7","0.3777876254066155","0.07142857142857144","1.7663942508091246","1.7040750980377197"
"double_cold","split2028","DeepRSMA","Target_307","J6f1 RNA","1","","","1.017348289489746","1.017348289489746"
"double_cold","split2028","DeepRSMA","Target_308","J6fd6 RNA","1","","","0.024166584014892578","0.024166584014892578"
"double_cold","split2028","DeepRSMA","Target_309","J6f15 RNA","1","","","0.4818568229675293","0.4818568229675293"
"double_cold","split2028","DeepRSMA","Target_310","J6f16 RNA","1","","","1.3475713729858398","1.3475713729858398"
"double_cold","split2028","DeepRSMA","Target_311","J6f17 RNA","1","","","0.4996209144592294","0.4996209144592294"
"double_cold","split2028","DeepRSMA","Target_312","Pre-miR-377 dicer processing site","2","1.0","0.9999999999999999","1.4491606900380738","1.305048942565918"
"double_cold","split2028","DeepRSMA","Target_313","Pre-miR-377 5′-G_G/3′-CAC bulge","2","1.0","0.9999999999999999","0.8087997866552319","0.8016870021820068"
"double_cold","split2028","DeepRSMA","Target_316","miR-17 Dicer site","1","","","1.1914405822753906","1.1914405822753906"
"double_cold","split2028","DeepRSMA","Target_317","miR-17 G-bulge","1","","","0.9054694175720215","0.9054694175720215"
"double_cold","split2028","DeepRSMA","Target_318","miR-17 U-bulge","1","","","1.0151686668395996","1.0151686668395996"
"double_cold","split2028","DeepRSMA","Target_319","miR-17 Base pairing control","1","","","1.8340497016906738","1.8340497016906738"
"double_cold","split2028","DeepRSMA","Target_347","(5'CGG/3'GGC)x6","3","0.4270893836633165","0.5","0.8293592542704306","0.7727368672688802"
"double_cold","split2028","DeepRSMA","Target_348","(5'CAG/3'GUC)x6","3","-0.44753592979309476","-0.5","0.8992001362170564","0.8028426170349121"
"double_cold","split2028","DeepRSMA","Target_349","(5'CGG/3'GGC) x20","2","1.0","0.9999999999999999","2.697660032340045","2.6960692405700684"
"double_cold","split2028","DeepRSMA","Target_350","(5'CGG/3'GGC) x40","2","1.0","0.9999999999999999","2.1520191404247977","2.145838499069214"
"double_cold","split2028","DeepRSMA","Target_351","(5'CGG/3'GGC) x60","2","1.0","0.9999999999999999","1.399415929921156","1.393237590789795"
"double_cold","split2028","DeepRSMA","Target_376","RNA hairpin loop Ib","1","","","0.7722487449645996","0.7722487449645996"
"double_cold","split2028","DeepRSMA","Target_377","RNA hairpin loop II","1","","","0.6345720291137695","0.6345720291137695"
"double_cold","split2028","DeepRSMA","Target_378","RNA hairpin loop III","1","","","0.16630935668945312","0.16630935668945312"
"double_cold","split2028","DeepRSMA","Target_379","RNA hairpin loop IIIa","1","","","0.09806966781616211","0.09806966781616211"
"double_cold","split2028","DeepRSMA","Target_380","RNA hairpin loop IIIb","1","","","0.39885854721069336","0.39885854721069336"
"double_cold","split2028","DeepRSMA","Target_381","RNA hairpin loop IV","1","","","0.5156745910644531","0.5156745910644531"
"double_cold","split2028","DeepRSMA","Target_382","RNA hairpin loop Iva","1","","","0.2966456413269043","0.2966456413269043"
"double_cold","split2028","DeepRSMA","Target_39","Tetracycline in vitro aptamer","1","","","3.388613224029541","3.388613224029541"
"double_cold","split2028","DeepRSMA","Target_4","RNA_APTAMER_CB_42","1","","","3.662356376647949","3.662356376647949"
"double_cold","split2028","DeepRSMA","Target_407","E. coli transglycosidase mRNA","3","-0.8052291853497909","-1.0","0.9298903904571693","0.6475272178649906"
"double_cold","split2028","DeepRSMA","Target_408","HCV IRES Domain Iib","3","0.3137900840379848","-0.5","0.5602303385053737","0.46451791127522785"
"double_cold","split2028","DeepRSMA","Target_411","Tetracycline riboswitch","8","0.5803637585580562","0.6666666666666669","2.7967161780281247","2.6714919805526733"
"double_cold","split2028","DeepRSMA","Target_412","Tetracycline riboswitch A08G mutant","1","","","3.305492401123047","3.305492401123047"
"double_cold","split2028","DeepRSMA","Target_413","Tetracycline riboswitch A09G mutant","3","0.8847727100220355","0.5","0.5461735727364311","0.48547967274983694"
"double_cold","split2028","DeepRSMA","Target_414","Tetracycline riboswitch A13U mutant","3","0.8465561465846134","0.5","0.5866163189095417","0.49919668833414715"
"double_cold","split2028","DeepRSMA","Target_415","Tetracycline riboswitch A50U mutant","3","0.8432485967849057","0.5","0.6160864947266632","0.4820087750752767"
"double_cold","split2028","DeepRSMA","Target_416","Tetracycline riboswitch G51U mutant","1","","","2.71433162689209","2.71433162689209"
"double_cold","split2028","DeepRSMA","Target_417","Tetracycline riboswitch U54G mutant","1","","","2.9222145080566406","2.9222145080566406"
"double_cold","split2028","DeepRSMA","Target_418","Tetracycline riboswitch A55G mutant","1","","","2.991908073425293","2.991908073425293"
"double_cold","split2028","DeepRSMA","Target_438","SL3_duplex_RNA","1","","","0.29786205291748047","0.29786205291748047"
"double_cold","split2028","DeepRSMA","Target_445","TS mRNA Construct_4","3","0.9618140438690687","1.0","0.7734645324743565","0.6802144050598145"
"double_cold","split2028","DeepRSMA","Target_60","T alpha aptamer","1","","","2.3210434913635254","2.3210434913635254"
"double_cold","split2028","DeepRSMA","Target_63","Thymidylate synthase m-RNA","3","0.8173529112449347","1.0","0.8217996875091864","0.6898403167724609"
"double_cold","split2028","DeepRSMA","Target_68","HCV IRES RNA","1","","","1.1764655113220215","1.1764655113220215"
"double_cold","split2028","DeepRSMA","Target_79","T-box riboswitch","2","1.0","0.9999999999999999","0.5207823282963798","0.3979635238647461"
"double_cold","split2028","Ligand-only descriptors","Target_100","50S subunit","6","0.5588031831725022","0.4285714285714286","2.6966966677097113","2.574553095562409"
"double_cold","split2028","Ligand-only descriptors","Target_102","Bacterial 23S rRNA hairpins 82 and 91","1","","","0.914139609661822","0.914139609661822"
"double_cold","split2028","Ligand-only descriptors","Target_104","23SrRNA","1","","","1.0417017866130625","1.0417017866130625"
"double_cold","split2028","Ligand-only descriptors","Target_112","T box antiterminator RNA","6","-0.13712167002503972","-0.2571428571428572","1.73934535305022","1.6702846955397679"
"double_cold","split2028","Ligand-only descriptors","Target_121","Bulge_A_RNA","1","","","0.24326664754322191","0.24326664754322191"
"double_cold","split2028","Ligand-only descriptors","Target_122","L11 binding BD RNA","1","","","1.3986261638757895","1.3986261638757895"
"double_cold","split2028","Ligand-only descriptors","Target_123","RNA XIII","1","","","0.44796442682294657","0.44796442682294657"
"double_cold","split2028","Ligand-only descriptors","Target_124","RNA XIV","1","","","0.9380506587069775","0.9380506587069775"
"double_cold","split2028","Ligand-only descriptors","Target_135","Yohimbine_XII_RNA","1","","","0.49150167080790386","0.49150167080790386"
"double_cold","split2028","Ligand-only descriptors","Target_136","RNA_XIX","2","1.0","0.9999999999999999","0.876407925327758","0.6744061803115167"
"double_cold","split2028","Ligand-only descriptors","Target_137","RNA_XX","2","1.0","0.9999999999999999","0.8999752509584045","0.7726871046812849"
"double_cold","split2028","Ligand-only descriptors","Target_138","RNA_XXI","2","1.0","0.9999999999999999","0.8999752509584045","0.7726871046812849"
"double_cold","split2028","Ligand-only descriptors","Target_139","RNA_XXII","2","1.0","0.9999999999999999","0.8999752509584045","0.7726871046812849"
"double_cold","split2028","Ligand-only descriptors","Target_147","Antiterminator model RNA AM1A","7","0.9455999116549058","0.8660254037844387","0.5092347626709934","0.39474040615729233"
"double_cold","split2028","Ligand-only descriptors","Target_149","Double stranded RNA seq","5","0.8971716209615166","0.3","0.579797620135994","0.4548340350709391"
"double_cold","split2028","Ligand-only descriptors","Target_151","RNA seq A","1","","","0.6354730853496786","0.6354730853496786"
"double_cold","split2028","Ligand-only descriptors","Target_152","RNA seq A (20 x t-RNA)","1","","","0.9822605715743391","0.9822605715743391"
"double_cold","split2028","Ligand-only descriptors","Target_153","RNA seq B","1","","","0.3044798663082595","0.3044798663082595"
"double_cold","split2028","Ligand-only descriptors","Target_155","RNA seq D","1","","","0.6450184032559099","0.6450184032559099"
"double_cold","split2028","Ligand-only descriptors","Target_156","RNA seq E","1","","","1.2722951829368583","1.2722951829368583"
"double_cold","split2028","Ligand-only descriptors","Target_166","r(AUUCU)11","3","0.8249076916942052","0.5","1.3995676966655812","1.3900828381240935"
"double_cold","split2028","Ligand-only descriptors","Target_169","r(CGG)12","3","0.963930434005846","0.5","0.5914672443579198","0.5711730009341748"
"double_cold","split2028","Ligand-only descriptors","Target_174","r(CCUG)8]","1","","","1.5044400653475525","1.5044400653475525"
"double_cold","split2028","Ligand-only descriptors","Target_175","r(CUG16)-MBNL1 complex","1","","","2.222619153090899","2.222619153090899"
"double_cold","split2028","Ligand-only descriptors","Target_181","r(CCG)12","1","","","0.21163364457385914","0.21163364457385914"
"double_cold","split2028","Ligand-only descriptors","Target_19","HIV-1 TAR RNA","38","0.5022020403346951","0.37286468754320057","1.3005985686358426","1.1361248218797606"
"double_cold","split2028","Ligand-only descriptors","Target_192","FMN Riboswitch Aptamer SA2, S. Aureus","1","","","0.9536106943090301","0.9536106943090301"
"double_cold","split2028","Ligand-only descriptors","Target_20","RNA_Str_HIV-2 TAR","1","","","0.2194850983075769","0.2194850983075769"
"double_cold","split2028","Ligand-only descriptors","Target_212","Hairpin DNA","1","","","0.682833567458415","0.682833567458415"
"double_cold","split2028","Ligand-only descriptors","Target_217","Influenza RNA promoter","3","0.9149225053943901","1.0","0.8864671434235927","0.8600976837367638"
"double_cold","split2028","Ligand-only descriptors","Target_219","HCV IRES-A","1","","","0.6759543172514748","0.6759543172514748"
"double_cold","split2028","Ligand-only descriptors","Target_220","HCV IRES-A 1 Mutant","1","","","0.0741283838552853","0.0741283838552853"
"double_cold","split2028","Ligand-only descriptors","Target_255","TERRA G-quadruplex","1","","","0.3239802030950454","0.3239802030950454"
"double_cold","split2028","Ligand-only descriptors","Target_266","Pre-miR-372","12","-0.28397277713221714","0.08406317620060155","1.5908317450428018","1.5015261484363254"
"double_cold","split2028","Ligand-only descriptors","Target_267","Pre-miR-373","5","0.9449010583460242","0.8999999999999998","1.6857561670097974","1.5852167009568796"
"double_cold","split2028","Ligand-only descriptors","Target_281","r(CUG)16","1","","","1.13915605523324","1.13915605523324"
"double_cold","split2028","Ligand-only descriptors","Target_282","Oligonucleotide 3","7","0.11081499736516774","-0.03571428571428572","0.9721229757522559","0.8618436447372636"
"double_cold","split2028","Ligand-only descriptors","Target_283","Oligonucleotide 4","7","0.06153917239893212","-0.14285714285714288","0.9499581963765543","0.8348900248178165"
"double_cold","split2028","Ligand-only descriptors","Target_307","J6f1 RNA","1","","","2.8445984828620965","2.8445984828620965"
"double_cold","split2028","Ligand-only descriptors","Target_308","J6fd6 RNA","1","","","1.386143996508327","1.386143996508327"
"double_cold","split2028","Ligand-only descriptors","Target_309","J6f15 RNA","1","","","2.3011332067999772","2.3011332067999772"
"double_cold","split2028","Ligand-only descriptors","Target_310","J6f16 RNA","1","","","3.1498655314693256","3.1498655314693256"
"double_cold","split2028","Ligand-only descriptors","Target_311","J6f17 RNA","1","","","2.3011332067999772","2.3011332067999772"
"double_cold","split2028","Ligand-only descriptors","Target_312","Pre-miR-377 dicer processing site","2","1.0","0.9999999999999999","0.6933697342212038","0.572844945060468"
"double_cold","split2028","Ligand-only descriptors","Target_313","Pre-miR-377 5′-G_G/3′-CAC bulge","2","1.0","0.9999999999999999","0.79001243927675","0.7823420095464506"
"double_cold","split2028","Ligand-only descriptors","Target_316","miR-17 Dicer site","1","","","2.1324523985262394","2.1324523985262394"
"double_cold","split2028","Ligand-only descriptors","Target_317","miR-17 G-bulge","1","","","0.035542385518179564","0.035542385518179564"
"double_cold","split2028","Ligand-only descriptors","Target_318","miR-17 U-bulge","1","","","0.0671199563789715","0.0671199563789715"
"double_cold","split2028","Ligand-only descriptors","Target_319","miR-17 Base pairing control","1","","","0.7883663554261409","0.7883663554261409"
"double_cold","split2028","Ligand-only descriptors","Target_347","(5'CGG/3'GGC)x6","3","-0.0807047468917414","0.5","1.6022420249419813","1.561116866819008"
"double_cold","split2028","Ligand-only descriptors","Target_348","(5'CAG/3'GUC)x6","3","0.058379172120345546","-0.5","0.7227552737561401","0.6494074430200207"
"double_cold","split2028","Ligand-only descriptors","Target_349","(5'CGG/3'GGC) x20","2","1.0","0.9999999999999999","2.09434855737457","2.0943203930913414"
"double_cold","split2028","Ligand-only descriptors","Target_350","(5'CGG/3'GGC) x40","2","1.0","0.9999999999999999","2.209436504397145","2.207742791646061"
"double_cold","split2028","Ligand-only descriptors","Target_351","(5'CGG/3'GGC) x60","2","1.0","0.9999999999999999","2.2758576998231983","2.2750512959407208"
"double_cold","split2028","Ligand-only descriptors","Target_376","RNA hairpin loop Ib","1","","","0.03655344788047454","0.03655344788047454"
"double_cold","split2028","Ligand-only descriptors","Target_377","RNA hairpin loop II","1","","","0.27316346530017555","0.27316346530017555"
"double_cold","split2028","Ligand-only descriptors","Target_378","RNA hairpin loop III","1","","","0.8292759444140643","0.8292759444140643"
"double_cold","split2028","Ligand-only descriptors","Target_379","RNA hairpin loop IIIa","1","","","0.3890116210197432","0.3890116210197432"
"double_cold","split2028","Ligand-only descriptors","Target_380","RNA hairpin loop IIIb","1","","","0.3990535593138942","0.3990535593138942"
"double_cold","split2028","Ligand-only descriptors","Target_381","RNA hairpin loop IV","1","","","0.45595841065036424","0.45595841065036424"
"double_cold","split2028","Ligand-only descriptors","Target_382","RNA hairpin loop Iva","1","","","0.5828316470358645","0.5828316470358645"
"double_cold","split2028","Ligand-only descriptors","Target_39","Tetracycline in vitro aptamer","1","","","4.049192056988614","4.049192056988614"
"double_cold","split2028","Ligand-only descriptors","Target_4","RNA_APTAMER_CB_42","1","","","1.3819005348450322","1.3819005348450322"
"double_cold","split2028","Ligand-only descriptors","Target_407","E. coli transglycosidase mRNA","3","-0.8315010515978161","-1.0","0.45169563324739365","0.36133880948216923"
"double_cold","split2028","Ligand-only descriptors","Target_408","HCV IRES Domain Iib","3","0.2700436807216542","-0.5","0.3553712498331299","0.3198075409852829"
"double_cold","split2028","Ligand-only descriptors","Target_411","Tetracycline riboswitch","8","0.296076282241103","0.3333333333333334","3.3777205285951464","3.2709144334269995"
"double_cold","split2028","Ligand-only descriptors","Target_412","Tetracycline riboswitch A08G mutant","1","","","3.9310927449106146","3.9310927449106146"
"double_cold","split2028","Ligand-only descriptors","Target_413","Tetracycline riboswitch A09G mutant","3","-0.3955639554082052","-0.5","1.216816606342283","1.091360257636774"
"double_cold","split2028","Ligand-only descriptors","Target_414","Tetracycline riboswitch A13U mutant","3","-0.46461733789692294","-0.5","1.1571644951461346","1.0836153990599178"
"double_cold","split2028","Ligand-only descriptors","Target_415","Tetracycline riboswitch A50U mutant","3","-0.47011454771697936","-0.5","1.140185882818567","1.0244064267441004"
"double_cold","split2028","Ligand-only descriptors","Target_416","Tetracycline riboswitch G51U mutant","1","","","3.4854144236264446","3.4854144236264446"
"double_cold","split2028","Ligand-only descriptors","Target_417","Tetracycline riboswitch U54G mutant","1","","","3.532326295490794","3.532326295490794"
"double_cold","split2028","Ligand-only descriptors","Target_418","Tetracycline riboswitch A55G mutant","1","","","3.7243953393668843","3.7243953393668843"
"double_cold","split2028","Ligand-only descriptors","Target_438","SL3_duplex_RNA","1","","","0.4889512614770597","0.4889512614770597"
"double_cold","split2028","Ligand-only descriptors","Target_445","TS mRNA Construct_4","3","0.9316704083094574","1.0","0.2927139669880554","0.2774574669141261"
"double_cold","split2028","Ligand-only descriptors","Target_60","T alpha aptamer","1","","","1.3353818913697477","1.3353818913697477"
"double_cold","split2028","Ligand-only descriptors","Target_63","Thymidylate synthase m-RNA","3","0.9993857098557166","1.0","0.3060995680421366","0.30086131968437285"
"double_cold","split2028","Ligand-only descriptors","Target_68","HCV IRES RNA","1","","","1.03449827282327","1.03449827282327"
"double_cold","split2028","Ligand-only descriptors","Target_79","T-box riboswitch","2","1.0","0.9999999999999999","0.7990316691032433","0.7032357128472708"
"double_cold","split2028","RNA+ligand descriptors","Target_100","50S subunit","6","0.8923936199642207","0.7714285714285715","2.1488493130252904","2.1327881412995366"
"double_cold","split2028","RNA+ligand descriptors","Target_102","Bacterial 23S rRNA hairpins 82 and 91","1","","","1.6152360266961043","1.6152360266961043"
"double_cold","split2028","RNA+ligand descriptors","Target_104","23SrRNA","1","","","0.09991505701266501","0.09991505701266501"
"double_cold","split2028","RNA+ligand descriptors","Target_112","T box antiterminator RNA","6","-0.34981797445178486","-0.48571428571428577","1.9214046509587965","1.8537211439966386"
"double_cold","split2028","RNA+ligand descriptors","Target_121","Bulge_A_RNA","1","","","0.065124337946874","0.065124337946874"
"double_cold","split2028","RNA+ligand descriptors","Target_122","L11 binding BD RNA","1","","","1.2644835542548147","1.2644835542548147"
"double_cold","split2028","RNA+ligand descriptors","Target_123","RNA XIII","1","","","0.632885459329537","0.632885459329537"
"double_cold","split2028","RNA+ligand descriptors","Target_124","RNA XIV","1","","","1.1047553839988096","1.1047553839988096"
"double_cold","split2028","RNA+ligand descriptors","Target_135","Yohimbine_XII_RNA","1","","","0.2063641703956538","0.2063641703956538"
"double_cold","split2028","RNA+ligand descriptors","Target_136","RNA_XIX","2","-1.0","-0.9999999999999999","1.1201257779937328","0.9084591894122469"
"double_cold","split2028","RNA+ligand descriptors","Target_137","RNA_XX","2","-1.0","-0.9999999999999999","1.0859985256517617","0.8327729465674785"
"double_cold","split2028","RNA+ligand descriptors","Target_138","RNA_XXI","2","-1.0","-0.9999999999999999","1.1230483727383032","0.8677300364145792"
"double_cold","split2028","RNA+ligand descriptors","Target_139","RNA_XXII","2","-1.0","-0.9999999999999999","1.0154443624128557","0.8216645217622203"
"double_cold","split2028","RNA+ligand descriptors","Target_147","Antiterminator model RNA AM1A","7","0.9455999116549056","0.8660254037844387","0.3753562588612569","0.3252955523256406"
"double_cold","split2028","RNA+ligand descriptors","Target_149","Double stranded RNA seq","5","0.9852594079314672","0.6","1.085188771636975","0.722667092320023"
"double_cold","split2028","RNA+ligand descriptors","Target_151","RNA seq A","1","","","0.08487227941152042","0.08487227941152042"
"double_cold","split2028","RNA+ligand descriptors","Target_152","RNA seq A (20 x t-RNA)","1","","","0.4316597656361809","0.4316597656361809"
"double_cold","split2028","RNA+ligand descriptors","Target_153","RNA seq B","1","","","0.11429105963008634","0.11429105963008634"
"double_cold","split2028","RNA+ligand descriptors","Target_155","RNA seq D","1","","","0.175976238548607","0.175976238548607"
"double_cold","split2028","RNA+ligand descriptors","Target_156","RNA seq E","1","","","1.0781816311294623","1.0781816311294623"
"double_cold","split2028","RNA+ligand descriptors","Target_166","r(AUUCU)11","3","0.9673942063476617","1.0","1.0095047739574035","1.0080255075344617"
"double_cold","split2028","RNA+ligand descriptors","Target_169","r(CGG)12","3","0.9909259325696124","1.0","0.6168231180719741","0.5747246187857439"
"double_cold","split2028","RNA+ligand descriptors","Target_174","r(CCUG)8]","1","","","1.6018222869553855","1.6018222869553855"
"double_cold","split2028","RNA+ligand descriptors","Target_175","r(CUG16)-MBNL1 complex","1","","","2.18990953186809","2.18990953186809"
"double_cold","split2028","RNA+ligand descriptors","Target_181","r(CCG)12","1","","","0.2764254205250154","0.2764254205250154"
"double_cold","split2028","RNA+ligand descriptors","Target_19","HIV-1 TAR RNA","38","0.6091824513662467","0.544021077155542","1.3185244883568537","1.1061293072600988"
"double_cold","split2028","RNA+ligand descriptors","Target_192","FMN Riboswitch Aptamer SA2, S. Aureus","1","","","0.4110049604292856","0.4110049604292856"
"double_cold","split2028","RNA+ligand descriptors","Target_20","RNA_Str_HIV-2 TAR","1","","","0.3708850262991321","0.3708850262991321"
"double_cold","split2028","RNA+ligand descriptors","Target_212","Hairpin DNA","1","","","0.9701530859971621","0.9701530859971621"
"double_cold","split2028","RNA+ligand descriptors","Target_217","Influenza RNA promoter","3","0.9870483717995528","1.0","1.3805568139666278","1.3639170327135748"
"double_cold","split2028","RNA+ligand descriptors","Target_219","HCV IRES-A","1","","","0.44205920025125156","0.44205920025125156"
"double_cold","split2028","RNA+ligand descriptors","Target_220","HCV IRES-A 1 Mutant","1","","","0.2242595325416934","0.2242595325416934"
"double_cold","split2028","RNA+ligand descriptors","Target_255","TERRA G-quadruplex","1","","","0.0122981601575054","0.0122981601575054"
"double_cold","split2028","RNA+ligand descriptors","Target_266","Pre-miR-372","12","-0.06461957876238028","0.0560421174670677","1.6899117542173883","1.542920431157274"
"double_cold","split2028","RNA+ligand descriptors","Target_267","Pre-miR-373","5","0.9714812995139321","0.7","1.9059875725664015","1.759613308930534"
"double_cold","split2028","RNA+ligand descriptors","Target_281","r(CUG)16","1","","","1.0346095760261518","1.0346095760261518"
"double_cold","split2028","RNA+ligand descriptors","Target_282","Oligonucleotide 3","7","0.1157434670752568","0.07142857142857144","1.2633545621498437","1.1896702412102371"
"double_cold","split2028","RNA+ligand descriptors","Target_283","Oligonucleotide 4","7","0.10048329146164273","0.07142857142857144","1.2251966216495134","1.1509600426241984"
"double_cold","split2028","RNA+ligand descriptors","Target_307","J6f1 RNA","1","","","2.8034289777444856","2.8034289777444856"
"double_cold","split2028","RNA+ligand descriptors","Target_308","J6fd6 RNA","1","","","1.3475727869613872","1.3475727869613872"
"double_cold","split2028","RNA+ligand descriptors","Target_309","J6f15 RNA","1","","","2.1949178489312144","2.1949178489312144"
"double_cold","split2028","RNA+ligand descriptors","Target_310","J6f16 RNA","1","","","3.0336301874128777","3.0336301874128777"
"double_cold","split2028","RNA+ligand descriptors","Target_311","J6f17 RNA","1","","","2.243639965522533","2.243639965522533"
"double_cold","split2028","RNA+ligand descriptors","Target_312","Pre-miR-377 dicer processing site","2","1.0","0.9999999999999999","1.0009242877744837","0.7762388623839112"
"double_cold","split2028","RNA+ligand descriptors","Target_313","Pre-miR-377 5′-G_G/3′-CAC bulge","2","1.0","0.9999999999999999","0.1438021838317736","0.13109943715408878"
"double_cold","split2028","RNA+ligand descriptors","Target_316","miR-17 Dicer site","1","","","1.571645429870319","1.571645429870319"
"double_cold","split2028","RNA+ligand descriptors","Target_317","miR-17 G-bulge","1","","","0.5252645831377407","0.5252645831377407"
"double_cold","split2028","RNA+ligand descriptors","Target_318","miR-17 U-bulge","1","","","0.5875690397316875","0.5875690397316875"
"double_cold","split2028","RNA+ligand descriptors","Target_319","miR-17 Base pairing control","1","","","1.439338956178033","1.439338956178033"
"double_cold","split2028","RNA+ligand descriptors","Target_347","(5'CGG/3'GGC)x6","3","0.23518378720501448","-0.5","0.8896810777572708","0.8271621864199764"
"double_cold","split2028","RNA+ligand descriptors","Target_348","(5'CAG/3'GUC)x6","3","-0.052891207921353045","-0.5","0.34278817063952055","0.32180653187243724"
"double_cold","split2028","RNA+ligand descriptors","Target_349","(5'CGG/3'GGC) x20","2","1.0","0.9999999999999999","1.5776943130505894","1.5758635632656017"
"double_cold","split2028","RNA+ligand descriptors","Target_350","(5'CGG/3'GGC) x40","2","1.0","0.9999999999999999","1.74266241442554","1.742536586337565"
"double_cold","split2028","RNA+ligand descriptors","Target_351","(5'CGG/3'GGC) x60","2","1.0","0.9999999999999999","1.8852753633179826","1.8852752957738335"
"double_cold","split2028","RNA+ligand descriptors","Target_376","RNA hairpin loop Ib","1","","","0.20275480321914063","0.20275480321914063"
"double_cold","split2028","RNA+ligand descriptors","Target_377","RNA hairpin loop II","1","","","0.05923272733403451","0.05923272733403451"
"double_cold","split2028","RNA+ligand descriptors","Target_378","RNA hairpin loop III","1","","","0.6339525357701863","0.6339525357701863"
"double_cold","split2028","RNA+ligand descriptors","Target_379","RNA hairpin loop IIIa","1","","","0.19552241565919015","0.19552241565919015"
"double_cold","split2028","RNA+ligand descriptors","Target_380","RNA hairpin loop IIIb","1","","","0.1644764245408492","0.1644764245408492"
"double_cold","split2028","RNA+ligand descriptors","Target_381","RNA hairpin loop IV","1","","","0.33712213681400627","0.33712213681400627"
"double_cold","split2028","RNA+ligand descriptors","Target_382","RNA hairpin loop Iva","1","","","0.39461179228732934","0.39461179228732934"
"double_cold","split2028","RNA+ligand descriptors","Target_39","Tetracycline in vitro aptamer","1","","","3.377212328519252","3.377212328519252"
"double_cold","split2028","RNA+ligand descriptors","Target_4","RNA_APTAMER_CB_42","1","","","1.6595676590254964","1.6595676590254964"
"double_cold","split2028","RNA+ligand descriptors","Target_407","E. coli transglycosidase mRNA","3","-0.7365788249699565","-0.5","0.5676860300764259","0.4992990210356079"
"double_cold","split2028","RNA+ligand descriptors","Target_408","HCV IRES Domain Iib","3","0.48099978454287484","0.5","0.36379610151643643","0.29402915627135534"
"double_cold","split2028","RNA+ligand descriptors","Target_411","Tetracycline riboswitch","8","0.16704177890815483","0.2142857142857143","2.7860698076528845","2.649299093703185"
"double_cold","split2028","RNA+ligand descriptors","Target_412","Tetracycline riboswitch A08G mutant","1","","","3.2962033332207623","3.2962033332207623"
"double_cold","split2028","RNA+ligand descriptors","Target_413","Tetracycline riboswitch A09G mutant","3","-0.05327458065802616","0.5","0.7823881562605332","0.646811210164941"
"double_cold","split2028","RNA+ligand descriptors","Target_414","Tetracycline riboswitch A13U mutant","3","0.22765035005491793","0.5","0.5939562881546988","0.4727517147428329"
"double_cold","split2028","RNA+ligand descriptors","Target_415","Tetracycline riboswitch A50U mutant","3","-0.28886009509376465","-0.5","0.6292091549874909","0.5419613238080666"
"double_cold","split2028","RNA+ligand descriptors","Target_416","Tetracycline riboswitch G51U mutant","1","","","2.8202944815831597","2.8202944815831597"
"double_cold","split2028","RNA+ligand descriptors","Target_417","Tetracycline riboswitch U54G mutant","1","","","2.8867744539620075","2.8867744539620075"
"double_cold","split2028","RNA+ligand descriptors","Target_418","Tetracycline riboswitch A55G mutant","1","","","3.0504062045637452","3.0504062045637452"
"double_cold","split2028","RNA+ligand descriptors","Target_438","SL3_duplex_RNA","1","","","0.16157221994566306","0.16157221994566306"
"double_cold","split2028","RNA+ligand descriptors","Target_445","TS mRNA Construct_4","3","0.99856539792741","1.0","0.22678714493131302","0.217899426816247"
"double_cold","split2028","RNA+ligand descriptors","Target_60","T alpha aptamer","1","","","1.6478277571523678","1.6478277571523678"
"double_cold","split2028","RNA+ligand descriptors","Target_63","Thymidylate synthase m-RNA","3","0.9366031305364347","1.0","0.2436287682700484","0.2406525859846639"
"double_cold","split2028","RNA+ligand descriptors","Target_68","HCV IRES RNA","1","","","0.4093474034009317","0.4093474034009317"
"double_cold","split2028","RNA+ligand descriptors","Target_79","T-box riboswitch","2","1.0","0.9999999999999999","0.6270473911274358","0.5104126496998713"
"double_cold","split2028","Sequence-SMILES ridge","Target_100","50S subunit","6","0.48511227967493675","-0.028571428571428574","2.144596590509609","2.035013699069051"
"double_cold","split2028","Sequence-SMILES ridge","Target_102","Bacterial 23S rRNA hairpins 82 and 91","1","","","1.8112680880336738","1.8112680880336738"
"double_cold","split2028","Sequence-SMILES ridge","Target_104","23SrRNA","1","","","0.18926615349715892","0.18926615349715892"
"double_cold","split2028","Sequence-SMILES ridge","Target_112","T box antiterminator RNA","6","0.4562265643123104","0.4285714285714286","2.69350056672836","2.6606991436293796"
"double_cold","split2028","Sequence-SMILES ridge","Target_121","Bulge_A_RNA","1","","","1.0838640629850227","1.0838640629850227"
"double_cold","split2028","Sequence-SMILES ridge","Target_122","L11 binding BD RNA","1","","","0.8471234510459764","0.8471234510459764"
"double_cold","split2028","Sequence-SMILES ridge","Target_123","RNA XIII","1","","","1.6642032585257516","1.6642032585257516"
"double_cold","split2028","Sequence-SMILES ridge","Target_124","RNA XIV","1","","","2.2074812103240564","2.2074812103240564"
"double_cold","split2028","Sequence-SMILES ridge","Target_135","Yohimbine_XII_RNA","1","","","0.3989717922388847","0.3989717922388847"
"double_cold","split2028","Sequence-SMILES ridge","Target_136","RNA_XIX","2","-1.0","-0.9999999999999999","1.7353552435302906","1.5734086826959177"
"double_cold","split2028","Sequence-SMILES ridge","Target_137","RNA_XX","2","-1.0","-0.9999999999999999","1.5887323212333857","1.277125869871488"
"double_cold","split2028","Sequence-SMILES ridge","Target_138","RNA_XXI","2","-1.0","-0.9999999999999999","1.7213297353948838","1.4387342203888815"
"double_cold","split2028","Sequence-SMILES ridge","Target_139","RNA_XXII","2","-1.0","-0.9999999999999999","1.5085473031904961","1.1758805487491921"
"double_cold","split2028","Sequence-SMILES ridge","Target_147","Antiterminator model RNA AM1A","7","0.3183804674957852","0.28571428571428575","0.45981166734674206","0.41212952805630476"
"double_cold","split2028","Sequence-SMILES ridge","Target_149","Double stranded RNA seq","5","0.6628748034814032","0.7","1.0817647387937441","0.8241558099079136"
"double_cold","split2028","Sequence-SMILES ridge","Target_151","RNA seq A","1","","","0.41115896468983415","0.41115896468983415"
"double_cold","split2028","Sequence-SMILES ridge","Target_152","RNA seq A (20 x t-RNA)","1","","","0.7579464509144946","0.7579464509144946"
"double_cold","split2028","Sequence-SMILES ridge","Target_153","RNA seq B","1","","","0.14206393877283752","0.14206393877283752"
"double_cold","split2028","Sequence-SMILES ridge","Target_155","RNA seq D","1","","","0.11584700899565714","0.11584700899565714"
"double_cold","split2028","Sequence-SMILES ridge","Target_156","RNA seq E","1","","","0.8988703744861608","0.8988703744861608"
"double_cold","split2028","Sequence-SMILES ridge","Target_166","r(AUUCU)11","3","0.5919401643567573","0.5","0.44755270091201443","0.43275700595507843"
"double_cold","split2028","Sequence-SMILES ridge","Target_169","r(CGG)12","3","-0.6835791357398846","-1.0","0.8125630391723077","0.5787071282080145"
"double_cold","split2028","Sequence-SMILES ridge","Target_174","r(CCUG)8]","1","","","1.882762220681713","1.882762220681713"
"double_cold","split2028","Sequence-SMILES ridge","Target_175","r(CUG16)-MBNL1 complex","1","","","1.9558783972307276","1.9558783972307276"
"double_cold","split2028","Sequence-SMILES ridge","Target_181","r(CCG)12","1","","","0.1504546881251123","0.1504546881251123"
"double_cold","split2028","Sequence-SMILES ridge","Target_19","HIV-1 TAR RNA","38","0.0915579181736872","-0.022938796824207477","1.5023805714382188","1.2975537103768933"
"double_cold","split2028","Sequence-SMILES ridge","Target_192","FMN Riboswitch Aptamer SA2, S. Aureus","1","","","0.991068665418247","0.991068665418247"
"double_cold","split2028","Sequence-SMILES ridge","Target_20","RNA_Str_HIV-2 TAR","1","","","1.2852944884790274","1.2852944884790274"
"double_cold","split2028","Sequence-SMILES ridge","Target_212","Hairpin DNA","1","","","0.24470021945261955","0.24470021945261955"
"double_cold","split2028","Sequence-SMILES ridge","Target_217","Influenza RNA promoter","3","-0.4538599682875518","-0.5","1.4667479473491083","1.4475018770810208"
"double_cold","split2028","Sequence-SMILES ridge","Target_219","HCV IRES-A","1","","","0.6827743781856448","0.6827743781856448"
"double_cold","split2028","Sequence-SMILES ridge","Target_220","HCV IRES-A 1 Mutant","1","","","0.09194286906601423","0.09194286906601423"
"double_cold","split2028","Sequence-SMILES ridge","Target_255","TERRA G-quadruplex","1","","","0.40281727821188884","0.40281727821188884"
"double_cold","split2028","Sequence-SMILES ridge","Target_266","Pre-miR-372","12","-0.38403688421449705","-0.06304738215045118","1.876277044212845","1.7116707532954367"
"double_cold","split2028","Sequence-SMILES ridge","Target_267","Pre-miR-373","5","0.17719583293716773","0.39999999999999997","2.0723290321044714","1.8919968135006868"
"double_cold","split2028","Sequence-SMILES ridge","Target_281","r(CUG)16","1","","","1.1157833888027229","1.1157833888027229"
"double_cold","split2028","Sequence-SMILES ridge","Target_282","Oligonucleotide 3","7","0.30506657957598016","0.1785714285714286","2.2834504319559104","2.2438658357833665"
"double_cold","split2028","Sequence-SMILES ridge","Target_283","Oligonucleotide 4","7","0.2837702042705682","0.10714285714285716","2.193601101136896","2.152374482307301"
"double_cold","split2028","Sequence-SMILES ridge","Target_307","J6f1 RNA","1","","","1.4398800617283314","1.4398800617283314"
"double_cold","split2028","Sequence-SMILES ridge","Target_308","J6fd6 RNA","1","","","0.028950425453004414","0.028950425453004414"
"double_cold","split2028","Sequence-SMILES ridge","Target_309","J6f15 RNA","1","","","0.9198488136289331","0.9198488136289331"
"double_cold","split2028","Sequence-SMILES ridge","Target_310","J6f16 RNA","1","","","1.5943421224980137","1.5943421224980137"
"double_cold","split2028","Sequence-SMILES ridge","Target_311","J6f17 RNA","1","","","0.8572202068561996","0.8572202068561996"
"double_cold","split2028","Sequence-SMILES ridge","Target_312","Pre-miR-377 dicer processing site","2","1.0","0.9999999999999999","0.7561359434984796","0.7455967705751494"
"double_cold","split2028","Sequence-SMILES ridge","Target_313","Pre-miR-377 5′-G_G/3′-CAC bulge","2","1.0","0.9999999999999999","0.37578090963893074","0.36823496842428316"
"double_cold","split2028","Sequence-SMILES ridge","Target_316","miR-17 Dicer site","1","","","1.061028966259582","1.061028966259582"
"double_cold","split2028","Sequence-SMILES ridge","Target_317","miR-17 G-bulge","1","","","1.0358810467484778","1.0358810467484778"
"double_cold","split2028","Sequence-SMILES ridge","Target_318","miR-17 U-bulge","1","","","1.0390698828488114","1.0390698828488114"
"double_cold","split2028","Sequence-SMILES ridge","Target_319","miR-17 Base pairing control","1","","","1.952221007364905","1.952221007364905"
"double_cold","split2028","Sequence-SMILES ridge","Target_347","(5'CGG/3'GGC)x6","3","-0.9669667473169881","-1.0","0.9925867339589729","0.8576381170921831"
"double_cold","split2028","Sequence-SMILES ridge","Target_348","(5'CAG/3'GUC)x6","3","0.9610202915360803","1.0","0.2247321082327238","0.18159996572441836"
"double_cold","split2028","Sequence-SMILES ridge","Target_349","(5'CGG/3'GGC) x20","2","-1.0","-0.9999999999999999","1.6380813118404558","1.6332636125643893"
"double_cold","split2028","Sequence-SMILES ridge","Target_350","(5'CGG/3'GGC) x40","2","-1.0","-0.9999999999999999","1.7843712127566262","1.7836731691218084"
"double_cold","split2028","Sequence-SMILES ridge","Target_351","(5'CGG/3'GGC) x60","2","-1.0","-0.9999999999999999","1.864932623345443","1.8633906401513594"
"double_cold","split2028","Sequence-SMILES ridge","Target_376","RNA hairpin loop Ib","1","","","0.16040465660251702","0.16040465660251702"
"double_cold","split2028","Sequence-SMILES ridge","Target_377","RNA hairpin loop II","1","","","0.006083568206722845","0.006083568206722845"
"double_cold","split2028","Sequence-SMILES ridge","Target_378","RNA hairpin loop III","1","","","0.4005876968032185","0.4005876968032185"
"double_cold","split2028","Sequence-SMILES ridge","Target_379","RNA hairpin loop IIIa","1","","","0.1845383147018218","0.1845383147018218"
"double_cold","split2028","Sequence-SMILES ridge","Target_380","RNA hairpin loop IIIb","1","","","0.17881048800149824","0.17881048800149824"
"double_cold","split2028","Sequence-SMILES ridge","Target_381","RNA hairpin loop IV","1","","","0.2901238346792079","0.2901238346792079"
"double_cold","split2028","Sequence-SMILES ridge","Target_382","RNA hairpin loop Iva","1","","","0.3178585948930701","0.3178585948930701"
"double_cold","split2028","Sequence-SMILES ridge","Target_39","Tetracycline in vitro aptamer","1","","","3.3990133114296617","3.3990133114296617"
"double_cold","split2028","Sequence-SMILES ridge","Target_4","RNA_APTAMER_CB_42","1","","","1.1984513384899271","1.1984513384899271"
"double_cold","split2028","Sequence-SMILES ridge","Target_407","E. coli transglycosidase mRNA","3","-0.8066365092970899","-1.0","1.2598370854298964","0.9874861197372532"
"double_cold","split2028","Sequence-SMILES ridge","Target_408","HCV IRES Domain Iib","3","0.3115308284839906","-0.5","0.7892778915171735","0.6749337248311891"
"double_cold","split2028","Sequence-SMILES ridge","Target_411","Tetracycline riboswitch","8","0.6940975383436263","0.5952380952380953","2.8112481586398173","2.695925743828939"
"double_cold","split2028","Sequence-SMILES ridge","Target_412","Tetracycline riboswitch A08G mutant","1","","","3.2830898646825153","3.2830898646825153"
"double_cold","split2028","Sequence-SMILES ridge","Target_413","Tetracycline riboswitch A09G mutant","3","0.5040560750185883","0.5","0.7627586972700274","0.6243604192442976"
"double_cold","split2028","Sequence-SMILES ridge","Target_414","Tetracycline riboswitch A13U mutant","3","0.4365569123462901","0.5","0.5892722568768898","0.469506951588403"
"double_cold","split2028","Sequence-SMILES ridge","Target_415","Tetracycline riboswitch A50U mutant","3","0.4309542007956464","0.5","0.6321958689322305","0.5256930209835469"
"double_cold","split2028","Sequence-SMILES ridge","Target_416","Tetracycline riboswitch G51U mutant","1","","","2.767697334964791","2.767697334964791"
"double_cold","split2028","Sequence-SMILES ridge","Target_417","Tetracycline riboswitch U54G mutant","1","","","2.905813837681495","2.905813837681495"
"double_cold","split2028","Sequence-SMILES ridge","Target_418","Tetracycline riboswitch A55G mutant","1","","","3.113537550065539","3.113537550065539"
"double_cold","split2028","Sequence-SMILES ridge","Target_438","SL3_duplex_RNA","1","","","0.4601252902775528","0.4601252902775528"
"double_cold","split2028","Sequence-SMILES ridge","Target_445","TS mRNA Construct_4","3","0.993274164378553","1.0","0.6835369074250199","0.5661390445068463"
"double_cold","split2028","Sequence-SMILES ridge","Target_60","T alpha aptamer","1","","","1.913450518548239","1.913450518548239"
"double_cold","split2028","Sequence-SMILES ridge","Target_63","Thymidylate synthase m-RNA","3","0.9757415835591084","1.0","0.6720189165725167","0.5743087873579773"
"double_cold","split2028","Sequence-SMILES ridge","Target_68","HCV IRES RNA","1","","","0.10782053786827284","0.10782053786827284"
"double_cold","split2028","Sequence-SMILES ridge","Target_79","T-box riboswitch","2","1.0","0.9999999999999999","0.3347028366515849","0.30538380523227016"
