source,downstream_id,pKd,rna_length,canonical_smiles,scaffold,max_rna_global_identity,best_rna_pdb_id,max_ligand_tanimoto,best_ligand_pdb_id,ligand_exact_match,scaffold_exact_match,max_pair_min_similarity,best_pair_pdb_id,best_pair_rna_identity,best_pair_ligand_tanimoto,rna_similarity_bin,ligand_similarity_bin,pair_similarity_bin
R-SIM_all,2091,6.387216143280259,18,Cc1cc(C)c(Cn2cc(CCCO[C@H]3[C@H](O)[C@@H](O)[C@H](N)C[C@H]3N)nn2)c(C)c1Cn1cc(CCCO[C@@H]2[C@H](O)[C@H](O)[C@@H](N)C[C@H]2N)nn1,c1cc(Cn2cc(CCCOC3CCCCC3)nn2)cc(Cn2cc(CCCOC3CCCCC3)nn2)c1,0.6190476190476191,3bnt,0.25,2et8,False,False,0.25,2et8,0.5238095238095238,0.25,"[0.6,0.8)","[0.0,0.4)","[0.0,0.4)"
R-SIM_all,162,3.60205999132796,29,O=C(NCCN1CCOCC1)C1CCN(Cc2ccc(Cl)cc2)CC1,O=C(NCCN1CCOCC1)C1CCN(Cc2ccccc2)CC1,0.9310344827586207,1byj,0.17857142857142858,5c45,False,False,0.17857142857142858,5c45,0.42592592592592593,0.17857142857142858,"[0.8,1.0]","[0.0,0.4)","[0.0,0.4)"
R-SIM_all,270,2.52287874528034,29,CC(=O)c1ccc2c(c1)N(CCCNCN(CO)CO)c1ccccc1S2,c1ccc2c(c1)Nc1ccccc1S2,1.0,1arj,0.6545454545454545,1lvj,False,True,0.6545454545454545,1lvj,0.935483870967742,0.6545454545454545,"[0.8,1.0]","[0.6,0.8)","[0.6,0.8)"
R-SIM_all,1327,6.272784179091509,10,c1ccc2c(NCc3cn(CCC[NH+]4CCCCC4)nn3)c3oc4ccccc4c3[nH+]c2c1,c1ccc2c(NCc3cn(CCC[NH+]4CCCCC4)nn3)c3oc4ccccc4c3[nH+]c2c1,0.8333333333333334,21cc,0.16666666666666666,6e1s,False,False,0.16666666666666666,6e1s,0.25806451612903225,0.16666666666666666,"[0.8,1.0]","[0.0,0.4)","[0.0,0.4)"
R-SIM_all,1907,6.44369749923271,21,c1ccc(-c2nnc(-c3nc(NCCc4cccs4)c4ccccc4n3)o2)cc1,c1ccc(-c2nnc(-c3nc(NCCc4cccs4)c4ccccc4n3)o2)cc1,0.5238095238095238,1zz5,0.14925373134328357,6e1s,False,False,0.14925373134328357,6e1s,0.3548387096774194,0.14925373134328357,"[0.4,0.6)","[0.0,0.4)","[0.0,0.4)"
R-SIM_all,1288,6.58838029403677,216,NC(=[NH2+])c1ccc(-c2ccc(-c3ccc(-c4ccc(C(N)=[NH2+])cn4)s3)s2)nc1,c1ccc(-c2ccc(-c3ccc(-c4ccccn4)s3)s2)nc1,0.4907407407407407,4gxy,0.17777777777777778,2l94,False,False,0.15517241379310345,2hop,0.20833333333333337,0.15517241379310345,"[0.4,0.6)","[0.0,0.4)","[0.0,0.4)"
R-SIM_all,1150,7.49485002168009,52,CCc1nc2cc3ccccc3cc2cc1C(=O)N[C@@H](CCn1cc(C[C@H](NC(=O)c2cc3cc4ccccc4cc3nc2CC)C(=O)N2CCC[C@H]2C(=O)N[C@@H](Cc2ccccc2)C(=O)NCCC[NH3+])nn1)C(=O)N1CCC[C@H]1C(=O)N[C@@H](Cc1ccccc1)C(=O)NCCC[NH3+],O=C(NC(CCn1cc(CC(NC(=O)c2cnc3cc4ccccc4cc3c2)C(=O)N2CCCC2C(=O)NCCc2ccccc2)nn1)C(=O)N1CCCC1C(=O)NCCc1ccccc1)c1cnc2cc3ccccc3cc2c1,0.8076923076923077,2l94,0.18333333333333332,3mij,False,False,0.18333333333333332,3mij,0.23076923076923073,0.18333333333333332,"[0.8,1.0]","[0.0,0.4)","[0.0,0.4)"
R-SIM_all,224,7.69897000433602,67,Nc1nc(N)c2[nH]cnc2n1,c1ncc2[nH]cnc2n1,1.0,2g9c,0.6551724137931034,3got,False,True,0.6551724137931034,3got,1.0,0.6551724137931034,"[0.8,1.0]","[0.6,0.8)","[0.6,0.8)"
R-SIM_all,740,4.30102999566398,100,Cc1ncc(C[n+]2csc(CCO)c2C)c(N)n1,c1ncc(C[n+]2ccsc2)cn1,0.62,2cky,0.6923076923076923,2hom,False,True,0.62,2cky,0.62,0.6428571428571429,"[0.6,0.8)","[0.6,0.8)","[0.6,0.8)"
R-SIM_all,1181,4.85387196432176,25,NC(=[NH2+])c1ccc(Nc2ccc(-c3cc4ccc(C(N)=[NH2+])cc4[nH]3)cc2)cc1,c1ccc(Nc2ccc(-c3cc4ccccc4[nH]3)cc2)cc1,0.96,1ei2,0.16363636363636364,6jjh,False,False,0.16363636363636364,6jjh,0.36,0.16363636363636364,"[0.8,1.0]","[0.0,0.4)","[0.0,0.4)"
R-SIM_all,216,3.3010299956639804,42,Cn1cnc2[nH]c(=O)[nH]c(=O)c21,O=c1[nH]c(=O)c2[nH]cnc2[nH]1,0.6428571428571428,1eht,0.32432432432432434,3gao,False,True,0.32432432432432434,3gao,0.4328358208955224,0.32432432432432434,"[0.6,0.8)","[0.0,0.4)","[0.0,0.4)"
R-SIM_all,385,7.30102999566398,36,CN(C)c1ccc(C(=C2C=CC(=[N+](C)C)C=C2)c2ccccc2)cc1.[Cl-],[N+]=C1C=CC(=C(c2ccccc2)c2ccccc2)C=C1,1.0,1raw,0.96875,1q8n,False,True,0.39473684210526316,1q8n,0.39473684210526316,0.96875,"[0.8,1.0]","[0.8,1.0]","[0.0,0.4)"
R-SIM_all,804,7.397940008672039,34,NCC1OC(OC2C(CO)OC(OC3C(O)C(N)CC(N)C3OC3OC(CO)C(O)C(O)C3N)C2O)C(N)C(O)C1O,C1CCC(OC2COC(OC3CCCCC3OC3CCCCO3)C2)OC1,0.5,1duh,1.0,1fyp,False,True,0.5,3c44,0.5,1.0,"[0.4,0.6)","[0.8,1.0]","[0.4,0.6)"
R-SIM_all,1351,5.0,29,CCOc1ccc(NCC(O)Cn2c(C)c(C)c3cc(Br)ccc32)cc1,c1ccc(NCCCn2ccc3ccccc32)cc1,0.5588235294117647,1nbk,0.1875,3f4g,False,False,0.1875,3f4g,0.3928571428571429,0.1875,"[0.4,0.6)","[0.0,0.4)","[0.0,0.4)"
R-SIM_all,1809,6.661543506395401,74,NCCCC(=O)NCCCN1Cc2ccc3ccc(nc3n2)NC(=O)OCC/C=C/CCOC(=O)Nc2ccc3ccc(nc3n2)C1,O=C1Nc2ccc3ccc(nc3n2)CNCc2ccc3ccc(nc3n2)NC(=O)OCCC=CCCO1,0.527027027027027,3f4e,0.5,6qiq,False,False,0.1927710843373494,6izp,0.33783783783783783,0.1927710843373494,"[0.4,0.6)","[0.4,0.6)","[0.0,0.4)"
R-SIM_all,2473,6.20065945054642,29,NCC1OC(OC2C(CO)OC(OC3C(O)C(N)CC(N)C3OC3OC(CN)C(O)C(O)C3N)C2O)C(N)C(O)C1O,C1CCC(OC2COC(OC3CCCCC3OC3CCCCO3)C2)OC1,0.7241379310344828,1fyp,1.0,1ei2,False,True,0.7241379310344828,1fyp,0.7241379310344828,0.9761904761904762,"[0.6,0.8)","[0.8,1.0]","[0.6,0.8)"
R-SIM_all,2079,5.59345981956604,17,Cc1cc(C)c(Cn2cc(CCCO[C@H]3[C@H](O)[C@@H](O)[C@H](N)C[C@H]3N)nn2)c(C)c1Cn1cc(CCCO[C@@H]2[C@H](O)[C@H](O)[C@@H](N)C[C@H]2N)nn1,c1cc(Cn2cc(CCCOC3CCCCC3)nn2)cc(Cn2cc(CCCOC3CCCCC3)nn2)c1,0.6470588235294117,5v1l,0.25,2et8,False,False,0.25,2et8,0.5238095238095238,0.25,"[0.6,0.8)","[0.0,0.4)","[0.0,0.4)"
R-SIM_all,1097,7.87942606879415,36,C[C@@H](C(=O)N(C)[C@@H](C)C(=O)N(C)[C@@H](C)C(=O)N(C)[C@@H](C)C(=O)N(CCCCN(C)C(=O)CCCOc1cccc(-c2nc3cc(-c4nc5cc(N6CC[NH+](C)CC6)ccc5[nH]4)ccc3[nH]2)c1)CC(N)=O)N(C)C(=O)CCCOc1cccc(-c2nc3cc(-c4nc5cc(N6CC[NH+](C)CC6)ccc5[nH]4)ccc3[nH]2)c1,O=C(CCCOc1cccc(-c2nc3cc(-c4nc5cc(N6CC[NH2+]CC6)ccc5[nH]4)ccc3[nH]2)c1)NCCCCNC(=O)CNC(=O)CNC(=O)CNC(=O)CNC(=O)CCCOc1cccc(-c2nc3cc(-c4nc5cc(N6CC[NH2+]CC6)ccc5[nH]4)ccc3[nH]2)c1,0.6111111111111112,6az4,0.20408163265306123,6e1v,False,False,0.20408163265306123,6e1v,0.41666666666666663,0.20408163265306123,"[0.6,0.8)","[0.0,0.4)","[0.0,0.4)"
R-SIM_all,1310,4.79588001734408,15,CC[NH+]1CCN(c2ccc3cc(-c4cn5cc(C)nc(C)c5n4)c(=O)oc3c2)C[C@@H]1C,O=c1oc2cc(N3CC[NH2+]CC3)ccc2cc1-c1cn2ccncc2n1,0.6666666666666667,1koc,0.2696629213483146,6hmo,False,False,0.2696629213483146,6hmo,0.6,0.2696629213483146,"[0.6,0.8)","[0.0,0.4)","[0.0,0.4)"
R-SIM_all,1584,4.04575749056068,43,NCC1OC(OC2C(N)CC(N)C(O)C2OC2OC(CO)C(O)C2O)C(N)C(O)C1O,C1CCC(OC2CCCCC2OC2CCCO2)OC1,0.5116279069767442,1ei2,1.0,2et5,False,True,0.5116279069767442,1ei2,0.5116279069767442,0.8837209302325582,"[0.4,0.6)","[0.8,1.0]","[0.4,0.6)"
R-SIM_all,2501,5.744727494896691,29,CC(=O)c1ccc(NC(=O)OC[C@H]2OC(=O)N[C@H]2CN2CCN(c3ccccc3)CC2)cc1,O=C(Nc1ccccc1)OCC1OC(=O)NC1CN1CCN(c2ccccc2)CC1,0.6388888888888888,1raw,0.19047619047619047,1lvj,False,False,0.19047619047619047,1lvj,0.4838709677419355,0.19047619047619047,"[0.6,0.8)","[0.0,0.4)","[0.0,0.4)"
R-SIM_all,1816,8.690369832574099,59,NCCCC(=O)NCCCN1Cc2ccc3ccc(nc3n2)NC(=O)OCC/C=C/CCOC(=O)Nc2ccc3ccc(nc3n2)C1,O=C1Nc2ccc3ccc(nc3n2)CNCc2ccc3ccc(nc3n2)NC(=O)OCCC=CCCO1,0.5593220338983051,5ktj,0.5,6qiq,False,False,0.1927710843373494,6izp,0.4576271186440678,0.1927710843373494,"[0.4,0.6)","[0.4,0.6)","[0.0,0.4)"
R-SIM_all,249,6.0,29,CC(=O)c1c(O)c(C)c(O)c2c1OC1=CC(=O)C(C(C)=O)C(=O)C12C,O=C1C=C2Oc3ccccc3C2C(=O)C1,1.0,1arj,0.15873015873015872,5xi1,False,False,0.15873015873015872,5xi1,0.27586206896551724,0.15873015873015872,"[0.8,1.0]","[0.0,0.4)","[0.0,0.4)"
R-SIM_all,963,5.85387196432176,118,CN(C)CCOc1nc2c(c(=O)n(C)c(=O)n2C)n1C,O=c1[nH]c(=O)c2[nH]cnc2[nH]1,0.5084745762711864,3gx7,0.32608695652173914,1eht,False,True,0.27118644067796616,1eht,0.27118644067796616,0.32608695652173914,"[0.4,0.6)","[0.0,0.4)","[0.0,0.4)"
R-SIM_all,2355,3.25649023527157,29,N[C@@H]1C[C@H](N)[C@@H](O)[C@H](O)[C@H]1OC[N+]1N=Nc2ncccc21,c1cnc2c(c1)[N+](COC1CCCCC1)N=N2,0.9310344827586207,1byj,0.3114754098360656,6jbf,False,False,0.3114754098360656,6jbf,0.6551724137931034,0.3114754098360656,"[0.8,1.0]","[0.0,0.4)","[0.0,0.4)"
R-SIM_all,359,5.85387196432176,29,NC[C@H]1OC[C@@H](O[C@H]2[C@H](O)[C@@H](O[C@@H]3[C@@H](O)[C@@H](N)C[C@@H](N)[C@H]3O[C@H]3O[C@H](CNCCCc4ccccc4)[C@@H](O)[C@@H](O)[C@@H]3N)O[C@@H]2CO)[C@H](O)[C@H]1O,c1ccc(CCCNCC2CCCC(OC3CCCCC3OC3CC(OC4CCCOC4)CO3)O2)cc1,0.9310344827586207,1byj,0.6172839506172839,3s4p,False,False,0.6172839506172839,3s4p,0.7241379310344828,0.6172839506172839,"[0.8,1.0]","[0.6,0.8)","[0.6,0.8)"
R-SIM_all,118,4.22184874961636,29,Cc1ccc2c(C)cc(N)nc2c1,c1ccc2ncccc2c1,0.9310344827586207,1byj,0.3103448275862069,2g9c,False,False,0.3103448275862069,2g9c,0.3880597014925373,0.3103448275862069,"[0.8,1.0]","[0.0,0.4)","[0.0,0.4)"
R-SIM_all,1017,5.022276394711151,12,O=C1NC(=S)N/C1=C/c1ccc2ccccc2c1,O=C1NC(=S)NC1=Cc1ccc2ccccc2c1,0.5833333333333333,5ux3,0.16326530612244897,2l8h,False,False,0.16326530612244897,2l8h,0.3793103448275862,0.16326530612244897,"[0.4,0.6)","[0.0,0.4)","[0.0,0.4)"
R-SIM_all,633,4.0,29,N[C@@H]1C[C@H](N)[C@@H](O)[C@H](O)[C@H]1OCn1cnc2c(=O)[nH]cnc21,O=c1[nH]cnc2c1ncn2COC1CCCCC1,0.9310344827586207,1byj,0.30120481927710846,5ux3,False,False,0.30120481927710846,5v0h,0.3448275862068966,0.30120481927710846,"[0.8,1.0]","[0.0,0.4)","[0.0,0.4)"
R-SIM_all,1574,5.09691001300806,54,Nc1nc(N)nc(NCCCCNC(=[NH2+])c2ccc(C(=[NH2+])NCCCCNc3nc(N)nc(N)n3)cc2)n1,[NH2+]=C(NCCCCNc1ncncn1)c1ccc(C(=[NH2+])NCCCCNc2ncncn2)cc1,0.5925925925925926,2kx8,0.25,1uud,False,False,0.25,1uud,0.4629629629629629,0.25,"[0.4,0.6)","[0.0,0.4)","[0.0,0.4)"
R-SIM_all,1174,4.71669877129645,30,CCn1c2ccccc2c2cc(/C=C/c3ccc4ccccc4[n+]3C)ccc21,C(=Cc1ccc2ccccc2[nH+]1)c1ccc2[nH]c3ccccc3c2c1,0.5806451612903225,5v3f,0.24242424242424243,6c64,False,False,0.24242424242424243,6c64,0.5,0.24242424242424243,"[0.4,0.6)","[0.0,0.4)","[0.0,0.4)"
R-SIM_all,906,5.1366771398795406,31,COC(=O)C1C(O)CCC2CN3CCc4c([nH]c5ccccc45)C3CC21,c1ccc2c3c([nH]c2c1)C1CC2CCCCC2CN1CC3,0.5161290322580645,6izp,0.1891891891891892,6e1v,False,False,0.1891891891891892,6e1v,0.3548387096774194,0.1891891891891892,"[0.4,0.6)","[0.0,0.4)","[0.0,0.4)"
R-SIM_all,1889,6.49485002168009,75,NC(=O)c1ncn(C2OC(COP(=O)(O)O)C(O)C2O)c1N,c1cn(C2CCCO2)cn1,0.8266666666666667,5btp,1.0,4xw7,False,True,0.8266666666666667,5btp,0.8266666666666667,1.0,"[0.8,1.0]","[0.8,1.0]","[0.8,1.0]"
R-SIM_all,1172,7.0,108,CN[C@@H]1C[C@H]2O[C@@](C)([C@@H]1OC)n1c3ccccc3c3c4c(c5c6ccccc6n2c5c31)C(=O)NC4,O=C1NCc2c1c1c3ccccc3n3c1c1c2c2ccccc2n1C1CCCC3O1,0.5185185185185186,4yaz,0.17204301075268819,6cxz,False,False,0.16161616161616163,6c63,0.2962962962962963,0.16161616161616163,"[0.4,0.6)","[0.0,0.4)","[0.0,0.4)"
R-SIM_all,655,3.3010299956639804,29,Nc1ccc2nc(C3CCNCC3)[nH]c2c1,c1ccc2[nH]c(C3CCNCC3)nc2c1,0.9310344827586207,1byj,0.3076923076923077,2kd4,False,False,0.24137931034482762,2kd4,0.24137931034482762,0.3076923076923077,"[0.8,1.0]","[0.0,0.4)","[0.0,0.4)"
R-SIM_all,265,2.30102999566398,29,CN(C)CCCN1c2ccccc2Sc2ccccc21,c1ccc2c(c1)Nc1ccccc1S2,1.0,1arj,0.6904761904761905,1lvj,False,True,0.6904761904761905,1lvj,0.935483870967742,0.6904761904761905,"[0.8,1.0]","[0.6,0.8)","[0.6,0.8)"
R-SIM_all,156,4.45593195564972,29,CC(=O)C1=CCC2C3CCC4=CC(=O)C=CC4(C)C3=CCC12C,O=C1C=CC2C(=C1)CCC1C2=CCC2C=CCC21,0.9310344827586207,1byj,0.12195121951219512,6cxz,False,False,0.12195121951219512,6cxz,0.24137931034482762,0.12195121951219512,"[0.8,1.0]","[0.0,0.4)","[0.0,0.4)"
R-SIM_all,873,6.11350927482752,64,CC(C)[C@H](NC(=O)[C@@H](CO)NC(=O)CCCN)C(=O)NCc1ccc(Nc2c3ccccc3nc3c(C(=O)N[C@H](CCCNC(=N)N)C(N)=O)cccc23)cc1,c1ccc(Nc2c3ccccc3nc3ccccc23)cc1,0.546875,2au4,0.1875,1nbk,False,False,0.1875,1nbk,0.46875,0.1875,"[0.4,0.6)","[0.0,0.4)","[0.0,0.4)"
R-SIM_all,1846,6.619788758288389,47,NC(=[NH2+])c1ccc(-c2ccc(-c3ccc(-c4ccc(C(N)=[NH2+])cn4)o3)o2)nc1,c1ccc(-c2ccc(-c3ccc(-c4ccccn4)o3)o2)nc1,0.5319148936170213,1nbk,0.17391304347826086,2l94,False,False,0.17391304347826086,2l94,0.44680851063829785,0.17391304347826086,"[0.4,0.6)","[0.0,0.4)","[0.0,0.4)"
R-SIM_all,858,5.53313237964589,28,NCC1OC(OC2C(CO)OC(OC3C(O)C(N)CC(N)C3OC3OC(CN)C(O)C(O)C3N)C2O)C(N)C(O)C1O,C1CCC(OC2COC(OC3CCCCC3OC3CCCCO3)C2)OC1,0.6785714285714286,1fyp,1.0,1ei2,False,True,0.6785714285714286,1fyp,0.6785714285714286,0.9761904761904762,"[0.6,0.8)","[0.8,1.0]","[0.6,0.8)"
R-SIM_all,457,5.337242168318429,200,Cc1c2ccncc2c(C)c2c1[nH]c1ccccc12,c1ccc2c(c1)[nH]c1cc3ccncc3cc12,0.30522088353413657,4y1n,0.24074074074074073,6e1v,False,False,0.09999999999999998,4lx5,0.09999999999999998,0.16326530612244897,"[0.0,0.4)","[0.0,0.4)","[0.0,0.4)"
R-SIM_all,2051,6.65955588515988,29,N=C(N)NCc1ccc(CCNCc2cc(-c3cc4ccccc4s3)ccc2OCCCN)cc1,c1ccc(CCNCc2cccc(-c3cc4ccccc4s3)c2)cc1,1.0,1arj,0.35294117647058826,1uts,False,False,0.35294117647058826,1uts,1.0,0.35294117647058826,"[0.8,1.0]","[0.0,0.4)","[0.0,0.4)"
R-SIM_all,376,5.5686362358410095,29,N[C@@H]1[C@H](O[C@H]2[C@H](OC[C@@H](O)c3ccccc3)[C@H](O[C@H]3[C@@H](O)[C@H](N)C[C@H](N)[C@H]3O[C@@H]3C[C@@H](CO)[C@@H](O)[C@@H](O)[C@H]3N)O[C@@H]2CO)O[C@H](N)[C@H](O)[C@H]1O,c1ccc(CCOC2C(OC3CCCCO3)COC2OC2CCCCC2OC2CCCCC2)cc1,0.9310344827586207,1byj,0.5058823529411764,3s4p,False,False,0.5058823529411764,3s4p,0.7241379310344828,0.5058823529411764,"[0.8,1.0]","[0.4,0.6)","[0.4,0.6)"
R-SIM_all,1905,6.36653154442041,21,Fc1ccc(-c2nnc(-c3nc(NC4CCCCC4)c4ccccc4n3)o2)cc1,c1ccc(-c2nnc(-c3nc(NC4CCCCC4)c4ccccc4n3)o2)cc1,0.5238095238095238,1zz5,0.18823529411764706,6dn1,False,False,0.18823529411764706,6dn1,0.33333333333333337,0.18823529411764706,"[0.4,0.6)","[0.0,0.4)","[0.0,0.4)"
R-SIM_all,125,2.0,29,NCCNc1ccc([N+](=O)[O-])cn1,c1ccncc1,0.9310344827586207,1byj,0.16981132075471697,2kgp,False,False,0.16981132075471697,2kgp,0.48275862068965514,0.16981132075471697,"[0.8,1.0]","[0.0,0.4)","[0.0,0.4)"
R-SIM_all,1794,4.69897000433602,60,CN1CCN(c2ccc(-c3ccc4[nH]c(-c5ccc(OCCCC(=O)NCCCN=[N+]=N)cc5)nc4c3)cc2)CC1,c1ccc(-c2nc3cc(-c4ccc(N5CCNCC5)cc4)ccc3[nH]2)cc1,0.5333333333333333,5lys,0.22448979591836735,6hmo,False,False,0.21568627450980393,1uts,0.3833333333333333,0.21568627450980393,"[0.4,0.6)","[0.0,0.4)","[0.0,0.4)"
R-SIM_all,1366,6.096910013008059,29,OC(CNc1ccc2ccccc2c1)Cn1c2ccc(Br)cc2c2cc(Br)ccc21,c1ccc2cc(NCCCn3c4ccccc4c4ccccc43)ccc2c1,0.5588235294117647,1nbk,0.17333333333333334,3f4g,False,False,0.17333333333333334,3f4g,0.3928571428571429,0.17333333333333334,"[0.4,0.6)","[0.0,0.4)","[0.0,0.4)"
R-SIM_all,1918,4.96257350205938,21,NCc1cc(NC(=O)c2ccccn2)cc(-c2nc(C3CCOC3)no2)c1,O=C(Nc1cccc(-c2nc(C3CCOC3)no2)c1)c1ccccn1,0.5238095238095238,1zz5,0.18556701030927836,5c45,False,False,0.18556701030927836,5c45,0.35185185185185186,0.18556701030927836,"[0.4,0.6)","[0.0,0.4)","[0.0,0.4)"
R-SIM_all,104,6.903089986991941,29,NCC1OC(OC2C(N)CC(N)C(OC3OC(CO)C(O)C(N)C3O)C2O)C(O)C(O)C1O,C1CCC(OC2CCCC(OC3CCCCO3)C2)OC1,0.9310344827586207,1byj,1.0,2esi,False,True,0.7241379310344828,1lc4,0.7241379310344828,0.7777777777777778,"[0.8,1.0]","[0.8,1.0]","[0.6,0.8)"
R-SIM_all,865,6.21467016498923,32,NCC1OC(OC2C(CO)OC(OC3C(O)C(N)CC(N)C3OC3OC(CN)C(O)C(O)C3N)C2O)C(N)C(O)C1O,C1CCC(OC2COC(OC3CCCCC3OC3CCCCO3)C2)OC1,0.625,1fyp,1.0,1ei2,False,True,0.625,1fyp,0.625,0.9761904761904762,"[0.6,0.8)","[0.8,1.0]","[0.6,0.8)"
R-SIM_all,1042,5.03151705144607,18,NCCCC[C@H](NC(=O)[C@H](CSSC[C@H](NC(=O)[C@@H]1CCCN1C(=O)c1ccc2c(c1)OCO2)C(=O)N[C@H](CCCCN)C(=O)NCCCN)NC(=O)[C@@H]1CCCN1C(=O)c1ccc2c(c1)OCO2)C(=O)NCCCN,O=C(NCCSSCCNC(=O)C1CCCN1C(=O)c1ccc2c(c1)OCO2)C1CCCN1C(=O)c1ccc2c(c1)OCO2,0.6111111111111112,3b5f,0.19090909090909092,2f4u,False,False,0.19090909090909092,2f4u,0.38095238095238093,0.19090909090909092,"[0.6,0.8)","[0.0,0.4)","[0.0,0.4)"
R-SIM_all,1302,6.28903688100472,18,[NH3+]CCNc1c2c(c(NCC[NH3+])c3occc13)C(=O)c1ccccc1C2=O,O=C1c2ccccc2C(=O)c2cc3occc3cc21,0.5714285714285714,4gpx,0.19298245614035087,2kgp,False,False,0.19298245614035087,2kgp,0.31999999999999995,0.19298245614035087,"[0.4,0.6)","[0.0,0.4)","[0.0,0.4)"
R-SIM_all,2467,5.45692576496647,26,NCC1OC(OC2C(N)CC(N)C(OC3OC(CO)C(O)C(N)C3O)C2O)C(N)C(O)C1O,C1CCC(OC2CCCC(OC3CCCCO3)C2)OC1,0.6153846153846154,3gs5,0.8809523809523809,2esi,False,True,0.5925925925925926,1fyp,0.5925925925925926,0.7446808510638298,"[0.6,0.8)","[0.8,1.0]","[0.4,0.6)"
R-SIM_all,1737,5.481486060122111,25,CN1CCN(c2ccc(-c3ccc4nc(-c5ccc(OCCCC(=O)N6CCN(c7nncc8sccc78)CC6)cc5)[nH]c4c3)cc2)CC1,O=C(CCCOc1ccc(-c2nc3ccc(-c4ccc(N5CCNCC5)cc4)cc3[nH]2)cc1)N1CCN(c2nncc3sccc23)CC1,0.6,1xpf,0.2,6hmo,False,False,0.2,6hmo,0.4,0.2,"[0.6,0.8)","[0.0,0.4)","[0.0,0.4)"
R-SIM_all,338,7.0,29,NC[C@H]1C[C@@H](O)[C@H](N)[C@@H](O[C@H]2CO[C@H](O[C@@H]3[C@H](O)[C@H](N)C[C@@H](N)[C@H]3O[C@H]3O[C@@H](CO)[C@H](O)[C@@H](O)[C@@H]3N)[C@@H]2OCCNCCc2ccccc2)O1,c1ccc(CCNCCOC2C(OC3CCCCO3)COC2OC2CCCCC2OC2CCCCO2)cc1,0.9310344827586207,1byj,0.7088607594936709,3s4p,False,True,0.7088607594936709,3s4p,0.7241379310344828,0.7088607594936709,"[0.8,1.0]","[0.6,0.8)","[0.6,0.8)"
R-SIM_all,324,7.55284196865778,29,NCC1OC(OC2C(CO)OC(OC3C(O)C(N)CC(N)C3OC3OC(CO)C(O)CC3N)C2O)C(N)C(O)C1OC1OC(CO)C(O)C(O)C1O,C1CCC(OC2CCC(OC3COC(OC4CCCCC4OC4CCCCO4)C3)OC2)OC1,0.9310344827586207,1byj,1.0,2esj,False,True,0.7692307692307693,1fyp,0.896551724137931,0.7692307692307693,"[0.8,1.0]","[0.8,1.0]","[0.6,0.8)"
R-SIM_all,690,3.3625102704874905,29,Clc1cc2nc(C3CCNCC3)n(Cc3ccc(Br)cc3)c2cc1Cl,c1ccc(Cn2c(C3CCNCC3)nc3ccccc32)cc1,0.9310344827586207,1byj,0.19696969696969696,2lwk,False,False,0.19696969696969696,2lwk,0.5625,0.19696969696969696,"[0.8,1.0]","[0.0,0.4)","[0.0,0.4)"
R-SIM_all,1434,4.69897000433602,52,CCCN(CC(N)=O)C(=O)CN(CCC)C(=O)CN(CCC)C(=O)CN(CCC)C(=O)CN(CCC)C(=O)CNCc1cn(N=[N+]=Nn2cc(CO)nn2)nn1,c1cn(N=[N+]=Nn2ccnn2)nn1,0.5254237288135593,2miy,0.17204301075268819,3mij,False,False,0.17204301075268819,3mij,0.21153846153846156,0.17204301075268819,"[0.4,0.6)","[0.0,0.4)","[0.0,0.4)"
R-SIM_all,1268,4.0,40,C[NH+]1CCN(c2ccc(-c3ccc4[nH]c(-c5cc(C(C)(C)C)c(OCCCC(=O)NCCCN=[N+]=[N-])c(C(C)(C)C)c5)nc4c3)cc2)CC1,c1ccc(-c2nc3cc(-c4ccc(N5CC[NH2+]CC5)cc4)ccc3[nH]2)cc1,0.56,3npn,0.1891891891891892,1uts,False,False,0.1891891891891892,1uts,0.44999999999999996,0.1891891891891892,"[0.4,0.6)","[0.0,0.4)","[0.0,0.4)"
R-SIM_all,383,5.397940008672039,2922,CSCS(=O)CC(CO)NC(=O)C=Cc1c(C)[nH]c(=O)[nH]c1=O,O=c1cc[nH]c(=O)[nH]1,0.13552361396303902,4faq,0.16279069767441862,21cc,False,True,0.07692307692307693,4e8k,0.13278576317590696,0.07692307692307693,"[0.0,0.4)","[0.0,0.4)","[0.0,0.4)"
R-SIM_all,756,5.25963731050576,36,CCc1nc2ccccc2cc1C(=O)N[C@H](CC(N)=O)C(=O)N[C@H](CSSC[C@@H](NC(=O)[C@H]1CCCN1C(=O)c1cc2ccccc2nc1CC)C(=O)N[C@@H](CCCCN)C(=O)NCCCN)C(=O)N[C@@H](CCCCN)C(=O)NCCCN,O=C(CNC(=O)c1cnc2ccccc2c1)NCCSSCCNC(=O)C1CCCN1C(=O)c1cnc2ccccc2c1,0.6111111111111112,1arj,0.17647058823529413,6dn1,False,False,0.17647058823529413,6dn1,0.40740740740740744,0.17647058823529413,"[0.6,0.8)","[0.0,0.4)","[0.0,0.4)"
R-SIM_all,948,3.7825160557860897,20,COc1ccc2nc3cc(Cl)ccc3c(NCCCCc3c(N)nc(N)nc3N)c2c1,c1ccc2c(NCCCCc3cncnc3)c3ccccc3nc2c1,0.6521739130434783,1xpf,0.23684210526315788,1uud,False,False,0.23684210526315788,1uud,0.4482758620689655,0.23684210526315788,"[0.6,0.8)","[0.0,0.4)","[0.0,0.4)"
R-SIM_all,2482,4.80966830182971,28,NCC1OC(OC2C(CO)OC(OC3C(O)C(N)CC(N)C3OC3OC(CO)C(O)C(O)C3N)C2O)C(N)C(O)C1O,C1CCC(OC2COC(OC3CCCCC3OC3CCCCO3)C2)OC1,0.6785714285714286,1fyp,1.0,1fyp,False,True,0.6785714285714286,1fyp,0.6785714285714286,1.0,"[0.6,0.8)","[0.8,1.0]","[0.6,0.8)"
R-SIM_all,2089,5.511449283499559,18,N[C@@H]1C[C@@H](N)[C@@H](OCCCc2cn(Cc3ccc(Cn4cc(CCCO[C@@H]5[C@H](O)[C@H](O)[C@@H](N)C[C@H]5N)nn4)cc3)nn2)[C@H](O)[C@H]1O,c1cc(Cn2cc(CCCOC3CCCCC3)nn2)ccc1Cn1cc(CCCOC2CCCCC2)nn1,0.6190476190476191,3bnt,0.27419354838709675,2et8,False,False,0.27419354838709675,2et8,0.5238095238095238,0.27419354838709675,"[0.6,0.8)","[0.0,0.4)","[0.0,0.4)"
R-SIM_all,2272,6.928117992693879,71,COc1cccc2c1C(=O)c1c(O)c3c(c(O)c1C2=O)C[C@@](O)(C(=O)CO)C[C@@H]3O[C@H]1C[C@H](N)[C@H](O)[C@H](C)O1,O=C1c2ccccc2C(=O)c2cc3c(cc21)CCCC3OC1CCCCO1,0.5476190476190477,4frg,0.18095238095238095,4gpw,False,False,0.18095238095238095,4gpw,0.2816901408450704,0.18095238095238095,"[0.4,0.6)","[0.0,0.4)","[0.0,0.4)"
R-SIM_all,1882,6.67778070526608,161,O=C1c2ccccc2C(=O)c2c(NCCN3CCOCC3)ccc(NCCN3CCOCC3)c21,O=C1c2ccccc2C(=O)c2c(NCCN3CCOCC3)ccc(NCCN3CCOCC3)c21,0.49689440993788825,4gxy,0.3137254901960784,2kgp,False,False,0.1836734693877551,4e8k,0.3711340206185567,0.1836734693877551,"[0.4,0.6)","[0.0,0.4)","[0.0,0.4)"
R-SIM_all,1397,4.56066730616974,67,CC(=O)Nc1nc(-c2cccc(NC(=O)CCCCc3cn(CC4OC(OC5C(O)C(N)CC(N)C5OC5OC(CN)C(O)C(O)C5N)C(O)C4OC4OC(CN)C(O)C(O)C4N)nn3)c2)cs1,O=C(CCCCc1cn(CC2OC(OC3CCCCC3OC3CCCCO3)CC2OC2CCCCO2)nn1)Nc1cccc(-c2cscn2)c1,0.5074626865671642,2kx8,0.37373737373737376,1ei2,False,False,0.37373737373737376,1i9v,0.4864864864864865,0.37373737373737376,"[0.4,0.6)","[0.0,0.4)","[0.0,0.4)"
R-SIM_all,819,4.0,41,CNC1CC(N)C(O)C(OC2OC(CO)C(O)C3OC4(OC(C(N)CO)C(O)C(O)C4O)OC23)C1O,C1CCC(OC2OCCC3OC4(CCCCO4)OC32)CC1,0.5853658536585367,1eht,0.3472222222222222,2et5,False,False,0.3472222222222222,2et5,0.41463414634146345,0.3472222222222222,"[0.4,0.6)","[0.0,0.4)","[0.0,0.4)"
R-SIM_all,665,3.9100948885606,29,Nc1cccc(-c2nc3ccc([N+](=O)[O-])cc3[nH]2)c1,c1ccc(-c2nc3ccccc3[nH]2)cc1,0.9310344827586207,1byj,0.2391304347826087,2kd4,False,False,0.2391304347826087,2kd4,0.24137931034482762,0.2391304347826087,"[0.8,1.0]","[0.0,0.4)","[0.0,0.4)"
R-SIM_all,2275,8.455931955649719,71,CC1c2cccc(O)c2C(O)=C2C(=O)C3(O)C(O)=C(C(N)=O)C(=O)C(N(C)C)C3CC21,O=C1C=CC2C(=O)C3=Cc4ccccc4CC3CC2C1,0.5476190476190477,4frg,0.1717171717171717,6bfb,False,False,0.1717171717171717,6bfb,0.49295774647887325,0.1717171717171717,"[0.4,0.6)","[0.0,0.4)","[0.0,0.4)"
R-SIM_all,144,3.61618463401957,29,O=C(NCCCN1CCCCC1)c1c(O)c2ccccc2[nH]c1=O,O=C(NCCCN1CCCCC1)c1cc2ccccc2[nH]c1=O,0.9310344827586207,1byj,0.19402985074626866,6e1v,False,False,0.19402985074626866,6e1v,0.4,0.19402985074626866,"[0.8,1.0]","[0.0,0.4)","[0.0,0.4)"
R-SIM_all,1592,4.88605664769316,43,CNC(C)C1CCC(N)C(OC2C(N)CC(N)C(OC3OCC(C)(O)C(NC)C3O)C2O)O1,C1CCC(OC2CCCC(OC3CCCCO3)C2)OC1,0.5,4ts2,0.7,2et3,False,True,0.41860465116279066,4k32,0.41860465116279066,0.6349206349206349,"[0.4,0.6)","[0.6,0.8)","[0.4,0.6)"
R-SIM_all,799,6.15490195998574,29,NCC1OC(OC2C(CO)OC(OC3C(O)C(N)CC(N)C3OC3OC(CN)C(O)C(O)C3N)C2O)C(N)C(O)C1O,C1CCC(OC2COC(OC3CCCCC3OC3CCCCO3)C2)OC1,1.0,1arj,1.0,1ei2,False,True,0.5862068965517242,1fyp,0.5862068965517242,0.9761904761904762,"[0.8,1.0]","[0.8,1.0]","[0.4,0.6)"
R-SIM_all,1874,6.44369749923271,77,O=C1c2ccccc2C(=O)c2c(NCCN3CCOCC3)ccc(NCCN3CCOCC3)c21,O=C1c2ccccc2C(=O)c2c(NCCN3CCOCC3)ccc(NCCN3CCOCC3)c21,0.5510204081632653,4rzd,0.3137254901960784,2kgp,False,False,0.2597402597402597,2kgp,0.2597402597402597,0.3137254901960784,"[0.4,0.6)","[0.0,0.4)","[0.0,0.4)"
R-SIM_all,2457,5.63978538670465,33,NC[C@@H]1O[C@H](O[C@H]2[C@@H](O)[C@H](O[C@H]3O[C@@H](CNc4c5ccccc5nc5ccccc45)[C@H](O)[C@@H](N)[C@@H]3O)[C@@H](N)C[C@H]2N)[C@H](N)C[C@@H]1O,c1ccc2c(NCC3CCCC(OC4CCCC(OC5CCCCO5)C4)O3)c3ccccc3nc2c1,0.5151515151515151,3gs5,0.5873015873015873,1lc4,False,False,0.3939393939393939,1lc4,0.3939393939393939,0.5873015873015873,"[0.4,0.6)","[0.4,0.6)","[0.0,0.4)"
R-SIM_all,142,3.83564714421556,29,Clc1ccc(-c2nnc(NCCN3CCCC3)c3ccccc23)cc1,c1ccc(-c2nnc(NCCN3CCCC3)c3ccccc23)cc1,0.9310344827586207,1byj,0.18518518518518517,1uts,False,False,0.18518518518518517,1uts,0.5172413793103448,0.18518518518518517,"[0.8,1.0]","[0.0,0.4)","[0.0,0.4)"
R-SIM_all,1867,5.387216143280259,47,O=C(O)C1CCc2nc(NCc3ccccc3)nc(NCc3ccccc3)c2C1,c1ccc(CNc2nc3c(c(NCc4ccccc4)n2)CCCC3)cc1,0.5357142857142857,3f4g,0.18072289156626506,5c45,False,False,0.18072289156626506,5c45,0.4629629629629629,0.18072289156626506,"[0.4,0.6)","[0.0,0.4)","[0.0,0.4)"
R-SIM_all,1271,6.179142010560301,60,CN1CCN(c2ccc3nc(-c4ccc5nc(-c6cccc(OCCCC(=O)NCCCN=[N+]=[N-])c6)[nH]c5c4)[nH]c3c2)CC1,c1ccc(-c2nc3ccc(-c4nc5ccc(N6CCNCC6)cc5[nH]4)cc3[nH]2)cc1,0.5333333333333333,5lys,0.21782178217821782,6hmo,False,False,0.19999999999999996,3mij,0.19999999999999996,0.20952380952380953,"[0.4,0.6)","[0.0,0.4)","[0.0,0.4)"
R-SIM_all,2101,8.42021640338319,2897,CCC1OC(=O)C(C)C(OC2CC(C)(OC)C(O)C(C)O2)C(C)C(OC2OC(C)CC(N(C)C)C2O)C(C)(O)CC(C)CN(C)C(C)C(O)C1(C)O,O=C1CC(OC2CCCCO2)CC(OC2CCCCO2)CCCCNCCCCO1,0.13669313082499135,4faq,0.16666666666666666,1nta,False,False,0.07368421052631578,4e8k,0.13393165343458746,0.07368421052631578,"[0.0,0.4)","[0.0,0.4)","[0.0,0.4)"
R-SIM_all,1199,5.07572071393812,16,Cc1c2cc[n+](CC[NH+]3CCCCC3)cc2c(C)c2c1[nH]c1ccc(O)cc12,c1ccc2c(c1)[nH]c1cc3cc[n+](CC[NH+]4CCCCC4)cc3cc12,0.6875,6jjh,0.22857142857142856,5kpy,False,False,0.22535211267605637,5kpy,0.22535211267605637,0.22857142857142856,"[0.6,0.8)","[0.0,0.4)","[0.0,0.4)"
R-SIM_all,153,3.68613277963085,29,COc1cc(NCCCC(C)N)c2cc(OC)ccc2c1,c1ccc2ccccc2c1,0.9310344827586207,1byj,0.265625,1uud,False,True,0.265625,1uud,0.5172413793103448,0.265625,"[0.8,1.0]","[0.0,0.4)","[0.0,0.4)"
R-SIM_all,1894,3.82390874094432,75,NC(=O)c1ncn(CCO)c1N,c1c[nH]cn1,0.8266666666666667,5btp,0.35185185185185186,4xw7,False,False,0.35185185185185186,4xw7,0.56,0.35185185185185186,"[0.8,1.0]","[0.0,0.4)","[0.0,0.4)"
R-SIM_all,259,2.30102999566398,29,Cc1ccc2c(c1)Sc1cc(C)ccc1N2CCCN(C)C,c1ccc2c(c1)Nc1ccccc1S2,1.0,1arj,0.5102040816326531,1lvj,False,True,0.5102040816326531,1lvj,0.935483870967742,0.5102040816326531,"[0.8,1.0]","[0.4,0.6)","[0.4,0.6)"
R-SIM_all,1799,4.721246399047169,32,NC(=[NH2+])c1ccc(Nc2ccc(-c3cc4ccc(C(N)=[NH2+])cc4[nH]3)cc2)cc1,c1ccc(Nc2ccc(-c3cc4ccccc4[nH]3)cc2)cc1,0.59375,1arj,0.16363636363636364,6jjh,False,False,0.16363636363636364,6jjh,0.34375,0.16363636363636364,"[0.4,0.6)","[0.0,0.4)","[0.0,0.4)"
R-SIM_all,639,5.82390874094432,29,NCCCNCCO[C@H]1[C@@H](O)[C@@H](OCSc2ccnc3cc(C(F)(F)F)ccc23)[C@H](N)C[C@@H]1N,c1ccc2c(SCOC3CCCCC3)ccnc2c1,0.9310344827586207,1byj,0.3258426966292135,2bee,False,False,0.3258426966292135,2bee,0.7241379310344828,0.3258426966292135,"[0.8,1.0]","[0.0,0.4)","[0.0,0.4)"
R-SIM_all,2485,5.2006594505464205,28,NCC1OC(OC2C(N)CC(N)C(OC3OC(CO)C(O)C(N)C3O)C2O)C(N)C(O)C1O,C1CCC(OC2CCCC(OC3CCCCO3)C2)OC1,0.6785714285714286,1fyp,0.8809523809523809,2esi,False,True,0.6785714285714286,1fyp,0.6785714285714286,0.7446808510638298,"[0.6,0.8)","[0.8,1.0]","[0.6,0.8)"
R-SIM_all,2387,6.53760200210104,52,,,0.8076923076923077,2l94,0.0,12ci,False,False,0.0,12ci,0.3902439024390244,0.0,"[0.8,1.0]","[0.0,0.4)","[0.0,0.4)"
R-SIM_all,1783,4.88605664769316,29,CC(=O)Nc1nc(-c2cccc(NC(=O)[C@H]3C[C@H](O)[C@@H](COCOC(=O)C(N)CCCN=C(N)N)O3)c2)cs1,O=C(Nc1cccc(-c2cscn2)c1)C1CCCO1,1.0,1arj,0.2072072072072072,3mij,False,False,0.2072072072072072,3mij,0.31034482758620685,0.2072072072072072,"[0.8,1.0]","[0.0,0.4)","[0.0,0.4)"
R-SIM_all,1854,5.6382721639824105,47,CCN(CC)CC(=O)Nc1cccc2c1C(=O)c1c(c(O)c3ccccc3c1O)C2=O,O=C1c2ccccc2C(=O)c2cc3ccccc3cc21,0.5319148936170213,1nbk,0.225,3mij,False,False,0.225,3mij,0.23404255319148937,0.225,"[0.4,0.6)","[0.0,0.4)","[0.0,0.4)"
R-SIM_all,1050,4.67778070526608,18,NCCCC[C@H](NC(=O)[C@H](CSSC[C@H](NC(=O)[C@@H]1CCCN1C(=O)c1ccc2c(c1)OCO2)C(=O)N[C@H](CCCCN)C(=O)NCCCN)NC(=O)[C@@H]1CCCN1C(=O)c1ccc2c(c1)OCO2)C(=O)NCCCN,O=C(NCCSSCCNC(=O)C1CCCN1C(=O)c1ccc2c(c1)OCO2)C1CCCN1C(=O)c1ccc2c(c1)OCO2,0.6086956521739131,1xpf,0.19090909090909092,2f4u,False,False,0.19090909090909092,2f4u,0.4285714285714286,0.19090909090909092,"[0.6,0.8)","[0.0,0.4)","[0.0,0.4)"
R-SIM_all,231,6.52287874528034,202,CC1=C2N=C(C=C3N=C(C(C)=C4[N-]C(C(CC(N)=O)C4(C)CCC(=O)NCC(C)OP(=O)([O-])OC4C(CO)OC(n5cnc6cc(C)c(C)cc65)C4O)C4(C)N=C1C(CCC(N)=O)C4(C)CC(N)=O)C(CCC(N)=O)C3(C)C)C(CCC(N)=O)C2(C)CC(N)=O.[CH2-]C1OC(n2cnc3c(N)ncnc32)C(O)C1O.[Co+3],O=C(CCC1CC2[N-]C1=CC1=NC(=CC3=NC(=CC4=NC2CC4)CC3)CC1)NCCO[PH](=O)OC1COC(n2cnc3ccccc32)C1.c1ncc2ncn(C3CCCO3)c2n1,0.5261044176706827,4y1n,0.48936170212765956,4gma,False,False,0.48936170212765956,4gma,0.5099009900990099,0.48936170212765956,"[0.4,0.6)","[0.4,0.6)","[0.4,0.6)"
R-SIM_all,1945,6.244125144327509,47,COc1cc(C=CC(=O)CC(=O)C=Cc2ccc(O)c(OC)c2)ccc1O,O=C(C=Cc1ccccc1)CC(=O)C=Cc1ccccc1,0.5357142857142857,3f4g,0.23809523809523808,12ci,False,False,0.23809523809523808,12ci,0.4512195121951219,0.23809523809523808,"[0.4,0.6)","[0.0,0.4)","[0.0,0.4)"
R-SIM_all,2096,5.64975198166584,18,N[C@@H]1C[C@@H](N)[C@@H](OCCCc2cn(Cc3cccc(Cn4cc(CCCO[C@@H]5[C@H](O)[C@H](O)[C@@H](N)C[C@H]5N)nn4)n3)nn2)[C@H](O)[C@H]1O,c1cc(Cn2cc(CCCOC3CCCCC3)nn2)nc(Cn2cc(CCCOC3CCCCC3)nn2)c1,0.5789473684210527,5z71,0.26153846153846155,2et8,False,False,0.26153846153846155,2et8,0.47619047619047616,0.26153846153846155,"[0.4,0.6)","[0.0,0.4)","[0.0,0.4)"
R-SIM_all,247,3.568636235841009,29,CCSc1ccc2c(c1)N(CCCN1CCN(C)CC1)c1ccccc1S2,c1ccc2c(c1)Sc1ccccc1N2CCCN1CCNCC1,1.0,1arj,0.4032258064516129,1lvj,False,False,0.4032258064516129,1lvj,0.935483870967742,0.4032258064516129,"[0.8,1.0]","[0.4,0.6)","[0.4,0.6)"
R-SIM_all,2428,7.0,34,CNC1C(O)C(OC2C(N)CC(N)C(OC3OC(CN)CCC3N)C2O)OCC1(C)O,C1CCC(OC2CCCC(OC3CCCCO3)C2)OC1,0.5,1duh,1.0,2et3,False,True,0.4117647058823529,4p3s,0.4117647058823529,0.6031746031746031,"[0.4,0.6)","[0.8,1.0]","[0.4,0.6)"
R-SIM_all,251,6.0,29,CN(CCO)CC(O)Cn1cnc2c1c(=O)n(C)c(=O)n2C,O=c1[nH]c(=O)c2[nH]cnc2[nH]1,1.0,1arj,0.2962962962962963,1eht,False,True,0.2962962962962963,1eht,0.5454545454545454,0.2962962962962963,"[0.8,1.0]","[0.0,0.4)","[0.0,0.4)"
R-SIM_all,1382,3.31425826139774,67,NCC1OC(OC2C(Cn3cc(Cn4cnc5c(N)ncnc54)nn3)OC(OC3C(O)C(N)CC(N)C3OC3OC(CN)C(O)C(O)C3N)C2O)C(N)C(O)C1O,c1ncc2ncn(Cc3cn(CC4OC(OC5CCCCC5OC5CCCCO5)CC4OC4CCCCO4)nn3)c2n1,0.5074626865671642,2kx8,0.4805194805194805,1ei2,False,False,0.4805194805194805,1i9v,0.4864864864864865,0.4805194805194805,"[0.4,0.6)","[0.4,0.6)","[0.4,0.6)"
R-SIM_all,139,3.39685562737982,29,Cc1[nH]c2ccccc2c(=O)c1CN1CCCCCC1,O=c1c(CN2CCCCCC2)c[nH]c2ccccc12,0.9310344827586207,1byj,0.2727272727272727,6e1v,False,False,0.2727272727272727,6e1v,0.4,0.2727272727272727,"[0.8,1.0]","[0.0,0.4)","[0.0,0.4)"
R-SIM_all,2464,5.649558143464941,26,NCC1OC(OC2C(CO)OC(OC3C(O)C(N)CC(N)C3OC3OC(CO)C(O)C(O)C3N)C2O)C(N)C(O)C1O,C1CCC(OC2COC(OC3CCCCC3OC3CCCCO3)C2)OC1,0.6153846153846154,3gs5,1.0,1fyp,False,True,0.5925925925925926,1fyp,0.5925925925925926,1.0,"[0.6,0.8)","[0.8,1.0]","[0.4,0.6)"
R-SIM_all,1613,4.0,26,CC[NH+]1CCN(c2ccc3cc(-c4cn5cc(C)nc(C)c5n4)c(=O)oc3c2)C[C@@H]1C,O=c1oc2cc(N3CC[NH2+]CC3)ccc2cc1-c1cn2ccncc2n1,0.6296296296296297,1f78,0.2696629213483146,6hmo,False,False,0.2696629213483146,6hmo,0.34615384615384615,0.2696629213483146,"[0.6,0.8)","[0.0,0.4)","[0.0,0.4)"
R-SIM_all,1800,4.0,33,NC(=[NH2+])c1ccc(Nc2ccc(-c3cc4ccc(C(N)=[NH2+])cc4[nH]3)cc2)cc1,c1ccc(Nc2ccc(-c3cc4ccccc4[nH]3)cc2)cc1,0.6060606060606061,1tob,0.16363636363636364,6jjh,False,False,0.16363636363636364,6jjh,0.33333333333333337,0.16363636363636364,"[0.6,0.8)","[0.0,0.4)","[0.0,0.4)"
R-SIM_all,1424,6.721246399047169,60,CN1CCN(c2ccc3nc(-c4ccc5nc(-c6cccc(OCCCC(=O)NCCCN=[N+]=[N-])c6)[nH]c5c4)[nH]c3c2)CC1,c1ccc(-c2nc3ccc(-c4nc5ccc(N6CCNCC6)cc5[nH]4)cc3[nH]2)cc1,0.5333333333333333,5lys,0.21782178217821782,6hmo,False,False,0.19999999999999996,3mij,0.19999999999999996,0.20952380952380953,"[0.4,0.6)","[0.0,0.4)","[0.0,0.4)"
R-SIM_all,2424,6.88605664769316,34,NCCC(O)C(=O)NC1CC(N)C(OC2OC(CN)C(O)C(O)C2O)C(O)C1OC1OC(CO)C(O)C(N)C1O,C1CCC(OC2CCCC(OC3CCCCO3)C2)OC1,0.5,1duh,1.0,4p20,False,True,0.45588235294117646,3c44,0.47058823529411764,0.45588235294117646,"[0.4,0.6)","[0.8,1.0]","[0.4,0.6)"
R-SIM_all,389,4.0,1869,NC1CC(N)C(OC2OC(CO)C(O)C(O)C2N)C(O)C1O,C1CCC(OC2CCCCO2)CC1,0.2118780096308186,4faq,0.7894736842105263,2et8,False,True,0.10191082802547771,4gma,0.1027287319422151,0.10191082802547771,"[0.0,0.4)","[0.6,0.8)","[0.0,0.4)"
R-SIM_all,110,3.6382721639824105,29,Nc1nc2ccccc2[nH]1,c1ccc2[nH]cnc2c1,0.9310344827586207,1byj,0.2702702702702703,3rkf,False,False,0.2702702702702703,3rkf,0.417910447761194,0.2702702702702703,"[0.8,1.0]","[0.0,0.4)","[0.0,0.4)"
R-SIM_all,1766,6.71534371721148,40,CN(C)c1ccc2c(-c3ccc(C(=O)NCC4OC(OC5C(N)CC(N)C(OC6OC(CO)C(O)C(N)C6O)C5O)C(N)CC4O)cc3C(=O)O)c3ccc(=[N+](C)C)cc-3oc2c1,[N+]=c1ccc2c(-c3ccc(C(=O)NCC4CCCC(OC5CCCC(OC6CCCCO6)C5)O4)cc3)c3ccccc3oc-2c1,0.675,1tob,0.5164835164835165,6gzk,False,False,0.5164835164835165,6gzk,0.5208333333333333,0.5164835164835165,"[0.6,0.8)","[0.4,0.6)","[0.4,0.6)"
R-SIM_all,814,5.692932049338701,33,NC[C@@H]1O[C@H](O[C@H]2[C@@H](O)[C@H](O[C@H]3O[C@@H](CNc4c5ccccc5nc5ccccc45)[C@H](O)[C@@H](N)[C@@H]3O)[C@@H](N)C[C@H]2N)[C@H](N)C[C@@H]1O,c1ccc2c(NCC3CCCC(OC4CCCC(OC5CCCCO5)C4)O3)c3ccccc3nc2c1,0.48484848484848486,3gs5,0.5873015873015873,1lc4,False,False,0.4242424242424242,1lc4,0.4242424242424242,0.5873015873015873,"[0.4,0.6)","[0.4,0.6)","[0.4,0.6)"
R-SIM_all,2469,5.90483064856825,26,CNC1C(O)C(OC2C(N)CC(N)C(OC3OC(C(C)CCNC(=O)c4ccc(-c5c6ccc(=[N+](C)C)cc-6oc6cc(N(C)C)ccc56)c(C(=O)O)c4)CCC3N)C2O)OCC1(C)O,[N+]=c1ccc2c(-c3ccc(C(=O)NCCCC4CCCC(OC5CCCC(OC6CCCCO6)C5)O4)cc3)c3ccccc3oc-2c1,0.6153846153846154,3gs5,0.44761904761904764,6gzk,False,False,0.41666666666666663,6gzk,0.41666666666666663,0.44761904761904764,"[0.6,0.8)","[0.4,0.6)","[0.4,0.6)"
R-SIM_all,778,5.95860731484177,29,CNC1C(OC2C(OC(=O)c3c(O)ccc4c(C)cc(OC)cc34)C=C3C#CC4(C5COC(=O)O5)OC4C#CCC32)OC(C)C(O)C1O,O=C1OCC(C23C#CC4=CC(OC(=O)c5cccc6ccccc56)C(OC5CCCCO5)C4CC#CC2O3)O1,0.5714285714285714,1ddy,0.17557251908396945,1nta,False,False,0.17557251908396945,1nta,0.5517241379310345,0.17557251908396945,"[0.4,0.6)","[0.0,0.4)","[0.0,0.4)"
R-SIM_all,627,3.55129368009492,29,CO[C@@H]1O[C@H](CN)[C@@H](O[C@@H]2O[C@H](C)[C@H](N)[C@H](O)[C@H]2O)[C@@H](O[C@@H]2O[C@H](CN)[C@H](O)[C@@H](O)[C@@H]2N)[C@H]1N,C1CCC(OC2CCOCC2OC2CCCCO2)OC1,0.9310344827586207,1byj,0.5,2et5,False,False,0.5,2et5,0.7241379310344828,0.5,"[0.8,1.0]","[0.4,0.6)","[0.4,0.6)"
R-SIM_all,1778,5.79588001734408,62,C#CCc1nc(Nc2cc(Nc3ccc4ccccc4n3)ccn2)cc(N2CCN(C)CC2)n1,c1ccc2nc(Nc3ccnc(Nc4cc(N5CCNCC5)ncn4)c3)ccc2c1,0.5211267605633803,5kpy,0.17204301075268819,6hmo,False,False,0.17204301075268819,6hmo,0.17741935483870963,0.17204301075268819,"[0.4,0.6)","[0.0,0.4)","[0.0,0.4)"
R-SIM_all,657,3.7594507517174,29,Clc1cc2nc(C3CCNCC3)[nH]c2cc1Cl,c1ccc2[nH]c(C3CCNCC3)nc2c1,0.9310344827586207,1byj,0.19298245614035087,2lwk,False,False,0.19298245614035087,2lwk,0.5625,0.19298245614035087,"[0.8,1.0]","[0.0,0.4)","[0.0,0.4)"
R-SIM_all,1392,4.79588001734408,67,CC(=O)Nc1nc(-c2cccc(NC(=O)CCc3cn(CC4OC(OC5C(O)C(N)CC(N)C5OC5OC(CN)C(O)C(O)C5N)C(O)C4OC4OC(CN)C(O)C(O)C4N)nn3)c2)cs1,O=C(CCc1cn(CC2OC(OC3CCCCC3OC3CCCCO3)CC2OC2CCCCO2)nn1)Nc1cccc(-c2cscn2)c1,0.5074626865671642,2kx8,0.3854166666666667,1ei2,False,False,0.3854166666666667,1i9v,0.4864864864864865,0.3854166666666667,"[0.4,0.6)","[0.0,0.4)","[0.0,0.4)"
R-SIM_all,2480,5.2518119729938,66,NCC1OC(OC2C(N)CC(N)C(OC3OC(CO)C(O)C(N)C3O)C2O)C(N)C(O)C1O,C1CCC(OC2CCCC(OC3CCCCO3)C2)OC1,0.5657894736842105,2hop,0.8809523809523809,2esi,False,True,0.43243243243243246,1i9v,0.43243243243243246,0.723404255319149,"[0.4,0.6)","[0.8,1.0]","[0.4,0.6)"
R-SIM_all,641,5.6382721639824105,29,NC[C@@H](CO[C@@H]1O[C@H](CN)[C@H](O)[C@@H](O)[C@H]1N)OCc1ccc(-c2ccccc2)cc1,c1ccc(-c2ccc(COCCOC3CCCCO3)cc2)cc1,0.9310344827586207,1byj,0.3625,3s4p,False,False,0.3625,3s4p,0.7241379310344828,0.3625,"[0.8,1.0]","[0.0,0.4)","[0.0,0.4)"
R-SIM_all,1710,4.36653154442041,29,COc1cc2nc(N3CC[NH2+]CC3)nc(N)c2cc1OC,c1ccc2nc(N3CC[NH2+]CC3)ncc2c1,1.0,1arj,0.7209302325581395,2lwk,False,False,0.53125,2lwk,0.53125,0.7209302325581395,"[0.8,1.0]","[0.6,0.8)","[0.4,0.6)"
R-SIM_all,853,6.79588001734408,29,NCC1OC(OC2C(CO)OC(OC3C(O)C(N)CC(N)C3OC3OC(CN)C(O)C(O)C3N)C2O)C(N)C(O)C1O,C1CCC(OC2COC(OC3CCCCC3OC3CCCCO3)C2)OC1,0.6896551724137931,1fyp,1.0,1ei2,False,True,0.6896551724137931,1fyp,0.6896551724137931,0.9761904761904762,"[0.6,0.8)","[0.8,1.0]","[0.6,0.8)"
R-SIM_all,367,1.78781239559604,29,C[C@@H](NC[C@@H]1O[C@H](O[C@H]2[C@H](O[C@H]3O[C@H](CO)[C@@H](O[C@@H]4CO[C@H](CN)[C@H](O)[C@H]4O)[C@@H]3O)[C@@H](O)[C@@H](N)C[C@H]2N)[C@H](N)[C@@H](O)[C@@H]1O)[C@H](O)c1ccccc1,c1ccc(CCNCC2CCCC(OC3CCCCC3OC3CC(OC4CCCOC4)CO3)O2)cc1,0.9310344827586207,1byj,0.547945205479452,1ei2,False,False,0.547945205479452,2et4,0.7241379310344828,0.547945205479452,"[0.8,1.0]","[0.4,0.6)","[0.4,0.6)"
R-SIM_all,1312,3.79588001734407,15,CC[NH+]1CCN(c2ccc3cc(-c4cn5cc(C)nc(C)c5n4)c(=O)oc3c2)C[C@@H]1C,O=c1oc2cc(N3CC[NH2+]CC3)ccc2cc1-c1cn2ccncc2n1,0.5454545454545454,1nta,0.2696629213483146,6hmo,False,False,0.2666666666666667,6hmo,0.2666666666666667,0.2696629213483146,"[0.4,0.6)","[0.0,0.4)","[0.0,0.4)"
R-SIM_all,233,6.1366771398795406,29,CNC1C(O)C(OC2C(N)CC(N)C(OC3OC(CN)=CCC3N)C2O)OCC1(C)O,C1=COC(OC2CCCC(OC3CCCCO3)C2)CC1,1.0,1arj,1.0,4f8u,False,True,0.5517241379310345,4gpw,0.5517241379310345,0.8596491228070176,"[0.8,1.0]","[0.8,1.0]","[0.4,0.6)"
R-SIM_all,1578,5.09691001300806,43,NC[C@@H]1O[C@H](O[C@H]2[C@@H](O)[C@H](O[C@H]3O[C@@H](CNc4c5ccccc5nc5ccccc45)[C@H](O)[C@@H](N)[C@@H]3O)[C@@H](N)C[C@H]2N)[C@H](N)C[C@@H]1O,c1ccc2c(NCC3CCCC(OC4CCCC(OC5CCCCO5)C4)O3)c3ccccc3nc2c1,0.5116279069767442,1ei2,0.5873015873015873,1lc4,False,False,0.3974358974358974,2fd0,0.4418604651162791,0.3974358974358974,"[0.4,0.6)","[0.4,0.6)","[0.0,0.4)"
R-SIM_all,354,5.2006594505464205,29,NCCCCNC[C@H]1O[C@H](O[C@H]2[C@H](O[C@H]3O[C@H](CO)[C@@H](O[C@@H]4CO[C@@H](CN)[C@H](O)[C@H]4O)[C@@H]3O)[C@@H](O)[C@@H](N)C[C@H]2N)[C@H](N)[C@H](O)[C@@H]1O,C1CCC(OC2CCCCC2OC2CC(OC3CCCOC3)CO2)OC1,0.9310344827586207,1byj,0.6451612903225806,1ei2,False,False,0.6451612903225806,2et4,0.7241379310344828,0.6451612903225806,"[0.8,1.0]","[0.6,0.8)","[0.6,0.8)"
R-SIM_all,790,3.10237290870956,29,CNC1C(OC2C(OC3C(O)C(O)C(N=C(N)N)C(O)C3N=C(N)N)OC(C)C2(O)C=O)OC(CO)C(O)C1O,C1CCC(OC2OCCC2OC2CCCCO2)CC1,0.6388888888888888,1raw,0.676056338028169,1nta,False,True,0.4482758620689655,1nta,0.4482758620689655,0.676056338028169,"[0.6,0.8)","[0.6,0.8)","[0.4,0.6)"
R-SIM_all,269,2.52287874528034,29,CC(=O)c1ccc2c(c1)N(CCCCCN1CCC[C@@H](CO)C1)c1ccccc1S2,c1ccc2c(c1)Sc1ccccc1N2CCCCCN1CCCCC1,1.0,1arj,0.5645161290322581,1lvj,False,False,0.5645161290322581,1lvj,0.935483870967742,0.5645161290322581,"[0.8,1.0]","[0.4,0.6)","[0.4,0.6)"
R-SIM_all,2063,6.20065945054642,14,Cc1cc(C)c(Cn2cc(CCCO[C@H]3[C@H](O)[C@@H](O)[C@H](N)C[C@H]3N)nn2)c(C)c1Cn1cc(CCCO[C@@H]2[C@H](O)[C@H](O)[C@@H](N)C[C@H]2N)nn1,c1cc(Cn2cc(CCCOC3CCCCC3)nn2)cc(Cn2cc(CCCOC3CCCCC3)nn2)c1,0.7142857142857143,2bcy,0.25,2et8,False,False,0.25,2et8,0.47619047619047616,0.25,"[0.6,0.8)","[0.0,0.4)","[0.0,0.4)"
R-SIM_all,1003,4.35654732351381,118,Cc1cccn2c(=O)c3cc(C(=O)N4CCN(C)CC4)c(=N)n(C[C@H]4CCCO4)c3nc12,N=c1c(C(=O)N2CCNCC2)cc2c(=O)n3ccccc3nc2n1CC1CCCO1,0.5084745762711864,3gx7,0.2,6hmo,False,False,0.17647058823529413,6dn2,0.3813559322033898,0.17647058823529413,"[0.4,0.6)","[0.0,0.4)","[0.0,0.4)"
R-SIM_all,1006,5.49485002168009,24,COc1ccc(NCc2ccc([N+](=O)[O-])s2)cc1OC,c1ccc(NCc2cccs2)cc1,0.5,2juk,0.20754716981132076,2l8h,False,False,0.20754716981132076,2l8h,0.3793103448275862,0.20754716981132076,"[0.4,0.6)","[0.0,0.4)","[0.0,0.4)"
R-SIM_all,2134,5.709965388637481,38,CN(C)c1ccc2c(-c3ccccc3)c3ccc(=[N+](C)C)cc-3oc2c1,[N+]=c1ccc2c(-c3ccccc3)c3ccccc3oc-2c1,0.868421052631579,1q8n,1.0,1f1t,True,True,0.8421052631578947,1f1t,0.8421052631578947,1.0,"[0.8,1.0]","[0.8,1.0]","[0.8,1.0]"
R-SIM_all,2479,5.08092190762393,66,NCC1OC(OC2C(CO)OC(OC3C(O)C(N)CC(N)C3OC3OC(CO)C(O)C(O)C3N)C2O)C(N)C(O)C1O,C1CCC(OC2COC(OC3CCCCC3OC3CCCCO3)C2)OC1,0.5657894736842105,2hop,1.0,1fyp,False,True,0.43243243243243246,1i9v,0.43243243243243246,0.9761904761904762,"[0.4,0.6)","[0.8,1.0]","[0.4,0.6)"
R-SIM_all,100,5.455931955649719,29,CN(C)C1C(=O)C(C(N)=O)=C(O)C2(O)C(=O)C3=C(O)c4c(O)cccc4C(C)(O)C3CC12,O=C1C=CC2C(=O)C3=Cc4ccccc4CC3CC2C1,0.9310344827586207,1byj,0.16,6bfb,False,False,0.16,6bfb,0.42592592592592593,0.16,"[0.8,1.0]","[0.0,0.4)","[0.0,0.4)"
R-SIM_all,2451,6.07109230975605,33,CNC1C(O)C(OC2C(N)CC(N)C(OC3OC(C(C)CCNC(=O)c4ccc(-c5c6ccc(=[N+](C)C)cc-6oc6cc(N(C)C)ccc56)c(C(=O)O)c4)CCC3N)C2O)OCC1(C)O,[N+]=c1ccc2c(-c3ccc(C(=O)NCCCC4CCCC(OC5CCCC(OC6CCCCO6)C5)O4)cc3)c3ccccc3oc-2c1,0.48484848484848486,3gs5,0.44761904761904764,6gzk,False,False,0.44761904761904764,6gzk,0.45833333333333337,0.44761904761904764,"[0.4,0.6)","[0.4,0.6)","[0.4,0.6)"
R-SIM_all,351,5.44369749923271,29,NC[C@H]1OC[C@@H](O[C@H]2[C@H](O)[C@@H](O[C@@H]3[C@@H](O)[C@@H](N)C[C@@H](N)[C@H]3O[C@H]3O[C@@H](CCN4CCOCC4)[C@@H](O)[C@H](O)[C@H]3N)O[C@@H]2CO)[C@H](O)[C@H]1O,C1COCC(OC2COC(OC3CCCCC3OC3CCCC(CCN4CCOCC4)O3)C2)C1,0.9310344827586207,1byj,0.625,1ei2,False,False,0.625,2et4,0.7241379310344828,0.625,"[0.8,1.0]","[0.6,0.8)","[0.6,0.8)"
R-SIM_all,392,8.0,94,C[S+](CCC(N)C(=O)[O-])CC1OC(n2cnc3c(N)ncnc32)C(O)C1O,c1ncc2ncn(C3CCCO3)c2n1,1.0,2gis,1.0,2gis,False,True,1.0,2gis,1.0,1.0,"[0.8,1.0]","[0.8,1.0]","[0.8,1.0]"
R-SIM_all,1564,5.397940008672039,36,CCCN(CC(=O)N(CCC)CC(=O)N(CC(N)=O)Cc1cn(CCCNC(=N)c2ccc(-c3ccc(-c4ccc(C(=N)N)cc4)o3)cc2)nn1)C(=O)CNCc1cn(CCCNC(=N)c2ccc(-c3ccc(-c4ccc(C(=N)N)cc4)o3)cc2)nn1,N=C(NCCCn1cc(CNCC(=O)NCC(=O)NCC(=O)NCc2cn(CCCNC(=N)c3ccc(-c4ccc(-c5ccccc5)o4)cc3)nn2)nn1)c1ccc(-c2ccc(-c3ccccc3)o2)cc1,0.5555555555555556,5bjo,0.1782178217821782,1uud,False,False,0.1782178217821782,1uud,0.4722222222222222,0.1782178217821782,"[0.4,0.6)","[0.0,0.4)","[0.0,0.4)"
R-SIM_all,812,6.0565054840939005,33,NCC1OC(OC2C(CO)OC(OC3C(O)C(N)CC(N)C3OC3OC(CN)C(O)C(O)C3N)C2O)C(N)C(O)C1O,C1CCC(OC2COC(OC3CCCCC3OC3CCCCO3)C2)OC1,0.48484848484848486,3gs5,1.0,1ei2,False,True,0.4545454545454546,1fyp,0.4545454545454546,0.9761904761904762,"[0.4,0.6)","[0.8,1.0]","[0.4,0.6)"
R-SIM_all,2121,6.30102999566398,38,CN(C)c1ccc2c(-c3ccccc3)c3ccc(=[N+](C)C)cc-3oc2c1,[N+]=c1ccc2c(-c3ccccc3)c3ccccc3oc-2c1,0.868421052631579,1q8n,1.0,1f1t,True,True,0.8421052631578947,1f1t,0.8421052631578947,1.0,"[0.8,1.0]","[0.8,1.0]","[0.8,1.0]"
R-SIM_all,93,4.6382721639824105,35,Cc1cc2nc3c(=O)[nH]c(=O)nc-3n(CC(O)C(O)C(O)COP(=O)(O)OP(=O)(O)OCC3OC(n4cnc5c(N)ncnc54)C(O)C3O)c2cc1C,O=c1nc2n(CCCCCO[PH](=O)O[PH](=O)OCC3CCC(n4cnc5cncnc54)O3)c3ccccc3nc-2c(=O)[nH]1,1.0,1fmn,0.5494505494505495,1fmn,False,False,0.5494505494505495,1fmn,1.0,0.5494505494505495,"[0.8,1.0]","[0.4,0.6)","[0.4,0.6)"
R-SIM_all,1253,5.619788758288389,29,Cc1ccc2c(N)c(C(=O)Nc3cccc(C(F)(F)F)c3)sc2n1,O=C(Nc1ccccc1)c1cc2cccnc2s1,1.0,1arj,0.20833333333333334,6izp,False,False,0.20833333333333334,6izp,0.3448275862068966,0.20833333333333334,"[0.8,1.0]","[0.0,0.4)","[0.0,0.4)"
R-SIM_all,1963,5.79588001734408,28,COc1cc(C=CC(=O)CC(=O)C=Cc2ccc(O)c(OC)c2)ccc1O,O=C(C=Cc1ccccc1)CC(=O)C=Cc1ccccc1,0.6071428571428572,3bnq,0.23809523809523808,12ci,False,False,0.23809523809523808,12ci,0.31707317073170727,0.23809523809523808,"[0.6,0.8)","[0.0,0.4)","[0.0,0.4)"
R-SIM_all,1427,5.1249387366083,46,CN1CCN(c2ccc3nc(-c4ccc5[nH]c(-c6cc(C(C)(C)C)c(OCCCC(=O)NCCCN=[N+]=N)c(C(C)(C)C)c6)nc5c4)[nH]c3c2)CC1,c1ccc(-c2nc3cc(-c4nc5ccc(N6CCNCC6)cc5[nH]4)ccc3[nH]2)cc1,0.5434782608695652,2l1v,0.205607476635514,6hmo,False,False,0.205607476635514,6hmo,0.21739130434782605,0.205607476635514,"[0.4,0.6)","[0.0,0.4)","[0.0,0.4)"
R-SIM_all,929,3.0,18,N[C@@H]1C[C@H](N)[C@@H](O)[C@H](O)[C@H]1OCc1ccc(CCc2ccc(CO)cc2)cc1,c1ccc(CCc2ccc(COC3CCCCC3)cc2)cc1,0.6190476190476191,3bnt,0.3275862068965517,2o3v,False,False,0.3275862068965517,2o3v,0.5,0.3275862068965517,"[0.6,0.8)","[0.0,0.4)","[0.0,0.4)"
R-SIM_all,1208,6.721246399047169,55,Nc1cccc(-c2nc3ccc(-c4ccc5nc(-c6cccc(N)c6)[nH]c5c4)cc3[nH]2)c1,c1ccc(-c2nc3ccc(-c4ccc5nc(-c6ccccc6)[nH]c5c4)cc3[nH]2)cc1,0.5454545454545454,2cky,0.2894736842105263,2kd4,False,False,0.19148936170212766,2l8h,0.38181818181818183,0.19148936170212766,"[0.4,0.6)","[0.0,0.4)","[0.0,0.4)"
R-SIM_all,143,3.84466396253494,29,Cc1ccc(-c2nc(CN3CCCCC3)cc(CN3CCCCC3)c2O)cc1,c1ccc(-c2cc(CN3CCCCC3)cc(CN3CCCCC3)n2)cc1,0.9310344827586207,1byj,0.22413793103448276,5ob3,False,False,0.22413793103448276,5ob3,0.37681159420289856,0.22413793103448276,"[0.8,1.0]","[0.0,0.4)","[0.0,0.4)"
R-SIM_all,283,7.0,2922,COc1ccc(CC2NCC(O)C2OC(C)=O)cc1,c1ccc(CC2CCCN2)cc1,0.13552361396303902,4faq,0.19444444444444445,2dqo,False,False,0.07017543859649122,4e8k,0.13278576317590696,0.07017543859649122,"[0.0,0.4)","[0.0,0.4)","[0.0,0.4)"
R-SIM_all,2430,7.397940008672039,34,CNC1C(O)C(OC2C(N)CC(N)C(OC3OC(CN)=CCC3N)C2O)OCC1(C)O,C1=COC(OC2CCCC(OC3CCCCO3)C2)CC1,0.5,1duh,1.0,4f8u,False,True,0.4117647058823529,4p3s,0.4117647058823529,0.5522388059701493,"[0.4,0.6)","[0.8,1.0]","[0.4,0.6)"
R-SIM_all,1130,7.46852108295774,22,CCc1nc2cc3ccccc3cc2cc1C(=O)N(C)[C@@H](C/C=C/C[C@@H](C(=O)N1CCC[C@H]1C(=O)N(C)[C@@H](Cc1ccccc1)C(=O)NCCC[NH3+])N(C)C(=O)c1cc2cc3ccccc3cc2nc1CC)C(=O)N1CCC[C@H]1C(=O)N(C)[C@@H](Cc1ccccc1)C(=O)NCCC[NH3+],O=C(NC(CC=CCC(NC(=O)c1cnc2cc3ccccc3cc2c1)C(=O)N1CCCC1C(=O)NCCc1ccccc1)C(=O)N1CCCC1C(=O)NCCc1ccccc1)c1cnc2cc3ccccc3cc2c1,1.0,2juk,0.1826086956521739,5c45,False,False,0.1826086956521739,5c45,0.35185185185185186,0.1826086956521739,"[0.8,1.0]","[0.0,0.4)","[0.0,0.4)"
R-SIM_all,791,4.30102999566398,29,NCC1OC(OC2C(CO)OC(OC3C(O)C(N)CC(N)C3OC3OC(CO)C(O)C(O)C3N)C2O)C(N)C(O)C1O,C1CCC(OC2COC(OC3CCCCC3OC3CCCCO3)C2)OC1,0.6388888888888888,1raw,1.0,1fyp,False,True,0.5517241379310345,1fyp,0.5517241379310345,1.0,"[0.6,0.8)","[0.8,1.0]","[0.4,0.6)"
R-SIM_all,121,3.22184874961636,29,Cc1cccnc1NCCN,c1ccncc1,0.9310344827586207,1byj,0.19642857142857142,2hop,False,False,0.19642857142857142,2hop,0.32894736842105265,0.19642857142857142,"[0.8,1.0]","[0.0,0.4)","[0.0,0.4)"
R-SIM_all,1805,5.79588001734408,29,Cc1nc2nc(NCCCCN)ccc2c(C)c1C,c1cnc2ncccc2c1,0.9310344827586207,1byj,0.2542372881355932,6izp,False,False,0.2542372881355932,6izp,0.48275862068965514,0.2542372881355932,"[0.8,1.0]","[0.0,0.4)","[0.0,0.4)"
R-SIM_all,398,6.221848749616361,80,Cc1ncc(C[n+]2csc(CCOP(=O)(O)OP(=O)([O-])O)c2C)c(N)n1,c1ncc(C[n+]2ccsc2)cn1,0.975,2gdi,0.8596491228070176,2cky,False,True,0.8596491228070176,2hoj,0.9125,0.8596491228070176,"[0.8,1.0]","[0.8,1.0]","[0.8,1.0]"
R-SIM_all,396,8.88605664769316,2897,CCC1OC(=O)C(C)C(=O)C(C)C(OC2OC(C)CC(N(C)C)C2O)C(C)(OC)CC(C)C(=O)C(C)C2N(CCCCn3cnc(-c4cccnc4)c3)C(=O)OC12C,O=C1CC(=O)OCC2OC(=O)N(CCCCn3cnc(-c4cccnc4)c3)C2CC(=O)CCCC(OC2CCCCO2)C1,0.13669313082499135,4faq,0.15503875968992248,3mij,False,False,0.06627545736969276,4gma,0.06627545736969276,0.1201923076923077,"[0.0,0.4)","[0.0,0.4)","[0.0,0.4)"
R-SIM_all,1146,6.95860731484177,29,CC(=O)Nc1nc(-c2cccc(NC(=O)C(CNC(=O)[C@@H]([NH3+])CCCNC(N)=[NH2+])NC(=O)[C@@H]([NH3+])CCCNC(N)=[NH2+])c2)cs1,c1ccc(-c2cscn2)cc1,1.0,1arj,0.2638888888888889,1aju,False,False,0.2638888888888889,1aju,0.9,0.2638888888888889,"[0.8,1.0]","[0.0,0.4)","[0.0,0.4)"
R-SIM_all,2192,5.0268721464003,48,NCC1OC(OC2C(N)CC(N)C(OC3OC(COC4OC(CO)C(O)C(O)C4N)C(O)C(O)C3N)C2O)C(N)CC1O,C1CCC(OCC2CCCC(OC3CCCC(OC4CCCCO4)C3)O2)OC1,0.5625,6e8u,0.7254901960784313,1lc4,False,False,0.44594594594594594,1i9v,0.44594594594594594,0.5714285714285714,"[0.4,0.6)","[0.6,0.8)","[0.4,0.6)"
R-SIM_all,2148,5.6382721639824105,29,NCC1OC(OC2C(N)CC(N)C(OC3OC(CN)C(O)C(OC4OC(CO)C(N)C(O)C4O)C3O)C2O)C(N)CC1O,C1CCC(OC2CCCC(OC3CC(OC4CCCCO4)CCO3)C2)OC1,0.6111111111111112,6e82,0.7551020408163265,1lc4,False,False,0.5172413793103448,1ei2,0.5172413793103448,0.5925925925925926,"[0.6,0.8)","[0.6,0.8)","[0.4,0.6)"
R-SIM_all,228,4.45593195564972,29,Cc1cc(N(C)C)nc2cc(N)ccc12,c1ccc2ncccc2c1,0.9310344827586207,1byj,0.38235294117647056,2kd4,False,False,0.24137931034482762,2kd4,0.24137931034482762,0.38235294117647056,"[0.8,1.0]","[0.0,0.4)","[0.0,0.4)"
R-SIM_all,666,3.97881070093006,29,NC1CCC(c2nc3ccc([N+](=O)[O-])cc3[nH]2)CC1,c1ccc2[nH]c(C3CCCCC3)nc2c1,0.9310344827586207,1byj,0.1917808219178082,5c7w,False,False,0.1917808219178082,5c7w,0.41538461538461535,0.1917808219178082,"[0.8,1.0]","[0.0,0.4)","[0.0,0.4)"
R-SIM_all,1557,6.42596873227228,55,N=[N+]=NCCCNC(=N)c1ccc(-c2ccc(-c3ccc(C(=N)N)cc3)o2)cc1,c1ccc(-c2ccc(-c3ccccc3)o2)cc1,0.47887323943661975,4lx5,0.19642857142857142,2l94,False,False,0.19642857142857142,2l94,0.38181818181818183,0.19642857142857142,"[0.4,0.6)","[0.0,0.4)","[0.0,0.4)"
R-SIM_all,861,5.903089986991941,29,NCC1OC(OC2C(CO)OC(OC3C(O)C(N)CC(N)C3OC3OC(CN)C(O)C(O)C3N)C2O)C(N)C(O)C1O,C1CCC(OC2COC(OC3CCCCC3OC3CCCCO3)C2)OC1,0.6206896551724138,1fyp,1.0,1ei2,False,True,0.6206896551724138,1fyp,0.6206896551724138,0.9761904761904762,"[0.6,0.8)","[0.8,1.0]","[0.6,0.8)"
R-SIM_all,1771,8.59345981956604,40,NC[C@@H]1O[C@H](O[C@H]2[C@@H](O)[C@H](O[C@H]3O[C@@H](CNc4c5ccccc5nc5ccccc45)[C@H](O)[C@@H](N)[C@@H]3O)[C@@H](N)C[C@H]2N)[C@H](N)C[C@@H]1O,c1ccc2c(NCC3CCCC(OC4CCCC(OC5CCCCO5)C4)O3)c3ccccc3nc2c1,0.65,1tob,0.5873015873015873,1lc4,False,False,0.4,1lc4,0.4,0.5873015873015873,"[0.6,0.8)","[0.4,0.6)","[0.4,0.6)"
R-SIM_all,149,3.4672456210075,29,Cc1ccc2[nH]c3c(=O)n(CCN4CCCC4)cnc3c2c1,O=c1c2[nH]c3ccccc3c2ncn1CCN1CCCC1,0.9310344827586207,1byj,0.2033898305084746,1eht,False,False,0.2033898305084746,1eht,0.48484848484848486,0.2033898305084746,"[0.8,1.0]","[0.0,0.4)","[0.0,0.4)"
R-SIM_all,1559,5.397940008672039,36,N=C(N)c1ccc(-c2ccc(-c3ccc(C(=N)N)cc3)o2)cc1,c1ccc(-c2ccc(-c3ccccc3)o2)cc1,0.6111111111111112,6az4,0.2,2l94,False,False,0.2,2l94,0.3555555555555555,0.2,"[0.6,0.8)","[0.0,0.4)","[0.0,0.4)"
R-SIM_all,374,5.82390874094432,29,CC(=O)N(CCO[C@@H]1[C@@H](O[C@H]2[C@@H](O)[C@H](N)C[C@H](N)[C@@H]2O[C@@H]2C[C@H](CO)[C@@H](O)[C@H](O)[C@H]2N)O[C@@H](CO)[C@H]1O[C@H]1O[C@H](N)[C@H](O)[C@@H](O)[C@@H]1N)CCc1ccccc1,c1ccc(CCNCCOC2C(OC3CCCCO3)COC2OC2CCCCC2OC2CCCCC2)cc1,0.9310344827586207,1byj,0.5393258426966292,3s4p,False,False,0.5393258426966292,3s4p,0.7241379310344828,0.5393258426966292,"[0.8,1.0]","[0.4,0.6)","[0.4,0.6)"
R-SIM_all,944,4.85387196432176,33,N=C1N[C@@H]2[C@H](CS[C@H]2CCCCC(=O)NCCOCCOCCN)N1,N=C1NC2CSCC2N1,0.5757575757575757,1f27,0.43820224719101125,6e8u,False,False,0.43243243243243246,6e8u,0.43243243243243246,0.43820224719101125,"[0.4,0.6)","[0.4,0.6)","[0.4,0.6)"
R-SIM_all,241,7.259637310505759,29,O=C1c2c(O)ccc(O)c2C(=O)c2c(NCCNCCO)ccc(NCCNCCO)c21,O=C1c2ccccc2C(=O)c2ccccc21,1.0,1arj,1.0,2kgp,True,True,0.5517241379310345,2kgp,0.5517241379310345,1.0,"[0.8,1.0]","[0.8,1.0]","[0.4,0.6)"
R-SIM_all,997,5.769551078621731,118,O=[N+]([O-])c1ccc(SCCO)c2ncccc12,c1ccc2ncccc2c1,0.5084745762711864,3gx7,0.1917808219178082,5c7w,False,False,0.1917808219178082,5c7w,0.4067796610169492,0.1917808219178082,"[0.4,0.6)","[0.0,0.4)","[0.0,0.4)"
R-SIM_all,859,5.75696195131371,28,NCC1OC(OC2C(CO)OC(OC3C(O)C(N)CC(N)C3OC3OC(CN)C(O)C(O)C3N)C2O)C(N)C(O)C1O,C1CCC(OC2COC(OC3CCCCC3OC3CCCCO3)C2)OC1,0.6785714285714286,1fyp,1.0,1ei2,False,True,0.6785714285714286,1fyp,0.6785714285714286,0.9761904761904762,"[0.6,0.8)","[0.8,1.0]","[0.6,0.8)"
R-SIM_all,321,7.0,29,NC[C@@H]1O[C@H](O[C@H]2[C@@H](O)[C@H](O[C@H]3O[C@@H](CNc4c5ccccc5nc5ccccc45)[C@H](O)[C@@H](N)[C@@H]3O)[C@@H](N)C[C@H]2N)[C@H](N)C[C@@H]1O,c1ccc2c(NCC3CCCC(OC4CCCC(OC5CCCCO5)C4)O3)c3ccccc3nc2c1,0.9310344827586207,1byj,0.5873015873015873,1lc4,False,False,0.5873015873015873,1lc4,0.7241379310344828,0.5873015873015873,"[0.8,1.0]","[0.4,0.6)","[0.4,0.6)"
R-SIM_all,1562,5.69897000433602,36,N=C(N)c1ccc(-c2ccc(-c3ccc(C(=N)N)cc3)o2)cc1,c1ccc(-c2ccc(-c3ccccc3)o2)cc1,0.5555555555555556,5bjo,0.2,2l94,False,False,0.2,2l94,0.4,0.2,"[0.4,0.6)","[0.0,0.4)","[0.0,0.4)"
R-SIM_all,1000,4.95467702121334,118,O=C1c2ccccc2C(=O)[C@@H]2C(NCCO)=CC=C(NCCO)[C@@H]12,O=C1c2ccccc2C(=O)C2C=CC=CC12,0.5084745762711864,3gx7,0.2765957446808511,2kgp,False,False,0.211864406779661,2kgp,0.211864406779661,0.2765957446808511,"[0.4,0.6)","[0.0,0.4)","[0.0,0.4)"
R-SIM_all,1420,6.82390874094432,67,CN(c1ccccc1)C1c2ccccc2NC(=NCCCNCCCCNCCCN)C1(C)C,N=C1CC(Nc2ccccc2)c2ccccc2N1,0.5074626865671642,2kx8,0.26,1j8g,False,False,0.26,1xpf,0.29850746268656714,0.26,"[0.4,0.6)","[0.0,0.4)","[0.0,0.4)"
R-SIM_all,844,4.82390874094432,40,NCCC(O)C(=O)NC1CC(N)C(OC2OC(CN)C(O)C(O)C2O)C(O)C1OC1OC(CO)C(O)C(N)C1O,C1CCC(OC2CCCC(OC3CCCCO3)C2)OC1,0.55,1ddy,1.0,4p20,False,True,0.475,2kxm,0.475,0.49230769230769234,"[0.4,0.6)","[0.8,1.0]","[0.4,0.6)"
R-SIM_all,246,7.30102999566398,29,NCCCOc1ccc(-c2ccc3[nH]ccc3c2)cc1CNCCN1CCNCC1,c1cc(CNCCN2CCNCC2)cc(-c2ccc3[nH]ccc3c2)c1,1.0,1arj,1.0,1uts,True,True,1.0,1uts,1.0,1.0,"[0.8,1.0]","[0.8,1.0]","[0.8,1.0]"
R-SIM_all,815,5.660548558693559,33,NCC1OC(OC2C(N)CC(N)C(OC3OC(CO)C(O)C(N)C3O)C2O)C(N)C(O)C1O,C1CCC(OC2CCCC(OC3CCCCO3)C2)OC1,0.48484848484848486,3gs5,0.8809523809523809,2esi,False,True,0.4545454545454546,1fyp,0.4545454545454546,0.7446808510638298,"[0.4,0.6)","[0.8,1.0]","[0.4,0.6)"
R-SIM_all,2472,6.244125144327509,29,NCC1OC(OC2C(CO)OC(OC3C(O)C(N)CC(N)C3OC3OC(CN)C(O)C(O)C3N)C2O)C(N)C(O)C1O,C1CCC(OC2COC(OC3CCCCC3OC3CCCCO3)C2)OC1,0.7241379310344828,1fyp,1.0,1ei2,False,True,0.7241379310344828,1fyp,0.7241379310344828,0.9761904761904762,"[0.6,0.8)","[0.8,1.0]","[0.6,0.8)"
R-SIM_all,744,5.52287874528034,165,Cc1cc2nc3c(=O)[nH]c(=O)nc-3n(CC(O)C(O)C(O)CO)c2cc1C,O=c1nc2[nH]c3ccccc3nc-2c(=O)[nH]1,0.5393939393939393,3f2q,1.0,3f4g,False,True,0.32727272727272727,3f4e,0.32727272727272727,0.7368421052631579,"[0.4,0.6)","[0.8,1.0]","[0.0,0.4)"
R-SIM_all,40,3.22184874961636,131,Nc1c(S(=O)(=O)O)cc(Nc2ccc(S(=O)(=O)O)c(Nc3nc(Cl)nc(Cl)n3)c2)c2c1C(=O)c1ccccc1C2=O,O=C1c2ccccc2C(=O)c2c(Nc3cccc(Nc4ncncn4)c3)cccc21,0.4961832061068703,4qk9,0.17391304347826086,2l1v,False,False,0.17391304347826086,2l1v,0.2595419847328244,0.17391304347826086,"[0.4,0.6)","[0.0,0.4)","[0.0,0.4)"
R-SIM_all,2150,5.397940008672039,29,NCC1OC(OC2C(N)CC(N)C(OC3OC(COC4OC(CN)C(O)C(O)C4O)C(N)C(O)C3N)C2O)C(N)CC1O,C1CCC(OCC2CCCC(OC3CCCC(OC4CCCCO4)C3)O2)OC1,0.6111111111111112,6e82,0.6,1lc4,False,False,0.4915254237288136,1ei2,0.5172413793103448,0.4915254237288136,"[0.6,0.8)","[0.6,0.8)","[0.4,0.6)"
R-SIM_all,323,5.769551078621731,29,NCC1OC(OC2C(N)CC(N)C(O)C2OC2OC(CO)C(O)C2O)C(N)C(O)C1O,C1CCC(OC2CCCCC2OC2CCCO2)OC1,0.9310344827586207,1byj,1.0,2et5,False,True,0.896551724137931,1fyp,0.896551724137931,0.9069767441860465,"[0.8,1.0]","[0.8,1.0]","[0.8,1.0]"
R-SIM_all,2379,6.481486060122111,22,CCc1nc2ccccc2cc1C(=O)N[C@@H](CSSC[C@@H](NC(=O)c1cc2ccccc2nc1CC)C(=O)N1CCC[C@H]1C(=O)N[C@@H](Cc1ccccc1)C(=O)NCCCN)C(=O)N1CCC[C@H]1C(=O)N[C@@H](Cc1ccccc1)C(=O)NCCCN,O=C(NC(CSSCC(NC(=O)c1cnc2ccccc2c1)C(=O)N1CCCC1C(=O)NCCc1ccccc1)C(=O)N1CCCC1C(=O)NCCc1ccccc1)c1cnc2ccccc2c1,0.5909090909090908,3p59,0.18584070796460178,6dn2,False,False,0.18584070796460178,6dn2,0.3584905660377359,0.18584070796460178,"[0.4,0.6)","[0.0,0.4)","[0.0,0.4)"
R-SIM_all,2080,5.89619627904404,17,N[C@@H]1C[C@@H](N)[C@@H](OCCCc2cn(Cc3cccc(Cn4cc(CCCO[C@@H]5[C@H](O)[C@H](O)[C@@H](N)C[C@H]5N)nn4)n3)nn2)[C@H](O)[C@H]1O,c1cc(Cn2cc(CCCOC3CCCCC3)nn2)nc(Cn2cc(CCCOC3CCCCC3)nn2)c1,0.6470588235294117,5v1l,0.26153846153846155,2et8,False,False,0.26153846153846155,2et8,0.5238095238095238,0.26153846153846155,"[0.6,0.8)","[0.0,0.4)","[0.0,0.4)"
R-SIM_all,913,3.60205999132796,14,,,0.5714285714285714,5v1l,0.0,12ci,False,False,0.0,12ci,0.1707317073170732,0.0,"[0.4,0.6)","[0.0,0.4)","[0.0,0.4)"
R-SIM_all,2433,7.15490195998574,34,NCCC(O)C(=O)NC1CC(N)C(OC2OC(CN)C(O)C(O)C2O)C(O)C1OC1OC(CO)C(O)C(N)C1O,C1CCC(OC2CCCC(OC3CCCCO3)C2)OC1,0.5,1duh,1.0,4p20,False,True,0.47058823529411764,2fcz,0.47058823529411764,0.49230769230769234,"[0.4,0.6)","[0.8,1.0]","[0.4,0.6)"
R-SIM_all,1334,5.318758762624411,29,CCOc1ccc(NCC(O)Cn2c3ccc(Br)cc3c3cc(Br)ccc32)cn1,c1cncc(NCCCn2c3ccccc3c3ccccc32)c1,0.5588235294117647,1nbk,0.175,3f4g,False,False,0.175,3f4g,0.3928571428571429,0.175,"[0.4,0.6)","[0.0,0.4)","[0.0,0.4)"
R-SIM_all,1729,4.74472749489669,60,CN1CCN(c2ccc(-c3ccc4nc(-c5ccc(OCCCC(=O)NCCCN=[N+]=N)cc5)[nH]c4c3)cc2)CC1,c1ccc(-c2nc3ccc(-c4ccc(N5CCNCC5)cc4)cc3[nH]2)cc1,0.5333333333333333,5lys,0.22448979591836735,6hmo,False,False,0.20388349514563106,1uts,0.3833333333333333,0.20388349514563106,"[0.4,0.6)","[0.0,0.4)","[0.0,0.4)"
R-SIM_all,1589,5.397940008672039,43,CNC1C(O)C(OC2C(N)CC(N)C(OC3OC(CN)=CCC3N)C2O)OCC1(C)O,C1=COC(OC2CCCC(OC3CCCCO3)C2)CC1,0.5,4ts2,1.0,4f8u,False,True,0.41860465116279066,4k32,0.41860465116279066,0.5522388059701493,"[0.4,0.6)","[0.8,1.0]","[0.4,0.6)"
R-SIM_all,307,5.79588001734408,66,CN(C)CCCN=C(N)c1cccc(-c2ccc(-c3cccc(C(N)=NCCCN(C)C)c3)o2)c1,c1ccc(-c2ccc(-c3ccccc3)o2)cc1,0.5657894736842105,2hop,0.24615384615384617,1lvj,False,False,0.24615384615384617,1lvj,0.3939393939393939,0.24615384615384617,"[0.4,0.6)","[0.0,0.4)","[0.0,0.4)"
R-SIM_all,1154,7.508638306165731,52,CCc1nc2cc3ccccc3cc2cc1C(=O)N[C@@H](Cc1cn(CC[C@@H](C(=O)N2CCC[C@H]2C(=O)N[C@@H](Cc2ccccc2)C(=O)NCCC[NH3+])N(C)C(=O)c2cc3cc4ccccc4cc3nc2CC)nn1)C(=O)N1CCC[C@H]1C(=O)N(C)[C@@H](Cc1ccccc1)C(=O)NCCC[NH3+],O=C(NC(CCn1cc(CC(NC(=O)c2cnc3cc4ccccc4cc3c2)C(=O)N2CCCC2C(=O)NCCc2ccccc2)nn1)C(=O)N1CCCC1C(=O)NCCc1ccccc1)c1cnc2cc3ccccc3cc2c1,0.8076923076923077,2l94,0.17164179104477612,3mij,False,False,0.17164179104477612,3mij,0.23076923076923073,0.17164179104477612,"[0.8,1.0]","[0.0,0.4)","[0.0,0.4)"
R-SIM_all,2427,6.92081875395238,34,NCC1OC(OC2C(N)CC(N)C(OC3OC(CO)C(O)C(N)C3O)C2O)C(O)C(O)C1O,C1CCC(OC2CCCC(OC3CCCCO3)C2)OC1,0.5,1duh,1.0,2esi,False,True,0.47058823529411764,3c44,0.47058823529411764,0.6530612244897959,"[0.4,0.6)","[0.8,1.0]","[0.4,0.6)"
R-SIM_all,2462,5.955852379121279,33,CN(C)c1ccc2c(-c3ccc(C(=O)NCC4OC(OC5C(N)CC(N)C(OC6OC(CO)C(O)C(N)C6O)C5O)C(N)C(O)C4O)cc3C(=O)O)c3ccc(=[N+](C)C)cc-3oc2c1,[N+]=c1ccc2c(-c3ccc(C(=O)NCC4CCCC(OC5CCCC(OC6CCCCO6)C5)O4)cc3)c3ccccc3oc-2c1,0.5151515151515151,3gs5,0.5222222222222223,6gzk,False,False,0.4375,6gzk,0.4375,0.5222222222222223,"[0.4,0.6)","[0.4,0.6)","[0.4,0.6)"
R-SIM_all,145,3.73518217699046,29,Cc1ccc2occ(CN3CCCN(C)CC3)c(=O)c2c1,O=c1c(CN2CCCNCC2)coc2ccccc12,0.9310344827586207,1byj,0.189873417721519,6hmo,False,False,0.189873417721519,6hmo,0.3793103448275862,0.189873417721519,"[0.8,1.0]","[0.0,0.4)","[0.0,0.4)"
R-SIM_all,952,6.18708664335714,22,NCCCNC(=O)[C@H](Cc1ccccc1)NC(=O)[C@@H]1CCCN1C(=O)[C@@H](CSSC[C@@H](NC(=O)c1ccnc2ccccc12)C(=O)N1CCC[C@H]1C(=O)N[C@H](Cc1ccccc1)C(=O)NCCCN)NC(=O)c1cnc2ccccc2c1,O=C(NC(CSSCC(NC(=O)c1ccnc2ccccc12)C(=O)N1CCCC1C(=O)NCCc1ccccc1)C(=O)N1CCCC1C(=O)NCCc1ccccc1)c1cnc2ccccc2c1,1.0,2juk,0.1796875,3sd3,False,False,0.1796875,3sd3,0.2471910112359551,0.1796875,"[0.8,1.0]","[0.0,0.4)","[0.0,0.4)"
R-SIM_all,2115,5.721246399047169,38,CN(C)c1ccc2c(-c3ccccc3)c3ccc(=[N+](C)C)cc-3oc2c1,[N+]=c1ccc2c(-c3ccccc3)c3ccccc3oc-2c1,0.868421052631579,1f1t,1.0,1f1t,True,True,0.868421052631579,1f1t,0.868421052631579,1.0,"[0.8,1.0]","[0.8,1.0]","[0.8,1.0]"
R-SIM_all,612,4.4089353929735,29,CN(CCCCCCN(C)C[C@@H](O)CO[C@@H]1[C@@H](O)[C@H](O)[C@@H](N)C[C@H]1N)C[C@@H](O)CO[C@@H]1O[C@H](CO)[C@@H](O)[C@@H](O)[C@H]1N,C(CCCNCCCOC1CCCCO1)CCNCCCOC1CCCCC1,0.9310344827586207,1byj,0.4307692307692308,2et5,False,False,0.4307692307692308,2et5,0.7241379310344828,0.4307692307692308,"[0.8,1.0]","[0.4,0.6)","[0.4,0.6)"
R-SIM_all,1590,5.09691001300806,43,NC[C@@H]1O[C@H](O[C@H]2[C@@H](O)[C@H](O[C@H]3O[C@@H](CNc4c5ccccc5nc5ccccc45)[C@H](O)[C@@H](N)[C@@H]3O)[C@@H](N)C[C@H]2N)[C@H](N)C[C@@H]1O,c1ccc2c(NCC3CCCC(OC4CCCC(OC5CCCCO5)C4)O3)c3ccccc3nc2c1,0.5,4ts2,0.5873015873015873,1lc4,False,False,0.3974358974358974,2fd0,0.4418604651162791,0.3974358974358974,"[0.4,0.6)","[0.4,0.6)","[0.0,0.4)"
R-SIM_all,1612,4.94309514866353,46,COc1cn2cc(-c3cc4ccc(N5CCNCC5)cc4oc3=O)nc2cn1,O=c1oc2cc(N3CCNCC3)ccc2cc1-c1cn2ccncc2n1,0.5217391304347826,2ktz,0.2638888888888889,2lwk,False,False,0.2638888888888889,2lwk,0.4347826086956522,0.2638888888888889,"[0.4,0.6)","[0.0,0.4)","[0.0,0.4)"
R-SIM_all,242,5.69897000433602,29,COc1ccc(OCCN=C(N)N)c(CNCCCCN=C(N)N)c1,c1ccccc1,1.0,1arj,0.6415094339622641,1uud,False,True,0.6415094339622641,1uud,1.0,0.6415094339622641,"[0.8,1.0]","[0.6,0.8)","[0.6,0.8)"
R-SIM_all,381,7.096910013008059,29,NCC1OC(OC2C(N)CC(N)C(OC3OC(CO)C(O)C(N)C3O)C2O)C(N)C(O)C1O,C1CCC(OC2CCCC(OC3CCCCO3)C2)OC1,0.9310344827586207,1byj,0.8809523809523809,2esi,False,True,0.7446808510638298,1fyp,0.896551724137931,0.7446808510638298,"[0.8,1.0]","[0.8,1.0]","[0.6,0.8)"
R-SIM_all,2062,5.24184537803261,14,N[C@@H]1C[C@@H](N)[C@@H](OCCCc2cn(Cc3ccc(Cn4cc(CCCO[C@@H]5[C@H](O)[C@H](O)[C@@H](N)C[C@H]5N)nn4)cc3)nn2)[C@H](O)[C@H]1O,c1cc(Cn2cc(CCCOC3CCCCC3)nn2)ccc1Cn1cc(CCCOC2CCCCC2)nn1,0.7142857142857143,2bcy,0.27419354838709675,2et8,False,False,0.27419354838709675,2et8,0.47619047619047616,0.27419354838709675,"[0.6,0.8)","[0.0,0.4)","[0.0,0.4)"
R-SIM_all,1517,5.1249387366083,25,NC(N)=N/N=C/c1ccc(-c2cc3ccc(/C=N/N=C(N)N)cc3s2)cc1,c1ccc(-c2cc3ccccc3s2)cc1,0.96,1ei2,0.14893617021276595,2kd4,False,False,0.14893617021276595,2kd4,0.24,0.14893617021276595,"[0.8,1.0]","[0.0,0.4)","[0.0,0.4)"
R-SIM_all,263,3.25963731050576,29,CN(C)CCCN1c2ccccc2Sc2ccc(C(F)(F)F)cc21,c1ccc2c(c1)Nc1ccccc1S2,1.0,1arj,0.6274509803921569,1lvj,False,True,0.6274509803921569,1lvj,0.935483870967742,0.6274509803921569,"[0.8,1.0]","[0.6,0.8)","[0.6,0.8)"
R-SIM_all,2195,5.585026652029179,48,NCC1OC(OC2C(N)CC(N)C(OC3OC(COC4OC(CN)C(O)C(O)C4O)C(N)C(O)C3N)C2O)C(N)CC1O,C1CCC(OCC2CCCC(OC3CCCC(OC4CCCCO4)C3)O2)OC1,0.5625,6e8u,0.6,1lc4,False,False,0.44594594594594594,1i9v,0.44594594594594594,0.4915254237288136,"[0.4,0.6)","[0.6,0.8)","[0.4,0.6)"
R-SIM_all,129,4.22184874961636,29,CN(C)c1cc(N)c2ccccc2n1,c1ccc2ncccc2c1,0.9310344827586207,1byj,0.3,2l8h,False,False,0.3,2l8h,0.5172413793103448,0.3,"[0.8,1.0]","[0.0,0.4)","[0.0,0.4)"
R-SIM_all,837,4.69897000433602,40,CNC1C(OC2OC(CO)C(N)C(O)C2O)OC2CC(N)C(OC3C(N)CC(N)C(O)C3O)OC2C1O,C1CCC(OC2CCC3OC(OC4CCCCO4)CCC3O2)CC1,0.55,1ddy,1.0,1yrj,False,True,0.453125,2kxm,0.475,0.453125,"[0.4,0.6)","[0.8,1.0]","[0.4,0.6)"
R-SIM_all,897,4.12901118623943,29,CC(=O)c1ccc2c(c1)N(CCCN(C)C)c1ccccc1S2,c1ccc2c(c1)Nc1ccccc1S2,1.0,1arj,1.0,1lvj,True,True,0.935483870967742,1lvj,0.935483870967742,1.0,"[0.8,1.0]","[0.8,1.0]","[0.8,1.0]"
R-SIM_all,2279,6.274088367704951,71,CN(C)C1C(=O)C(C(N)=O)=C(O)C2(O)C(=O)C3=C(O)c4c(O)cccc4C(C)(O)C3C(O)C12,O=C1C=CC2C(=O)C3=Cc4ccccc4CC3CC2C1,0.5357142857142857,4frg,0.15294117647058825,1ykv,False,False,0.15294117647058825,1ykv,0.15492957746478875,0.15294117647058825,"[0.4,0.6)","[0.0,0.4)","[0.0,0.4)"
R-SIM_all,1004,4.29242982390206,118,O=C1NC(=S)NC(=O)C1=Cc1cn(-c2ccccc2)nc1-c1cc2c(ccc3ccccc32)oc1=O,O=C1NC(=S)NC(=O)C1=Cc1cn(-c2ccccc2)nc1-c1cc2c(ccc3ccccc32)oc1=O,0.5084745762711864,3gx7,0.2054794520547945,6e1s,False,False,0.2054794520547945,6e1s,0.2542372881355932,0.2054794520547945,"[0.4,0.6)","[0.0,0.4)","[0.0,0.4)"
R-SIM_all,866,6.3565473235138095,30,NCC1OC(OC2C(CO)OC(OC3C(O)C(N)CC(N)C3OC3OC(CN)C(O)C(O)C3N)C2O)C(N)C(O)C1O,C1CCC(OC2COC(OC3CCCCC3OC3CCCCO3)C2)OC1,0.6333333333333333,1fyp,1.0,1ei2,False,True,0.6333333333333333,1fyp,0.6333333333333333,0.9761904761904762,"[0.6,0.8)","[0.8,1.0]","[0.6,0.8)"
R-SIM_all,404,6.0,2904,CC(=O)NCC1CN(c2ccc(N3CCOCC3)c(F)c2)C(=O)O1,O=C1OCCN1c1ccc(N2CCOCC2)cc1,0.13636363636363635,4faq,0.20238095238095238,6hmo,False,False,0.09090909090909091,4e8k,0.1336088154269972,0.09090909090909091,"[0.0,0.4)","[0.0,0.4)","[0.0,0.4)"
R-SIM_all,2178,4.85387196432176,24,NCC1OC(OC2C(N)CC(N)C(OC3OC(CN)C(O)C(OC4OC(CO)C(N)C(O)C4O)C3O)C2O)C(N)CC1O,C1CCC(OC2CCCC(OC3CC(OC4CCCCO4)CCO3)C2)OC1,0.5555555555555556,1xst,0.7551020408163265,1lc4,False,False,0.45833333333333337,2fcx,0.45833333333333337,0.5490196078431373,"[0.4,0.6)","[0.6,0.8)","[0.4,0.6)"
R-SIM_all,782,4.721246399047169,28,N[C@@H]1[C@@H](O[C@@H]2O[C@H]3C(=O)c4cc5ccccc5cc4[C@@H]3[C@@]23C(=O)C=Cc2ccccc23)O[C@H](CO)[C@H](O)[C@H]1O,O=C1c2cc3ccccc3cc2C2C1OC(OC1CCCCO1)C21C(=O)C=Cc2ccccc21,0.5862068965517242,6izp,0.28865979381443296,3s4p,False,False,0.28865979381443296,3s4p,0.4642857142857143,0.28865979381443296,"[0.4,0.6)","[0.0,0.4)","[0.0,0.4)"
R-SIM_all,256,3.568636235841009,29,CC(=O)c1ccc2c(c1)N(CCCN(C)C)c1ccccc1S2,c1ccc2c(c1)Nc1ccccc1S2,1.0,1arj,1.0,1lvj,True,True,0.935483870967742,1lvj,0.935483870967742,1.0,"[0.8,1.0]","[0.8,1.0]","[0.8,1.0]"
R-SIM_all,1802,6.3565473235138095,29,Cc1nc2nc(NCCN)ccc2c(C)c1C,c1cnc2ncccc2c1,0.9310344827586207,1byj,0.24561403508771928,6izp,False,False,0.24561403508771928,6izp,0.48275862068965514,0.24561403508771928,"[0.8,1.0]","[0.0,0.4)","[0.0,0.4)"
R-SIM_all,1866,5.318758762624411,47,CCN(CC)CC(=O)Nc1cccc2c1C(=O)c1c(c(O)c3ccccc3c1O)C2=O,O=C1c2ccccc2C(=O)c2cc3ccccc3cc21,0.5357142857142857,3f4g,0.225,3mij,False,False,0.225,3mij,0.23404255319148937,0.225,"[0.4,0.6)","[0.0,0.4)","[0.0,0.4)"
R-SIM_all,946,3.52287874528034,29,COc1ccc2nc3cc(Cl)ccc3c(NCCCCc3c(N)nc(N)nc3N)c2c1,c1ccc2c(NCCCCc3cncnc3)c3ccccc3nc2c1,0.9310344827586207,1byj,0.23684210526315788,1uud,False,False,0.23684210526315788,1uud,0.5172413793103448,0.23684210526315788,"[0.8,1.0]","[0.0,0.4)","[0.0,0.4)"
R-SIM_all,2465,5.54775342547956,26,CNC1C(O)C(OC2C(N)CC(N)C(OC3OC(CN)CCC3N)C2O)OCC1(C)O,C1CCC(OC2CCCC(OC3CCCCO3)C2)OC1,0.6153846153846154,3gs5,1.0,2et3,False,True,0.42307692307692313,1mwl,0.42307692307692313,0.6031746031746031,"[0.6,0.8)","[0.8,1.0]","[0.4,0.6)"
R-SIM_all,1953,5.67778070526608,47,COc1cc(C=CC(=O)CC(=O)C=Cc2ccc(O)c(OC)c2)ccc1O,O=C(C=Cc1ccccc1)CC(=O)C=Cc1ccccc1,0.5357142857142857,3f4g,0.23809523809523808,12ci,False,False,0.23809523809523808,12ci,0.4390243902439024,0.23809523809523808,"[0.4,0.6)","[0.0,0.4)","[0.0,0.4)"
R-SIM_all,745,7.0,165,Cc1cc2nc3c(=O)[nH]c(=O)nc-3n(CC(O)C(O)C(O)CO)c2cc1N(C)C,O=c1nc2[nH]c3ccccc3nc-2c(=O)[nH]1,0.5393939393939393,3f2q,1.0,3f4h,False,True,0.32727272727272727,3f4e,0.32727272727272727,0.6153846153846154,"[0.4,0.6)","[0.8,1.0]","[0.0,0.4)"
R-SIM_all,2092,5.52287874528034,18,N[C@@H]1C[C@@H](N)[C@@H](OCCCc2cn(Cc3cccc(Cn4cc(CCCO[C@@H]5[C@H](O)[C@H](O)[C@@H](N)C[C@H]5N)nn4)n3)nn2)[C@H](O)[C@H]1O,c1cc(Cn2cc(CCCOC3CCCCC3)nn2)nc(Cn2cc(CCCOC3CCCCC3)nn2)c1,0.6190476190476191,3bnt,0.26153846153846155,2et8,False,False,0.26153846153846155,2et8,0.5238095238095238,0.26153846153846155,"[0.6,0.8)","[0.0,0.4)","[0.0,0.4)"
R-SIM_all,2456,5.59448289302362,33,CNC1C(O)C(OC2C(N)CC(N)C(OC3OC(CN)CCC3N)C2O)OCC1(C)O,C1CCC(OC2CCCC(OC3CCCCO3)C2)OC1,0.5151515151515151,3gs5,1.0,2et3,False,True,0.4242424242424242,4gpw,0.4242424242424242,0.5846153846153846,"[0.4,0.6)","[0.8,1.0]","[0.4,0.6)"
R-SIM_all,1269,4.49485002168009,39,C[NH+]1CCN(c2ccc(-c3ccc4[nH]c(-c5cc(C(C)(C)C)c(OCCCC(=O)NCCCN=[N+]=[N-])c(C(C)(C)C)c5)nc4c3)cc2)CC1,c1ccc(-c2nc3cc(-c4ccc(N5CC[NH2+]CC5)cc4)ccc3[nH]2)cc1,0.54,3npn,0.1891891891891892,1uts,False,False,0.1891891891891892,1uts,0.46153846153846156,0.1891891891891892,"[0.4,0.6)","[0.0,0.4)","[0.0,0.4)"
R-SIM_all,695,3.62160209905186,29,Cn1c(C2CCNCC2)nc2cc(Cl)c(Cl)cc21,c1ccc2[nH]c(C3CCNCC3)nc2c1,0.9310344827586207,1byj,0.22413793103448276,2lwk,False,False,0.22413793103448276,2lwk,0.5625,0.22413793103448276,"[0.8,1.0]","[0.0,0.4)","[0.0,0.4)"
R-SIM_all,2288,5.30102999566398,2897,CCCC1CC(C(=O)NC(C(C)O)C2OC(SC)C(O)C(O)C2O)N(C)C1,O=C(NCC1CCCCO1)C1CCCN1,0.13669313082499135,4faq,0.2,4p20,False,False,0.08955223880597014,4e8k,0.13393165343458746,0.08955223880597014,"[0.0,0.4)","[0.0,0.4)","[0.0,0.4)"
R-SIM_all,674,3.55129368009492,29,FC(F)(F)c1ccc2nc(C3CCNCC3)[nH]c2c1,c1ccc2[nH]c(C3CCNCC3)nc2c1,0.9310344827586207,1byj,0.1774193548387097,2lwk,False,False,0.1774193548387097,2lwk,0.5625,0.1774193548387097,"[0.8,1.0]","[0.0,0.4)","[0.0,0.4)"
R-SIM_all,663,3.0,29,O=[N+]([O-])c1ccc2nc(-c3cccnc3)[nH]c2c1,c1cncc(-c2nc3ccccc3[nH]2)c1,0.9310344827586207,1byj,0.1643835616438356,6dn3,False,False,0.1643835616438356,6dn3,0.4107142857142857,0.1643835616438356,"[0.8,1.0]","[0.0,0.4)","[0.0,0.4)"
R-SIM_all,1893,5.06048074738138,75,NC(=O)c1ncn(C2CCNCC2)c1N,c1cn(C2CCNCC2)cn1,0.8266666666666667,5btp,0.39285714285714285,4xw7,False,False,0.39285714285714285,4xw7,0.56,0.39285714285714285,"[0.8,1.0]","[0.0,0.4)","[0.0,0.4)"
R-SIM_all,1139,7.01772876696043,22,CCc1nc2cc3ccccc3cc2cc1C(=O)N[C@@H](C/C=C/C[C@H](NC(=O)c1cc2cc3ccccc3cc2nc1CC)C(=O)N1CCC[C@H]1C(=O)N[C@@H](Cc1ccccc1)C(=O)NCCC[NH3+])C(=O)N1CCC[C@H]1C(=O)N[C@@H](Cc1ccccc1)C(=O)NCCC[NH3+],O=C(NC(CC=CCC(NC(=O)c1cnc2cc3ccccc3cc2c1)C(=O)N1CCCC1C(=O)NCCc1ccccc1)C(=O)N1CCCC1C(=O)NCCc1ccccc1)c1cnc2cc3ccccc3cc2c1,1.0,2juk,0.17391304347826086,5c45,False,False,0.17391304347826086,5c45,0.35185185185185186,0.17391304347826086,"[0.8,1.0]","[0.0,0.4)","[0.0,0.4)"
R-SIM_all,1258,4.35310637583225,32,CCCC(=O)N1CCN(c2nc(N)c3cc(OC)c(OC)cc3[nH+]2)CC1,c1ccc2[nH+]c(N3CCNCC3)ncc2c1,1.0,2lwk,0.3548387096774194,2lwk,False,False,0.3548387096774194,2lwk,1.0,0.3548387096774194,"[0.8,1.0]","[0.0,0.4)","[0.0,0.4)"
R-SIM_all,240,6.0,29,O=c1c2ccccc2[nH]c2cc3c(=O)c4ccccc4[nH]c3cc12,O=c1c2ccccc2[nH]c2cc3c(=O)c4ccccc4[nH]c3cc12,1.0,1arj,0.3333333333333333,6e1v,False,False,0.30000000000000004,6e1v,0.30000000000000004,0.3333333333333333,"[0.8,1.0]","[0.0,0.4)","[0.0,0.4)"
R-SIM_all,903,4.60205999132796,29,COc1ccc(N2C(=O)O[C@H](COC(=O)Cc3ccccc3)[C@H]2Cc2ccccc2)cc1,O=C(Cc1ccccc1)OCC1OC(=O)N(c2ccccc2)C1Cc1ccccc1,0.6388888888888888,1raw,0.21518987341772153,2dqo,False,False,0.21518987341772153,2dqo,0.24137931034482762,0.21518987341772153,"[0.6,0.8)","[0.0,0.4)","[0.0,0.4)"
R-SIM_all,210,6.49485002168009,42,Cn1c(=O)c2[nH]cnc2n(C)c1=O,O=c1[nH]c(=O)c2[nH]cnc2[nH]1,0.6428571428571428,1eht,1.0,1eht,True,True,0.6428571428571428,1eht,0.6428571428571428,1.0,"[0.6,0.8)","[0.8,1.0]","[0.6,0.8)"
R-SIM_all,653,8.69897000433602,29,N[C@@H]1C[C@H](N)CN(c2nc(Nc3ccc(NC(=O)c4cc5ccccc5cc4O)cc3)nc(N3C[C@@H](N)C[C@H](N)C3)n2)C1,O=C(Nc1ccc(Nc2nc(N3CCCCC3)nc(N3CCCCC3)n2)cc1)c1ccc2ccccc2c1,0.9310344827586207,1byj,0.1836734693877551,3sd3,False,False,0.1836734693877551,3sd3,0.3033707865168539,0.1836734693877551,"[0.8,1.0]","[0.0,0.4)","[0.0,0.4)"
R-SIM_all,855,5.19382002601611,28,NCC1OC(OC2C(CO)OC(OC3C(O)C(N)CC(N)C3OC3OC(CN)C(O)C(O)C3N)C2O)C(N)C(O)C1O,C1CCC(OC2COC(OC3CCCCC3OC3CCCCO3)C2)OC1,0.6428571428571428,1fyp,1.0,1ei2,False,True,0.6428571428571428,1fyp,0.6428571428571428,0.9761904761904762,"[0.6,0.8)","[0.8,1.0]","[0.6,0.8)"
R-SIM_all,1110,7.602059991327961,48,Nc1nc(N)[nH+]c(NCCCCNC(=[NH2+])c2ccc(C(=[NH2+])NCCCCNc3nc(NCc4cn(CCCNc5nc(NCCCCNC(=[NH2+])c6ccc(C(=[NH2+])NCCCCNc7nc(N)[nH+]c(N)n7)cc6)[nH+]c(N)[nH+]5)nn4)nc(N)[nH+]3)cc2)n1,[NH2+]=C(NCCCCNc1nc[nH+]cn1)c1ccc(C(=[NH2+])NCCCCNc2nc(NCCCn3cc(CNc4nc[nH+]c(NCCCCNC(=[NH2+])c5ccc(C(=[NH2+])NCCCCNc6ncnc[nH+]6)cc5)n4)nn3)[nH+]c[nH+]2)cc1,0.5208333333333333,1arj,0.19101123595505617,1uud,False,False,0.19101123595505617,1uud,0.5208333333333333,0.19101123595505617,"[0.4,0.6)","[0.0,0.4)","[0.0,0.4)"
R-SIM_all,1164,7.602059991327961,70,Nc1nc(N)c2[nH]cnc2n1,c1ncc2[nH]cnc2n1,0.6338028169014085,4lx5,0.6551724137931034,3got,False,True,0.5857142857142856,3ges,0.5857142857142856,0.59375,"[0.6,0.8)","[0.6,0.8)","[0.4,0.6)"
R-SIM_all,2187,5.53760200210104,48,NCC1OC(OC2C(CO)OC(OC3C(O)C(N)CC(N)C3OC3OC(CN)C(O)C(O)C3N)C2O)C(N)C(O)C1O,C1CCC(OC2COC(OC3CCCCC3OC3CCCCO3)C2)OC1,0.5625,6e8u,1.0,1ei2,False,True,0.44594594594594594,1i9v,0.44594594594594594,1.0,"[0.4,0.6)","[0.8,1.0]","[0.4,0.6)"
R-SIM_all,1768,7.46852108295774,40,CN(C)c1ccc2c(-c3ccc(C(=O)NCC4OC(OC5C(N)CC(N)C(OC6OC(CO)C(O)C(N)C6O)C5O)C(N)CC4O)cc3C(=O)O)c3ccc(=[N+](C)C)cc-3oc2c1,[N+]=c1ccc2c(-c3ccc(C(=O)NCC4CCCC(OC5CCCC(OC6CCCCO6)C5)O4)cc3)c3ccccc3oc-2c1,0.65,1tob,0.5164835164835165,6gzk,False,False,0.5,6gzk,0.5,0.5164835164835165,"[0.6,0.8)","[0.4,0.6)","[0.4,0.6)"
R-SIM_all,854,5.122628654130231,26,NCC1OC(OC2C(CO)OC(OC3C(O)C(N)CC(N)C3OC3OC(CN)C(O)C(O)C3N)C2O)C(N)C(O)C1O,C1CCC(OC2COC(OC3CCCCC3OC3CCCCO3)C2)OC1,0.6666666666666667,1fyp,1.0,1ei2,False,True,0.6666666666666667,1fyp,0.6666666666666667,0.9761904761904762,"[0.6,0.8)","[0.8,1.0]","[0.6,0.8)"
R-SIM_all,664,3.0,29,Nc1ccc(-c2nc3ccc([N+](=O)[O-])cc3[nH]2)cc1,c1ccc(-c2nc3ccccc3[nH]2)cc1,0.9310344827586207,1byj,0.2558139534883721,2kd4,False,False,0.24137931034482762,2kd4,0.24137931034482762,0.2558139534883721,"[0.8,1.0]","[0.0,0.4)","[0.0,0.4)"
R-SIM_all,1384,3.2240256688706297,67,NCC1OC(OC2C(Cn3cc(Cn4ccc(N)nc4=O)nn3)OC(OC3C(O)C(N)CC(N)C3OC3OC(CN)C(O)C(O)C3N)C2O)C(N)C(O)C1O,O=c1ncccn1Cc1cn(CC2OC(OC3CCCCC3OC3CCCCO3)CC2OC2CCCCO2)nn1,0.5074626865671642,2kx8,0.5,1ei2,False,False,0.4864864864864865,1i9v,0.4864864864864865,0.5,"[0.4,0.6)","[0.4,0.6)","[0.4,0.6)"
R-SIM_all,2194,4.92081875395238,48,NCC1OC(OC2C(N)CC(N)C(OC3OC(CN)C(OC4OC(CO)C(O)C(O)C4N)C(N)C3O)C2O)C(N)CC1O,C1CCC(OC2CCC(OC3CCCC(OC4CCCCO4)C3)OC2)OC1,0.5625,6e8u,0.8297872340425532,1lc4,False,False,0.44594594594594594,1i9v,0.44594594594594594,0.6226415094339622,"[0.4,0.6)","[0.8,1.0]","[0.4,0.6)"
R-SIM_all,2282,6.221848749616361,71,CN(C)C1C(=O)C(C(N)=O)=C(O)C2(O)C(=O)C3=C(O)c4c(O)cccc4C(C)(O)C3C(O)C12,O=C1C=CC2C(=O)C3=Cc4ccccc4CC3CC2C1,0.5595238095238095,4frg,0.15294117647058825,1ykv,False,False,0.15294117647058825,1ykv,0.15492957746478875,0.15294117647058825,"[0.4,0.6)","[0.0,0.4)","[0.0,0.4)"
R-SIM_all,2261,6.65364702554936,71,CN(C)C1C(=O)C(C(N)=O)=C(O)C2(O)C(=O)C3=C(O)c4c(O)cccc4C(C)(O)C3CC12,O=C1C=CC2C(=O)C3=Cc4ccccc4CC3CC2C1,0.5357142857142857,4frg,0.16,6bfb,False,False,0.16,6bfb,0.5070422535211268,0.16,"[0.4,0.6)","[0.0,0.4)","[0.0,0.4)"
R-SIM_all,1030,5.267606240177031,18,NCCCC[C@H](NC(=O)[C@H](CSSC[C@H](NC(=O)[C@@H]1CCCN1C(=O)c1ccc2c(c1)OCO2)C(=O)N[C@H](CCCCN)C(=O)NCCCN)NC(=O)[C@@H]1CCCN1C(=O)c1ccc2c(c1)OCO2)C(=O)NCCCN,O=C(NCCSSCCNC(=O)C1CCCN1C(=O)c1ccc2c(c1)OCO2)C1CCCN1C(=O)c1ccc2c(c1)OCO2,0.5555555555555556,1zz5,0.19090909090909092,2f4u,False,False,0.19090909090909092,2f4u,0.47619047619047616,0.19090909090909092,"[0.4,0.6)","[0.0,0.4)","[0.0,0.4)"
R-SIM_all,1860,5.85387196432176,47,CN(C)CCCN=C(N)c1ccc(-c2ccc(-c3nc4ccc(C(N)=NCCCN(C)C)cc4[nH]3)o2)cc1,c1ccc(-c2ccc(-c3nc4ccccc4[nH]3)o2)cc1,0.5357142857142857,3f4g,0.23170731707317074,3tzr,False,False,0.23170731707317074,3tzr,0.3191489361702128,0.23170731707317074,"[0.4,0.6)","[0.0,0.4)","[0.0,0.4)"
R-SIM_all,1599,3.536107011014089,43,CNC1CC(N)C(O)C(OC2OC(CO)C(O)C3OC4(OC(C(N)CO)C(O)C(O)C4O)OC23)C1O,C1CCC(OC2OCCC3OC4(CCCCO4)OC32)CC1,0.5,4ts2,0.3472222222222222,2et5,False,False,0.3472222222222222,2et5,0.34883720930232553,0.3472222222222222,"[0.4,0.6)","[0.0,0.4)","[0.0,0.4)"
R-SIM_all,1013,5.07572071393812,24,O=C1c2ccccc2C(=O)[C@@H]2C(NCCO)=CC=C(NCCO)[C@@H]12,O=C1c2ccccc2C(=O)C2C=CC=CC12,0.5,2juk,0.2765957446808511,2kgp,False,False,0.2765957446808511,2kgp,0.28,0.2765957446808511,"[0.4,0.6)","[0.0,0.4)","[0.0,0.4)"
R-SIM_all,2094,6.82390874094432,18,N[C@@H]1C[C@@H](N)[C@@H](OCCCc2cn(Cc3cccc(Cn4cc(CCCO[C@@H]5[C@H](O)[C@H](O)[C@@H](N)C[C@H]5N)nn4)c3)nn2)[C@H](O)[C@H]1O,c1cc(Cn2cc(CCCOC3CCCCC3)nn2)cc(Cn2cc(CCCOC3CCCCC3)nn2)c1,0.5789473684210527,5z71,0.27586206896551724,3s4p,False,False,0.27586206896551724,3s4p,0.47619047619047616,0.27586206896551724,"[0.4,0.6)","[0.0,0.4)","[0.0,0.4)"
R-SIM_all,1616,5.2518119729938,37,CC[NH+]1CCN(c2ccc3cc(-c4cn5cc(C)nc(C)c5n4)c(=O)oc3c2)C[C@@H]1C,O=c1oc2cc(N3CC[NH2+]CC3)ccc2cc1-c1cn2ccncc2n1,0.5945945945945945,5lwj,0.2696629213483146,6hmo,False,False,0.2696629213483146,6hmo,0.2702702702702703,0.2696629213483146,"[0.4,0.6)","[0.0,0.4)","[0.0,0.4)"
R-SIM_all,786,5.309803919971491,27,CN[C@@H]1[C@@H](O[C@@H]2c3cc4ccccc4cc3[C@H]3[C@H]2C=C[C@@]32C(=O)C=Cc3ccc(OC)cc32)O[C@@H](C)[C@@H](O)[C@H]1O,O=C1C=Cc2ccccc2C12C=CC1C(OC3CCCCO3)c3cc4ccccc4cc3C12,0.5555555555555556,1tob,0.19811320754716982,1nta,False,False,0.19811320754716982,1nta,0.5185185185185186,0.19811320754716982,"[0.4,0.6)","[0.0,0.4)","[0.0,0.4)"
R-SIM_all,362,2.85387196432176,29,NC[C@H]1OC[C@H](O[C@@H]2[C@H](O)[C@H](O[C@@H]3[C@@H](O)[C@@H](N)C[C@@H](N)[C@H]3O[C@H]3O[C@@H](CNCCc4ccc(F)cc4)[C@H](O)[C@@H](O)[C@H]3N)O[C@@H]2CO)[C@H](O)[C@H]1O,c1ccc(CCNCC2CCCC(OC3CCCCC3OC3CC(OC4CCCOC4)CO3)O2)cc1,0.9310344827586207,1byj,0.5783132530120482,3s4p,False,False,0.5783132530120482,3s4p,0.7241379310344828,0.5783132530120482,"[0.8,1.0]","[0.4,0.6)","[0.4,0.6)"
R-SIM_all,1556,6.52287874528034,55,N=C(N)c1ccc(-c2ccc(-c3ccc(C(=N)N)cc3)o2)cc1,c1ccc(-c2ccc(-c3ccccc3)o2)cc1,0.47887323943661975,4lx5,0.2,2l94,False,False,0.2,2l94,0.38181818181818183,0.2,"[0.4,0.6)","[0.0,0.4)","[0.0,0.4)"
R-SIM_all,739,7.30102999566398,100,Cc1ncc(C[n+]2csc(CCOP(=O)(O)OP(=O)([O-])O)c2C)c(N)n1,c1ncc(C[n+]2ccsc2)cn1,0.62,2cky,0.8596491228070176,2cky,False,True,0.62,2cky,0.62,0.8596491228070176,"[0.6,0.8)","[0.8,1.0]","[0.6,0.8)"
R-SIM_all,1059,5.82390874094432,185,NC(=[NH2+])NCCC[C@H]([NH3+])C(=O)Nc1ccc2c(c1)C1c3cc(NC(=O)[C@@H]([NH3+])CCCNC(N)=[NH2+])ccc3C2c2ccc(NC(=O)[C@@H]([NH3+])CCCNC(N)=[NH2+])cc21,c1ccc2c(c1)C1c3ccccc3C2c2ccccc21,0.5027027027027027,2gcv,0.3877551020408163,1aju,False,False,0.22702702702702704,2kx8,0.22702702702702704,0.3877551020408163,"[0.4,0.6)","[0.0,0.4)","[0.0,0.4)"
R-SIM_all,1807,5.6382721639824105,29,Cc1cc(C)c2ccc(NCCN)nc2n1,c1cnc2ncccc2c1,0.9310344827586207,1byj,0.2857142857142857,6izp,False,False,0.2857142857142857,6izp,0.48275862068965514,0.2857142857142857,"[0.8,1.0]","[0.0,0.4)","[0.0,0.4)"
R-SIM_all,1025,3.21896306137887,12,CN1CCN(CCCN2c3ccccc3Sc3ccc(C(F)(F)F)cc32)CC1,c1ccc2c(c1)Sc1ccccc1N2CCCN1CCNCC1,0.5833333333333333,5ux3,0.4098360655737705,1lvj,False,False,0.3548387096774194,1lvj,0.3548387096774194,0.4098360655737705,"[0.4,0.6)","[0.4,0.6)","[0.0,0.4)"
R-SIM_all,2070,5.812479279163541,14,N[C@@H]1C[C@@H](N)[C@@H](OCCCc2cn(Cc3cccc(Cn4cc(CCCO[C@@H]5[C@H](O)[C@H](O)[C@@H](N)C[C@H]5N)nn4)c3)nn2)[C@H](O)[C@H]1O,c1cc(Cn2cc(CCCOC3CCCCC3)nn2)cc(Cn2cc(CCCOC3CCCCC3)nn2)c1,0.631578947368421,5z71,0.27586206896551724,3s4p,False,False,0.27586206896551724,3s4p,0.47619047619047616,0.27586206896551724,"[0.6,0.8)","[0.0,0.4)","[0.0,0.4)"
R-SIM_all,1521,4.77211329538633,25,Cc1nc2sccn2c1C(=O)N1CCC(c2ccc(CN3CC(O)C3)cc2)CC1,O=C(c1cnc2sccn12)N1CCC(c2ccc(CN3CCC3)cc2)CC1,0.96,1ei2,0.27058823529411763,5c45,False,False,0.27058823529411763,5c45,0.38888888888888884,0.27058823529411763,"[0.8,1.0]","[0.0,0.4)","[0.0,0.4)"
R-SIM_all,650,4.92081875395238,29,NC[C@@H]1O[C@H](O[C@@H]2C[C@H](CO)NCC[C@H]2N)[C@@H](N)[C@H](O)[C@H]1O,C1CCC(OC2CCCNCC2)OC1,0.9310344827586207,1byj,0.5098039215686274,2et8,False,False,0.5098039215686274,2et8,0.7241379310344828,0.5098039215686274,"[0.8,1.0]","[0.4,0.6)","[0.4,0.6)"
R-SIM_all,150,4.27572413039921,29,N=C(N)CCCOC1=C=C=C=C=C1C1=C=C=C=C=C1,C1=C=C=C(C2=C=C=C=C=C2)C=C=1,0.9310344827586207,1byj,0.14492753623188406,1uud,False,False,0.14492753623188406,1uud,0.5172413793103448,0.14492753623188406,"[0.8,1.0]","[0.0,0.4)","[0.0,0.4)"
R-SIM_all,1275,6.221848749616361,66,COc1cc(CC[NH3+])c(-c2cc(C)c(-c3cc(CC[NH3+])c(O)c(CC[NH3+])c3)c(C)c2)c(CC[NH3+])c1,c1ccc(-c2ccc(-c3ccccc3)cc2)cc1,0.5657894736842105,2hop,0.22857142857142856,1uui,False,False,0.22857142857142856,1uui,0.36363636363636365,0.22857142857142856,"[0.4,0.6)","[0.0,0.4)","[0.0,0.4)"
R-SIM_all,1738,5.01322826573376,48,Cc1c2cc[n+](CCN3CCCCC3)cc2c(C)c2c1[nH]c1ccc(O)cc12,c1ccc2c(c1)[nH]c1cc3cc[n+](CCN4CCCCC4)cc3cc12,0.515625,4xw7,0.22857142857142856,5kpy,False,False,0.22857142857142856,5kpy,0.4084507042253521,0.22857142857142856,"[0.4,0.6)","[0.0,0.4)","[0.0,0.4)"
R-SIM_all,1125,6.06449273417529,37,CCc1nc2cc3ccccc3cc2cc1C(=O)N1CCC[C@H]1C(=O)N[C@@H](CCC/C=C/CCC[C@H](NC(=O)[C@@H]1CCCN1C(=O)c1cc2cc3ccccc3cc2nc1CC)C(=O)N[C@@H](CCCC[NH3+])C(=O)NCCC[NH3+])C(=O)N[C@@H](CCCC[NH3+])C(=O)NCCC[NH3+],O=C(NCCCCC=CCCCCNC(=O)C1CCCN1C(=O)c1cnc2cc3ccccc3cc2c1)C1CCCN1C(=O)c1cnc2cc3ccccc3cc2c1,0.5675675675675675,3b58,0.18018018018018017,6dn1,False,False,0.18018018018018017,6dn1,0.38888888888888884,0.18018018018018017,"[0.4,0.6)","[0.0,0.4)","[0.0,0.4)"
R-SIM_all,363,2.63827216398241,29,C[C@H](Cc1ccccc1)NC[C@H]1O[C@H](O[C@H]2[C@H](O[C@H]3O[C@H](CO)[C@@H](O[C@@H]4CO[C@H](CN)[C@H](O)[C@H]4O)[C@@H]3O)[C@@H](O)[C@@H](N)C[C@H]2N)[C@H](N)[C@H](O)[C@H]1O,c1ccc(CCNCC2CCCC(OC3CCCCC3OC3CC(OC4CCCOC4)CO3)O2)cc1,0.9310344827586207,1byj,0.5555555555555556,1ei2,False,False,0.5555555555555556,2et4,0.7241379310344828,0.5555555555555556,"[0.8,1.0]","[0.4,0.6)","[0.4,0.6)"
R-SIM_all,1876,5.376750709602099,77,CC(C)c1ccc2nc3ccc(C(=O)NCCN(C)C)cn3c(=O)c2c1,O=c1c2ccccc2nc2ccccn12,0.5714285714285714,1evv,0.22077922077922077,1lvj,False,False,0.22077922077922077,1lvj,0.35064935064935066,0.22077922077922077,"[0.4,0.6)","[0.0,0.4)","[0.0,0.4)"
R-SIM_all,1040,5.67778070526608,21,CCc1nc2ccccc2cc1C(=O)N[C@@H](CC(N)=O)C(=O)N[C@H](CSSC[C@H](NC(=O)[C@@H]1CCCN1C(=O)c1cc2ccccc2nc1CC)C(=O)N[C@H](CCCCN)C(=O)NCCCN)C(=O)N[C@@H](CCCCN)C(=O)NCCCN,O=C(CNC(=O)c1cnc2ccccc2c1)NCCSSCCNC(=O)C1CCCN1C(=O)c1cnc2ccccc2c1,0.6190476190476191,3tzr,0.17647058823529413,6dn1,False,False,0.17647058823529413,6dn1,0.31481481481481477,0.17647058823529413,"[0.6,0.8)","[0.0,0.4)","[0.0,0.4)"
R-SIM_all,2225,5.397940008672039,41,NCC1OC(OC2C(N)CC(N)C(OC3OC(COC4OC(CN)C(O)C(O)C4O)C(N)C(O)C3N)C2O)C(N)CC1O,C1CCC(OCC2CCCC(OC3CCCC(OC4CCCCO4)C3)O2)OC1,0.5853658536585367,1eht,0.6,1lc4,False,False,0.4878048780487805,1ei2,0.4878048780487805,0.4915254237288136,"[0.4,0.6)","[0.6,0.8)","[0.4,0.6)"
R-SIM_all,278,2.30102999566398,29,Clc1ccc2c(c1)N(CCn1ccnc1)c1ccccc1S2,c1ccc2c(c1)Sc1ccccc1N2CCn1ccnc1,1.0,1arj,0.36666666666666664,1lvj,False,False,0.36666666666666664,1lvj,0.935483870967742,0.36666666666666664,"[0.8,1.0]","[0.0,0.4)","[0.0,0.4)"
R-SIM_all,2130,7.318758762624411,38,CN(C)c1ccc2c(-c3ccccc3)c3ccc(=[N+](C)C)cc-3oc2c1,[N+]=c1ccc2c(-c3ccccc3)c3ccccc3oc-2c1,0.8421052631578947,1f1t,1.0,1f1t,True,True,0.8421052631578947,1f1t,0.8421052631578947,1.0,"[0.8,1.0]","[0.8,1.0]","[0.8,1.0]"
R-SIM_all,417,9.09691001300806,70,CN(C)C1C(=O)C(C(N)=O)=C(O)C2(O)C(=O)C3=C(O)c4c(O)cccc4C(C)(O)C3CC12,O=C1C=CC2C(=O)C3=Cc4ccccc4CC3CC2C1,0.5428571428571429,6d3p,0.16,6bfb,False,False,0.16,6bfb,0.4714285714285714,0.16,"[0.4,0.6)","[0.0,0.4)","[0.0,0.4)"
R-SIM_all,1878,5.88605664769316,77,NC(=[NH2+])c1ccc(-c2ccc(-c3ccc(C(N)=[NH2+])cc3)o2)cc1,c1ccc(-c2ccc(-c3ccccc3)o2)cc1,0.5714285714285714,1evv,0.2,2l94,False,False,0.2,2l94,0.4415584415584416,0.2,"[0.4,0.6)","[0.0,0.4)","[0.0,0.4)"
R-SIM_all,1314,3.79588001734407,15,CC[NH+]1CCN(c2ccc3cc(-c4cn5cc(C)nc(C)c5n4)c(=O)oc3c2)C[C@@H]1C,O=c1oc2cc(N3CC[NH2+]CC3)ccc2cc1-c1cn2ccncc2n1,0.5,2fcx,0.2696629213483146,6hmo,False,False,0.2696629213483146,6hmo,0.33333333333333337,0.2696629213483146,"[0.4,0.6)","[0.0,0.4)","[0.0,0.4)"
R-SIM_all,103,5.769551078621731,29,CNC1C(O)C(OC2C(N)CC(N)C(OC3OC(CN)CCC3N)C2O)OCC1(C)O,C1CCC(OC2CCCC(OC3CCCCO3)C2)OC1,0.9310344827586207,1byj,1.0,2et3,False,True,0.7241379310344828,2et3,0.7241379310344828,1.0,"[0.8,1.0]","[0.8,1.0]","[0.6,0.8)"
R-SIM_all,2475,6.075720713938121,30,NCC1OC(OC2C(CO)OC(OC3C(O)C(N)CC(N)C3OC3OC(CN)C(O)C(O)C3N)C2O)C(N)C(O)C1O,C1CCC(OC2COC(OC3CCCCC3OC3CCCCO3)C2)OC1,0.7,1fyp,1.0,1ei2,False,True,0.7,1fyp,0.7,0.9761904761904762,"[0.6,0.8)","[0.8,1.0]","[0.6,0.8)"
R-SIM_all,917,5.22184874961636,16,N[C@@H]1C[C@H](N)[C@@H](O)[C@H](O)[C@H]1OCc1ccc(CCc2ccc(CO[C@@H]3[C@@H](O)[C@H](O)[C@@H](N)C[C@@H]3N)cc2)cc1,c1cc(COC2CCCCC2)ccc1CCc1ccc(COC2CCCCC2)cc1,0.625,5v1l,0.3541666666666667,2et8,False,False,0.3541666666666667,2et8,0.5714285714285714,0.3541666666666667,"[0.6,0.8)","[0.0,0.4)","[0.0,0.4)"
R-SIM_all,1814,8.64975198166584,62,NCCCC(=O)NCCCN1Cc2ccc3ccc(nc3n2)NC(=O)OCC/C=C/CCOC(=O)Nc2ccc3ccc(nc3n2)C1,O=C1Nc2ccc3ccc(nc3n2)CNCc2ccc3ccc(nc3n2)NC(=O)OCCC=CCCO1,0.5352112676056338,5kpy,0.5,6qiq,False,False,0.1927710843373494,6izp,0.4193548387096774,0.1927710843373494,"[0.4,0.6)","[0.4,0.6)","[0.0,0.4)"
R-SIM_all,2085,5.692503962086789,17,N[C@@H]1C[C@@H](N)[C@@H](OCCCc2cn(Cc3ccc(Cn4cc(CCCO[C@@H]5[C@H](O)[C@H](O)[C@@H](N)C[C@H]5N)nn4)cc3)nn2)[C@H](O)[C@H]1O,c1cc(Cn2cc(CCCOC3CCCCC3)nn2)ccc1Cn1cc(CCCOC2CCCCC2)nn1,0.6666666666666667,3bnt,0.27419354838709675,2et8,False,False,0.27419354838709675,2et8,0.5714285714285714,0.27419354838709675,"[0.6,0.8)","[0.0,0.4)","[0.0,0.4)"
R-SIM_all,343,5.30102999566398,29,NC[C@H]1C[C@@H](O)[C@H](N)[C@@H](O[C@H]2CO[C@H](O[C@H]3[C@H](O)[C@@H](N)C[C@H](N)[C@@H]3O[C@@H]3O[C@@H](CO)[C@H](O)[C@@H](O)[C@@H]3N)[C@H]2OCCNc2ccccn2)O1,c1ccc(NCCOC2C(OC3CCCCO3)COC2OC2CCCCC2OC2CCCCO2)nc1,0.9310344827586207,1byj,0.5054945054945055,3s4p,False,False,0.5054945054945055,3s4p,0.7241379310344828,0.5054945054945055,"[0.8,1.0]","[0.4,0.6)","[0.4,0.6)"
R-SIM_all,834,4.0,40,CNC1CC(N)C(O)C(OC2OC(CO)C(O)C3OC4(OC(C(N)CO)C(O)C(O)C4O)OC23)C1O,C1CCC(OC2OCCC3OC4(CCCCO4)OC32)CC1,0.55,1ddy,0.3472222222222222,2et5,False,False,0.3472222222222222,2et5,0.35,0.3472222222222222,"[0.4,0.6)","[0.0,0.4)","[0.0,0.4)"
R-SIM_all,1373,5.67778070526608,29,OC(CNc1ccc(N2CCOCC2)cc1)Cn1c2cc(Br)ccc2c2ccc(Br)cc21,c1ccc2c(c1)c1ccccc1n2CCCNc1ccc(N2CCOCC2)cc1,0.5588235294117647,1nbk,0.15294117647058825,3f4h,False,False,0.15294117647058825,3f4h,0.42592592592592593,0.15294117647058825,"[0.4,0.6)","[0.0,0.4)","[0.0,0.4)"
R-SIM_all,2147,5.5686362358410095,29,NCC1OC(OC2C(N)CC(N)C(OC3OC(CN)C(O)C(N)C3O)C2O)C(N)CC1O,C1CCC(OC2CCCC(OC3CCCCO3)C2)OC1,0.6111111111111112,6e82,0.8809523809523809,1lc4,False,True,0.5172413793103448,1ei2,0.5172413793103448,0.5192307692307693,"[0.6,0.8)","[0.8,1.0]","[0.4,0.6)"
R-SIM_all,621,4.309803919971491,29,CO[C@@H]1O[C@H](CN)[C@@H](O)[C@H](O[C@H]2O[C@@H](CO)[C@H](O)[C@@H](O)[C@@H]2N)[C@H]1N,C1CCC(OC2CCOCC2)OC1,0.9310344827586207,1byj,0.6041666666666666,2et5,False,False,0.6041666666666666,2et5,0.7241379310344828,0.6041666666666666,"[0.8,1.0]","[0.6,0.8)","[0.6,0.8)"
R-SIM_all,1587,3.58335949266172,43,CNC1CC(N)C(O)C(OC2OC(CO)C(O)C3OC4(OC(C(N)CO)C(O)C(O)C4O)OC23)C1O,C1CCC(OC2OCCC3OC4(CCCCO4)OC32)CC1,0.5116279069767442,1ei2,0.3472222222222222,2et5,False,False,0.3472222222222222,2et5,0.39534883720930236,0.3472222222222222,"[0.4,0.6)","[0.0,0.4)","[0.0,0.4)"
R-SIM_all,966,3.8696662315049903,118,C[N+]1(C)CCc2cc(O)c(O)cc2C1Cc1ccc(O)c(O)c1.[Br-],c1ccc(CC2[NH2+]CCc3ccccc32)cc1,0.5084745762711864,3gx7,0.3333333333333333,12ci,False,False,0.3333333333333333,12ci,0.43220338983050843,0.3333333333333333,"[0.4,0.6)","[0.0,0.4)","[0.0,0.4)"
R-SIM_all,2421,7.397940008672039,34,CNC1C(O)C(OC2C(N)CC(N)C(OC3OC(CN)=CCC3N)C2O)OCC1(C)O,C1=COC(OC2CCCC(OC3CCCCO3)C2)CC1,0.5227272727272727,1duh,1.0,4f8u,False,True,0.47058823529411764,5z1h,0.47058823529411764,0.8448275862068966,"[0.4,0.6)","[0.8,1.0]","[0.4,0.6)"
R-SIM_all,1041,5.721246399047169,21,CCc1nc2ccccc2cc1C(=O)N1CCC[C@H]1C(=O)N[C@@H](CSSC[C@@H](NC(=O)[C@@H]1CCCN1C(=O)c1ccc2c(c1)OCO2)C(=O)N[C@@H](CCCCN)C(=O)NCCCN)C(=O)N[C@H](CCCCN)C(=O)NCCCN,O=C(NCCSSCCNC(=O)C1CCCN1C(=O)c1cnc2ccccc2c1)C1CCCN1C(=O)c1ccc2c(c1)OCO2,0.6190476190476191,3tzr,0.16379310344827586,2ktz,False,False,0.16379310344827586,2ktz,0.4473684210526315,0.16379310344827586,"[0.6,0.8)","[0.0,0.4)","[0.0,0.4)"
R-SIM_all,2263,8.53313237964589,71,CN(C)C1C(=O)C(C(N)=O)=C(O)C2(O)C(=O)C3=C(O)c4c(O)cccc4C(C)(O)C3CC12,O=C1C=CC2C(=O)C3=Cc4ccccc4CC3CC2C1,0.5595238095238095,4frg,0.16,6bfb,False,False,0.16,6bfb,0.49295774647887325,0.16,"[0.4,0.6)","[0.0,0.4)","[0.0,0.4)"
R-SIM_all,925,3.0,18,N[C@@H]1C[C@H](N)[C@@H](OCSc2ccnc3cc(C(F)(F)F)ccc23)[C@H](O)[C@@H]1O,c1ccc2c(SCOC3CCCCC3)ccnc2c1,0.6190476190476191,3bnt,0.2571428571428571,6jbf,False,False,0.2571428571428571,6jbf,0.5217391304347826,0.2571428571428571,"[0.6,0.8)","[0.0,0.4)","[0.0,0.4)"
R-SIM_all,1837,5.22184874961636,47,C(=NNC1=NCCN1)c1c2ccccc2c(C=NNC2=NCCN2)c2ccccc12,C(=NNC1=NCCN1)c1c2ccccc2c(C=NNC2=NCCN2)c2ccccc12,0.5357142857142857,3f4g,0.15789473684210525,6e1v,False,False,0.15789473684210525,6e1v,0.4042553191489362,0.15789473684210525,"[0.4,0.6)","[0.0,0.4)","[0.0,0.4)"
R-SIM_all,1875,5.16749108729376,77,NC(=[NH2+])c1ccc(-c2ccc(-c3ccc(-c4ccc(C(N)=[NH2+])cn4)o3)o2)nc1,c1ccc(-c2ccc(-c3ccc(-c4ccccn4)o3)o2)nc1,0.5714285714285714,1evv,0.17391304347826086,2l94,False,False,0.17391304347826086,2l94,0.4415584415584416,0.17391304347826086,"[0.4,0.6)","[0.0,0.4)","[0.0,0.4)"
R-SIM_all,953,5.847711655616941,22,CCc1cc(C(=O)N[C@H](CSSC[C@@H](NC(=O)c2cc3cc4c(cc3nc2CC)OCO4)C(=O)N2CCC[C@H]2C(=O)N[C@@H](Cc2ccccc2)C(=O)NCCCN)C(=O)N2CCC[C@@H]2C(=O)N[C@@H](Cc2ccccc2)C(=O)NCCCN)c2cc3c(cc2n1)OCO3,O=C(NC(CSSCC(NC(=O)c1ccnc2cc3c(cc12)OCO3)C(=O)N1CCCC1C(=O)NCCc1ccccc1)C(=O)N1CCCC1C(=O)NCCc1ccccc1)c1cnc2cc3c(cc2c1)OCO3,1.0,2juk,0.16326530612244897,2pwt,False,False,0.16326530612244897,2pwt,0.5909090909090908,0.16326530612244897,"[0.8,1.0]","[0.0,0.4)","[0.0,0.4)"
R-SIM_all,1379,5.3565473235138095,29,Cc1ccccc1NCC(O)CN(c1ccc(Br)cc1)c1ccc(Br)cc1,c1ccc(NCCCN(c2ccccc2)c2ccccc2)cc1,0.5588235294117647,1nbk,0.19298245614035087,1q8n,False,False,0.19298245614035087,1q8n,0.5,0.19298245614035087,"[0.4,0.6)","[0.0,0.4)","[0.0,0.4)"
R-SIM_all,2414,6.69897000433602,34,NCCC(O)C(=O)NC1CC(N)C(OC2OC(CN)C(O)C(O)C2N)C(OC2OC(CO)C(O)C2O)C1O,C1CCC(OC2CCCCC2OC2CCCO2)OC1,0.5227272727272727,1duh,0.8307692307692308,4pdq,False,True,0.47058823529411764,3c44,0.47058823529411764,0.5806451612903226,"[0.4,0.6)","[0.8,1.0]","[0.4,0.6)"
R-SIM_all,2436,6.52287874528034,34,NCC1OC(OC2C(N)CC(N)C(OC3OC(CO)C(O)C(N)C3O)C2O)C(O)C(O)C1O,C1CCC(OC2CCCC(OC3CCCCO3)C2)OC1,0.5,1duh,1.0,2esi,False,True,0.5,3c44,0.5,0.6530612244897959,"[0.4,0.6)","[0.8,1.0]","[0.4,0.6)"
R-SIM_all,1948,6.180456064458129,47,COc1cc(C=CC(=O)CC(=O)C=Cc2ccc(O)c(OC)c2)ccc1O,O=C(C=Cc1ccccc1)CC(=O)C=Cc1ccccc1,0.5294117647058824,4enb,0.23809523809523808,12ci,False,False,0.23809523809523808,12ci,0.4390243902439024,0.23809523809523808,"[0.4,0.6)","[0.0,0.4)","[0.0,0.4)"
R-SIM_all,678,3.9586073148417698,29,c1cc2nc(C3CCNCC3)[nH]c2cn1,c1cc2nc(C3CCNCC3)[nH]c2cn1,0.9310344827586207,1byj,0.1774193548387097,6qiv,False,False,0.1774193548387097,6qiv,0.24137931034482762,0.1774193548387097,"[0.8,1.0]","[0.0,0.4)","[0.0,0.4)"
R-SIM_all,918,3.60205999132796,16,,,0.625,5v1l,0.0,12ci,False,False,0.0,12ci,0.19512195121951215,0.0,"[0.6,0.8)","[0.0,0.4)","[0.0,0.4)"
R-SIM_all,2124,5.455559862682309,38,CN(C)c1ccc2c(-c3ccccc3)c3ccc(=[N+](C)C)cc-3oc2c1,[N+]=c1ccc2c(-c3ccccc3)c3ccccc3oc-2c1,0.868421052631579,1q8n,1.0,1f1t,True,True,0.8421052631578947,1f1t,0.8421052631578947,1.0,"[0.8,1.0]","[0.8,1.0]","[0.8,1.0]"
R-SIM_all,867,6.2839966563652006,30,NCC1OC(OC2C(CO)OC(OC3C(O)C(N)CC(N)C3OC3OC(CN)C(O)C(O)C3N)C2O)C(N)C(O)C1O,C1CCC(OC2COC(OC3CCCCC3OC3CCCCO3)C2)OC1,0.6333333333333333,1fyp,1.0,1ei2,False,True,0.6333333333333333,1fyp,0.6333333333333333,0.9761904761904762,"[0.6,0.8)","[0.8,1.0]","[0.6,0.8)"
R-SIM_all,1300,6.600326278518961,20,[NH3+]CCNc1c2c(c(NCC[NH3+])c3occc13)C(=O)c1ccccc1C2=O,O=C1c2ccccc2C(=O)c2cc3occc3cc21,0.6,1zz5,0.19298245614035087,2kgp,False,False,0.19298245614035087,2kgp,0.43999999999999995,0.19298245614035087,"[0.6,0.8)","[0.0,0.4)","[0.0,0.4)"
R-SIM_all,335,7.0,29,NC[C@H]1C[C@@H](O)[C@H](N)[C@@H](O[C@H]2CO[C@@H](O[C@@H]3[C@@H](O)[C@H](N)C[C@H](N)[C@@H]3O[C@@H]3O[C@H](CO)[C@H](O)[C@@H](O)[C@H]3N)[C@@H]2OCCNc2ccnc3ccccc23)O1,c1ccc2c(NCCOC3C(OC4CCCCO4)COC3OC3CCCCC3OC3CCCCO3)ccnc2c1,0.9310344827586207,1byj,0.4842105263157895,3s4p,False,False,0.4842105263157895,3s4p,0.7241379310344828,0.4842105263157895,"[0.8,1.0]","[0.4,0.6)","[0.4,0.6)"
R-SIM_all,624,4.58502665202918,29,CO[C@H]1O[C@H](CN)[C@@H](O[C@H]2O[C@H](CO)[C@@H](O)[C@H](O)[C@@H]2N)[C@@H](O)[C@@H]1N,C1CCC(OC2CCCOC2)OC1,0.9310344827586207,1byj,0.5918367346938775,1fyp,False,False,0.5918367346938775,1fyp,0.896551724137931,0.5918367346938775,"[0.8,1.0]","[0.4,0.6)","[0.4,0.6)"
R-SIM_all,2082,5.65169513695184,17,N[C@@H]1C[C@@H](N)[C@@H](OCCCc2cn(Cc3cccc(Cn4cc(CCCO[C@@H]5[C@H](O)[C@H](O)[C@@H](N)C[C@H]5N)nn4)c3)nn2)[C@H](O)[C@H]1O,c1cc(Cn2cc(CCCOC3CCCCC3)nn2)cc(Cn2cc(CCCOC3CCCCC3)nn2)c1,0.6470588235294117,5v1l,0.27586206896551724,3s4p,False,False,0.27586206896551724,3s4p,0.5714285714285714,0.27586206896551724,"[0.6,0.8)","[0.0,0.4)","[0.0,0.4)"
R-SIM_all,964,4.008773924307509,118,COC1=C(C)C(=O)c2c(c(COC(N)=O)c3n2C[C@H]2[C@@H]3N2C)C1=O,O=C1C=CC(=O)c2c1cc1n2CC2NC12,0.5084745762711864,3gx7,0.17142857142857143,1evv,False,False,0.17142857142857143,1evv,0.4067796610169492,0.17142857142857143,"[0.4,0.6)","[0.0,0.4)","[0.0,0.4)"
R-SIM_all,252,6.0,29,COC(=O)C1C(O)CCC2CN3CCc4c([nH]c5ccccc45)C3CC21,c1ccc2c3c([nH]c2c1)C1CC2CCCCC2CN1CC3,1.0,1arj,0.1891891891891892,6e1v,False,False,0.1891891891891892,6e1v,0.30000000000000004,0.1891891891891892,"[0.8,1.0]","[0.0,0.4)","[0.0,0.4)"
R-SIM_all,2470,5.88306035344924,26,CN(C)c1ccc2c(-c3ccc(C(=O)NCC4OC(OC5C(N)CC(N)C(OC6OC(CO)C(O)C(N)C6O)C5O)C(N)CC4O)cc3C(=O)O)c3ccc(=[N+](C)C)cc-3oc2c1,[N+]=c1ccc2c(-c3ccc(C(=O)NCC4CCCC(OC5CCCC(OC6CCCCO6)C5)O4)cc3)c3ccccc3oc-2c1,0.6153846153846154,3gs5,0.5164835164835165,6gzk,False,False,0.41666666666666663,6gzk,0.41666666666666663,0.5164835164835165,"[0.6,0.8)","[0.4,0.6)","[0.4,0.6)"
R-SIM_all,1921,4.5543957967264,21,Cn1nc(CN2CCCCC(N)C2)c2c(Cl)cccc21,c1ccc2c(CN3CCCCCC3)n[nH]c2c1,0.5238095238095238,1zz5,0.21951219512195122,5c45,False,False,0.21951219512195122,5c45,0.35185185185185186,0.21951219512195122,"[0.4,0.6)","[0.0,0.4)","[0.0,0.4)"
R-SIM_all,334,6.52287874528034,29,NC[C@H]1C[C@H](O)[C@@H](N)[C@@H](O[C@@H]2CO[C@H](O[C@@H]3[C@H](O)[C@@H](N)C[C@H](N)[C@H]3O[C@H]3O[C@H](CO)[C@@H](O)[C@@H](O)[C@@H]3N)[C@H]2OCCNC[C@@H]2CCCNC2)O1,C1CCC(OC2CCCCC2OC2OCC(OC3CCCCO3)C2OCCNCC2CCCNC2)OC1,0.9310344827586207,1byj,0.7195121951219512,2be0,False,True,0.7195121951219512,2be0,0.7241379310344828,0.7195121951219512,"[0.8,1.0]","[0.6,0.8)","[0.6,0.8)"
R-SIM_all,824,4.69897000433602,41,CNC1C(O)C(OC2C(N)CC(N)C(OC3OC(C(C)O)C(O)C(O)C3N)C2O)OCC1(C)O,C1CCC(OC2CCCC(OC3CCCCO3)C2)OC1,0.5853658536585367,1eht,1.0,1mwl,False,True,0.41463414634146345,1mwl,0.41463414634146345,1.0,"[0.4,0.6)","[0.8,1.0]","[0.4,0.6)"
R-SIM_all,1368,5.29242982390206,29,Cc1ccc(NCC(O)Cn2c3ccc(Br)cc3c3cc(Br)ccc32)c(C)c1,c1ccc(NCCCn2c3ccccc3c3ccccc32)cc1,0.5588235294117647,1nbk,0.2054794520547945,3f4g,False,False,0.2054794520547945,3f4g,0.3928571428571429,0.2054794520547945,"[0.4,0.6)","[0.0,0.4)","[0.0,0.4)"
R-SIM_all,2057,5.51712641639125,29,NCCCOc1ccc(-c2ccc3occc(=O)c3c2)cc1CNCCC1CCNCC1,O=c1ccoc2ccc(-c3cccc(CNCCC4CCNCC4)c3)cc12,1.0,1arj,0.45569620253164556,1uts,False,False,0.45569620253164556,1uts,1.0,0.45569620253164556,"[0.8,1.0]","[0.4,0.6)","[0.4,0.6)"
R-SIM_all,1915,6.30102999566398,21,Cc1ccc(-c2nnc(-c3nc(NCCN4CCCC4)c4ccccc4n3)o2)cc1,c1ccc(-c2nnc(-c3nc(NCCN4CCCC4)c4ccccc4n3)o2)cc1,0.5238095238095238,1zz5,0.17777777777777778,1uts,False,False,0.17777777777777778,1uts,0.4482758620689655,0.17777777777777778,"[0.4,0.6)","[0.0,0.4)","[0.0,0.4)"
R-SIM_all,377,4.721246399047169,29,NCCO[C@@H]1[C@@H](O[C@@H]2[C@@H](O)[C@H](N)C[C@@H](N)[C@@H]2O[C@@H]2C[C@@H](CO)[C@H](O)[C@H](O)[C@H]2N)O[C@H](CO)[C@@H]1O,C1CCC(OC2CCCCC2OC2CCCO2)CC1,0.9310344827586207,1byj,0.5517241379310345,2et5,False,False,0.5517241379310345,2et5,0.7241379310344828,0.5517241379310345,"[0.8,1.0]","[0.4,0.6)","[0.4,0.6)"
R-SIM_all,2114,6.43415218132648,38,CN(C)c1ccc2c(-c3ccccc3)c3ccc(=[N+](C)C)cc-3oc2c1,[N+]=c1ccc2c(-c3ccccc3)c3ccccc3oc-2c1,0.868421052631579,1f1t,1.0,1f1t,True,True,0.868421052631579,1f1t,0.868421052631579,1.0,"[0.8,1.0]","[0.8,1.0]","[0.8,1.0]"
R-SIM_all,2223,5.52287874528034,41,NCC1OC(OC2C(N)CC(N)C(OC3OC(CN)C(O)C(OC4OC(CO)C(N)C(O)C4O)C3O)C2O)C(N)CC1O,C1CCC(OC2CCCC(OC3CC(OC4CCCCO4)CCO3)C2)OC1,0.5853658536585367,1eht,0.7551020408163265,1lc4,False,False,0.4878048780487805,1ei2,0.4878048780487805,0.5925925925925926,"[0.4,0.6)","[0.6,0.8)","[0.4,0.6)"
R-SIM_all,931,1.78781239559604,58,Nc1ncnc2nc[nH]c12,c1ncc2[nH]cnc2n1,0.5405405405405406,3q3z,0.5161290322580645,3got,False,True,0.4328358208955224,2eeu,0.4328358208955224,0.48148148148148145,"[0.4,0.6)","[0.4,0.6)","[0.4,0.6)"
R-SIM_all,2449,7.30102999566398,34,NCC1OC(OC2C(CO)OC(OC3C(O)C(N)CC(N)C3OC3OC(CO)C(O)C(O)C3N)C2O)C(N)C(O)C1O,C1CCC(OC2COC(OC3CCCCC3OC3CCCCO3)C2)OC1,0.5,1q8n,1.0,1fyp,False,True,0.5,3c44,0.5,1.0,"[0.4,0.6)","[0.8,1.0]","[0.4,0.6)"
R-SIM_all,694,3.55595520408192,29,CCCCn1c(C2CCNCC2)nc2cc(Cl)c(Cl)cc21,c1ccc2[nH]c(C3CCNCC3)nc2c1,0.9310344827586207,1byj,0.20833333333333334,3f4g,False,False,0.20833333333333334,3f4g,0.4107142857142857,0.20833333333333334,"[0.8,1.0]","[0.0,0.4)","[0.0,0.4)"
R-SIM_all,390,3.3187587626244106,2897,COc1ccc(CC(N)C(=O)NC2C(CO)OC(n3cnc4c(N(C)C)ncnc43)C2O)cc1,O=C(CCc1ccccc1)NC1COC(n2cnc3cncnc32)C1,0.13669313082499135,4faq,0.38372093023255816,3gx2,False,False,0.06627545736969276,4gma,0.06627545736969276,0.22485207100591717,"[0.0,0.4)","[0.0,0.4)","[0.0,0.4)"
R-SIM_all,1112,5.30102999566398,36,Nc1nc(NCCN(CC[NH3+])CC[NH3+])nc(NCCCCNC(=[NH2+])c2ccc(C(=[NH2+])NCCCCNc3nc(NCCN(CC[NH3+])CC[NH3+])nc(N)[nH+]3)cc2)[nH+]1,[NH2+]=C(NCCCCNc1ncnc[nH+]1)c1ccc(C(=[NH2+])NCCCCNc2ncnc[nH+]2)cc1,0.6111111111111112,6az4,0.19480519480519481,1uud,False,False,0.19480519480519481,1uud,0.5555555555555556,0.19480519480519481,"[0.6,0.8)","[0.0,0.4)","[0.0,0.4)"
R-SIM_all,344,5.602059991327961,29,CC(C)(C)CCNCCO[C@H]1[C@H](O[C@@H]2[C@@H](O)[C@H](N)C[C@@H](N)[C@H]2O[C@H]2O[C@@H](CO)[C@@H](O)[C@H](O)[C@H]2N)OC[C@@H]1O[C@@H]1O[C@@H](CN)C[C@@H](O)[C@@H]1N,C1CCC(OC2COC(OC3CCCCC3OC3CCCCO3)C2)OC1,0.9310344827586207,1byj,0.5555555555555556,2bee,False,True,0.5555555555555556,2bee,0.7241379310344828,0.5555555555555556,"[0.8,1.0]","[0.4,0.6)","[0.4,0.6)"
R-SIM_all,1903,5.92081875395238,21,c1ccc(-c2nnc(-c3nc(NCCCN4CCC(N5CCCCC5)CC4)c4ccccc4n3)o2)cc1,c1ccc(-c2nnc(-c3nc(NCCCN4CCC(N5CCCCC5)CC4)c4ccccc4n3)o2)cc1,0.5238095238095238,1zz5,0.15463917525773196,1uts,False,False,0.15463917525773196,1uts,0.4482758620689655,0.15463917525773196,"[0.4,0.6)","[0.0,0.4)","[0.0,0.4)"
R-SIM_all,904,3.90308998699194,29,O=C(Cc1ccccc1)OC[C@H]1OC(=O)N[C@@H]1Cc1ccccc1,O=C(Cc1ccccc1)OCC1OC(=O)NC1Cc1ccccc1,0.6388888888888888,1raw,0.20588235294117646,357d,False,False,0.20588235294117646,357d,0.31034482758620685,0.20588235294117646,"[0.6,0.8)","[0.0,0.4)","[0.0,0.4)"
R-SIM_all,2400,5.21467016498923,12,C[N+](C)(C)CCN[N+]1(C)CCCc2ccccc21,c1ccc2c(c1)CCC[NH2+]2,0.5833333333333333,5ux3,0.13114754098360656,6e1v,False,False,0.13114754098360656,6e1v,0.30000000000000004,0.13114754098360656,"[0.4,0.6)","[0.0,0.4)","[0.0,0.4)"
R-SIM_all,2197,5.455931955649719,48,NCC1OC(OC2C(N)CC(N)C(OC3OC(CN)C(O)C(OC4OC(CO)C(O)C(O)C4N)C3N)C2O)C(N)CC1O,C1CCC(OC2CCCC(OC3CC(OC4CCCCO4)CCO3)C2)OC1,0.5625,6e8u,0.7551020408163265,1lc4,False,False,0.44594594594594594,1i9v,0.44594594594594594,0.6226415094339622,"[0.4,0.6)","[0.6,0.8)","[0.4,0.6)"
R-SIM_all,341,7.0,29,NC[C@H]1C[C@H](O)[C@@H](N)[C@@H](O[C@@H]2CO[C@@H](O[C@@H]3[C@@H](O)[C@@H](N)C[C@H](N)[C@@H]3O[C@@H]3O[C@H](CO)[C@H](O)[C@@H](O)[C@@H]3N)[C@@H]2OCCNCc2ccc(N)nc2)O1,c1cncc(CNCCOC2C(OC3CCCCO3)COC2OC2CCCCC2OC2CCCCO2)c1,0.9310344827586207,1byj,0.5053763440860215,3s4p,False,False,0.5053763440860215,3s4p,0.7241379310344828,0.5053763440860215,"[0.8,1.0]","[0.4,0.6)","[0.4,0.6)"
R-SIM_all,1811,6.166215625343519,76,NCCCC(=O)NCCCN1Cc2ccc3ccc(nc3n2)NC(=O)OCC/C=C/CCOC(=O)Nc2ccc3ccc(nc3n2)C1,O=C1Nc2ccc3ccc(nc3n2)CNCc2ccc3ccc(nc3n2)NC(=O)OCCC=CCCO1,0.5263157894736843,3f4e,0.5,6qiq,False,False,0.1927710843373494,6izp,0.32894736842105265,0.1927710843373494,"[0.4,0.6)","[0.4,0.6)","[0.0,0.4)"
R-SIM_all,248,3.568636235841009,29,CN1CCN(CCCN2c3ccccc3Sc3ccc(C(F)(F)F)cc32)CC1,c1ccc2c(c1)Sc1ccccc1N2CCCN1CCNCC1,1.0,1arj,0.4098360655737705,1lvj,False,False,0.4098360655737705,1lvj,0.935483870967742,0.4098360655737705,"[0.8,1.0]","[0.4,0.6)","[0.4,0.6)"
R-SIM_all,95,2.39794000867204,35,Nc1ncnc2c1ncn2C1OC(CO)C(O)C1O,c1ncc2ncn(C3CCCO3)c2n1,1.0,1fmn,0.6862745098039216,1am0,False,True,0.5106382978723405,6fz0,0.5106382978723405,0.5737704918032787,"[0.8,1.0]","[0.6,0.8)","[0.4,0.6)"
R-SIM_all,1165,5.22184874961636,100,Br.Cc1ncc(C[n+]2cccc(CCO)c2C)c(N)n1.[Br-],c1cc[n+](Cc2cncnc2)cc1,0.62,2cky,0.9523809523809523,2hop,False,True,0.62,3d2v,0.62,0.6206896551724138,"[0.6,0.8)","[0.8,1.0]","[0.6,0.8)"
R-SIM_all,1135,7.180456064458129,52,CCc1nc2cc3ccccc3cc2cc1C(=O)N1CCC[C@H]1C(=O)N[C@@H](C/C=C\C[C@H](NC(=O)[C@@H]1CCCN1C(=O)c1cc2cc3ccccc3cc2nc1CC)C(=O)N[C@@H](CCCC[NH3+])C(=O)NCCC[NH3+])C(=O)N[C@@H](CCCC[NH3+])C(=O)NCCC[NH3+],O=C(NCCC=CCCNC(=O)C1CCCN1C(=O)c1cnc2cc3ccccc3cc2c1)C1CCCN1C(=O)c1cnc2cc3ccccc3cc2c1,0.8076923076923077,2l94,0.17857142857142858,5c45,False,False,0.17857142857142858,5c45,0.5185185185185186,0.17857142857142858,"[0.8,1.0]","[0.0,0.4)","[0.0,0.4)"
R-SIM_all,914,3.0,14,N[C@@H]1C[C@H](N)[C@@H](O)[C@H](O)[C@H]1OCc1ccc(CCc2ccc(CO)cc2)cc1,c1ccc(CCc2ccc(COC3CCCCC3)cc2)cc1,0.5714285714285714,5v1l,0.3275862068965517,2o3v,False,False,0.3275862068965517,2o3v,0.4545454545454546,0.3275862068965517,"[0.4,0.6)","[0.0,0.4)","[0.0,0.4)"
R-SIM_all,1928,4.0,21,Nc1nc(CN2CCCCCC2)nc(Nc2ccc(F)cc2)n1,c1ccc(Nc2ncnc(CN3CCCCCC3)n2)cc1,0.5238095238095238,1zz5,0.1875,5c45,False,False,0.1875,5c45,0.35185185185185186,0.1875,"[0.4,0.6)","[0.0,0.4)","[0.0,0.4)"
R-SIM_all,1043,5.14874165128092,18,CCc1nc2ccccc2cc1C(=O)N1CCC[C@H]1C(=O)N[C@@H](CSSC[C@H](NC(=O)[C@@H]1CCCN1C(=O)c1cc2ccccc2nc1CC)C(=O)N[C@H](CCCCN)C(=O)NCCCN)C(=O)N[C@H](CCCCN)C(=O)NCCCN,O=C(NCCSSCCNC(=O)C1CCCN1C(=O)c1cnc2ccccc2c1)C1CCCN1C(=O)c1cnc2ccccc2c1,0.6111111111111112,3b5f,0.18181818181818182,6dn1,False,False,0.18181818181818182,6dn1,0.2777777777777778,0.18181818181818182,"[0.6,0.8)","[0.0,0.4)","[0.0,0.4)"
R-SIM_all,1417,3.99567862621736,69,CNC1C(OC2OC(Cn3cc(CCC(=O)Nc4cccc(-c5csc(NC(C)=O)n5)c4)nn3)C(N)C(O)C2O)OC2CC(N)C(OC3C(N)CC(N)C(O)C3O)OC2C1O,O=C(CCc1cn(CC2CCCC(OC3CCC4OC(OC5CCCCC5)CCC4O3)O2)nn1)Nc1cccc(-c2cscn2)c1,0.49275362318840576,2kx8,0.4666666666666667,1yrj,False,False,0.33333333333333337,2m4q,0.33333333333333337,0.4666666666666667,"[0.4,0.6)","[0.4,0.6)","[0.0,0.4)"
R-SIM_all,1197,7.11918640771921,36,Cc1c2cc[n+](CC[NH+]3CCCCC3)cc2c(C)c2c1[nH]c1ccc(O)cc12,c1ccc2c(c1)[nH]c1cc3cc[n+](CC[NH+]4CCCCC4)cc3cc12,0.5555555555555556,5bjo,0.22857142857142856,5kpy,False,False,0.22857142857142856,5kpy,0.3661971830985915,0.22857142857142856,"[0.4,0.6)","[0.0,0.4)","[0.0,0.4)"
R-SIM_all,261,2.52287874528034,29,CN(C)CCCN1c2ccccc2Sc2ccc(O)cc21,c1ccc2c(c1)Nc1ccccc1S2,1.0,1arj,0.7021276595744681,1lvj,False,True,0.7021276595744681,1lvj,0.935483870967742,0.7021276595744681,"[0.8,1.0]","[0.6,0.8)","[0.6,0.8)"
R-SIM_all,2348,4.16115090926274,29,CO[C@@H]1O[C@H](CN)[C@@H](O)[C@H](O[C@H]2O[C@@H](CO)[C@H](O)[C@@H](O)[C@@H]2N)[C@H]1N,C1CCC(OC2CCOCC2)OC1,0.9310344827586207,1byj,0.6041666666666666,2et5,False,False,0.6041666666666666,2et5,0.7241379310344828,0.6041666666666666,"[0.8,1.0]","[0.6,0.8)","[0.6,0.8)"
R-SIM_all,2281,5.616184634019571,71,COc1cccc2c1C(=O)c1c(O)c3c(c(O)c1C2=O)C[C@@](O)(C(=O)CO)C[C@@H]3O[C@H]1C[C@H](N)[C@H](O)[C@H](C)O1,O=C1c2ccccc2C(=O)c2cc3c(cc21)CCCC3OC1CCCCO1,0.5357142857142857,4frg,0.18095238095238095,4gpw,False,False,0.18095238095238095,4gpw,0.2816901408450704,0.18095238095238095,"[0.4,0.6)","[0.0,0.4)","[0.0,0.4)"
R-SIM_all,928,3.60205999132796,18,,,0.6190476190476191,3bnt,0.0,12ci,False,False,0.0,12ci,0.2195121951219512,0.0,"[0.6,0.8)","[0.0,0.4)","[0.0,0.4)"
R-SIM_all,2259,8.97881070093006,71,CN(C)C1C(=O)C(C(N)=O)=C(O)C2(O)C(=O)C3=C(O)c4c(O)cccc4C(C)(O)C3CC12,O=C1C=CC2C(=O)C3=Cc4ccccc4CC3CC2C1,0.5357142857142857,4frg,0.16,6bfb,False,False,0.16,6bfb,0.49295774647887325,0.16,"[0.4,0.6)","[0.0,0.4)","[0.0,0.4)"
R-SIM_all,995,5.0,118,CC1CCN(c2ccc(N)cc2)CC1,c1ccc(N2CCCCC2)cc1,0.5084745762711864,3gx7,0.2,2kd4,False,False,0.19607843137254902,2lwk,0.2542372881355932,0.19607843137254902,"[0.4,0.6)","[0.0,0.4)","[0.0,0.4)"
R-SIM_all,643,3.0,29,NC[C@H](CO[C@@H]1O[C@@H](CN)[C@H](O)[C@@H](O)[C@H]1N)OCc1ccccc1,c1ccc(COCCOC2CCCCO2)cc1,0.9310344827586207,1byj,0.39473684210526316,3s4p,False,False,0.39473684210526316,3s4p,0.7241379310344828,0.39473684210526316,"[0.8,1.0]","[0.0,0.4)","[0.0,0.4)"
R-SIM_all,1740,4.79588001734408,48,CCN(CC)CCNC(=O)c1cc2cc(NC(=O)c3cc4cc(N)ccc4[nH]3)ccc2[nH]1,O=C(Nc1ccc2[nH]ccc2c1)c1cc2ccccc2[nH]1,0.515625,4xw7,0.2716049382716049,3mij,False,False,0.18840579710144928,6e1v,0.3125,0.18840579710144928,"[0.4,0.6)","[0.0,0.4)","[0.0,0.4)"
R-SIM_all,864,6.18708664335714,31,NCC1OC(OC2C(CO)OC(OC3C(O)C(N)CC(N)C3OC3OC(CN)C(O)C(O)C3N)C2O)C(N)C(O)C1O,C1CCC(OC2COC(OC3CCCCC3OC3CCCCO3)C2)OC1,0.6451612903225806,1fyp,1.0,1ei2,False,True,0.6451612903225806,1fyp,0.6451612903225806,0.9761904761904762,"[0.6,0.8)","[0.8,1.0]","[0.6,0.8)"
R-SIM_all,1798,4.82390874094432,31,NC(=[NH2+])c1ccc(Nc2ccc(-c3cc4ccc(C(N)=[NH2+])cc4[nH]3)cc2)cc1,c1ccc(Nc2ccc(-c3cc4ccccc4[nH]3)cc2)cc1,0.6129032258064516,1ei2,0.16363636363636364,6jjh,False,False,0.16363636363636364,6jjh,0.3548387096774194,0.16363636363636364,"[0.6,0.8)","[0.0,0.4)","[0.0,0.4)"
R-SIM_all,1318,4.77989191195995,10,c1ccc2c(NCc3cn(CCC[NH+]4CCCCC4)nn3)c3oc4ccccc4c3[nH+]c2c1,c1ccc2c(NCc3cn(CCC[NH+]4CCCCC4)nn3)c3oc4ccccc4c3[nH+]c2c1,0.8333333333333334,21cc,0.16666666666666666,6e1s,False,False,0.16666666666666666,6e1s,0.25806451612903225,0.16666666666666666,"[0.8,1.0]","[0.0,0.4)","[0.0,0.4)"
R-SIM_all,1113,7.49485002168009,13,CCc1nc2cc3ccccc3cc2cc1C(=O)N1CCC[C@H]1C(=O)N[C@@H](C/C=C\C[C@H](NC(=O)[C@@H]1CCCN1C(=O)c1cc2cc3ccccc3cc2nc1CC)C(=O)N[C@@H](CCCC[NH3+])C(=O)NCCC[NH3+])C(=O)N[C@@H](CCCC[NH3+])C(=O)NCCC[NH3+],O=C(NCCC=CCCNC(=O)C1CCCN1C(=O)c1cnc2cc3ccccc3cc2c1)C1CCCN1C(=O)c1cnc2cc3ccccc3cc2c1,0.6153846153846154,5xi1,0.17857142857142858,5c45,False,False,0.17857142857142858,5c45,0.2222222222222222,0.17857142857142858,"[0.6,0.8)","[0.0,0.4)","[0.0,0.4)"
R-SIM_all,688,3.7033348097384704,29,Clc1cc2nc(C3CCNCC3)n(Cc3ccc(I)cc3)c2cc1Cl,c1ccc(Cn2c(C3CCNCC3)nc3ccccc32)cc1,0.9310344827586207,1byj,0.19696969696969696,2lwk,False,False,0.19696969696969696,2lwk,0.5625,0.19696969696969696,"[0.8,1.0]","[0.0,0.4)","[0.0,0.4)"
R-SIM_all,1399,4.471083299722349,67,CC(=O)Nc1nc(-c2cccc(NC(=O)c3ccc(-c4cn(CC5OC(OC6C(O)C(N)CC(N)C6OC6OC(CN)C(O)C(O)C6N)C(O)C5OC5OC(CN)C(O)C(O)C5N)nn4)cc3)c2)cs1,O=C(Nc1cccc(-c2cscn2)c1)c1ccc(-c2cn(CC3OC(OC4CCCCC4OC4CCCCO4)CC3OC3CCCCO3)nn2)cc1,0.5074626865671642,2kx8,0.3854166666666667,1ei2,False,False,0.3854166666666667,1i9v,0.4864864864864865,0.3854166666666667,"[0.4,0.6)","[0.0,0.4)","[0.0,0.4)"
R-SIM_all,1033,5.387216143280259,18,CCc1nc2ccccc2cc1C(=O)N1CCC[C@H]1C(=O)N[C@@H](CSSC[C@@H](NC(=O)[C@@H]1CCCN1C(=O)c1ccc2c(c1)OCO2)C(=O)N[C@@H](CCCCN)C(=O)NCCCN)C(=O)N[C@H](CCCCN)C(=O)NCCCN,O=C(NCCSSCCNC(=O)C1CCCN1C(=O)c1cnc2ccccc2c1)C1CCCN1C(=O)c1ccc2c(c1)OCO2,0.5555555555555556,1zz5,0.16379310344827586,2ktz,False,False,0.16379310344827586,2ktz,0.368421052631579,0.16379310344827586,"[0.4,0.6)","[0.0,0.4)","[0.0,0.4)"
R-SIM_all,141,3.536107011014089,29,Nc1nonc1-n1nnc(CN2CCCCCC2)c1CN1CCCCCC1,c1nonc1-n1nnc(CN2CCCCCC2)c1CN1CCCCCC1,0.9310344827586207,1byj,0.140625,2lwk,False,False,0.140625,2lwk,0.5625,0.140625,"[0.8,1.0]","[0.0,0.4)","[0.0,0.4)"
R-SIM_all,1236,5.22184874961636,66,CC[NH+](CC)CCOc1ccc(/C(=C(/Cl)c2ccccc2)c2ccccc2)cc1,C(=C(c1ccccc1)c1ccccc1)c1ccccc1,0.5657894736842105,2hop,0.25,6e1u,False,False,0.25,6e1u,0.40909090909090906,0.25,"[0.4,0.6)","[0.0,0.4)","[0.0,0.4)"
R-SIM_all,318,7.769551078621731,67,NC1=NC2(N)N=CN=C2C=N1,C1=NC=NC2N=CN=C12,1.0,3fo6,0.16216216216216217,2kd4,False,False,0.15151515151515152,2g9c,0.9850746268656716,0.15151515151515152,"[0.8,1.0]","[0.0,0.4)","[0.0,0.4)"
R-SIM_all,741,5.22184874961636,100,Br.Cc1ncc(C[n+]2cccc(CCO)c2C)c(N)n1.[Br-],c1cc[n+](Cc2cncnc2)cc1,0.62,2cky,0.9523809523809523,2hop,False,True,0.62,3d2v,0.62,0.6206896551724138,"[0.6,0.8)","[0.8,1.0]","[0.6,0.8)"
R-SIM_all,1580,4.79588001734408,43,CNC(C)C1CCC(N)C(OC2C(N)CC(N)C(OC3OCC(C)(O)C(NC)C3O)C2O)O1,C1CCC(OC2CCCC(OC3CCCCO3)C2)OC1,0.5116279069767442,1ei2,0.7,2et3,False,True,0.4651162790697675,4k32,0.4651162790697675,0.6349206349206349,"[0.4,0.6)","[0.6,0.8)","[0.4,0.6)"
R-SIM_all,817,4.69897000433602,41,CNC1C(OC2C(OC3C(O)C(O)C(N=C(N)N)C(O)C3N=C(N)N)OC(C)C2(O)C=O)OC(CO)C(O)C1O,C1CCC(OC2OCCC2OC2CCCCO2)CC1,0.5853658536585367,1eht,0.676056338028169,1nta,False,True,0.41463414634146345,1nta,0.41463414634146345,0.676056338028169,"[0.4,0.6)","[0.6,0.8)","[0.4,0.6)"
R-SIM_all,2061,5.946921556516581,29,CN(C)CCCCOc1ccc(-c2cc3ccccc3s2)cc1CNCCCN1CCNCC1,c1cc(CNCCCN2CCNCC2)cc(-c2cc3ccccc3s2)c1,1.0,1arj,0.4567901234567901,1uts,False,False,0.4567901234567901,1uts,1.0,0.4567901234567901,"[0.8,1.0]","[0.4,0.6)","[0.4,0.6)"
R-SIM_all,965,3.92811799269387,118,CN1N=C(N)c2cn(C3OC(CO)C(O)C3O)c3ncnc1c23,C1=NNc2ncnc3c2c1cn3C1CCCO1,0.5084745762711864,3gx7,0.35714285714285715,1am0,False,False,0.35714285714285715,6tb7,0.364406779661017,0.35714285714285715,"[0.4,0.6)","[0.0,0.4)","[0.0,0.4)"
R-SIM_all,2280,5.769551078621731,71,CN(C)C1C(=O)C(C#N)=C(O)C2(O)C(=O)C3=C(O)c4c(O)cccc4C(C)(O)C3CC12,O=C1C=CC2C(=O)C3=Cc4ccccc4CC3CC2C1,0.5357142857142857,4frg,0.13953488372093023,1ykv,False,False,0.13953488372093023,1ykv,0.15492957746478875,0.13953488372093023,"[0.4,0.6)","[0.0,0.4)","[0.0,0.4)"
R-SIM_all,932,5.65757731917779,58,Nc1ncnc2c1ncn2[C@@H]1O[C@H](CO)[C@@H](O)[C@H]1O,c1ncc2ncn(C3CCCO3)c2n1,0.5405405405405406,3q3z,0.6862745098039216,1am0,False,True,0.48275862068965514,5ktj,0.48275862068965514,0.625,"[0.4,0.6)","[0.6,0.8)","[0.4,0.6)"
R-SIM_all,1862,5.82390874094432,47,COc1cc(-c2nc3cc4[nH]c(=O)[nH]c4cc3[nH]2)cc(OC)c1O,O=c1[nH]c2cc3nc(-c4ccccc4)[nH]c3cc2[nH]1,0.5357142857142857,3f4g,0.21311475409836064,2lwk,False,False,0.21311475409836064,2lwk,0.4042553191489362,0.21311475409836064,"[0.4,0.6)","[0.0,0.4)","[0.0,0.4)"
R-SIM_all,1926,4.31785492362617,21,Nc1nnc(CCCNc2nccc(-c3ccncc3)n2)s1,c1cc(-c2ccnc(NCCCc3nncs3)n2)ccn1,0.5238095238095238,1zz5,0.16470588235294117,5c45,False,False,0.16470588235294117,5c45,0.35185185185185186,0.16470588235294117,"[0.4,0.6)","[0.0,0.4)","[0.0,0.4)"
R-SIM_all,2418,6.53760200210104,34,NCC1OC(OC2C(N)CC(N)C(OC3OC(CO)C(O)C(N)C3O)C2O)C(O)C(O)C1O,C1CCC(OC2CCCC(OC3CCCCO3)C2)OC1,0.5227272727272727,1duh,1.0,2esi,False,True,0.47058823529411764,3c44,0.47058823529411764,0.6530612244897959,"[0.4,0.6)","[0.8,1.0]","[0.4,0.6)"
R-SIM_all,128,4.45593195564972,29,Cc1cc(N(C)C)nc2cc(N)ccc12,c1ccc2ncccc2c1,0.9310344827586207,1byj,0.38235294117647056,2kd4,False,False,0.24137931034482762,2kd4,0.24137931034482762,0.38235294117647056,"[0.8,1.0]","[0.0,0.4)","[0.0,0.4)"
R-SIM_all,947,4.58502665202918,22,COc1ccc2nc3cc(Cl)ccc3c(NCCCCc3c(N)nc(N)nc3N)c2c1,c1ccc2c(NCCCCc3cncnc3)c3ccccc3nc2c1,0.5652173913043479,1xpf,0.23684210526315788,1uud,False,False,0.23684210526315788,1uud,0.48275862068965514,0.23684210526315788,"[0.4,0.6)","[0.0,0.4)","[0.0,0.4)"
R-SIM_all,146,3.54821356447571,29,Cn1c(=O)[nH]c(=O)c2c1ncn2CCN1CCCCCCC1,O=c1[nH]c(=O)c2c(ncn2CCN2CCCCCCC2)[nH]1,0.9310344827586207,1byj,0.23076923076923078,1eht,False,False,0.23076923076923078,1eht,0.48484848484848486,0.23076923076923078,"[0.8,1.0]","[0.0,0.4)","[0.0,0.4)"
R-SIM_all,800,5.36653154442041,29,CNC1C(O)C(OC2C(N)CC(N)C(OC3OC(CN)CCC3N)C2O)OCC1(C)O,C1CCC(OC2CCCC(OC3CCCCO3)C2)OC1,1.0,1arj,1.0,2et3,False,True,0.5517241379310345,4gpw,0.5517241379310345,0.5846153846153846,"[0.8,1.0]","[0.8,1.0]","[0.4,0.6)"
R-SIM_all,2174,5.744727494896691,24,NCC1OC(OC2C(N)CC(N)C(OC3OC(CN)C(OC4OC(CO)C(N)C(O)C4O)C(N)C3O)C2O)C(N)CC1O,C1CCC(OC2CCC(OC3CCCC(OC4CCCCO4)C3)OC2)OC1,0.5555555555555556,1xst,0.8085106382978723,1lc4,False,False,0.45833333333333337,2fcx,0.45833333333333337,0.5294117647058824,"[0.4,0.6)","[0.8,1.0]","[0.4,0.6)"
R-SIM_all,2277,5.57839607313017,71,CN(C)C1C(=O)C(C#N)=C(O)C2(O)C(=O)C3=C(O)c4c(O)cccc4C(C)(O)C3CC12,O=C1C=CC2C(=O)C3=Cc4ccccc4CC3CC2C1,0.5357142857142857,4frg,0.13953488372093023,1ykv,False,False,0.13953488372093023,1ykv,0.15492957746478875,0.13953488372093023,"[0.4,0.6)","[0.0,0.4)","[0.0,0.4)"
R-SIM_all,1787,4.5086383061657305,29,NCC1OC(OC2C(CO)OC(OC3C(O)C(N)CC(N)C3OC3OC(CN)C(O)C(O)C3N)C2O)C(N)C(O)C1O,C1CCC(OC2COC(OC3CCCCC3OC3CCCCO3)C2)OC1,1.0,1arj,1.0,1ei2,False,True,0.5862068965517242,1fyp,0.5862068965517242,0.9761904761904762,"[0.8,1.0]","[0.8,1.0]","[0.4,0.6)"
R-SIM_all,618,4.958607314841769,29,NCCCN(CCO[C@H]1[C@@H](O)[C@@H](O[C@H]2O[C@H](CN)[C@H](O)[C@H](O)[C@H]2N)[C@H](N)C[C@@H]1NC(=O)[C@@H](O)CCN)C(=O)[C@@H](O)CCN,C1CCC(OC2CCCCO2)CC1,0.9310344827586207,1byj,0.75,2f4t,False,True,0.7241379310344828,2f4t,0.7241379310344828,0.75,"[0.8,1.0]","[0.6,0.8)","[0.6,0.8)"
R-SIM_all,1393,4.279840696594039,67,Cc1ccc(C(=O)Nc2nc(-c3cccc(NC(=O)CCc4cn(CC5OC(OC6C(O)C(N)CC(N)C6OC6OC(CN)C(O)C(O)C6N)C(O)C5OC5OC(CN)C(O)C(O)C5N)nn4)c3)cs2)cc1,O=C(CCc1cn(CC2OC(OC3CCCCC3OC3CCCCO3)CC2OC2CCCCO2)nn1)Nc1cccc(-c2csc(NC(=O)c3ccccc3)n2)c1,0.5074626865671642,2kx8,0.36633663366336633,1ei2,False,False,0.36633663366336633,1i9v,0.4864864864864865,0.36633663366336633,"[0.4,0.6)","[0.0,0.4)","[0.0,0.4)"
R-SIM_all,1864,5.721246399047169,47,NC(=[NH2+])c1ccc(-c2ccc(-c3ccc(C(N)=[NH2+])cc3)o2)cc1,c1ccc(-c2ccc(-c3ccccc3)o2)cc1,0.5357142857142857,3f4g,0.2,2l94,False,False,0.2,2l94,0.42553191489361697,0.2,"[0.4,0.6)","[0.0,0.4)","[0.0,0.4)"
R-SIM_all,692,4.22184874961636,29,Clc1cc2nc(C3CCNCC3)n(Cc3ccncc3)c2cc1Cl,c1ccc2c(c1)nc(C1CCNCC1)n2Cc1ccncc1,0.9310344827586207,1byj,0.2,2lwk,False,False,0.2,2lwk,0.5625,0.2,"[0.8,1.0]","[0.0,0.4)","[0.0,0.4)"
R-SIM_all,325,5.420216403383191,29,N[C@@H]1[C@@H](O[C@H]2[C@H](OCCc3ccccc3)[C@@H](O[C@H]3[C@H](O)[C@@H](N)C[C@@H](N)[C@@H]3O[C@H]3O[C@H](CO)[C@@H](O)[C@@H](O)[C@@H]3N)O[C@H]2CO)O[C@@H](N)[C@@H](O)[C@H]1O,c1ccc(CCOC2C(OC3CCCCO3)COC2OC2CCCCC2OC2CCCCO2)cc1,0.9310344827586207,1byj,0.7352941176470589,3s4p,False,False,0.7241379310344828,3s4p,0.7241379310344828,0.7352941176470589,"[0.8,1.0]","[0.6,0.8)","[0.6,0.8)"
R-SIM_all,1001,4.87942606879415,118,CNC(=O)c1cc2c(=O)n3cccc(C)c3nc2n(CCCO)c1=N,N=c1ccc2c(=O)n3ccccc3nc2[nH]1,0.5084745762711864,3gx7,0.2087912087912088,6dn2,False,False,0.2087912087912088,6dn2,0.3813559322033898,0.2087912087912088,"[0.4,0.6)","[0.0,0.4)","[0.0,0.4)"
R-SIM_all,1060,5.397940008672039,40,CCCN(CC(=O)N(CCC)CC(=O)N(CC(N)=O)Cc1cn(CCCNC(=O)CCCOc2c(C(C)(C)C)cc(-c3nc4cc(N5CC[NH+](C)CC5)ccc4[nH]3)cc2C(C)(C)C)nn1)C(=O)CCCOc1cccc(-c2nc3cc(-c4nc5cc(N6CC[NH+](C)CC6)ccc5[nH]4)ccc3[nH]2)c1,O=C(CCCOc1ccc(-c2nc3cc(N4CC[NH2+]CC4)ccc3[nH]2)cc1)NCCCn1cc(CNC(=O)CNC(=O)CNC(=O)CCCOc2cccc(-c3nc4cc(-c5nc6cc(N7CC[NH2+]CC7)ccc6[nH]5)ccc4[nH]3)c2)nn1,0.525,1fmn,0.21481481481481482,3mij,False,False,0.21481481481481482,3mij,0.275,0.21481481481481482,"[0.4,0.6)","[0.0,0.4)","[0.0,0.4)"
R-SIM_all,1064,5.92081875395238,46,CCCN(CC(=O)N(CCC)CC(=O)N(CC(N)=O)Cc1cn(CCCNC(=O)CCCOc2c(C(C)(C)C)cc(-c3nc4cc(N5CC[NH+](C)CC5)ccc4[nH]3)cc2C(C)(C)C)nn1)C(=O)CCCOc1cccc(-c2nc3cc(-c4nc5cc(N6CC[NH+](C)CC6)ccc5[nH]4)ccc3[nH]2)c1,O=C(CCCOc1ccc(-c2nc3cc(N4CC[NH2+]CC4)ccc3[nH]2)cc1)NCCCn1cc(CNC(=O)CNC(=O)CNC(=O)CCCOc2cccc(-c3nc4cc(-c5nc6cc(N7CC[NH2+]CC7)ccc6[nH]5)ccc4[nH]3)c2)nn1,0.5423728813559322,2miy,0.21481481481481482,3mij,False,False,0.21481481481481482,3mij,0.26086956521739135,0.21481481481481482,"[0.4,0.6)","[0.0,0.4)","[0.0,0.4)"
R-SIM_all,1614,5.337242168318429,27,CC[NH+]1CCN(c2ccc3cc(-c4cn5cc(C)nc(C)c5n4)c(=O)oc3c2)C[C@@H]1C,O=c1oc2cc(N3CC[NH2+]CC3)ccc2cc1-c1cn2ccncc2n1,0.6296296296296297,2o3w,0.2696629213483146,6hmo,False,False,0.2696629213483146,6hmo,0.33333333333333337,0.2696629213483146,"[0.6,0.8)","[0.0,0.4)","[0.0,0.4)"
R-SIM_all,1306,7.08092190762393,21,[NH3+]CCNc1c2c(c(NCC[NH3+])c3sccc13)C(=O)c1ccccc1C2=O,O=C1c2ccccc2C(=O)c2cc3sccc3cc21,0.5714285714285714,3wru,0.19298245614035087,2kgp,False,False,0.19298245614035087,2kgp,0.4,0.19298245614035087,"[0.4,0.6)","[0.0,0.4)","[0.0,0.4)"
R-SIM_all,825,5.44369749923271,41,NC[C@@H]1O[C@H](O[C@H]2[C@@H](O)[C@H](O[C@H]3O[C@@H](CNc4c5ccccc5nc5ccccc45)[C@H](O)[C@@H](N)[C@@H]3O)[C@@H](N)C[C@H]2N)[C@H](N)C[C@@H]1O,c1ccc2c(NCC3CCCC(OC4CCCC(OC5CCCCO5)C4)O3)c3ccccc3nc2c1,0.5853658536585367,1eht,0.5873015873015873,1lc4,False,False,0.41463414634146345,1lc4,0.41463414634146345,0.5873015873015873,"[0.4,0.6)","[0.4,0.6)","[0.4,0.6)"
R-SIM_all,2144,5.16749108729376,29,NCC1OC(OC2C(N)CC(N)C(OC3OC(CN)C(N)C(O)C3O)C2O)C(N)CC1O,C1CCC(OC2CCCC(OC3CCCCO3)C2)OC1,0.6111111111111112,6e82,0.7555555555555555,1lc4,False,True,0.5172413793103448,1ei2,0.5172413793103448,0.5192307692307693,"[0.6,0.8)","[0.6,0.8)","[0.4,0.6)"
R-SIM_all,1916,6.02227639471115,21,Cc1ccc(-c2nnc(-c3nc(NCCCN4CCc5ccccc5C4)c4ccccc4n3)o2)cc1,c1ccc(-c2nnc(-c3nc(NCCCN4CCc5ccccc5C4)c4ccccc4n3)o2)cc1,0.5238095238095238,1zz5,0.16666666666666666,6dn3,False,False,0.16666666666666666,6dn3,0.3214285714285714,0.16666666666666666,"[0.4,0.6)","[0.0,0.4)","[0.0,0.4)"
R-SIM_all,380,5.95860731484177,29,NC[C@H]1O[C@H](O[C@H]2[C@@H](O)[C@H](O[C@H]3[C@@H](O)[C@H](N)C[C@H](N)[C@@H]3O[C@@H]3C[C@@H](CO)[C@H](O)[C@@H](O)[C@@H]3N)O[C@@H]2COF)[C@H](N)[C@@H](O)[C@H]1O,C1CCC(OC2CCCCC2OC2CC(OC3CCCCO3)CO2)CC1,0.9310344827586207,1byj,0.6842105263157895,1ei2,False,False,0.6842105263157895,2et4,0.7241379310344828,0.6842105263157895,"[0.8,1.0]","[0.6,0.8)","[0.6,0.8)"
R-SIM_all,781,5.88605664769316,29,CN[C@@H]1[C@@H](O[C@@H]2c3cc4ccccc4cc3[C@H]3[C@H]2C=C[C@@]32C(=O)C=Cc3ccc(OC)cc32)O[C@@H](C)[C@@H](O)[C@H]1O,O=C1C=Cc2ccccc2C12C=CC1C(OC3CCCCO3)c3cc4ccccc4cc3C12,0.5714285714285714,1ddy,0.19811320754716982,1nta,False,False,0.19811320754716982,1nta,0.5517241379310345,0.19811320754716982,"[0.4,0.6)","[0.0,0.4)","[0.0,0.4)"
R-SIM_all,1292,8.23657200643706,45,O=c1c(O)c(-c2cc(O)c(O)c(O)c2)oc2cc(O)cc(O)c12,O=c1cc(-c2ccccc2)oc2ccccc12,0.5357142857142857,3f4g,1.0,5xi1,True,True,0.19999999999999996,5xi1,0.19999999999999996,1.0,"[0.4,0.6)","[0.8,1.0]","[0.0,0.4)"
R-SIM_all,996,4.16749108729376,118,Nc1ccccc1NCCOc1ccccc1,c1ccc(NCCOc2ccccc2)cc1,0.5084745762711864,3gx7,0.2553191489361702,6e1s,False,False,0.2542372881355932,6e1s,0.2542372881355932,0.2553191489361702,"[0.4,0.6)","[0.0,0.4)","[0.0,0.4)"
R-SIM_all,2262,6.70774392864352,71,CN(C)C1C(=O)C(C(N)=O)=C(O)C2(O)C(=O)C3=C(O)c4c(O)cccc4C(C)(O)C3CC12,O=C1C=CC2C(=O)C3=Cc4ccccc4CC3CC2C1,0.5595238095238095,4frg,0.16,6bfb,False,False,0.16,6bfb,0.49295774647887325,0.16,"[0.4,0.6)","[0.0,0.4)","[0.0,0.4)"
R-SIM_all,1387,4.85698519974591,67,NCC1OC(OC2C(Cn3cc(Cc4nc5cc(NC(=O)Nc6ccccc6)ccc5o4)nn3)OC(OC3C(O)C(N)CC(N)C3OC3OC(CN)C(O)C(O)C3N)C2O)C(N)C(O)C1O,O=C(Nc1ccccc1)Nc1ccc2oc(Cc3cn(CC4OC(OC5CCCCC5OC5CCCCO5)CC4OC4CCCCO4)nn3)nc2c1,0.5074626865671642,2kx8,0.42528735632183906,1ei2,False,False,0.42528735632183906,1i9v,0.4864864864864865,0.42528735632183906,"[0.4,0.6)","[0.4,0.6)","[0.4,0.6)"
R-SIM_all,1835,5.397940008672039,47,C(=NNC1=NCCN1)c1c2ccccc2c(C=NNC2=NCCN2)c2ccccc12,C(=NNC1=NCCN1)c1c2ccccc2c(C=NNC2=NCCN2)c2ccccc12,0.5357142857142857,3f4g,0.15789473684210525,6e1v,False,False,0.15789473684210525,6e1v,0.3829787234042553,0.15789473684210525,"[0.4,0.6)","[0.0,0.4)","[0.0,0.4)"
R-SIM_all,1234,3.44369749923271,52,C[NH+](C)CCC[NH+]=C(N)c1ccc(C(N)=[NH+]CCC[NH+](C)C)cc1,c1ccccc1,0.8076923076923077,2l94,1.0,2l94,False,True,0.8076923076923077,2l94,0.8076923076923077,1.0,"[0.8,1.0]","[0.8,1.0]","[0.8,1.0]"
R-SIM_all,1217,6.275724130399211,18,N#Cc1c(N2CCCC2)nc(N)c2c(N)nc(N3CCCC3)cc12,c1nc(N2CCCC2)cc2cc(N3CCCC3)ncc12,0.6111111111111112,3p59,0.21666666666666667,2lwk,False,False,0.21666666666666667,2lwk,0.375,0.21666666666666667,"[0.6,0.8)","[0.0,0.4)","[0.0,0.4)"
R-SIM_all,2043,5.05551732784983,39,C/C1=C2/[N-]C([C@H](CC(N)=O)[C@@]2(C)CCC(=O)NCC(C)O)[C@]2(C)N=C(/C(C)=C3N=C(/C=C4N=C1[C@@H](CCC(N)=O)C\4(C)C)[C@@H](CCC(N)=O)[C@]\3(C)CC(N)=O)[C@@H](CCC(N)=O)[C@]2(C)CC(N)=O.[C-]#N.[C-]#N.[Co],C1=C2CCC(=N2)C=C2CCC([N-]2)C2CCC(=N2)C=C2CCC1=N2,0.6923076923076923,1ddy,0.31446540880503143,1et4,False,False,0.31446540880503143,1et4,0.6923076923076923,0.31446540880503143,"[0.6,0.8)","[0.0,0.4)","[0.0,0.4)"
R-SIM_all,2245,4.43179827593301,33,CNC1C(O)C(OC2C(N)CC(N)C(OC3OC(CN)=CCC3N)C2O)OCC1(C)O,C1=COC(OC2CCCC(OC3CCCCO3)C2)CC1,0.5454545454545454,1xst,1.0,4f8u,False,True,0.48484848484848486,1mwl,0.48484848484848486,0.5522388059701493,"[0.4,0.6)","[0.8,1.0]","[0.4,0.6)"
R-SIM_all,1024,5.1249387366083,12,CNC(=O)c1cc2c(=O)n3cccc(C)c3nc2n(CCCO)c1=N,N=c1ccc2c(=O)n3ccccc3nc2[nH]1,0.5833333333333333,5ux3,0.2087912087912088,6dn2,False,False,0.2075471698113207,6dn2,0.2075471698113207,0.2087912087912088,"[0.4,0.6)","[0.0,0.4)","[0.0,0.4)"
R-SIM_all,2220,6.08092190762393,41,NCC1OC(OC2C(N)CC(N)C(OC3OC(CN)C(OC4OC(CO)C(O)C(N)C4O)C(O)C3N)C2O)C(N)CC1O,C1CCC(OC2CCC(OC3CCCC(OC4CCCCO4)C3)OC2)OC1,0.5853658536585367,1eht,0.8913043478260869,1lc4,False,False,0.4878048780487805,1ei2,0.4878048780487805,0.5818181818181818,"[0.4,0.6)","[0.8,1.0]","[0.4,0.6)"
R-SIM_all,1362,5.49485002168009,29,Cc1c(Cl)cccc1NCC(O)Cn1c2ccc(Br)cc2c2cc(Br)ccc21,c1ccc(NCCCn2c3ccccc3c3ccccc32)cc1,0.5588235294117647,1nbk,0.18181818181818182,3f4g,False,False,0.18181818181818182,3f4g,0.3928571428571429,0.18181818181818182,"[0.4,0.6)","[0.0,0.4)","[0.0,0.4)"
R-SIM_all,1520,4.818156412055231,25,Cn1cc(C(=O)N2CCC(c3ccc(CN4CC(O)C4)cc3)CC2)c2ccccc21,O=C(c1c[nH]c2ccccc12)N1CCC(c2ccc(CN3CCC3)cc2)CC1,0.96,1ei2,0.20454545454545456,5c45,False,False,0.20454545454545456,5c45,0.38888888888888884,0.20454545454545456,"[0.8,1.0]","[0.0,0.4)","[0.0,0.4)"
R-SIM_all,1426,4.92081875395238,46,CN1CCN(c2ccc3nc(-c4ccc5[nH]c(-c6cc(C(C)(C)C)c(OCCCC(=O)NCCCN=[N+]=N)c(C(C)(C)C)c6)nc5c4)[nH]c3c2)CC1,c1ccc(-c2nc3cc(-c4nc5ccc(N6CCNCC6)cc5[nH]4)ccc3[nH]2)cc1,0.5357142857142857,3f4g,0.205607476635514,6hmo,False,False,0.205607476635514,6hmo,0.23913043478260865,0.205607476635514,"[0.4,0.6)","[0.0,0.4)","[0.0,0.4)"
R-SIM_all,345,6.0,29,NC[C@H]1C[C@H](O)[C@@H](N)[C@@H](O[C@@H]2CO[C@H](O[C@H]3[C@@H](O)[C@H](N)C[C@@H](N)[C@@H]3O[C@H]3O[C@@H](CO)[C@H](O)[C@@H](O)[C@@H]3N)[C@H]2OCCNCCCc2ccccc2)O1,c1ccc(CCCNCCOC2C(OC3CCCCO3)COC2OC2CCCCC2OC2CCCCO2)cc1,0.9310344827586207,1byj,0.6506024096385542,3s4p,False,False,0.6506024096385542,3s4p,0.7241379310344828,0.6506024096385542,"[0.8,1.0]","[0.6,0.8)","[0.6,0.8)"
R-SIM_all,1735,6.6382721639824105,27,CN1CCN(c2ccc(-c3ccc4nc(-c5ccc(OCCCC(=O)N6CCN(c7nncc8sccc78)CC6)cc5)[nH]c4c3)cc2)CC1,O=C(CCCOc1ccc(-c2nc3ccc(-c4ccc(N5CCNCC5)cc4)cc3[nH]2)cc1)N1CCN(c2nncc3sccc23)CC1,0.5555555555555556,2kxm,0.2,6hmo,False,False,0.2,6hmo,0.37037037037037035,0.2,"[0.4,0.6)","[0.0,0.4)","[0.0,0.4)"
R-SIM_all,317,8.30102999566398,67,Nc1nc2nc[nH]c2c(=O)[nH]1,O=c1[nH]cnc2nc[nH]c12,1.0,3fo6,0.5714285714285714,2ees,False,True,0.5714285714285714,2ees,0.9701492537313433,0.5714285714285714,"[0.8,1.0]","[0.4,0.6)","[0.4,0.6)"
R-SIM_all,905,5.4089353929735005,28,COC(=O)C1C(O)CCC2CN3CCc4c([nH]c5ccccc45)C3CC21,c1ccc2c3c([nH]c2c1)C1CC2CCCCC2CN1CC3,0.5428571428571429,23jz,0.1891891891891892,6e1v,False,False,0.1891891891891892,6e1v,0.3666666666666667,0.1891891891891892,"[0.4,0.6)","[0.0,0.4)","[0.0,0.4)"
R-SIM_all,2136,6.0,164,C[S+](CCC(N)C(=O)[O-])CC1OC(n2cnc3c(N)ncnc32)C(O)C1O,c1ncc2ncn(C3CCCO3)c2n1,0.5182926829268293,4kqy,1.0,2gis,False,True,0.5182926829268293,4kqy,0.5182926829268293,1.0,"[0.4,0.6)","[0.8,1.0]","[0.4,0.6)"
R-SIM_all,1518,5.44369749923271,25,CCc1nc2cc3ccccc3cc2cc1C(=O)N(C)[C@@H](C/C=C/C[C@@H](C(=O)N1CCC[C@H]1C(=O)N(C)[C@@H](Cc1ccccc1)C(=O)NCCC[NH3+])N(C)C(=O)c1cc2cc3ccccc3cc2nc1CC)C(=O)N1CCC[C@H]1C(=O)N(C)[C@@H](Cc1ccccc1)C(=O)NCCC[NH3+],O=C(NC(CC=CCC(NC(=O)c1cnc2cc3ccccc3cc2c1)C(=O)N1CCCC1C(=O)NCCc1ccccc1)C(=O)N1CCCC1C(=O)NCCc1ccccc1)c1cnc2cc3ccccc3cc2c1,0.96,1ei2,0.1826086956521739,5c45,False,False,0.1826086956521739,5c45,0.38888888888888884,0.1826086956521739,"[0.8,1.0]","[0.0,0.4)","[0.0,0.4)"
R-SIM_all,2384,6.18708664335714,52,NCCCNC(=O)[C@H](Cc1ccccc1)NC(=O)[C@@H]1CCCN1C(=O)[C@H](CSSC[C@@H](NC(=O)c1cnc2ccccc2c1)C(=O)N1CCC[C@H]1C(=O)N[C@@H](Cc1ccccc1)C(=O)NCCCN)NC(=O)c1cnc2ccccc2c1,O=C(NC(CSSCC(NC(=O)c1cnc2ccccc2c1)C(=O)N1CCCC1C(=O)NCCc1ccccc1)C(=O)N1CCCC1C(=O)NCCc1ccccc1)c1cnc2ccccc2c1,0.8076923076923077,2l94,0.1864406779661017,3sd3,False,False,0.1864406779661017,3sd3,0.449438202247191,0.1864406779661017,"[0.8,1.0]","[0.0,0.4)","[0.0,0.4)"
R-SIM_all,2181,5.09691001300806,24,NCC1OC(OC2C(N)CC(N)C(OC3OC(COC4OC(CN)C(O)C(O)C4O)C(N)C(O)C3N)C2O)C(N)CC1O,C1CCC(OCC2CCCC(OC3CCCC(OC4CCCCO4)C3)O2)OC1,0.5555555555555556,1xst,0.6,1lc4,False,False,0.45833333333333337,2fcx,0.45833333333333337,0.5882352941176471,"[0.4,0.6)","[0.6,0.8)","[0.4,0.6)"
R-SIM_all,2179,6.0,24,NCC1OC(OC2C(N)CC(N)C(OC3OC(CN)C(OC4OC(CO)C(O)C(O)C4N)C(N)C3O)C2O)C(N)CC1O,C1CCC(OC2CCC(OC3CCCC(OC4CCCCO4)C3)OC2)OC1,0.5555555555555556,1xst,0.8297872340425532,1lc4,False,False,0.45833333333333337,2fcx,0.45833333333333337,0.6122448979591837,"[0.4,0.6)","[0.8,1.0]","[0.4,0.6)"
R-SIM_all,1116,7.4089353929735005,47,CCc1nc2cc3ccccc3cc2cc1C(=O)N1CCC[C@H]1C(=O)N[C@@H](C/C=C\C[C@H](NC(=O)[C@@H]1CCCN1C(=O)c1cc2cc3ccccc3cc2nc1CC)C(=O)N[C@@H](CCCC[NH3+])C(=O)NCCC[NH3+])C(=O)N[C@@H](CCCC[NH3+])C(=O)NCCC[NH3+],O=C(NCCC=CCCNC(=O)C1CCCN1C(=O)c1cnc2cc3ccccc3cc2c1)C1CCCN1C(=O)c1cnc2cc3ccccc3cc2c1,0.5106382978723405,4ts2,0.17857142857142858,5c45,False,False,0.17857142857142858,5c45,0.40740740740740744,0.17857142857142858,"[0.4,0.6)","[0.0,0.4)","[0.0,0.4)"
R-SIM_all,217,6.031517051446071,42,Cn1c(=O)n(CCC(=O)O)c(=O)c2[nH]cnc21,O=c1[nH]c(=O)c2[nH]cnc2[nH]1,0.6428571428571428,1eht,0.5897435897435898,1eht,False,True,0.5897435897435898,1eht,0.6428571428571428,0.5897435897435898,"[0.6,0.8)","[0.4,0.6)","[0.4,0.6)"
R-SIM_all,1892,5.85387196432176,75,NC(=O)c1ncn(-c2ccncc2)c1N,c1cc(-n2ccnc2)ccn1,0.8266666666666667,5btp,0.3157894736842105,4xw7,False,False,0.3157894736842105,4xw7,0.56,0.3157894736842105,"[0.8,1.0]","[0.0,0.4)","[0.0,0.4)"
R-SIM_all,1160,9.0,112,O=c1cc(-c2cccs2)nc([C@H]2CCCN(Cc3cn(-c4ncccn4)cn3)C2)[nH]1,O=c1cc(-c2cccs2)nc(C2CCCN(Cc3cn(-c4ncccn4)cn3)C2)[nH]1,0.9553571428571429,3f2q,0.40963855421686746,5c45,False,False,0.40963855421686746,5c45,0.4821428571428571,0.40963855421686746,"[0.8,1.0]","[0.4,0.6)","[0.4,0.6)"
R-SIM_all,289,5.69897000433602,2897,O=C(NC(CO)C(O)c1ccc([N+](=O)[O-])cc1)C(Cl)Cl,c1ccccc1,0.13669313082499135,4faq,0.14864864864864866,5c7w,False,True,0.07407407407407407,4e8k,0.13393165343458746,0.07407407407407407,"[0.0,0.4)","[0.0,0.4)","[0.0,0.4)"
R-SIM_all,245,6.903089986991941,29,NCCCOc1ccc(-c2cc3ccccc3s2)cc1CNCCCCN=C(N)N,c1ccc(-c2cc3ccccc3s2)cc1,1.0,1arj,0.37037037037037035,1uts,False,False,0.37037037037037035,1uts,1.0,0.37037037037037035,"[0.8,1.0]","[0.0,0.4)","[0.0,0.4)"
R-SIM_all,689,3.39254497678533,29,Clc1cc2nc(C3CCNCC3)n(Cc3cccc(I)c3)c2cc1Cl,c1ccc(Cn2c(C3CCNCC3)nc3ccccc32)cc1,0.9310344827586207,1byj,0.19767441860465115,6dn2,False,False,0.19767441860465115,6dn2,0.41509433962264153,0.19767441860465115,"[0.8,1.0]","[0.0,0.4)","[0.0,0.4)"
R-SIM_all,2221,5.16749108729376,41,NCC1OC(OC2C(N)CC(N)C(OC3OC(CN)C(O)C(N)C3O)C2O)C(N)CC1O,C1CCC(OC2CCCC(OC3CCCCO3)C2)OC1,0.5853658536585367,1eht,0.8809523809523809,1lc4,False,True,0.4878048780487805,1ei2,0.4878048780487805,0.5192307692307693,"[0.4,0.6)","[0.8,1.0]","[0.4,0.6)"
R-SIM_all,1836,5.92081875395238,47,C(=NNC1=NCCN1)c1c2ccccc2c(C=NNC2=NCCN2)c2ccccc12,C(=NNC1=NCCN1)c1c2ccccc2c(C=NNC2=NCCN2)c2ccccc12,0.5535714285714286,3f4g,0.15789473684210525,6e1v,False,False,0.15789473684210525,6e1v,0.42553191489361697,0.15789473684210525,"[0.4,0.6)","[0.0,0.4)","[0.0,0.4)"
R-SIM_all,198,5.669586226650809,1542,NCC1OC(OC2C(N)CC(N)C(OC3OC(CO)C(O)C(N)C3O)C2O)C(N)C(O)C1O,C1CCC(OC2CCCC(OC3CCCCO3)C2)OC1,0.25616083009079116,4faq,0.8809523809523809,2esi,False,True,0.11154345006485089,3dir,0.11154345006485089,0.12941176470588237,"[0.0,0.4)","[0.8,1.0]","[0.0,0.4)"
R-SIM_all,915,3.0,16,N[C@@H]1C[C@H](N)[C@@H](OCSc2ccnc3cc(C(F)(F)F)ccc23)[C@H](O)[C@@H]1O,c1ccc2c(SCOC3CCCCC3)ccnc2c1,0.625,5v1l,0.2571428571428571,6jbf,False,False,0.2571428571428571,6jbf,0.4782608695652174,0.2571428571428571,"[0.6,0.8)","[0.0,0.4)","[0.0,0.4)"
R-SIM_all,1067,6.732828271596991,55,CCCN(CC(=O)N(CCC)CC(=O)N(CC(N)=O)Cc1cn(CCCNC(=[NH2+])c2ccc(-c3ccc(-c4ccc(C(N)=[NH2+])cc4)o3)cc2)nn1)C(=O)CNCc1cn(CCCNC(=[NH2+])c2ccc(-c3ccc(-c4ccc(C(N)=[NH2+])cc4)o3)cc2)nn1,[NH2+]=C(NCCCn1cc(CNCC(=O)NCC(=O)NCC(=O)NCc2cn(CCCNC(=[NH2+])c3ccc(-c4ccc(-c5ccccc5)o4)cc3)nn2)nn1)c1ccc(-c2ccc(-c3ccccc3)o2)cc1,0.47887323943661975,4lx5,0.19,1uud,False,False,0.19,1uud,0.32727272727272727,0.19,"[0.4,0.6)","[0.0,0.4)","[0.0,0.4)"
R-SIM_all,683,3.7986028756795496,29,FC(F)(F)c1ccc(Cn2c(C3CCNCC3)nc3cc(Cl)c(Cl)cc32)c(C(F)(F)F)c1,c1ccc(Cn2c(C3CCNCC3)nc3ccccc32)cc1,0.9310344827586207,1byj,0.17073170731707318,3f4g,False,False,0.17073170731707318,3f4g,0.4107142857142857,0.17073170731707318,"[0.8,1.0]","[0.0,0.4)","[0.0,0.4)"
R-SIM_all,1808,4.92081875395238,29,Cc1ccnc(NCCN)c1,c1ccncc1,0.9310344827586207,1byj,0.2,12ci,False,False,0.2,12ci,0.3414634146341463,0.2,"[0.8,1.0]","[0.0,0.4)","[0.0,0.4)"
R-SIM_all,2353,2.9669785553170898,29,N[C@@H]1C[C@H](N)[C@@H](O)[C@H](O)[C@H]1OSc1cnc(C(F)(F)F)nc1,c1ncc(SOC2CCCCC2)cn1,0.9310344827586207,1byj,0.29310344827586204,6jbf,False,False,0.29310344827586204,6jbf,0.6551724137931034,0.29310344827586204,"[0.8,1.0]","[0.0,0.4)","[0.0,0.4)"
R-SIM_all,2258,5.29242982390206,33,NCC1OC(OC2C(N)CC(N)C(OC3OC(CN)C(OC4OC(CO)C(O)C(O)C4N)C(N)C3O)C2O)C(N)CC1O,C1CCC(OC2CCC(OC3CCCC(OC4CCCCO4)C3)OC2)OC1,0.5454545454545454,1xst,0.8297872340425532,1lc4,False,False,0.5151515151515151,1fyp,0.5151515151515151,0.6415094339622641,"[0.4,0.6)","[0.8,1.0]","[0.4,0.6)"
R-SIM_all,2087,6.32790214206428,17,Cc1cc(C)c(Cn2cc(CCCO[C@H]3[C@H](O)[C@@H](O)[C@H](N)C[C@H]3N)nn2)c(C)c1Cn1cc(CCCO[C@@H]2[C@H](O)[C@H](O)[C@@H](N)C[C@H]2N)nn1,c1cc(Cn2cc(CCCOC3CCCCC3)nn2)cc(Cn2cc(CCCOC3CCCCC3)nn2)c1,0.6666666666666667,3bnt,0.25,2et8,False,False,0.25,2et8,0.5714285714285714,0.25,"[0.6,0.8)","[0.0,0.4)","[0.0,0.4)"
R-SIM_all,934,5.318758762624411,58,Nc1nc2c(ncn2[C@@H]2O[C@H](CO)[C@@H](O)[C@H]2O)c(=O)[nH]1,O=c1[nH]cnc2c1ncn2C1CCCO1,0.5405405405405406,3q3z,0.7272727272727273,1nyi,False,True,0.5405405405405406,3q3z,0.5405405405405406,0.5645161290322581,"[0.4,0.6)","[0.6,0.8)","[0.4,0.6)"
R-SIM_all,2422,7.397940008672039,34,NCC1OC(OC2C(CO)OC(OC3C(O)C(N)CC(N)C3OC3OC(CO)C(O)C(O)C3N)C2O)C(N)C(O)C1O,C1CCC(OC2COC(OC3CCCCC3OC3CCCCO3)C2)OC1,0.5227272727272727,1duh,1.0,1fyp,False,True,0.47058823529411764,3c44,0.47058823529411764,1.0,"[0.4,0.6)","[0.8,1.0]","[0.4,0.6)"
R-SIM_all,355,5.92081875395238,29,CC(C)CNC[C@H]1O[C@H](O[C@H]2[C@H](O[C@H]3O[C@H](CO)[C@@H](O[C@@H]4CO[C@@H](CN)[C@H](O)[C@H]4O)[C@@H]3O)[C@@H](O)[C@@H](N)C[C@H]2N)[C@H](N)[C@@H](O)[C@H]1O,C1CCC(OC2CCCCC2OC2CC(OC3CCCOC3)CO2)OC1,0.9310344827586207,1byj,0.6451612903225806,1ei2,False,False,0.6451612903225806,2et4,0.7241379310344828,0.6451612903225806,"[0.8,1.0]","[0.6,0.8)","[0.6,0.8)"
R-SIM_all,600,5.82390874094432,29,NCC1OC(OC2C(CO)OC(OC3C(O)C(N)CC(N)C3OC3OC(CN)C(O)C(O)C3N)C2O)C(N)C(O)C1O,C1CCC(OC2COC(OC3CCCCC3OC3CCCCO3)C2)OC1,0.9310344827586207,1byj,1.0,1ei2,False,True,0.896551724137931,1fyp,0.896551724137931,0.9761904761904762,"[0.8,1.0]","[0.8,1.0]","[0.8,1.0]"
R-SIM_all,1037,5.017728766960429,18,CCc1nc2ccccc2cc1C(=O)N1CCC[C@H]1C(=O)N[C@@H](CSSC[C@@H](NC(=O)[C@@H]1CCCN1C(=O)c1ccc2c(c1)OCO2)C(=O)N[C@@H](CCCCN)C(=O)NCCCN)C(=O)N[C@H](CCCCN)C(=O)NCCCN,O=C(NCCSSCCNC(=O)C1CCCN1C(=O)c1cnc2ccccc2c1)C1CCCN1C(=O)c1ccc2c(c1)OCO2,0.5555555555555556,1zz5,0.16379310344827586,2ktz,False,False,0.16379310344827586,2ktz,0.368421052631579,0.16379310344827586,"[0.4,0.6)","[0.0,0.4)","[0.0,0.4)"
R-SIM_all,280,5.32057210338788,29,NCCC(O)C(=O)NC1CC(N)C(OC2OC(CN)C(O)C(O)C2N)C(OC2OC(CO)C(O)C2O)C1O,C1CCC(OC2CCCCC2OC2CCCO2)OC1,1.0,1arj,0.8307692307692308,4pdq,False,True,0.5806451612903226,1fyp,0.5862068965517242,0.5806451612903226,"[0.8,1.0]","[0.8,1.0]","[0.4,0.6)"
R-SIM_all,2054,6.82102305270683,29,NCCCOc1ccc(-c2ccc3cc[nH]c3c2)cc1CNCCC1CCNCC1,c1cc(CNCCC2CCNCC2)cc(-c2ccc3cc[nH]c3c2)c1,1.0,1arj,0.6363636363636364,1uts,False,False,0.6363636363636364,1uts,1.0,0.6363636363636364,"[0.8,1.0]","[0.6,0.8)","[0.6,0.8)"
R-SIM_all,205,4.85387196432176,30,CN[C@H]1[C@H](O[C@H]2c3cc4c(cc3[C@@H]3[C@H]2OC(=O)[C@@]32C(=O)C=Cc3c(C)cc(OC)cc32)[C@@](O)([C@@H]2COC(=O)O2)C=C4)O[C@H](C)[C@H](O)[C@H]1O,O=C1OCC(C2C=Cc3cc4c(cc32)C2C(OC(=O)C23C(=O)C=Cc2ccccc23)C4OC2CCCCO2)O1,1.0,1aju,0.18032786885245902,1nta,False,False,0.18032786885245902,1nta,0.5666666666666667,0.18032786885245902,"[0.8,1.0]","[0.0,0.4)","[0.0,0.4)"
R-SIM_all,238,5.0,29,CN1CCN(c2ccc3nc(-c4ccc5nc(-c6cc(O)c(O)c(O)c6)[nH]c5c4)[nH]c3c2)CC1,c1ccc(-c2nc3ccc(-c4nc5ccc(N6CCNCC6)cc5[nH]4)cc3[nH]2)cc1,1.0,1arj,0.3013698630136986,6hmo,False,False,0.3013698630136986,6hmo,0.3793103448275862,0.3013698630136986,"[0.8,1.0]","[0.0,0.4)","[0.0,0.4)"
R-SIM_all,835,5.82390874094432,40,NCC1OC(OC2C(CO)OC(OC3C(O)C(N)CC(N)C3OC3OC(CN)C(O)C(O)C3N)C2O)C(N)C(O)C1O,C1CCC(OC2COC(OC3CCCCC3OC3CCCCO3)C2)OC1,0.55,1ddy,1.0,1ei2,False,True,0.475,1ei2,0.475,1.0,"[0.4,0.6)","[0.8,1.0]","[0.4,0.6)"
R-SIM_all,2392,5.82390874094432,118,C[N+](C)(C)CCN[N+]1(C)CCCc2ccccc21,c1ccc2c(c1)CCC[NH2+]2,0.5084745762711864,3gx7,0.13114754098360656,6e1v,False,False,0.13114754098360656,6e1v,0.2457627118644068,0.13114754098360656,"[0.4,0.6)","[0.0,0.4)","[0.0,0.4)"
R-SIM_all,365,2.20760831050175,29,COc1ccc(CCNC[C@H]2O[C@H](O[C@H]3[C@H](O[C@@H]4O[C@H](CO)[C@@H](O[C@@H]5CO[C@H](CN)[C@H](O)[C@H]5O)[C@@H]4O)[C@@H](O)[C@@H](N)C[C@H]3N)[C@H](N)[C@H](O)[C@@H]2O)cc1,c1ccc(CCNCC2CCCC(OC3CCCCC3OC3CC(OC4CCCOC4)CO3)O2)cc1,0.9310344827586207,1byj,0.5647058823529412,3s4p,False,False,0.5647058823529412,3s4p,0.7241379310344828,0.5647058823529412,"[0.8,1.0]","[0.4,0.6)","[0.4,0.6)"
R-SIM_all,1221,4.30102999566398,28,O=C(Nc1ccc(NC(=O)c2ccc(F)cc2)nc1)c1ccncc1,O=C(Nc1ccc(NC(=O)c2ccccc2)nc1)c1ccncc1,0.6071428571428572,1nta,0.1746031746031746,6izp,False,False,0.1746031746031746,6izp,0.3793103448275862,0.1746031746031746,"[0.6,0.8)","[0.0,0.4)","[0.0,0.4)"
R-SIM_all,951,6.36653154442041,22,Cc1cc(C(=O)N[C@@H](CSSC[C@@H](NC(=O)c2cc3ccccc3nc2C)C(=O)N2CCC[C@H]2C(=O)N[C@@H](Cc2ccccc2)C(=O)NCCCN)C(=O)N2CCC[C@@H]2C(=O)N[C@H](Cc2ccccc2)C(=O)NCCCN)c2ccccc2n1,O=C(NC(CSSCC(NC(=O)c1ccnc2ccccc12)C(=O)N1CCCC1C(=O)NCCc1ccccc1)C(=O)N1CCCC1C(=O)NCCc1ccccc1)c1cnc2ccccc2c1,1.0,2juk,0.1864406779661017,6dn2,False,False,0.1864406779661017,6dn2,0.3584905660377359,0.1864406779661017,"[0.8,1.0]","[0.0,0.4)","[0.0,0.4)"
R-SIM_all,384,4.39794000867204,2922,CC(=O)NCC1CN(c2ccc(N3CCOCC3)c(F)c2)C(=O)O1,O=C1OCCN1c1ccc(N2CCOCC2)cc1,0.13552361396303902,4faq,0.20238095238095238,6hmo,False,False,0.09090909090909091,4e8k,0.13278576317590696,0.09090909090909091,"[0.0,0.4)","[0.0,0.4)","[0.0,0.4)"
R-SIM_all,1888,6.85387196432176,401,O=C1c2ccccc2C(=O)c2c(NCCN3CCOCC3)ccc(NCCN3CCOCC3)c21,O=C1c2ccccc2C(=O)c2c(NCCN3CCOCC3)ccc(NCCN3CCOCC3)c21,0.4039900249376559,4e8m,0.3137254901960784,2kgp,False,False,0.1836734693877551,4e8k,0.39900249376558605,0.1836734693877551,"[0.4,0.6)","[0.0,0.4)","[0.0,0.4)"
R-SIM_all,2459,6.14630178822383,33,CC(C)CC(NC(=O)C(CCC(N)=O)NC(=O)C1CCCN1C(=O)C(N)CCCCN)C(=O)NC(Cc1c[nH]c2ccccc12)C(=O)N1CCCC1C(=O)O,O=C(CNC(=O)C1CCCN1)NCC(=O)NC(Cc1c[nH]c2ccccc12)C(=O)N1CCCC1,0.5151515151515151,3gs5,0.2608695652173913,5kpy,False,False,0.2608695652173913,5kpy,0.323943661971831,0.2608695652173913,"[0.4,0.6)","[0.0,0.4)","[0.0,0.4)"
R-SIM_all,113,4.04575749056068,29,Cc1cc(N)nc2ccccc12,c1ccc2ncccc2c1,0.9310344827586207,1byj,0.32432432432432434,2l8h,False,False,0.32432432432432434,2l8h,0.5172413793103448,0.32432432432432434,"[0.8,1.0]","[0.0,0.4)","[0.0,0.4)"
R-SIM_all,2071,6.075720713938121,14,Cc1cc(C)c(Cn2cc(CCCO[C@H]3[C@H](O)[C@@H](O)[C@H](N)C[C@H]3N)nn2)c(C)c1Cn1cc(CCCO[C@@H]2[C@H](O)[C@H](O)[C@@H](N)C[C@H]2N)nn1,c1cc(Cn2cc(CCCOC3CCCCC3)nn2)cc(Cn2cc(CCCOC3CCCCC3)nn2)c1,0.631578947368421,5z71,0.25,2et8,False,False,0.25,2et8,0.47619047619047616,0.25,"[0.6,0.8)","[0.0,0.4)","[0.0,0.4)"
R-SIM_all,208,5.09691001300806,30,CN[C@@H]1[C@@H](O[C@@H]2c3cc4ccccc4cc3[C@H]3[C@H]2C=C[C@@]32C(=O)C=Cc3ccc(OC)cc32)O[C@@H](C)[C@@H](O)[C@H]1O,O=C1C=Cc2ccccc2C12C=CC1C(OC3CCCCO3)c3cc4ccccc4cc3C12,1.0,1aju,0.19811320754716982,1nta,False,False,0.19811320754716982,1nta,0.5666666666666667,0.19811320754716982,"[0.8,1.0]","[0.0,0.4)","[0.0,0.4)"
R-SIM_all,349,6.221848749616361,29,CN(C)C[C@@H]1O[C@@H](O[C@H]2[C@H](O[C@@H]3O[C@H](CO)[C@H](O[C@H]4CO[C@H](CN)[C@H](O)[C@H]4O)[C@@H]3O)[C@@H](O)[C@@H](N)C[C@H]2N)[C@H](N)[C@H](O)[C@@H]1O,C1CCC(OC2CCCCC2OC2CC(OC3CCCOC3)CO2)OC1,0.9310344827586207,1byj,0.6896551724137931,1ei2,False,False,0.6896551724137931,2et4,0.7241379310344828,0.6896551724137931,"[0.8,1.0]","[0.6,0.8)","[0.6,0.8)"
R-SIM_all,856,6.318758762624411,28,NCC1OC(OC2C(CO)OC(OC3C(O)C(N)CC(N)C3OC3OC(CN)C(O)C(O)C3N)C2O)C(N)C(O)C1O,C1CCC(OC2COC(OC3CCCCC3OC3CCCCO3)C2)OC1,0.6785714285714286,1fyp,1.0,1ei2,False,True,0.6785714285714286,1fyp,0.6785714285714286,0.9761904761904762,"[0.6,0.8)","[0.8,1.0]","[0.6,0.8)"
R-SIM_all,309,5.481486060122111,23,NCC1OC(OC2C(N)CC(N)C(OC3OC(CO)C(O)C(N)C3O)C2O)C(N)CC1O,C1CCC(OC2CCCC(OC3CCCCO3)C2)OC1,0.5925925925925926,1f78,1.0,1lc4,False,True,0.5652173913043479,1j7t,0.5652173913043479,0.5660377358490566,"[0.4,0.6)","[0.8,1.0]","[0.4,0.6)"
R-SIM_all,2226,4.85387196432176,41,NCC1OC(OC2C(N)CC(N)C(OC3OC(COC4OC(CN)C(O)C(O)C4O)C(N)C(O)C3N)C2O)C(N)CC1O,C1CCC(OCC2CCCC(OC3CCCC(OC4CCCCO4)C3)O2)OC1,0.5853658536585367,1eht,0.6,1lc4,False,False,0.4878048780487805,1ei2,0.4878048780487805,0.4915254237288136,"[0.4,0.6)","[0.6,0.8)","[0.4,0.6)"
R-SIM_all,1416,4.47366072261016,69,CC(=O)Nc1nc(-c2cccc(NC(=O)c3cccc(Oc4cn(CC5OC(OC6C(O)C(N)CC(N)C6OC6OC(CN)C(O)C(O)C6N)C(O)C5OC5OC(CN)C(O)C(O)C5N)nn4)c3)c2)cs1,O=C(Nc1cccc(-c2cscn2)c1)c1cccc(Oc2cn(CC3OC(OC4CCCCC4OC4CCCCO4)CC3OC3CCCCO3)nn2)c1,0.49275362318840576,2kx8,0.36633663366336633,1ei2,False,False,0.36633663366336633,1i9v,0.472972972972973,0.36633663366336633,"[0.4,0.6)","[0.0,0.4)","[0.0,0.4)"
R-SIM_all,1388,4.70553377383841,67,CCCCNC(=O)Nc1ccc2oc(Cc3cn(CC4OC(OC5C(O)C(N)CC(N)C5OC5OC(CN)C(O)C(O)C5N)C(O)C4OC4OC(CN)C(O)C(O)C4N)nn3)nc2c1,c1ccc2oc(Cc3cn(CC4OC(OC5CCCCC5OC5CCCCO5)CC4OC4CCCCO4)nn3)nc2c1,0.5074626865671642,2kx8,0.40217391304347827,1ei2,False,False,0.40217391304347827,1i9v,0.4864864864864865,0.40217391304347827,"[0.4,0.6)","[0.4,0.6)","[0.4,0.6)"
R-SIM_all,971,5.397940008672039,29,CC(=O)c1ccc(NC(=O)OC[C@@H]2OC(=O)N[C@@H]2CN2CCN(c3ccccc3)CC2)cc1,O=C(Nc1ccccc1)OCC1OC(=O)NC1CN1CCN(c2ccccc2)CC1,0.6388888888888888,1raw,0.19047619047619047,1lvj,False,False,0.19047619047619047,1lvj,0.4838709677419355,0.19047619047619047,"[0.6,0.8)","[0.0,0.4)","[0.0,0.4)"
R-SIM_all,2442,6.92081875395238,34,NCCC(O)C(=O)NC1CC(N)C(OC2OC(CN)C(O)C(O)C2O)C(O)C1OC1OC(CO)C(O)C(N)C1O,C1CCC(OC2CCCC(OC3CCCCO3)C2)OC1,0.5,1q8n,1.0,4p20,False,True,0.47058823529411764,2fcz,0.47058823529411764,0.49230769230769234,"[0.4,0.6)","[0.8,1.0]","[0.4,0.6)"
R-SIM_all,2125,5.1249387366083,38,CN(C)c1ccc2c(-c3ccccc3)c3ccc(=[N+](C)C)cc-3oc2c1,[N+]=c1ccc2c(-c3ccccc3)c3ccccc3oc-2c1,0.868421052631579,1q8n,1.0,1f1t,True,True,0.8421052631578947,1f1t,0.8421052631578947,1.0,"[0.8,1.0]","[0.8,1.0]","[0.8,1.0]"
R-SIM_all,1191,5.46852108295774,78,CN1CCN(c2ccc3nc(-c4cc(C(C)(C)C)c(OCCCC(=O)NCCCN=[N+]=[N-])c(C(C)(C)C)c4)[nH]c3c2)CC1,c1ccc(-c2nc3ccc(N4CCNCC4)cc3[nH]2)cc1,0.5128205128205128,3ski,0.21782178217821782,6hmo,False,False,0.1889763779527559,5v3f,0.33333333333333337,0.1889763779527559,"[0.4,0.6)","[0.0,0.4)","[0.0,0.4)"
R-SIM_all,1957,6.974694134735231,22,COc1cc(C=CC(=O)CC(=O)C=Cc2ccc(O)c(OC)c2)ccc1O,O=C(C=Cc1ccccc1)CC(=O)C=Cc1ccccc1,0.6521739130434783,4pdq,0.23809523809523808,12ci,False,False,0.23809523809523808,12ci,0.25609756097560976,0.23809523809523808,"[0.6,0.8)","[0.0,0.4)","[0.0,0.4)"
R-SIM_all,266,3.25963731050576,29,CN(C)CCCN1c2ccccc2Sc2ccc(Cl)cc21,c1ccc2c(c1)Nc1ccccc1S2,1.0,1arj,0.6666666666666666,1lvj,False,True,0.6666666666666666,1lvj,0.935483870967742,0.6666666666666666,"[0.8,1.0]","[0.6,0.8)","[0.6,0.8)"
R-SIM_all,1586,3.8728952016351896,43,CNC1C(OC2C(OC3C(O)C(O)C(N=C(N)N)C(O)C3N=C(N)N)OC(C)C2(O)C=O)OC(CO)C(O)C1O,C1CCC(OC2OCCC2OC2CCCCO2)CC1,0.5116279069767442,1ei2,0.676056338028169,1nta,False,True,0.39534883720930236,1nta,0.39534883720930236,0.676056338028169,"[0.4,0.6)","[0.6,0.8)","[0.0,0.4)"
R-SIM_all,1305,6.53165266958784,20,[NH3+]CCNc1c2c(c(NCC[NH3+])c3sccc13)C(=O)c1ccccc1C2=O,O=C1c2ccccc2C(=O)c2cc3sccc3cc21,0.6,1zz5,0.19298245614035087,2kgp,False,False,0.19298245614035087,2kgp,0.43999999999999995,0.19298245614035087,"[0.6,0.8)","[0.0,0.4)","[0.0,0.4)"
R-SIM_all,2260,6.79048498545737,71,CN(C)C1C(=O)C(C(N)=O)=C(O)C2(O)C(=O)C3=C(O)c4c(O)cccc4C(C)(O)C3CC12,O=C1C=CC2C(=O)C3=Cc4ccccc4CC3CC2C1,0.5357142857142857,4frg,0.16,6bfb,False,False,0.16,6bfb,0.49295774647887325,0.16,"[0.4,0.6)","[0.0,0.4)","[0.0,0.4)"
R-SIM_all,2137,3.09691001300806,164,Nc1ncnc2c1ncn2C1OC(CSCCC(N)C(=O)O)C(O)C1O,c1ncc2ncn(C3CCCO3)c2n1,0.5182926829268293,4kqy,1.0,3gx3,False,True,0.5182926829268293,4kqy,0.5182926829268293,0.5942028985507246,"[0.4,0.6)","[0.8,1.0]","[0.4,0.6)"
R-SIM_all,207,4.88605664769316,30,N[C@H]1[C@H](O[C@@H]2C=Cc3ccccc3[C@@]23C(=O)O[C@@H]2C(=O)c4cc5ccccc5cc4[C@@H]23)O[C@@H](CO)[C@@H](O)[C@@H]1O,O=C1c2cc3ccccc3cc2C2C1OC(=O)C21c2ccccc2C=CC1OC1CCCCO1,1.0,1aju,0.2962962962962963,2et5,False,False,0.2962962962962963,2et5,0.4666666666666667,0.2962962962962963,"[0.8,1.0]","[0.0,0.4)","[0.0,0.4)"
R-SIM_all,1138,7.050609993355089,52,CCc1nc2cc3ccccc3cc2cc1C(=O)N[C@@H](C/C=C/C[C@H](NC(=O)c1cc2cc3ccccc3cc2nc1CC)C(=O)N1CCC[C@H]1C(=O)N[C@@H](Cc1ccccc1)C(=O)NCCC[NH3+])C(=O)N1CCC[C@H]1C(=O)N[C@@H](Cc1ccccc1)C(=O)NCCC[NH3+],O=C(NC(CC=CCC(NC(=O)c1cnc2cc3ccccc3cc2c1)C(=O)N1CCCC1C(=O)NCCc1ccccc1)C(=O)N1CCCC1C(=O)NCCc1ccccc1)c1cnc2cc3ccccc3cc2c1,0.8076923076923077,2l94,0.17391304347826086,5c45,False,False,0.17391304347826086,5c45,0.5185185185185186,0.17391304347826086,"[0.8,1.0]","[0.0,0.4)","[0.0,0.4)"
R-SIM_all,419,8.1249387366083,2897,C=CC1(C)CC(OC(=O)CSC2CCNCC2)C2(C)C(C)CCC3(CCC(=O)C32)C(C)C1O,O=C(CSC1CCNCC1)OC1CCCCC23CCCC1C2C(=O)CC3,0.13669313082499135,4faq,0.15306122448979592,4u6k,False,False,0.06627545736969276,4gma,0.06627545736969276,0.08108108108108109,"[0.0,0.4)","[0.0,0.4)","[0.0,0.4)"
R-SIM_all,2377,5.04095860767891,52,CC(=O)C1(O)Cc2c(O)c3c(c(O)c2C(OC2CC(N)C(O)C(C)O2)C1)C(=O)c1ccccc1C3=O,O=C1c2ccccc2C(=O)c2cc3c(cc21)CCCC3OC1CCCCO1,0.8076923076923077,2l94,0.1935483870967742,1mwl,False,False,0.1935483870967742,1mwl,0.3076923076923077,0.1935483870967742,"[0.8,1.0]","[0.0,0.4)","[0.0,0.4)"
R-SIM_all,2402,3.4621809049267296,12,COC1=C(C)C(=O)c2c(c(COC(N)=O)c3n2C[C@H]2[C@@H]3N2C)C1=O,O=C1C=CC(=O)c2c1cc1n2CC2NC12,0.5833333333333333,5ux3,0.17142857142857143,1evv,False,False,0.17142857142857143,1evv,0.19354838709677424,0.17142857142857143,"[0.4,0.6)","[0.0,0.4)","[0.0,0.4)"
R-SIM_all,632,6.88605664769316,29,NC[C@@H]1O[C@H](O[C@H]2[C@H](OCc3cccnc3)[C@@H](O[C@H]3[C@@H](O)[C@@H](N)C[C@@H](N)[C@@H]3O[C@@H]3O[C@@H](CO)[C@H](O)[C@@H](O)[C@@H]3N)O[C@@H]2CO)[C@@H](N)[C@H](O)[C@H]1O,c1cncc(COC2C(OC3CCCCO3)COC2OC2CCCCC2OC2CCCCO2)c1,0.9310344827586207,1byj,0.6712328767123288,3s4p,False,False,0.6712328767123288,3s4p,0.7241379310344828,0.6712328767123288,"[0.8,1.0]","[0.6,0.8)","[0.6,0.8)"
R-SIM_all,2271,8.74957999769111,71,CN(C)C1C(=O)C(C(N)=O)=C(O)C2(O)C(=O)C3=C(O)c4c(O)cccc4C(C)(O)C3C(O)C12,O=C1C=CC2C(=O)C3=Cc4ccccc4CC3CC2C1,0.5476190476190477,4frg,0.15294117647058825,1ykv,False,False,0.15294117647058825,1ykv,0.15492957746478875,0.15294117647058825,"[0.4,0.6)","[0.0,0.4)","[0.0,0.4)"
R-SIM_all,2105,8.08884239126002,2897,COC1C(OC(C)=O)CC(=O)OC(C)CC=CC=CC(O)C(C)CC(CC=O)C1OC1OC(C)C(OC2CC(C)(O)C(OC(=O)CC(C)C)C(C)O2)C(N(C)C)C1O,O=C1CCCC(OC2CCC(OC3CCCCO3)CO2)CCCCC=CC=CCCO1,0.13669313082499135,4faq,0.1746031746031746,4f8u,False,False,0.06627545736969276,4gma,0.06627545736969276,0.10377358490566038,"[0.0,0.4)","[0.0,0.4)","[0.0,0.4)"
R-SIM_all,353,6.397940008672039,29,CNC[C@@H]1O[C@H](O[C@H]2[C@H](O[C@@H]3O[C@H](CO)[C@@H](O[C@@H]4CO[C@H](CN)[C@H](O)[C@H]4O)[C@@H]3O)[C@@H](O)[C@@H](N)C[C@H]2N)[C@H](N)[C@H](O)[C@H]1O,C1CCC(OC2CCCCC2OC2CC(OC3CCCOC3)CO2)OC1,0.9310344827586207,1byj,0.6896551724137931,1ei2,False,False,0.6896551724137931,2et4,0.7241379310344828,0.6896551724137931,"[0.8,1.0]","[0.6,0.8)","[0.6,0.8)"
R-SIM_all,1734,5.0,27,CN1CCN(c2ccc(-c3ccc4nc(-c5ccc(OCCCC(=O)N6CCN(c7nncc8sccc78)CC6)cc5)[nH]c4c3)cc2)CC1,O=C(CCCOc1ccc(-c2nc3ccc(-c4ccc(N5CCNCC5)cc4)cc3[nH]2)cc1)N1CCN(c2nncc3sccc23)CC1,0.5555555555555556,2kxm,0.2,6hmo,False,False,0.2,6hmo,0.37037037037037035,0.2,"[0.4,0.6)","[0.0,0.4)","[0.0,0.4)"
R-SIM_all,117,5.045757490560679,29,CN(C)c1cc(NC(=O)Cc2ccc(O)cc2)c2ccccc2n1,O=C(Cc1ccccc1)Nc1ccnc2ccccc12,0.9310344827586207,1byj,0.20987654320987653,3mij,False,False,0.20987654320987653,3mij,0.3448275862068966,0.20987654320987653,"[0.8,1.0]","[0.0,0.4)","[0.0,0.4)"
R-SIM_all,333,7.0,29,NC[C@@H]1C[C@H](O)[C@@H](N)[C@H](O[C@@H]2CO[C@@H](O[C@@H]3[C@@H](O)[C@H](N)C[C@H](N)[C@H]3O[C@H]3O[C@@H](CO)[C@H](O)[C@@H](O)[C@@H]3N)[C@@H]2OCCNC2CCNCC2)O1,C1CCC(OC2CCCCC2OC2OCC(OC3CCCCO3)C2OCCNC2CCNCC2)OC1,0.9310344827586207,1byj,0.5340909090909091,2be0,False,False,0.5340909090909091,2be0,0.7241379310344828,0.5340909090909091,"[0.8,1.0]","[0.4,0.6)","[0.4,0.6)"
R-SIM_all,1781,4.52287874528034,29,CC(=O)Nc1nc(-c2cccc(NC(=O)[C@H]3C[C@H](O)[C@@H](COCOC(=O)C(N)CCCCN)O3)c2)cs1,O=C(Nc1cccc(-c2cscn2)c1)C1CCCO1,1.0,1arj,0.21495327102803738,3mij,False,False,0.21495327102803738,3mij,0.31034482758620685,0.21495327102803738,"[0.8,1.0]","[0.0,0.4)","[0.0,0.4)"
R-SIM_all,410,6.23582386760967,70,Nc1ncnc2nc[nH]c12,c1ncc2[nH]cnc2n1,0.6338028169014085,4lx5,0.5161290322580645,3got,False,True,0.5161290322580645,3got,0.5857142857142856,0.5161290322580645,"[0.6,0.8)","[0.4,0.6)","[0.4,0.6)"
R-SIM_all,1421,6.275724130399211,67,NCCCCNCCCCNCCCCN,ACYCLIC_EXACT::NCCCCNCCCCNCCCCN,0.5074626865671642,2kx8,0.8571428571428571,1j8g,False,False,0.29850746268656714,1xpf,0.29850746268656714,0.8571428571428571,"[0.4,0.6)","[0.8,1.0]","[0.0,0.4)"
R-SIM_all,1567,5.397940008672039,88,CCCN(CC(=O)N(CCC)CC(=O)N(CC(N)=O)Cc1cn(CCCNC(=N)c2ccc(-c3ccc(-c4ccc(C(=N)N)cc4)o3)cc2)nn1)C(=O)CNCc1cn(CCCNC(=N)c2ccc(-c3ccc(-c4ccc(C(=N)N)cc4)o3)cc2)nn1,N=C(NCCCn1cc(CNCC(=O)NCC(=O)NCC(=O)NCc2cn(CCCNC(=N)c3ccc(-c4ccc(-c5ccccc5)o4)cc3)nn2)nn1)c1ccc(-c2ccc(-c3ccccc3)o2)cc1,0.5306122448979591,4rzd,0.1782178217821782,1uud,False,False,0.1782178217821782,1uud,0.30681818181818177,0.1782178217821782,"[0.4,0.6)","[0.0,0.4)","[0.0,0.4)"
R-SIM_all,2268,8.55752023093555,71,CC1(O)c2cccc(O)c2C(O)=C2C(=O)C3(O)C(O)=C(C(N)=O)C(=O)C(O)C3CC21,O=C1C=CC2C(=O)C3=Cc4ccccc4CC3CC2C1,0.5476190476190477,4frg,0.16279069767441862,6cxz,False,False,0.14457831325301204,1ykv,0.15492957746478875,0.14457831325301204,"[0.4,0.6)","[0.0,0.4)","[0.0,0.4)"
R-SIM_all,1166,7.69897000433602,67,Nc1nc(NO)c2[nH]cnc2n1,c1ncc2[nH]cnc2n1,1.0,3fo6,0.5135135135135135,3fo6,False,True,0.5135135135135135,3fo6,1.0,0.5135135135135135,"[0.8,1.0]","[0.4,0.6)","[0.4,0.6)"
R-SIM_all,1285,4.1249387366083,238,[NH3+]CCOC[C@H]([NH3+])C(=O)[O-],ACYCLIC_EXACT::[NH3+]CCOC[C@H]([NH3+])C(=O)[O-],0.4819277108433735,4y1n,0.2222222222222222,3d0u,False,False,0.2222222222222222,3d0u,0.45378151260504207,0.2222222222222222,"[0.4,0.6)","[0.0,0.4)","[0.0,0.4)"
R-SIM_all,2286,7.12027350336042,2922,CCC1OC(=O)CC(O)C(C)C(OC2OC(C)C(OC3CC(C)(O)C(O)C(C)O3)C(N(C)C)C2O)C(CC=O)CC(C)C(=O)C=CC(C)=CC1COC1OC(C)C(O)C(OC)C1OC,O=C1C=CC=CC(COC2CCCCO2)COC(=O)CCCC(OC2CCC(OC3CCCCO3)CO2)CCC1,0.13552361396303902,4faq,0.1773049645390071,2gun,False,False,0.0657084188911704,4gma,0.0657084188911704,0.09859154929577464,"[0.0,0.4)","[0.0,0.4)","[0.0,0.4)"
R-SIM_all,1732,6.57024771999759,60,,,0.5333333333333333,5lys,0.0,12ci,False,False,0.0,12ci,0.426829268292683,0.0,"[0.4,0.6)","[0.0,0.4)","[0.0,0.4)"
R-SIM_all,803,7.096910013008059,34,NCC1OC(OC2C(CO)OC(OC3C(O)C(N)CC(N)C3OC3OC(CN)C(O)C(O)C3N)C2O)C(N)C(O)C1O,C1CCC(OC2COC(OC3CCCCC3OC3CCCCO3)C2)OC1,0.5,1duh,1.0,1ei2,False,True,0.5,3c44,0.5,0.9761904761904762,"[0.4,0.6)","[0.8,1.0]","[0.4,0.6)"
R-SIM_all,2450,6.13489602535887,33,CC(C)CC(NC(=O)C(CCC(N)=O)NC(=O)C1CCCN1C(=O)C(N)CCCCN)C(=O)NC(Cc1c[nH]c2ccccc12)C(=O)N1CCCC1C(=O)O,O=C(CNC(=O)C1CCCN1)NCC(=O)NC(Cc1c[nH]c2ccccc12)C(=O)N1CCCC1,0.48484848484848486,3gs5,0.2608695652173913,5kpy,False,False,0.2608695652173913,5kpy,0.352112676056338,0.2608695652173913,"[0.4,0.6)","[0.0,0.4)","[0.0,0.4)"
R-SIM_all,1608,4.51004152057517,46,CN1CCN(c2cc(F)c3cc(-c4ccc(Cl)cc4)c(=O)oc3c2)CC1,O=c1oc2cc(N3CCNCC3)ccc2cc1-c1ccccc1,0.5217391304347826,2ktz,0.2972972972972973,6hmo,False,False,0.23913043478260865,6hmo,0.23913043478260865,0.2972972972972973,"[0.4,0.6)","[0.0,0.4)","[0.0,0.4)"
R-SIM_all,1601,5.09691001300806,46,Cc1cn2cc(-c3cc(=O)n4cc(N5CCN(C)CC5)ccc4n3)cc(F)c2n1,O=c1cc(-c2ccc3nccn3c2)nc2ccc(N3CCNCC3)cn12,0.5217391304347826,2ktz,1.0,6hmo,True,True,0.23913043478260865,6hmo,0.23913043478260865,1.0,"[0.4,0.6)","[0.8,1.0]","[0.0,0.4)"
R-SIM_all,2189,5.52287874528034,48,NCC1OC(OC2C(N)CC(N)C(OC3OC(CN)C(OC4OC(CO)C(N)C(O)C4O)C(N)C3O)C2O)C(N)CC1O,C1CCC(OC2CCC(OC3CCCC(OC4CCCCO4)C3)OC2)OC1,0.5625,6e8u,0.8085106382978723,1lc4,False,False,0.44594594594594594,1i9v,0.44594594594594594,0.5454545454545454,"[0.4,0.6)","[0.8,1.0]","[0.4,0.6)"
R-SIM_all,2093,5.692503962086789,18,N[C@@H]1C[C@@H](N)[C@@H](OCCCc2cn(Cc3ccc(Cn4cc(CCCO[C@@H]5[C@H](O)[C@H](O)[C@@H](N)C[C@H]5N)nn4)cc3)nn2)[C@H](O)[C@H]1O,c1cc(Cn2cc(CCCOC3CCCCC3)nn2)ccc1Cn1cc(CCCOC2CCCCC2)nn1,0.5789473684210527,5z71,0.27419354838709675,2et8,False,False,0.27419354838709675,2et8,0.47619047619047616,0.27419354838709675,"[0.4,0.6)","[0.0,0.4)","[0.0,0.4)"
R-SIM_all,400,8.56066730616974,2897,CCC1OC(=O)CC(O)C(C)C(OC2OC(C)C(OC3CC(C)(O)C(O)C(C)O3)C(N(C)C)C2O)C(CC=O)CC(C)C(=O)C=CC(C)=CC1COC1OC(C)C(O)C(OC)C1OC,O=C1C=CC=CC(COC2CCCCO2)COC(=O)CCCC(OC2CCC(OC3CCCCO3)CO2)CCC1,0.13669313082499135,4faq,0.1773049645390071,2gun,False,False,0.06627545736969276,4gma,0.06627545736969276,0.09859154929577464,"[0.0,0.4)","[0.0,0.4)","[0.0,0.4)"
R-SIM_all,1958,7.03621217265444,28,COc1cc(C=CC(=O)CC(=O)C=Cc2ccc(O)c(OC)c2)ccc1O,O=C(C=Cc1ccccc1)CC(=O)C=Cc1ccccc1,0.5757575757575757,1f1t,0.23809523809523808,12ci,False,False,0.23809523809523808,12ci,0.29268292682926833,0.23809523809523808,"[0.4,0.6)","[0.0,0.4)","[0.0,0.4)"
R-SIM_all,122,5.52287874528034,29,Cc1ccnc(NCCN)c1,c1ccncc1,0.9310344827586207,1byj,0.2,12ci,False,False,0.2,12ci,0.3414634146341463,0.2,"[0.8,1.0]","[0.0,0.4)","[0.0,0.4)"
R-SIM_all,734,4.958607314841769,118,Cc1cc(N2CCN(C)CC2)n2nc(-c3ccc(Cl)cc3)nc2n1,c1ccc(-c2nc3nccc(N4CCNCC4)n3n2)cc1,0.5084745762711864,3gx7,0.2602739726027397,6hmo,False,False,0.16417910447761194,2lwk,0.2542372881355932,0.16417910447761194,"[0.4,0.6)","[0.0,0.4)","[0.0,0.4)"
R-SIM_all,158,3.80687540164554,29,CN1CCCN(Cc2coc3ccc(Cl)cc3c2=O)CC1,O=c1c(CN2CCCNCC2)coc2ccccc12,0.9310344827586207,1byj,0.1728395061728395,6hmo,False,False,0.1728395061728395,6hmo,0.3793103448275862,0.1728395061728395,"[0.8,1.0]","[0.0,0.4)","[0.0,0.4)"
R-SIM_all,115,3.79588001734407,29,Cc1ccc2[nH]c(N)nc2c1C,c1ccc2[nH]cnc2c1,0.9310344827586207,1byj,0.275,3rkf,False,False,0.275,3rkf,0.417910447761194,0.275,"[0.8,1.0]","[0.0,0.4)","[0.0,0.4)"
R-SIM_all,2224,5.30102999566398,41,NCC1OC(OC2C(N)CC(N)C(OC3OC(CN)C(OC4OC(CO)C(O)C(O)C4N)C(N)C3O)C2O)C(N)CC1O,C1CCC(OC2CCC(OC3CCCC(OC4CCCCO4)C3)OC2)OC1,0.5853658536585367,1eht,0.8297872340425532,1lc4,False,False,0.4878048780487805,1ei2,0.4878048780487805,0.6226415094339622,"[0.4,0.6)","[0.8,1.0]","[0.4,0.6)"
R-SIM_all,933,5.85387196432176,58,CO[C@H]1[C@@H](O)[C@H](n2cnc3c(N)ncnc32)O[C@@H]1CO,c1ncc2ncn(C3CCCO3)c2n1,0.5405405405405406,3q3z,0.6724137931034483,1x9c,False,True,0.48275862068965514,5ktj,0.48275862068965514,0.5396825396825397,"[0.4,0.6)","[0.6,0.8)","[0.4,0.6)"
R-SIM_all,874,7.045757490560679,60,CC(C)[C@H](NC(=O)[C@@H](CO)NC(=O)CCCN)C(=O)NCc1ccc(Nc2c3ccccc3nc3c(C(=O)N[C@H](CCCNC(=N)N)C(N)=O)cccc23)cc1,c1ccc(Nc2c3ccccc3nc3ccccc23)cc1,0.5666666666666667,2au4,0.1875,1nbk,False,False,0.1875,1nbk,0.4833333333333333,0.1875,"[0.4,0.6)","[0.0,0.4)","[0.0,0.4)"
R-SIM_all,2381,5.95860731484177,22,CCc1nc2ccccc2cc1C(=O)N[C@@H](CSSC[C@@H](NC(=O)c1cc2ccccc2nc1CC)C(=O)N1CCC[C@H]1C(=O)N[C@@H](Cc1ccccc1)C(=O)NCCCN)C(=O)N1CCC[C@H]1C(=O)N[C@@H](Cc1ccccc1)C(=O)NCCCN,O=C(NC(CSSCC(NC(=O)c1cnc2ccccc2c1)C(=O)N1CCCC1C(=O)NCCc1ccccc1)C(=O)N1CCCC1C(=O)NCCc1ccccc1)c1cnc2ccccc2c1,0.8636363636363636,2juk,0.18584070796460178,6dn2,False,False,0.18584070796460178,6dn2,0.37735849056603776,0.18584070796460178,"[0.8,1.0]","[0.0,0.4)","[0.0,0.4)"
R-SIM_all,2254,5.017728766960429,33,NCC1OC(OC2C(N)CC(N)C(OC3OC(COC4OC(CN)C(O)C(O)C4O)C(N)C(O)C3N)C2O)C(N)CC1O,C1CCC(OCC2CCCC(OC3CCCC(OC4CCCCO4)C3)O2)OC1,0.5454545454545454,1xst,0.6,1lc4,False,False,0.48484848484848486,1lc4,0.48484848484848486,0.6,"[0.4,0.6)","[0.6,0.8)","[0.4,0.6)"
R-SIM_all,1605,4.44490555142168,46,CN1CCN(c2ccc3cc(-c4cccc(Cl)c4)c(=O)oc3c2)CC1,O=c1oc2cc(N3CCNCC3)ccc2cc1-c1ccccc1,0.5217391304347826,2ktz,0.28,6hmo,False,False,0.23913043478260865,6hmo,0.23913043478260865,0.28,"[0.4,0.6)","[0.0,0.4)","[0.0,0.4)"
R-SIM_all,839,4.52287874528034,40,CNC1C(O)C(OC2C(N)CC(N)C(OC3OC(C(C)O)C(O)C(O)C3N)C2O)OCC1(C)O,C1CCC(OC2CCCC(OC3CCCCO3)C2)OC1,0.55,1ddy,1.0,1mwl,False,True,0.42500000000000004,5z1h,0.42500000000000004,0.5441176470588235,"[0.4,0.6)","[0.8,1.0]","[0.4,0.6)"
R-SIM_all,660,3.0,29,COC(=O)c1ccc(Cn2c(C3CCNCC3)nc3cc(Cl)c(Cl)cc32)cc1,c1ccc(Cn2c(C3CCNCC3)nc3ccccc32)cc1,0.9310344827586207,1byj,0.22535211267605634,2lwk,False,False,0.22535211267605634,2lwk,0.5625,0.22535211267605634,"[0.8,1.0]","[0.0,0.4)","[0.0,0.4)"
R-SIM_all,1863,5.88605664769316,47,c1cc(-c2ccc(-c3ccc(C4=[NH+]CCN4)cc3)o2)ccc1C1=[NH+]CCN1,c1cc(-c2ccc(-c3ccc(C4=[NH+]CCN4)cc3)o2)ccc1C1=[NH+]CCN1,0.5357142857142857,3f4g,0.11666666666666667,1f1t,False,False,0.11666666666666667,1f1t,0.42553191489361697,0.11666666666666667,"[0.4,0.6)","[0.0,0.4)","[0.0,0.4)"
R-SIM_all,1175,5.585026652029179,30,C[n+]1c(C=Cc2ccc(N3CCOCC3)cc2)cc(N2CC[NH+](C)CC2)c2ccccc21,C(=Cc1cc(N2CC[NH2+]CC2)c2ccccc2[nH+]1)c1ccc(N2CCOCC2)cc1,0.5806451612903225,5v3f,0.2361111111111111,6e84,False,False,0.2361111111111111,6e84,0.5555555555555556,0.2361111111111111,"[0.4,0.6)","[0.0,0.4)","[0.0,0.4)"
R-SIM_all,1283,4.88605664769316,239,[NH3+]CCOC[C@H]([NH3+])C(=O)[O-],ACYCLIC_EXACT::[NH3+]CCOC[C@H]([NH3+])C(=O)[O-],0.4819277108433735,4y1n,0.2222222222222222,3d0u,False,False,0.2222222222222222,3d0u,0.4602510460251046,0.2222222222222222,"[0.4,0.6)","[0.0,0.4)","[0.0,0.4)"
R-SIM_all,2270,8.00877392430751,71,CN(C)C1C(=O)C(C#N)=C(O)C2(O)C(=O)C3=C(O)c4c(O)cccc4C(C)(O)C3CC12,O=C1C=CC2C(=O)C3=Cc4ccccc4CC3CC2C1,0.5476190476190477,4frg,0.13953488372093023,1ykv,False,False,0.13953488372093023,1ykv,0.15492957746478875,0.13953488372093023,"[0.4,0.6)","[0.0,0.4)","[0.0,0.4)"
R-SIM_all,1339,5.67778070526608,29,OC(CNc1ccccc1)Cn1c2ccc(Br)cc2c2cc(Br)ccc21,c1ccc(NCCCn2c3ccccc3c3ccccc32)cc1,0.5588235294117647,1nbk,0.18571428571428572,3f4g,False,False,0.18571428571428572,3f4g,0.3928571428571429,0.18571428571428572,"[0.4,0.6)","[0.0,0.4)","[0.0,0.4)"
R-SIM_all,622,4.43179827593301,29,CO[C@H]1O[C@@H](CN)[C@H](O)[C@@H](O[C@H]2O[C@H](CN)[C@@H](O)[C@H](O)[C@H]2N)[C@@H]1N,C1CCC(OC2CCOCC2)OC1,0.9310344827586207,1byj,0.5952380952380952,2et8,False,False,0.5952380952380952,2et8,0.7241379310344828,0.5952380952380952,"[0.8,1.0]","[0.4,0.6)","[0.4,0.6)"
R-SIM_all,711,4.92445303860747,29,CN1CCN(CCCN2c3ccccc3Sc3ccc(Cl)cc32)CC1,c1ccc2c(c1)Sc1ccccc1N2CCCN1CCNCC1,1.0,1arj,0.43103448275862066,1lvj,False,False,0.43103448275862066,1lvj,0.935483870967742,0.43103448275862066,"[0.8,1.0]","[0.4,0.6)","[0.4,0.6)"
R-SIM_all,286,6.14266750356873,29,CN(C)C[C@@H]1CNC2=Nc3ccc4c(c3[C@@H]2C1)C[C@@H](CN(C)C)CO4,c1cc2c(c3c1N=C1NCCCC13)CCCO2,0.6111111111111112,6e82,0.391304347826087,3tzr,False,False,0.3793103448275862,3tzr,0.3793103448275862,0.391304347826087,"[0.6,0.8)","[0.0,0.4)","[0.0,0.4)"
R-SIM_all,1583,4.35654732351381,43,NCC1OC(OC2C(N)CC(N)C(OC3OC(CO)C(O)C(N)C3O)C2O)C(O)C(O)C1O,C1CCC(OC2CCCC(OC3CCCCO3)C2)OC1,0.5116279069767442,1ei2,1.0,2esi,False,True,0.5116279069767442,1ei2,0.5116279069767442,0.6326530612244898,"[0.4,0.6)","[0.8,1.0]","[0.4,0.6)"
R-SIM_all,2403,5.52287874528034,12,,,0.5833333333333333,5ux3,0.0,12ci,False,False,0.0,12ci,0.14634146341463417,0.0,"[0.4,0.6)","[0.0,0.4)","[0.0,0.4)"
R-SIM_all,1245,7.721246399047169,29,Cn1cc(C(=O)[O-])c(=O)c2cc(N)c(N3CCN(c4ccccn4)CC3)cc21,O=c1cc[nH]c2cc(N3CCN(c4ccccn4)CC3)ccc12,1.0,1arj,0.17204301075268819,6dn2,False,False,0.17204301075268819,6dn2,0.37735849056603776,0.17204301075268819,"[0.8,1.0]","[0.0,0.4)","[0.0,0.4)"
R-SIM_all,783,4.16749108729376,28,N[C@H]1[C@H](O[C@@H]2C=Cc3ccccc3[C@@]23C(=O)O[C@@H]2C(=O)c4cc5ccccc5cc4[C@@H]23)O[C@@H](CO)[C@@H](O)[C@@H]1O,O=C1c2cc3ccccc3cc2C2C1OC(=O)C21c2ccccc2C=CC1OC1CCCCO1,0.5862068965517242,6izp,0.2962962962962963,2et5,False,False,0.2962962962962963,2et5,0.4642857142857143,0.2962962962962963,"[0.4,0.6)","[0.0,0.4)","[0.0,0.4)"
R-SIM_all,1316,3.79588001734407,15,CC[NH+]1CCN(c2ccc3cc(-c4cn5cc(C)nc(C)c5n4)c(=O)oc3c2)C[C@@H]1C,O=c1oc2cc(N3CC[NH2+]CC3)ccc2cc1-c1cn2ccncc2n1,0.6,1zfx,0.2696629213483146,6hmo,False,False,0.2696629213483146,6hmo,0.33333333333333337,0.2696629213483146,"[0.6,0.8)","[0.0,0.4)","[0.0,0.4)"
R-SIM_all,394,5.744727494896691,2897,COC1C(O)CC(=O)OC(C)CC=CC=CC(OC2CCC(N(C)C)C(C)O2)C(C)CC(CC=O)C1OC1OC(C)C(OC2CC(C)(O)C(O)C(C)O2)C(N(C)C)C1O,O=C1CCCC(OC2CCC(OC3CCCCO3)CO2)CCCC(OC2CCCCO2)C=CC=CCCO1,0.13669313082499135,4faq,0.19327731092436976,4f8u,False,False,0.06627545736969276,4gma,0.06627545736969276,0.09090909090909091,"[0.0,0.4)","[0.0,0.4)","[0.0,0.4)"
R-SIM_all,1779,6.721246399047169,62,CCCN(CC(=O)N(CCC)CC(=O)N(CCC)CC(=O)N(CCC)CC(=O)N(CCCn1cnc(CN2CCN(c3cc(Nc4cc(Nc5ccc6ccccc6n5)ccn4)nc(CC)n3)CC2)c1)CC(N)=O)C(=O)CCCOc1cc(-c2nc3cc(N)ccc3[nH]2)cc(-c2nc3ccc(N)cc3[nH]2)c1,O=C(CCCOc1cc(-c2nc3ccccc3[nH]2)cc(-c2nc3ccccc3[nH]2)c1)NCC(=O)NCC(=O)NCC(=O)NCC(=O)NCCCn1cnc(CN2CCN(c3cc(Nc4cc(Nc5ccc6ccccc6n5)ccn4)ncn3)CC2)c1,0.5211267605633803,5kpy,0.16,3mij,False,False,0.16,3mij,0.17741935483870963,0.16,"[0.4,0.6)","[0.0,0.4)","[0.0,0.4)"
R-SIM_all,1057,4.79588001734408,22,CCc1nc2ccccc2cc1C(=O)N1CCC[C@H]1C(=O)N[C@@H](CSSC[C@@H](NC(=O)[C@@H]1CCCN1C(=O)c1ccc2c(c1)OCO2)C(=O)N[C@@H](CCCCN)C(=O)NCCCN)C(=O)N[C@H](CCCCN)C(=O)NCCCN,O=C(NCCSSCCNC(=O)C1CCCN1C(=O)c1cnc2ccccc2c1)C1CCCN1C(=O)c1ccc2c(c1)OCO2,1.0,2juk,0.16379310344827586,2ktz,False,False,0.16379310344827586,2ktz,0.4473684210526315,0.16379310344827586,"[0.8,1.0]","[0.0,0.4)","[0.0,0.4)"
R-SIM_all,1777,6.096910013008059,62,CCOC(=O)CCCOc1cc(-c2nc3ccc(N)cc3[nH]2)cc(-c2nc3ccc(N)cc3[nH]2)c1,c1cc(-c2nc3ccccc3[nH]2)cc(-c2nc3ccccc3[nH]2)c1,0.5211267605633803,5kpy,0.21818181818181817,2kd4,False,False,0.2054794520547945,6izp,0.3709677419354839,0.2054794520547945,"[0.4,0.6)","[0.0,0.4)","[0.0,0.4)"
R-SIM_all,2443,7.52287874528034,34,NCC1OC(OC2C(CO)OC(OC3C(O)C(N)CC(N)C3OC3OC(CN)C(O)C(O)C3N)C2O)C(N)C(O)C1O,C1CCC(OC2COC(OC3CCCCC3OC3CCCCO3)C2)OC1,0.5,1q8n,1.0,1ei2,False,True,0.5,3c44,0.5,0.9761904761904762,"[0.4,0.6)","[0.8,1.0]","[0.4,0.6)"
R-SIM_all,1039,5.67778070526608,21,CCc1nc2ccccc2cc1C(=O)N1CCC[C@H]1C(=O)N[C@@H](CSSC[C@H](NC(=O)[C@@H]1CCCN1C(=O)c1cc2ccccc2nc1CC)C(=O)N[C@H](CCCCN)C(=O)NCCCN)C(=O)N[C@H](CCCCN)C(=O)NCCCN,O=C(NCCSSCCNC(=O)C1CCCN1C(=O)c1cnc2ccccc2c1)C1CCCN1C(=O)c1cnc2ccccc2c1,0.6190476190476191,3tzr,0.18181818181818182,6dn1,False,False,0.18181818181818182,6dn1,0.31481481481481477,0.18181818181818182,"[0.6,0.8)","[0.0,0.4)","[0.0,0.4)"
R-SIM_all,1104,5.09691001300806,36,Nc1nc(N)[nH+]c(NCCCCNC(=[NH2+])c2ccc(C(=[NH2+])NCCCCNc3nc(N)nc(N)[nH+]3)cc2)n1,[NH2+]=C(NCCCCNc1ncnc[nH+]1)c1ccc(C(=[NH2+])NCCCCNc2ncnc[nH+]2)cc1,0.6111111111111112,6az4,0.23076923076923078,1uud,False,False,0.23076923076923078,1uud,0.5555555555555556,0.23076923076923078,"[0.6,0.8)","[0.0,0.4)","[0.0,0.4)"
R-SIM_all,785,5.30102999566398,27,COc1ccc2c(c1)[C@]1(C=C[C@H]3[C@H](O[C@H]4O[C@H](CO)[C@H](O)[C@@H](O)[C@@H]4N)c4cc5ccccc5cc4[C@@H]31)C(=O)C=C2,O=C1C=Cc2ccccc2C12C=CC1C(OC3CCCCO3)c3cc4ccccc4cc3C12,0.5555555555555556,1tob,0.27450980392156865,3s4p,False,False,0.27450980392156865,3s4p,0.4444444444444444,0.27450980392156865,"[0.4,0.6)","[0.0,0.4)","[0.0,0.4)"
R-SIM_all,1370,5.69897000433602,29,CCOc1ccc(NCC(O)Cn2c3ccccc3c3cc(Br)ccc32)cc1,c1ccc(NCCCn2c3ccccc3c3ccccc32)cc1,0.5588235294117647,1nbk,0.2028985507246377,6e1u,False,False,0.2028985507246377,6e1u,0.3870967741935484,0.2028985507246377,"[0.4,0.6)","[0.0,0.4)","[0.0,0.4)"
R-SIM_all,1765,8.28819277095881,40,NC[C@@H]1O[C@H](O[C@H]2[C@@H](O)[C@H](O[C@H]3O[C@@H](CNc4c5ccccc5nc5ccccc45)[C@H](O)[C@@H](N)[C@@H]3O)[C@@H](N)C[C@H]2N)[C@H](N)C[C@@H]1O,c1ccc2c(NCC3CCCC(OC4CCCC(OC5CCCCO5)C4)O3)c3ccccc3nc2c1,0.675,1tob,0.5873015873015873,1lc4,False,False,0.42500000000000004,1lc4,0.42500000000000004,0.5873015873015873,"[0.6,0.8)","[0.4,0.6)","[0.4,0.6)"
R-SIM_all,1304,7.040958607678911,15,[NH3+]CCNc1c2c(c(NCC[NH3+])c3sccc13)C(=O)c1ccccc1C2=O,O=C1c2ccccc2C(=O)c2cc3sccc3cc21,0.6666666666666667,6jjh,0.19298245614035087,2kgp,False,False,0.19298245614035087,2kgp,0.36,0.19298245614035087,"[0.6,0.8)","[0.0,0.4)","[0.0,0.4)"
R-SIM_all,950,6.455931955649719,22,CCc1cc(C(=O)N[C@H](CSSC[C@@H](NC(=O)c2cc3ccccc3nc2CC)C(=O)N2CCC[C@H]2C(=O)N[C@@H](Cc2ccccc2)C(=O)NCCCN)C(=O)N2CCC[C@H]2C(=O)N[C@@H](Cc2ccccc2)C(=O)NCCCN)c2ccccc2n1,O=C(NC(CSSCC(NC(=O)c1ccnc2ccccc12)C(=O)N1CCCC1C(=O)NCCc1ccccc1)C(=O)N1CCCC1C(=O)NCCc1ccccc1)c1cnc2ccccc2c1,1.0,2juk,0.1721311475409836,6dn2,False,False,0.1721311475409836,6dn2,0.3584905660377359,0.1721311475409836,"[0.8,1.0]","[0.0,0.4)","[0.0,0.4)"
R-SIM_all,1200,4.30102999566398,48,Cc1c2cc[n+](CC[NH+]3CCCCC3)cc2c(C)c2c1[nH]c1ccc(O)cc12,c1ccc2c(c1)[nH]c1cc3cc[n+](CC[NH+]4CCCCC4)cc3cc12,0.515625,4xw7,0.22857142857142856,5kpy,False,False,0.22857142857142856,5kpy,0.4084507042253521,0.22857142857142856,"[0.4,0.6)","[0.0,0.4)","[0.0,0.4)"
R-SIM_all,679,3.27164621797877,29,c1cnc2nc(C3CCNCC3)[nH]c2c1,c1cnc2nc(C3CCNCC3)[nH]c2c1,0.9310344827586207,1byj,0.19672131147540983,6qiv,False,False,0.19672131147540983,6qiv,0.24137931034482762,0.19672131147540983,"[0.8,1.0]","[0.0,0.4)","[0.0,0.4)"
R-SIM_all,616,5.4089353929735005,29,NCCCCNCCO[C@H]1[C@H](O)[C@H](O[C@@H]2O[C@H](CN)[C@H](O)[C@@H](O)[C@@H]2N)[C@H](N)C[C@@H]1NC(=O)[C@H](O)CCN,C1CCC(OC2CCCCO2)CC1,0.9310344827586207,1byj,0.921875,2f4t,False,True,0.7241379310344828,2f4t,0.7241379310344828,0.921875,"[0.8,1.0]","[0.8,1.0]","[0.6,0.8)"
R-SIM_all,408,3.32422165832591,2904,CC(=S)NC[C@@H]1CN(c2ccc(N3CCS(=O)CC3)c(F)c2)C(=O)O1,O=C1OCCN1c1ccc(N2CCS(=O)CC2)cc1,0.13636363636363635,4faq,0.19767441860465115,6hmo,False,False,0.08823529411764706,4e8k,0.1336088154269972,0.08823529411764706,"[0.0,0.4)","[0.0,0.4)","[0.0,0.4)"
R-SIM_all,640,5.69897000433602,29,NCCCNCCO[C@@H]1[C@@H](O)[C@H](N)C[C@H](N)[C@H]1OCSc1ccnc2cc(C(F)(F)F)ccc12,c1ccc2c(SCOC3CCCCC3)ccnc2c1,0.9310344827586207,1byj,0.34831460674157305,2bee,False,False,0.34831460674157305,2bee,0.7241379310344828,0.34831460674157305,"[0.8,1.0]","[0.0,0.4)","[0.0,0.4)"
R-SIM_all,924,3.0,17,N[C@@H]1C[C@H](N)[C@@H](O)[C@H](O)[C@H]1OCc1ccc(CCc2ccc(CO)cc2)cc1,c1ccc(CCc2ccc(COC3CCCCC3)cc2)cc1,0.6470588235294117,5v1l,0.3275862068965517,2o3v,False,False,0.3275862068965517,2o3v,0.5,0.3275862068965517,"[0.6,0.8)","[0.0,0.4)","[0.0,0.4)"
R-SIM_all,698,3.0,29,Clc1ccc2scc(Cn3c(C4CCNCC4)nc4cc(Cl)c(Cl)cc43)c2c1,c1ccc2c(c1)nc(C1CCNCC1)n2Cc1csc2ccccc12,0.9310344827586207,1byj,0.20224719101123595,5c45,False,False,0.20224719101123595,5c45,0.42592592592592593,0.20224719101123595,"[0.8,1.0]","[0.0,0.4)","[0.0,0.4)"
R-SIM_all,2439,7.52287874528034,34,CNC1C(O)C(OC2C(N)CC(N)C(OC3OC(CN)=CCC3N)C2O)OCC1(C)O,C1=COC(OC2CCCC(OC3CCCCO3)C2)CC1,0.5,1duh,1.0,4f8u,False,True,0.4117647058823529,5zei,0.4117647058823529,0.5522388059701493,"[0.4,0.6)","[0.8,1.0]","[0.4,0.6)"
R-SIM_all,1850,5.85387196432176,47,COc1cc(-c2nc3cc4[nH]c(=O)[nH]c4cc3[nH]2)cc(OC)c1O,O=c1[nH]c2cc3nc(-c4ccccc4)[nH]c3cc2[nH]1,0.5319148936170213,1nbk,0.21311475409836064,2lwk,False,False,0.21311475409836064,2lwk,0.4042553191489362,0.21311475409836064,"[0.4,0.6)","[0.0,0.4)","[0.0,0.4)"
R-SIM_all,232,8.88605664769316,2922,CCC1OC(=O)C(C)C(=O)C(C)C(OC2OC(C)CC(N(C)C)C2O)C(C)(OCC=Cc2cnc3ccccc3c2)CC(C)C(=O)C(C)C2NC(=O)OC12C,O=C1CCC(OCC=Cc2cnc3ccccc3c2)C(OC2CCCCO2)CC(=O)CC(=O)OCC2OC(=O)NC2C1,0.13552361396303902,4faq,0.14705882352941177,5hbw,False,False,0.0657084188911704,4gma,0.0657084188911704,0.09905660377358491,"[0.0,0.4)","[0.0,0.4)","[0.0,0.4)"
R-SIM_all,1767,6.829738284605041,40,NC[C@@H]1O[C@H](O[C@H]2[C@@H](O)[C@H](O[C@H]3O[C@@H](CNc4c5ccccc5nc5ccccc45)[C@H](O)[C@@H](N)[C@@H]3O)[C@@H](N)C[C@H]2N)[C@H](N)C[C@@H]1O,c1ccc2c(NCC3CCCC(OC4CCCC(OC5CCCCO5)C4)O3)c3ccccc3nc2c1,0.65,1tob,0.5873015873015873,1lc4,False,False,0.42500000000000004,1lc4,0.42500000000000004,0.5873015873015873,"[0.6,0.8)","[0.4,0.6)","[0.4,0.6)"
R-SIM_all,847,6.0,66,CNC1C(OC2C(OC3C(O)C(O)C(N=C(N)N)C(O)C3N=C(N)N)OC(C)C2(O)C=O)OC(CO)C(O)C1O,C1CCC(OC2OCCC2OC2CCCCO2)CC1,0.5657894736842105,2hop,0.676056338028169,1nta,False,True,0.3176470588235294,1yrj,0.33333333333333337,0.3176470588235294,"[0.4,0.6)","[0.6,0.8)","[0.0,0.4)"
R-SIM_all,393,6.585026652029179,29,CNC1C(O)C(OC2C(N)CC(N)C(OC3OC(CN)=CCC3N)C2O)OCC1(C)O,C1=COC(OC2CCCC(OC3CCCCO3)C2)CC1,0.6111111111111112,6e82,1.0,4f8u,False,True,0.48275862068965514,4gpw,0.48275862068965514,0.8596491228070176,"[0.6,0.8)","[0.8,1.0]","[0.4,0.6)"
R-SIM_all,243,6.829738284605041,29,NC(N)=NCCCCNCc1cc(-c2cc3ccccc3s2)ccc1OCCN=C(N)N,c1ccc(-c2cc3ccccc3s2)cc1,1.0,1arj,0.36619718309859156,1uud,False,False,0.36619718309859156,1uud,1.0,0.36619718309859156,"[0.8,1.0]","[0.0,0.4)","[0.0,0.4)"
R-SIM_all,1891,5.6382721639824105,75,NC(=O)c1ncn(C2OC(CO)C(O)C2O)c1N,c1cn(C2CCCO2)cn1,0.8266666666666667,5btp,0.6938775510204082,4xw7,False,True,0.6938775510204082,5btp,0.8266666666666667,0.6938775510204082,"[0.8,1.0]","[0.6,0.8)","[0.6,0.8)"
R-SIM_all,801,5.397940008672039,34,CNC1C(O)C(NC)C2OC3(O)C(=O)CC(C)OC3OC2C1O,O=C1CCOC2OC3CCCCC3OC12,0.5,1duh,0.22641509433962265,1byj,False,False,0.22641509433962265,1byj,0.38235294117647056,0.22641509433962265,"[0.4,0.6)","[0.0,0.4)","[0.0,0.4)"
R-SIM_all,2252,4.2839966563652006,33,NCC1OC(OC2C(N)CC(N)C(OC3OC(CN)C(O)C(OC4OC(CO)C(N)C(O)C4O)C3O)C2O)C(N)CC1O,C1CCC(OC2CCCC(OC3CC(OC4CCCCO4)CCO3)C2)OC1,0.5454545454545454,1xst,0.7551020408163265,1lc4,False,False,0.5151515151515151,1fyp,0.5151515151515151,0.5818181818181818,"[0.4,0.6)","[0.6,0.8)","[0.4,0.6)"
R-SIM_all,2246,4.187086643357141,33,NC[C@@H]1O[C@H](O[C@H]2[C@@H](O)[C@H](O[C@H]3O[C@@H](CNc4c5ccccc5nc5ccccc45)[C@H](O)[C@@H](N)[C@@H]3O)[C@@H](N)C[C@H]2N)[C@H](N)C[C@@H]1O,c1ccc2c(NCC3CCCC(OC4CCCC(OC5CCCCO5)C4)O3)c3ccccc3nc2c1,0.5454545454545454,1xst,0.5873015873015873,1lc4,False,False,0.48484848484848486,1lc4,0.48484848484848486,0.5873015873015873,"[0.4,0.6)","[0.4,0.6)","[0.4,0.6)"
R-SIM_all,1774,6.3763372926438,40,CN(C)c1ccc2c(-c3ccc(C(=O)NCC4OC(OC5C(N)CC(N)C(OC6OC(CO)C(O)C(N)C6O)C5O)C(N)CC4O)cc3C(=O)O)c3ccc(=[N+](C)C)cc-3oc2c1,[N+]=c1ccc2c(-c3ccc(C(=O)NCC4CCCC(OC5CCCC(OC6CCCCO6)C5)O4)cc3)c3ccccc3oc-2c1,0.65,1tob,0.5164835164835165,6gzk,False,False,0.5,6gzk,0.5,0.5164835164835165,"[0.6,0.8)","[0.4,0.6)","[0.4,0.6)"
R-SIM_all,2278,4.752026733638191,71,COc1cccc2c1C(=O)c1c(O)c3c(c(O)c1C2=O)C[C@@](O)(C(=O)CO)C[C@@H]3O[C@H]1C[C@H](N)[C@H](O)[C@H](C)O1,O=C1c2ccccc2C(=O)c2cc3c(cc21)CCCC3OC1CCCCO1,0.5357142857142857,4frg,0.18095238095238095,4gpw,False,False,0.18095238095238095,4gpw,0.295774647887324,0.18095238095238095,"[0.4,0.6)","[0.0,0.4)","[0.0,0.4)"
R-SIM_all,717,2.40671393297954,29,CC(=O)[C@@H]1C(=O)C[C@H]2O[C@@H]3[C@H](C(C)=O)[C@@H](O)C[C@@H](O)[C@@H]3[C@@]2(C)C1=O,O=C1CC(=O)C2C(C1)OC1CCCCC12,1.0,1arj,0.17333333333333334,4u6l,False,False,0.17333333333333334,4u6l,0.27586206896551724,0.17333333333333334,"[0.8,1.0]","[0.0,0.4)","[0.0,0.4)"
R-SIM_all,1870,6.721246399047169,77,NC(=[NH2+])c1ccc(-c2ccc(-c3ccc(-c4ccc(C(N)=[NH2+])cn4)o3)o2)nc1,c1ccc(-c2ccc(-c3ccc(-c4ccccn4)o3)o2)nc1,0.5510204081632653,4rzd,0.17391304347826086,2l94,False,False,0.17391304347826086,2l94,0.4545454545454546,0.17391304347826086,"[0.4,0.6)","[0.0,0.4)","[0.0,0.4)"
R-SIM_all,2378,6.34678748622466,22,CCc1nc2ccccc2cc1C(=O)N[C@@H](CSSC[C@@H](NC(=O)c1cc2ccccc2nc1CC)C(=O)N1CCC[C@H]1C(=O)N[C@@H](Cc1ccccc1)C(=O)NCCCN)C(=O)N1CCC[C@H]1C(=O)N[C@@H](Cc1ccccc1)C(=O)NCCCN,O=C(NC(CSSCC(NC(=O)c1cnc2ccccc2c1)C(=O)N1CCCC1C(=O)NCCc1ccccc1)C(=O)N1CCCC1C(=O)NCCc1ccccc1)c1cnc2ccccc2c1,0.9545454545454546,2juk,0.18584070796460178,6dn2,False,False,0.18584070796460178,6dn2,0.3584905660377359,0.18584070796460178,"[0.8,1.0]","[0.0,0.4)","[0.0,0.4)"
R-SIM_all,680,3.0390538042661697,29,c1ncc2[nH]c(C3CCNCC3)nc2n1,c1ncc2[nH]c(C3CCNCC3)nc2n1,0.9310344827586207,1byj,0.30434782608695654,4lx6,False,False,0.30434782608695654,4lx6,0.3380281690140845,0.30434782608695654,"[0.8,1.0]","[0.0,0.4)","[0.0,0.4)"
R-SIM_all,2218,4.721246399047169,41,NCC1OC(OC2C(N)CC(N)C(OC3OC(CN)C(N)C(O)C3O)C2O)C(N)CC1O,C1CCC(OC2CCCC(OC3CCCCO3)C2)OC1,0.5853658536585367,1eht,0.7555555555555555,1lc4,False,True,0.4878048780487805,1ei2,0.4878048780487805,0.5192307692307693,"[0.4,0.6)","[0.6,0.8)","[0.4,0.6)"
R-SIM_all,1383,2.97881070093006,67,NCC1OC(OC2C(Cn3cc(Cn4ccc(=O)[nH]c4=O)nn3)OC(OC3C(O)C(N)CC(N)C3OC3OC(CN)C(O)C(O)C3N)C2O)C(N)C(O)C1O,O=c1ccn(Cc2cn(CC3OC(OC4CCCCC4OC4CCCCO4)CC3OC3CCCCO3)nn2)c(=O)[nH]1,0.5074626865671642,2kx8,0.5,1ei2,False,False,0.4864864864864865,1i9v,0.4864864864864865,0.5,"[0.4,0.6)","[0.4,0.6)","[0.4,0.6)"
R-SIM_all,2410,4.10237290870956,14,COC1=C(C)C(=O)c2c(c(COC(N)=O)c3n2C[C@H]2[C@@H]3N2C)C1=O,O=C1C=CC(=O)c2c1cc1n2CC2NC12,0.625,3tzr,0.17142857142857143,1evv,False,False,0.17142857142857143,1evv,0.22580645161290325,0.17142857142857143,"[0.6,0.8)","[0.0,0.4)","[0.0,0.4)"
R-SIM_all,350,5.79588001734408,29,NCCCNC[C@H]1O[C@H](O[C@H]2[C@H](O[C@@H]3O[C@H](CO)[C@@H](O[C@@H]4CO[C@H](CN)[C@H](O)[C@H]4O)[C@@H]3O)[C@@H](O)[C@@H](N)C[C@H]2N)[C@H](N)[C@H](O)[C@@H]1O,C1CCC(OC2CCCCC2OC2CC(OC3CCCOC3)CO2)OC1,0.9310344827586207,1byj,0.6557377049180327,1ei2,False,False,0.6557377049180327,2et4,0.7241379310344828,0.6557377049180327,"[0.8,1.0]","[0.6,0.8)","[0.6,0.8)"
R-SIM_all,1183,4.85387196432176,25,NC(=[NH2+])c1ccc(Nc2ccc(-c3cc4ccc(C(N)=[NH2+])cc4[nH]3)cc2)cc1,c1ccc(Nc2ccc(-c3cc4ccccc4[nH]3)cc2)cc1,0.96,1ei2,0.16363636363636364,6jjh,False,False,0.16363636363636364,6jjh,0.36,0.16363636363636364,"[0.8,1.0]","[0.0,0.4)","[0.0,0.4)"
R-SIM_all,636,3.42250820016277,29,N[C@@H]1C[C@H](N)[C@@H](O)[C@H](O)[C@H]1OCn1cncn1,c1ncn(COC2CCCCC2)n1,0.9310344827586207,1byj,0.3269230769230769,2et8,False,False,0.3269230769230769,2et8,0.7241379310344828,0.3269230769230769,"[0.8,1.0]","[0.0,0.4)","[0.0,0.4)"
R-SIM_all,1880,7.01772876696043,161,NC(=[NH2+])c1ccc(-c2ccc(-c3ccc(-c4ccc(C(N)=[NH2+])cn4)o3)o2)nc1,c1ccc(-c2ccc(-c3ccc(-c4ccccn4)o3)o2)nc1,0.49689440993788825,4gxy,0.17391304347826086,2l94,False,False,0.17391304347826086,2l94,0.22360248447204967,0.17391304347826086,"[0.4,0.6)","[0.0,0.4)","[0.0,0.4)"
R-SIM_all,1052,4.709965388637481,18,CCc1nc2ccccc2cc1C(=O)N[C@@H](CC(N)=O)C(=O)N[C@H](CSSC[C@H](NC(=O)[C@@H]1CCCN1C(=O)c1cc2ccccc2nc1CC)C(=O)N[C@H](CCCCN)C(=O)NCCCN)C(=O)N[C@@H](CCCCN)C(=O)NCCCN,O=C(CNC(=O)c1cnc2ccccc2c1)NCCSSCCNC(=O)C1CCCN1C(=O)c1cnc2ccccc2c1,0.6086956521739131,1xpf,0.17647058823529413,6dn1,False,False,0.17647058823529413,6dn1,0.2592592592592593,0.17647058823529413,"[0.6,0.8)","[0.0,0.4)","[0.0,0.4)"
R-SIM_all,2072,5.10347378251045,14,N[C@@H]1C[C@@H](N)[C@@H](OCCCc2cn(Cc3cccc(Cn4cc(CCCO[C@@H]5[C@H](O)[C@H](O)[C@@H](N)C[C@H]5N)nn4)n3)nn2)[C@H](O)[C@H]1O,c1cc(Cn2cc(CCCOC3CCCCC3)nn2)nc(Cn2cc(CCCOC3CCCCC3)nn2)c1,0.631578947368421,5z71,0.26153846153846155,2et8,False,False,0.26153846153846155,2et8,0.47619047619047616,0.26153846153846155,"[0.6,0.8)","[0.0,0.4)","[0.0,0.4)"
R-SIM_all,2095,6.318758762624411,18,Cc1cc(C)c(Cn2cc(CCCO[C@H]3[C@H](O)[C@@H](O)[C@H](N)C[C@H]3N)nn2)c(C)c1Cn1cc(CCCO[C@@H]2[C@H](O)[C@H](O)[C@@H](N)C[C@H]2N)nn1,c1cc(Cn2cc(CCCOC3CCCCC3)nn2)cc(Cn2cc(CCCOC3CCCCC3)nn2)c1,0.5789473684210527,5z71,0.25,2et8,False,False,0.25,2et8,0.47619047619047616,0.25,"[0.4,0.6)","[0.0,0.4)","[0.0,0.4)"
R-SIM_all,1031,5.1739251972991696,18,CCc1nc2ccccc2cc1C(=O)N1CCC[C@H]1C(=O)N[C@@H](CSSC[C@H](NC(=O)[C@@H]1CCCN1C(=O)c1cc2ccccc2nc1CC)C(=O)N[C@H](CCCCN)C(=O)NCCCN)C(=O)N[C@H](CCCCN)C(=O)NCCCN,O=C(NCCSSCCNC(=O)C1CCCN1C(=O)c1cnc2ccccc2c1)C1CCCN1C(=O)c1cnc2ccccc2c1,0.5555555555555556,1zz5,0.18181818181818182,6dn1,False,False,0.18181818181818182,6dn1,0.2777777777777778,0.18181818181818182,"[0.4,0.6)","[0.0,0.4)","[0.0,0.4)"
R-SIM_all,405,3.70996538863748,2904,CC(=O)NC[C@H]1CN(c2ccc(N3CCN(C(=O)CO)CC3)c(F)c2)C(=O)O1,O=C1OCCN1c1ccc(N2CCNCC2)cc1,0.13636363636363635,4faq,0.20689655172413793,6hmo,False,False,0.10144927536231885,4e8k,0.1336088154269972,0.10144927536231885,"[0.0,0.4)","[0.0,0.4)","[0.0,0.4)"
R-SIM_all,315,6.328827157284921,67,Nc1ncnc2nc[nH]c12,c1ncc2[nH]cnc2n1,1.0,3fo6,0.5161290322580645,3got,False,True,0.5161290322580645,3got,0.9850746268656716,0.5161290322580645,"[0.8,1.0]","[0.4,0.6)","[0.4,0.6)"
R-SIM_all,872,6.838631997765031,63,CC(C)[C@H](NC(=O)[C@@H](CO)NC(=O)CCCN)C(=O)NCc1ccc(Nc2c3ccccc3nc3c(C(=O)N[C@H](CCCNC(=N)N)C(N)=O)cccc23)cc1,c1ccc(Nc2c3ccccc3nc3ccccc23)cc1,0.5555555555555556,2au4,0.1875,1nbk,False,False,0.1875,1nbk,0.47619047619047616,0.1875,"[0.4,0.6)","[0.0,0.4)","[0.0,0.4)"
R-SIM_all,959,6.455931955649719,118,Cc1cc(C)c(C2=C=C=C(c3c(C)cc(C)cc3C)[N]2[Ru]([Cl])([Cl])(=[CH]c2ccccc2)[PH](C2CCCCC2)(C2CCCCC2)C2CCCCC2)c(C)c1,C1=C=C(c2ccccc2)[N]([Ru](=[CH]c2ccccc2)[PH](C2CCCCC2)(C2CCCCC2)C2CCCCC2)C=1c1ccccc1,0.5084745762711864,3gx7,0.13414634146341464,6dn3,False,False,0.13414634146341464,6dn3,0.38983050847457623,0.13414634146341464,"[0.4,0.6)","[0.0,0.4)","[0.0,0.4)"
R-SIM_all,1391,4.82973828460504,67,NCC1OC(OC2C(Cn3cc(CCC(=O)NCC(=O)Nc4nc5ccccc5[nH]4)nn3)OC(OC3C(O)C(N)CC(N)C3OC3OC(CN)C(O)C(O)C3N)C2O)C(N)C(O)C1O,O=C(CCc1cn(CC2OC(OC3CCCCC3OC3CCCCO3)CC2OC2CCCCO2)nn1)NCC(=O)Nc1nc2ccccc2[nH]1,0.5074626865671642,2kx8,0.4157303370786517,1ei2,False,False,0.4157303370786517,1i9v,0.4864864864864865,0.4157303370786517,"[0.4,0.6)","[0.4,0.6)","[0.4,0.6)"
R-SIM_all,733,6.455931955649719,52,CCc1nc2ccccc2cc1C(=O)N[C@@H](CSSC[C@@H](NC(=O)c1cc2ccccc2nc1CC)C(=O)N1CCC[C@H]1C(=O)N[C@@H](Cc1ccccc1)C(=O)NCCCN)C(=O)N1CCC[C@H]1C(=O)N[C@@H](Cc1ccccc1)C(=O)NCCCN,O=C(NC(CSSCC(NC(=O)c1cnc2ccccc2c1)C(=O)N1CCCC1C(=O)NCCc1ccccc1)C(=O)N1CCCC1C(=O)NCCc1ccccc1)c1cnc2ccccc2c1,0.8076923076923077,2l94,0.18584070796460178,6dn2,False,False,0.18584070796460178,6dn2,0.49056603773584906,0.18584070796460178,"[0.8,1.0]","[0.0,0.4)","[0.0,0.4)"
R-SIM_all,2407,2.30980391997149,12,COC1=C(C)C(=O)c2c(c(COC(N)=O)c3n2C[C@H]2[C@@H]3N2C)C1=O,O=C1C=CC(=O)c2c1cc1n2CC2NC12,0.5833333333333333,5ux3,0.17142857142857143,1evv,False,False,0.17142857142857143,1evv,0.19354838709677424,0.17142857142857143,"[0.4,0.6)","[0.0,0.4)","[0.0,0.4)"
R-SIM_all,999,4.958607314841769,118,Nc1c(S(=O)(=O)O)cc(Nc2ccc(S(N)(=O)=O)cc2)c2c1C(=O)c1ccccc1C2=O,O=C1c2ccccc2C(=O)c2c(Nc3ccccc3)cccc21,0.5084745762711864,3gx7,0.19672131147540983,2kgp,False,False,0.19672131147540983,2kgp,0.211864406779661,0.19672131147540983,"[0.4,0.6)","[0.0,0.4)","[0.0,0.4)"
R-SIM_all,116,4.74472749489669,29,Cc1cc(N(C)C)nc2cc(NC(=O)Cc3ccncc3)ccc12,O=C(Cc1ccncc1)Nc1ccc2cccnc2c1,0.9310344827586207,1byj,0.2345679012345679,3mij,False,False,0.2345679012345679,3mij,0.3448275862068966,0.2345679012345679,"[0.8,1.0]","[0.0,0.4)","[0.0,0.4)"
R-SIM_all,1045,5.32790214206428,18,CCc1nc2ccccc2cc1C(=O)N1CCC[C@H]1C(=O)N[C@@H](CSSC[C@@H](NC(=O)[C@@H]1CCCN1C(=O)c1ccc2c(c1)OCO2)C(=O)N[C@@H](CCCCN)C(=O)NCCCN)C(=O)N[C@H](CCCCN)C(=O)NCCCN,O=C(NCCSSCCNC(=O)C1CCCN1C(=O)c1cnc2ccccc2c1)C1CCCN1C(=O)c1ccc2c(c1)OCO2,0.6111111111111112,3b5f,0.16379310344827586,2ktz,False,False,0.16379310344827586,2ktz,0.3157894736842105,0.16379310344827586,"[0.6,0.8)","[0.0,0.4)","[0.0,0.4)"
R-SIM_all,2052,6.22914798835786,29,CN(C)CCCCNCc1cc(-c2cc3ccccc3s2)ccc1OCCCN,c1ccc(-c2cc3ccccc3s2)cc1,1.0,1arj,0.379746835443038,1uts,False,False,0.379746835443038,1uts,1.0,0.379746835443038,"[0.8,1.0]","[0.0,0.4)","[0.0,0.4)"
R-SIM_all,2435,7.0,34,NCC1OC(OC2C(N)CC(N)C(OC3OC(CO)C(O)C(N)C3O)C2O)C(N)C(O)C1O,C1CCC(OC2CCCC(OC3CCCCO3)C2)OC1,0.5,1duh,0.8809523809523809,2esi,False,True,0.5,3c44,0.5,0.7446808510638298,"[0.4,0.6)","[0.8,1.0]","[0.4,0.6)"
R-SIM_all,2090,6.49485002168009,18,N[C@@H]1C[C@@H](N)[C@@H](OCCCc2cn(Cc3cccc(Cn4cc(CCCO[C@@H]5[C@H](O)[C@H](O)[C@@H](N)C[C@H]5N)nn4)c3)nn2)[C@H](O)[C@H]1O,c1cc(Cn2cc(CCCOC3CCCCC3)nn2)cc(Cn2cc(CCCOC3CCCCC3)nn2)c1,0.6190476190476191,3bnt,0.27586206896551724,3s4p,False,False,0.27586206896551724,3s4p,0.5238095238095238,0.27586206896551724,"[0.6,0.8)","[0.0,0.4)","[0.0,0.4)"
R-SIM_all,1949,6.92081875395238,47,COc1cc(C=CC(=O)CC(=O)C=Cc2ccc(O)c(OC)c2)ccc1O,O=C(C=Cc1ccccc1)CC(=O)C=Cc1ccccc1,0.5319148936170213,1nbk,0.23809523809523808,12ci,False,False,0.23809523809523808,12ci,0.4512195121951219,0.23809523809523808,"[0.4,0.6)","[0.0,0.4)","[0.0,0.4)"
R-SIM_all,1602,4.73282827159699,46,Cc1cn2cc(-c3cc4ccc(N5CCN[C@@H](C)C5)cc4oc3=O)nc2c(C)n1,O=c1oc2cc(N3CCNCC3)ccc2cc1-c1cn2ccncc2n1,0.5217391304347826,2ktz,0.2891566265060241,6hmo,False,False,0.23913043478260865,6hmo,0.23913043478260865,0.2891566265060241,"[0.4,0.6)","[0.0,0.4)","[0.0,0.4)"
R-SIM_all,676,3.7594507517174,29,Clc1cc2nc(C3CCNCC3)[nH]c2cc1Cl,c1ccc2[nH]c(C3CCNCC3)nc2c1,0.9310344827586207,1byj,0.19298245614035087,2lwk,False,False,0.19298245614035087,2lwk,0.5625,0.19298245614035087,"[0.8,1.0]","[0.0,0.4)","[0.0,0.4)"
R-SIM_all,327,6.045757490560679,29,NC[C@H]1C[C@@H](O)[C@H](N)[C@@H](O[C@H]2CO[C@H](O[C@H]3[C@H](O)[C@@H](N)C[C@@H](N)[C@@H]3O[C@@H]3O[C@@H](CO)[C@@H](O)[C@H](O)[C@@H]3N)[C@H]2OCCNCc2ccccn2)O1,c1ccc(CNCCOC2C(OC3CCCCO3)COC2OC2CCCCC2OC2CCCCO2)nc1,0.9310344827586207,1byj,0.5274725274725275,3s4p,False,False,0.5274725274725275,3s4p,0.7241379310344828,0.5274725274725275,"[0.8,1.0]","[0.4,0.6)","[0.4,0.6)"
R-SIM_all,857,5.928117992693879,28,NCC1OC(OC2C(CO)OC(OC3C(O)C(N)CC(N)C3OC3OC(CN)C(O)C(O)C3N)C2O)C(N)C(O)C1O,C1CCC(OC2COC(OC3CCCCC3OC3CCCCO3)C2)OC1,0.6428571428571428,1fyp,1.0,1ei2,False,True,0.6428571428571428,1fyp,0.6428571428571428,0.9761904761904762,"[0.6,0.8)","[0.8,1.0]","[0.6,0.8)"
R-SIM_all,794,3.82390874094432,29,NCC1OC(OC2C(N)CC(N)C(OC3OC(CO)C(O)C(N)C3O)C2O)C(N)C(O)C1O,C1CCC(OC2CCCC(OC3CCCCO3)C2)OC1,0.6388888888888888,1raw,0.8809523809523809,2esi,False,True,0.5517241379310345,1fyp,0.5517241379310345,0.7446808510638298,"[0.6,0.8)","[0.8,1.0]","[0.4,0.6)"
R-SIM_all,276,3.25963731050576,29,Clc1ccc2c(c1)N(CCCN1CCCCC1)c1ccccc1S2,c1ccc2c(c1)Sc1ccccc1N2CCCN1CCCCC1,1.0,1arj,0.41379310344827586,1lvj,False,False,0.41379310344827586,1lvj,0.935483870967742,0.41379310344827586,"[0.8,1.0]","[0.4,0.6)","[0.4,0.6)"
R-SIM_all,1118,7.17392519729917,68,CCc1nc2cc3ccccc3cc2cc1C(=O)N1CCC[C@H]1C(=O)N[C@@H](C/C=C\C[C@H](NC(=O)[C@@H]1CCCN1C(=O)c1cc2cc3ccccc3cc2nc1CC)C(=O)N[C@@H](CCCC[NH3+])C(=O)NCCC[NH3+])C(=O)N[C@@H](CCCC[NH3+])C(=O)NCCC[NH3+],O=C(NCCC=CCCNC(=O)C1CCCN1C(=O)c1cnc2cc3ccccc3cc2c1)C1CCCN1C(=O)c1cnc2cc3ccccc3cc2c1,0.36,6cc3,0.17857142857142858,5c45,False,False,0.17857142857142858,5c45,0.19117647058823528,0.17857142857142858,"[0.0,0.4)","[0.0,0.4)","[0.0,0.4)"
R-SIM_all,2045,3.0,67,Nc1ccnc(N)n1,c1cncnc1,1.0,2g9c,0.42857142857142855,2g9c,False,True,0.42857142857142855,2g9c,1.0,0.42857142857142855,"[0.8,1.0]","[0.4,0.6)","[0.4,0.6)"
R-SIM_all,1843,5.53760200210104,47,C(=NNC1=NCCN1)c1c2ccccc2c(C=NNC2=NCCN2)c2ccccc12,C(=NNC1=NCCN1)c1c2ccccc2c(C=NNC2=NCCN2)c2ccccc12,0.5531914893617021,1nbk,0.15789473684210525,6e1v,False,False,0.15789473684210525,6e1v,0.4042553191489362,0.15789473684210525,"[0.4,0.6)","[0.0,0.4)","[0.0,0.4)"
R-SIM_all,1011,5.29242982390206,24,O=C1Oc2ccccc2C(=O)/C1=C\N1C(=O)N/C(=C\c2ccccc2O)C1=O,O=C1Oc2ccccc2C(=O)C1=CN1C(=O)NC(=Cc2ccccc2)C1=O,0.5,2juk,0.1506849315068493,5bjp,False,False,0.1506849315068493,5bjp,0.36111111111111116,0.1506849315068493,"[0.4,0.6)","[0.0,0.4)","[0.0,0.4)"
R-SIM_all,386,7.096910013008059,58,CC=C(NC(=O)c1csc(-c2csc(-c3ccc4c(n3)-c3csc(n3)C(C(C)O)NC(=O)c3csc(n3)C(C(C)C)NC(=O)c3csc(n3)C(=CC)NC(=O)C(C(C)O)NC(=O)c3csc-4n3)n2)n1)C(=O)NCC(C)O,C=C1NC(=O)CNC(=O)c2csc(n2)-c2ccc(-c3nc(-c4nccs4)cs3)nc2-c2csc(n2)CNC(=O)c2csc(n2)CNC(=O)c2csc1n2,0.5423728813559322,2miy,0.13274336283185842,3f4g,False,False,0.13274336283185842,3f4g,0.48275862068965514,0.13274336283185842,"[0.4,0.6)","[0.0,0.4)","[0.0,0.4)"
R-SIM_all,1390,4.33629907461035,67,CCCCNC(=O)Nc1cccc(-c2cn(Cc3cn(CC4OC(OC5C(O)C(N)CC(N)C5OC5OC(CN)C(O)C(O)C5N)C(O)C4OC4OC(CN)C(O)C(O)C4N)nn3)cn2)c1,c1ccc(-c2cn(Cc3cn(CC4OC(OC5CCCCC5OC5CCCCO5)CC4OC4CCCCO4)nn3)cn2)cc1,0.5074626865671642,2kx8,0.3894736842105263,1ei2,False,False,0.3894736842105263,1i9v,0.4864864864864865,0.3894736842105263,"[0.4,0.6)","[0.0,0.4)","[0.0,0.4)"
R-SIM_all,1143,6.619788758288389,29,CC(=O)Nc1nc(-c2cccc(NC(=O)C(CNC(=O)[C@@H]([NH3+])CCCC[NH3+])NC(=O)[C@@H]([NH3+])CCCC[NH3+])c2)cs1,c1ccc(-c2cscn2)cc1,1.0,1arj,0.25,3mij,False,False,0.25,3mij,0.31034482758620685,0.25,"[0.8,1.0]","[0.0,0.4)","[0.0,0.4)"
R-SIM_all,311,8.30102999566398,35,Cc1cc2nc3c(=O)[nH]c(=O)nc-3n(CC(O)C(O)C(O)COP(=O)(O)O)c2cc1C,O=c1nc2[nH]c3ccccc3nc-2c(=O)[nH]1,1.0,1fmn,1.0,1fmn,False,True,1.0,1fmn,1.0,1.0,"[0.8,1.0]","[0.8,1.0]","[0.8,1.0]"
R-SIM_all,2056,6.36855623098683,29,NCCCOc1ccc(-c2ccccn2)cc1CNCCC1CCNCC1,c1ccc(-c2cccc(CNCCC3CCNCC3)c2)nc1,1.0,1arj,0.47297297297297297,1uts,False,False,0.47297297297297297,1uts,1.0,0.47297297297297297,"[0.8,1.0]","[0.4,0.6)","[0.4,0.6)"
R-SIM_all,2060,5.53910215724345,29,c1ccc2sc(COc3ccc(-c4cc5ccccc5s4)cc3CNCCCN3CCNCC3)cc2c1,c1ccc2sc(COc3ccc(-c4cc5ccccc5s4)cc3CNCCCN3CCNCC3)cc2c1,1.0,1arj,0.4430379746835443,1uts,False,False,0.4430379746835443,1uts,1.0,0.4430379746835443,"[0.8,1.0]","[0.4,0.6)","[0.4,0.6)"
R-SIM_all,2249,5.79588001734408,33,NCC1OC(OC2C(N)CC(N)C(OC3OC(CN)C(OC4OC(CO)C(N)C(O)C4O)C(N)C3O)C2O)C(N)CC1O,C1CCC(OC2CCC(OC3CCCC(OC4CCCCO4)C3)OC2)OC1,0.5454545454545454,1xst,0.8085106382978723,1lc4,False,False,0.5151515151515151,1fyp,0.5151515151515151,0.5357142857142857,"[0.4,0.6)","[0.8,1.0]","[0.4,0.6)"
R-SIM_all,2454,6.01010543628123,33,NCC1OC(OC2C(CO)OC(OC3C(O)C(N)CC(N)C3OC3OC(CN)C(O)C(O)C3N)C2O)C(N)C(O)C1O,C1CCC(OC2COC(OC3CCCCC3OC3CCCCO3)C2)OC1,0.5151515151515151,3gs5,1.0,1ei2,False,True,0.4242424242424242,1fyp,0.4242424242424242,0.9761904761904762,"[0.4,0.6)","[0.8,1.0]","[0.4,0.6)"
R-SIM_all,2251,5.09151498112135,33,NCC1OC(OC2C(N)CC(N)C(OC3OC(CN)C(O)C(N)C3O)C2O)C(N)CC1O,C1CCC(OC2CCCC(OC3CCCCO3)C2)OC1,0.5454545454545454,1xst,0.8809523809523809,1lc4,False,True,0.5094339622641509,1fyp,0.5151515151515151,0.5094339622641509,"[0.4,0.6)","[0.8,1.0]","[0.4,0.6)"
R-SIM_all,614,2.92081875395238,29,NCCNCCO[C@@H]1[C@@H](O)[C@@H](O[C@@H]2O[C@H](CN)[C@H](O)[C@@H](O)[C@@H]2N)[C@@H](N)C[C@H]1NC(=O)[C@H](O)CCN,C1CCC(OC2CCCCO2)CC1,0.9310344827586207,1byj,1.0,2f4t,False,True,0.7241379310344828,2f4t,0.7241379310344828,1.0,"[0.8,1.0]","[0.8,1.0]","[0.6,0.8)"
R-SIM_all,1785,4.85387196432176,29,CC(=O)Nc1nc(-c2cccc(NC(=O)C3C[C@H](O)[C@@H](COCOC(=O)C(N)CCCCN)O3)c2)cs1,O=C(Nc1cccc(-c2cscn2)c1)C1CCCO1,1.0,1arj,0.21495327102803738,3mij,False,False,0.21495327102803738,3mij,0.31034482758620685,0.21495327102803738,"[0.8,1.0]","[0.0,0.4)","[0.0,0.4)"
R-SIM_all,1107,3.69897000433602,52,Nc1nc(N)[nH+]c(NCCCCNC(=[NH2+])c2ccc(C(=[NH2+])NCCCCNc3nc(N)nc(N)[nH+]3)cc2)n1,[NH2+]=C(NCCCCNc1ncnc[nH+]1)c1ccc(C(=[NH2+])NCCCCNc2ncnc[nH+]2)cc1,0.8076923076923077,2l94,0.23076923076923078,1uud,False,False,0.23076923076923078,1uud,0.40384615384615385,0.23076923076923078,"[0.8,1.0]","[0.0,0.4)","[0.0,0.4)"
R-SIM_all,1122,7.221848749616361,12,CCc1nc2cc3ccccc3cc2cc1C(=O)N1CCC[C@H]1C(=O)N[C@@H](CCC/C=C/CCC[C@H](NC(=O)[C@@H]1CCCN1C(=O)c1cc2cc3ccccc3cc2nc1CC)C(=O)N[C@@H](CCCC[NH3+])C(=O)NCCC[NH3+])C(=O)N[C@@H](CCCC[NH3+])C(=O)NCCC[NH3+],O=C(NCCCCC=CCCCCNC(=O)C1CCCN1C(=O)c1cnc2cc3ccccc3cc2c1)C1CCCN1C(=O)c1cnc2cc3ccccc3cc2c1,0.5833333333333333,1ejz,0.18018018018018017,6dn1,False,False,0.18018018018018017,6dn1,0.20370370370370372,0.18018018018018017,"[0.4,0.6)","[0.0,0.4)","[0.0,0.4)"
R-SIM_all,716,3.0472075569559105,29,,,1.0,1arj,0.0,12ci,False,False,0.0,12ci,0.3292682926829268,0.0,"[0.8,1.0]","[0.0,0.4)","[0.0,0.4)"
R-SIM_all,714,3.7986028756795496,29,CC(=O)c1ccc2c(c1)N(CCCN(C)C)c1ccccc1S2,c1ccc2c(c1)Nc1ccccc1S2,1.0,1arj,1.0,1lvj,True,True,0.935483870967742,1lvj,0.935483870967742,1.0,"[0.8,1.0]","[0.8,1.0]","[0.8,1.0]"
R-SIM_all,1007,5.086186147616281,24,O=C1NC(=S)N/C1=C/c1ccc2ccccc2c1,O=C1NC(=S)NC1=Cc1ccc2ccccc2c1,0.5,2juk,0.16326530612244897,2l8h,False,False,0.16326530612244897,2l8h,0.3793103448275862,0.16326530612244897,"[0.4,0.6)","[0.0,0.4)","[0.0,0.4)"
R-SIM_all,899,3.48148606012211,38,CC(=O)c1ccc2c(c1)N(CCCN(C)C)c1ccccc1S2,c1ccc2c(c1)Nc1ccccc1S2,0.6052631578947368,1lvj,1.0,1lvj,True,True,0.6052631578947368,1lvj,0.6052631578947368,1.0,"[0.6,0.8)","[0.8,1.0]","[0.6,0.8)"
R-SIM_all,1861,5.309803919971491,47,CC(C)c1ccc2nc3ccc(C(=O)NCCN(C)C)cn3c(=O)c2c1,O=c1c2ccccc2nc2ccccn12,0.5357142857142857,3f4g,0.22077922077922077,1lvj,False,False,0.22077922077922077,1lvj,0.4042553191489362,0.22077922077922077,"[0.4,0.6)","[0.0,0.4)","[0.0,0.4)"
R-SIM_all,1818,6.23657200643706,41,CN(C)c1nc(N)c(C(=O)NC(N)=[NH2+])nc1Cl,c1cnccn1,0.5869565217391304,6c27,0.45652173913043476,23jz,False,True,0.45652173913043476,23jz,0.46341463414634143,0.45652173913043476,"[0.4,0.6)","[0.4,0.6)","[0.4,0.6)"
R-SIM_all,780,4.657577319177791,29,N[C@H]1[C@H](O[C@@H]2C=Cc3ccccc3[C@@]23C(=O)O[C@@H]2C(=O)c4cc5ccccc5cc4[C@@H]23)O[C@@H](CO)[C@@H](O)[C@@H]1O,O=C1c2cc3ccccc3cc2C2C1OC(=O)C21c2ccccc2C=CC1OC1CCCCO1,0.5714285714285714,1ddy,0.2962962962962963,2et5,False,False,0.2962962962962963,2et5,0.4482758620689655,0.2962962962962963,"[0.4,0.6)","[0.0,0.4)","[0.0,0.4)"
R-SIM_all,2349,3.1758741660834504,29,N[C@@H]1C[C@H](N)[C@@H](O)[C@H](O)[C@H]1OCn1cnc2ccccc21,c1ccc2c(c1)ncn2COC1CCCCC1,0.9310344827586207,1byj,0.29310344827586204,2et8,False,False,0.29310344827586204,2et8,0.7241379310344828,0.29310344827586204,"[0.8,1.0]","[0.0,0.4)","[0.0,0.4)"
R-SIM_all,2284,4.97881070093006,71,COc1cccc2c1C(=O)c1c(O)c3c(c(O)c1C2=O)C[C@@](O)(C(=O)CO)C[C@@H]3O[C@H]1C[C@H](N)[C@H](O)[C@H](C)O1,O=C1c2ccccc2C(=O)c2cc3c(cc21)CCCC3OC1CCCCO1,0.5595238095238095,4frg,0.18095238095238095,4gpw,False,False,0.18095238095238095,4gpw,0.2816901408450704,0.18095238095238095,"[0.4,0.6)","[0.0,0.4)","[0.0,0.4)"
R-SIM_all,926,5.09691001300806,18,N[C@@H]1C[C@H](N)[C@H](OCCCCCCCCCCCCO[C@@H]2[C@H](O)[C@H](O)[C@@H](N)C[C@H]2N)[C@H](O)[C@H]1O,C(CCCCCCOC1CCCCC1)CCCCCOC1CCCCC1,0.6190476190476191,3bnt,0.40476190476190477,2et8,False,False,0.40476190476190477,2et8,0.5238095238095238,0.40476190476190477,"[0.6,0.8)","[0.4,0.6)","[0.4,0.6)"
R-SIM_all,945,3.52287874528034,24,COc1ccc2nc3cc(Cl)ccc3c(NCCCCc3c(N)nc(N)nc3N)c2c1,c1ccc2c(NCCCCc3cncnc3)c3ccccc3nc2c1,0.5,1xpf,0.23684210526315788,1uud,False,False,0.23684210526315788,1uud,0.48275862068965514,0.23684210526315788,"[0.4,0.6)","[0.0,0.4)","[0.0,0.4)"
R-SIM_all,277,2.52287874528034,29,CN1CCN(CCCN2c3ccccc3Sc3ccc(Cl)cc32)CC1,c1ccc2c(c1)Sc1ccccc1N2CCCN1CCNCC1,1.0,1arj,0.43103448275862066,1lvj,False,False,0.43103448275862066,1lvj,0.935483870967742,0.43103448275862066,"[0.8,1.0]","[0.4,0.6)","[0.4,0.6)"
R-SIM_all,1947,6.3565473235138095,47,COc1cc(C=CC(=O)CC(=O)C=Cc2ccc(O)c(OC)c2)ccc1O,O=C(C=Cc1ccccc1)CC(=O)C=Cc1ccccc1,0.5357142857142857,3f4g,0.23809523809523808,12ci,False,False,0.23809523809523808,12ci,0.4390243902439024,0.23809523809523808,"[0.4,0.6)","[0.0,0.4)","[0.0,0.4)"
R-SIM_all,970,4.88605664769316,29,O=C(Cc1ccccc1)OC[C@@H]1OC(=O)N[C@@H]1CN1CCN(c2ccccc2)CC1,O=C(Cc1ccccc1)OCC1OC(=O)NC1CN1CCN(c2ccccc2)CC1,0.6388888888888888,1raw,0.19230769230769232,357d,False,False,0.19230769230769232,357d,0.31034482758620685,0.19230769230769232,"[0.6,0.8)","[0.0,0.4)","[0.0,0.4)"
R-SIM_all,1801,6.906578314837769,33,NC(=[NH2+])c1ccc(Nc2ccc(-c3cc4ccc(C(N)=[NH2+])cc4[nH]3)cc2)cc1,c1ccc(Nc2ccc(-c3cc4ccccc4[nH]3)cc2)cc1,0.6060606060606061,1arj,0.16363636363636364,6jjh,False,False,0.16363636363636364,6jjh,0.303030303030303,0.16363636363636364,"[0.6,0.8)","[0.0,0.4)","[0.0,0.4)"
R-SIM_all,360,5.318758762624411,29,NC[C@H]1OC[C@H](O[C@@H]2[C@H](O)[C@@H](O[C@@H]3[C@@H](O)[C@@H](N)C[C@@H](N)[C@H]3O[C@H]3O[C@H](CNCCc4ccc(C5CCCCC5)cc4)[C@H](O)[C@@H](O)[C@H]3N)O[C@@H]2CO)[C@H](O)[C@H]1O,c1cc(C2CCCCC2)ccc1CCNCC1CCCC(OC2CCCCC2OC2CC(OC3CCCOC3)CO2)O1,0.9310344827586207,1byj,0.5454545454545454,3s4p,False,False,0.5454545454545454,3s4p,0.7241379310344828,0.5454545454545454,"[0.8,1.0]","[0.4,0.6)","[0.4,0.6)"
R-SIM_all,2385,5.847711655616941,52,CCc1nc2cc3c(cc2cc1C(=O)N[C@@H](CSSC[C@@H](NC(=O)c1cc2cc4c(cc2nc1CC)OCO4)C(=O)N1CCC[C@H]1C(=O)N[C@@H](Cc1ccccc1)C(=O)NCCCN)C(=O)N1CCC[C@H]1C(=O)N[C@@H](Cc1ccccc1)C(=O)NCCCN)OCO3,O=C(NC(CSSCC(NC(=O)c1cnc2cc3c(cc2c1)OCO3)C(=O)N1CCCC1C(=O)NCCc1ccccc1)C(=O)N1CCCC1C(=O)NCCc1ccccc1)c1cnc2cc3c(cc2c1)OCO3,0.8076923076923077,2l94,0.16666666666666666,2pwt,False,False,0.16666666666666666,2pwt,0.3076923076923077,0.16666666666666666,"[0.8,1.0]","[0.0,0.4)","[0.0,0.4)"
R-SIM_all,2059,5.92445303860747,29,NCCCOc1ccc(-c2ccccc2)cc1CNCCC1CCNCC1,c1ccc(-c2cccc(CNCCC3CCNCC3)c2)cc1,1.0,1arj,0.5072463768115942,1uts,False,False,0.5072463768115942,1uts,1.0,0.5072463768115942,"[0.8,1.0]","[0.4,0.6)","[0.4,0.6)"
R-SIM_all,823,4.76955107862173,41,NCC1OC(OC2C(N)CC(N)C(O)C2O)C(N)C(O)C1O,C1CCC(OC2CCCCO2)CC1,0.5853658536585367,1eht,1.0,2et8,False,True,0.4878048780487805,1ei2,0.4878048780487805,0.7045454545454546,"[0.4,0.6)","[0.8,1.0]","[0.4,0.6)"
R-SIM_all,2499,5.52287874528034,29,CC(=O)c1ccc(NC(=O)OC[C@H]2OC(=O)NC2CN2CCN(c3ccccc3)CC2)cc1,O=C(Nc1ccccc1)OCC1OC(=O)NC1CN1CCN(c2ccccc2)CC1,0.6388888888888888,1raw,0.19047619047619047,1lvj,False,False,0.19047619047619047,1lvj,0.4838709677419355,0.19047619047619047,"[0.6,0.8)","[0.0,0.4)","[0.0,0.4)"
R-SIM_all,1736,5.0,26,CN1CCN(c2ccc(-c3ccc4nc(-c5ccc(OCCCC(=O)N6CCN(c7nncc8sccc78)CC6)cc5)[nH]c4c3)cc2)CC1,O=C(CCCOc1ccc(-c2nc3ccc(-c4ccc(N5CCNCC5)cc4)cc3[nH]2)cc1)N1CCN(c2nncc3sccc23)CC1,0.5555555555555556,2kxm,0.2,6hmo,False,False,0.2,6hmo,0.3846153846153846,0.2,"[0.4,0.6)","[0.0,0.4)","[0.0,0.4)"
R-SIM_all,742,6.79588001734408,100,,,0.62,2cky,0.0,12ci,False,False,0.0,12ci,0.47,0.0,"[0.6,0.8)","[0.0,0.4)","[0.0,0.4)"
R-SIM_all,1433,4.74472749489669,52,CCCN(CC(N)=O)C(=O)CN(CCC)C(=O)CN(CCC)C(=O)CN(CCC)C(=O)CN(CCC)C(=O)CNCc1cn(N=[N+]=N)nn1,c1c[nH]nn1,0.5254237288135593,2miy,0.17582417582417584,3mij,False,False,0.17582417582417584,3mij,0.21153846153846156,0.17582417582417584,"[0.4,0.6)","[0.0,0.4)","[0.0,0.4)"
R-SIM_all,200,5.7351821769904605,1542,CNC1C(O)C(OC2C(N)CC(N)C(OC3OC(CN)CCC3N)C2O)OCC1(C)O,C1CCC(OC2CCCC(OC3CCCCO3)C2)OC1,0.25616083009079116,4faq,1.0,2et3,False,True,0.09375,3diy,0.11154345006485089,0.09375,"[0.0,0.4)","[0.8,1.0]","[0.0,0.4)"
R-SIM_all,1228,5.769551078621731,79,C[NH+](C)CCCn1c(N)[nH+]c2ccc3c(c21)CC(CC[NH+](C)C)O3,c1[nH]c2c3c(ccc2[nH+]1)OCC3,0.5189873417721519,3npn,0.3880597014925373,2ktz,False,False,0.3880597014925373,2ktz,0.4810126582278481,0.3880597014925373,"[0.4,0.6)","[0.0,0.4)","[0.0,0.4)"
R-SIM_all,1134,7.14874165128092,22,CCc1nc2cc3ccccc3cc2cc1C(=O)N1CCC[C@H]1C(=O)N[C@@H](C/C=C\C[C@H](NC(=O)[C@@H]1CCCN1C(=O)c1cc2cc3ccccc3cc2nc1CC)C(=O)N[C@@H](CCCC[NH3+])C(=O)NCCC[NH3+])C(=O)N[C@@H](CCCC[NH3+])C(=O)NCCC[NH3+],O=C(NCCC=CCCNC(=O)C1CCCN1C(=O)c1cnc2cc3ccccc3cc2c1)C1CCCN1C(=O)c1cnc2cc3ccccc3cc2c1,1.0,2juk,0.17857142857142858,5c45,False,False,0.17857142857142858,5c45,0.35185185185185186,0.17857142857142858,"[0.8,1.0]","[0.0,0.4)","[0.0,0.4)"
R-SIM_all,1406,4.950781977329821,69,CC(=O)Nc1nc(-c2cccc(NC(=O)CCc3cn(CC4OC(OC5C(O)C(N)CC(N)C5OC5OC(CN)C(O)C(O)C5N)C(O)C4OC4OC(CN)C(O)C(O)C4N)nn3)c2)cs1,O=C(CCc1cn(CC2OC(OC3CCCCC3OC3CCCCO3)CC2OC2CCCCO2)nn1)Nc1cccc(-c2cscn2)c1,0.49275362318840576,2kx8,0.3854166666666667,1ei2,False,False,0.3854166666666667,1i9v,0.472972972972973,0.3854166666666667,"[0.4,0.6)","[0.0,0.4)","[0.0,0.4)"
R-SIM_all,969,6.17392519729917,118,COc1cc2c(Nc3ccc(O)c(CN4CCN(C)CC4)c3)c3ccc(Cl)cc3nc2cc1C,c1cc(CN2CCNCC2)cc(Nc2c3ccccc3nc3ccccc23)c1,0.5084745762711864,3gx7,0.24358974358974358,2lwk,False,False,0.24358974358974358,2lwk,0.2542372881355932,0.24358974358974358,"[0.4,0.6)","[0.0,0.4)","[0.0,0.4)"
R-SIM_all,299,11.301029995664,2922,C=CC1(C)CC(OC(=O)CSC(C)(C)CNC(=O)C(N)C(C)C)C2(C)C(C)CCC3(CCC(=O)C32)C(C)C1O,O=C1CCC23CCCCCC(CCC2)C13,0.13552361396303902,4faq,0.1349206349206349,2gun,False,False,0.0657084188911704,4gma,0.0657084188911704,0.10471204188481675,"[0.0,0.4)","[0.0,0.4)","[0.0,0.4)"
R-SIM_all,919,3.0,16,N[C@@H]1C[C@H](N)[C@@H](O)[C@H](O)[C@H]1OCc1ccc(CCc2ccc(CO)cc2)cc1,c1ccc(CCc2ccc(COC3CCCCC3)cc2)cc1,0.625,5v1l,0.3275862068965517,2o3v,False,False,0.3275862068965517,2o3v,0.4545454545454546,0.3275862068965517,"[0.6,0.8)","[0.0,0.4)","[0.0,0.4)"
R-SIM_all,1220,4.52287874528034,20,O=C(Nc1ccc(NC(=O)c2ccc(F)cc2)nc1)c1ccncc1,O=C(Nc1ccc(NC(=O)c2ccccc2)nc1)c1ccncc1,0.6190476190476191,2o3w,0.1746031746031746,6izp,False,False,0.1746031746031746,6izp,0.3793103448275862,0.1746031746031746,"[0.6,0.8)","[0.0,0.4)","[0.0,0.4)"
R-SIM_all,138,3.37059040089728,29,CN1CCN(CCCn2cnc3c([nH]c4ccccc43)c2=O)CC1,O=c1c2[nH]c3ccccc3c2ncn1CCCN1CCNCC1,0.9310344827586207,1byj,0.234375,6e1v,False,False,0.234375,6e1v,0.4,0.234375,"[0.8,1.0]","[0.0,0.4)","[0.0,0.4)"
R-SIM_all,851,4.04575749056068,66,NCC1OC(OC2C(N)CC(N)C(OC3OC(CO)C(O)C(N)C3O)C2O)C(N)C(O)C1O,C1CCC(OC2CCCC(OC3CCCCO3)C2)OC1,0.5657894736842105,2hop,0.8809523809523809,2esi,False,True,0.43243243243243246,1i9v,0.43243243243243246,0.723404255319149,"[0.4,0.6)","[0.8,1.0]","[0.4,0.6)"
R-SIM_all,699,3.91364016932525,29,,,0.9310344827586207,1byj,0.0,12ci,False,False,0.0,12ci,0.3414634146341463,0.0,"[0.8,1.0]","[0.0,0.4)","[0.0,0.4)"
R-SIM_all,1877,5.55284196865778,77,c1cc(-c2ccc(-c3ccc(C4=[NH+]CCN4)cc3)o2)ccc1C1=[NH+]CCN1,c1cc(-c2ccc(-c3ccc(C4=[NH+]CCN4)cc3)o2)ccc1C1=[NH+]CCN1,0.5714285714285714,1evv,0.11666666666666667,1f1t,False,False,0.11666666666666667,1f1t,0.37662337662337664,0.11666666666666667,"[0.4,0.6)","[0.0,0.4)","[0.0,0.4)"
R-SIM_all,1873,5.935542010773081,77,NC(=[NH2+])c1ccc(-c2ccc(-c3ccc(C(N)=[NH2+])cc3)o2)cc1,c1ccc(-c2ccc(-c3ccccc3)o2)cc1,0.5510204081632653,4rzd,0.2,2l94,False,False,0.2,2l94,0.4545454545454546,0.2,"[0.4,0.6)","[0.0,0.4)","[0.0,0.4)"
R-SIM_all,1840,5.92081875395238,47,C(=NNC1=NCCN1)c1c2ccccc2c(C=NNC2=NCCN2)c2ccccc12,C(=NNC1=NCCN1)c1c2ccccc2c(C=NNC2=NCCN2)c2ccccc12,0.5294117647058824,4enb,0.15789473684210525,6e1v,False,False,0.15789473684210525,6e1v,0.3829787234042553,0.15789473684210525,"[0.4,0.6)","[0.0,0.4)","[0.0,0.4)"
R-SIM_all,1294,7.244125144327509,45,O=c1c(O)c(-c2cc(O)c(O)c(O)c2)oc2cc(O)cc(O)c12,O=c1cc(-c2ccccc2)oc2ccccc12,0.5357142857142857,3f4g,1.0,5xi1,True,True,0.19999999999999996,5xi1,0.19999999999999996,1.0,"[0.4,0.6)","[0.8,1.0]","[0.0,0.4)"
R-SIM_all,1162,7.481486060122111,192,O=c1cc(-c2cccs2)nc([C@H]2CCCN(Cc3cn(-c4ncccn4)cn3)C2)[nH]1,O=c1cc(-c2cccs2)nc(C2CCCN(Cc3cn(-c4ncccn4)cn3)C2)[nH]1,0.4979919678714859,4y1n,0.40963855421686746,5c45,False,False,0.27083333333333337,5c45,0.27083333333333337,0.40963855421686746,"[0.4,0.6)","[0.4,0.6)","[0.0,0.4)"
R-SIM_all,331,5.03621217265444,29,NCCNCCNCCO[C@H]1[C@H](O[C@@H]2[C@H](O)[C@@H](N)C[C@@H](N)[C@@H]2O[C@@H]2O[C@@H](CO)[C@H](O)[C@@H](O)[C@@H]2N)OC[C@@H]1O[C@H]1O[C@H](CN)C[C@H](O)[C@H]1N,C1CCC(OC2COC(OC3CCCCC3OC3CCCCO3)C2)OC1,0.9310344827586207,1byj,0.6266666666666667,2bee,False,True,0.6266666666666667,2bee,0.7241379310344828,0.6266666666666667,"[0.8,1.0]","[0.6,0.8)","[0.6,0.8)"
R-SIM_all,1409,4.47237009912866,69,NCC1OC(OC2C(Cn3cc(CCC(=O)Nc4cccc(-c5csc(NC(=O)c6ccc(F)cc6)n5)c4)nn3)OC(OC3C(O)C(N)CC(N)C3OC3OC(CN)C(O)C(O)C3N)C2O)C(N)C(O)C1O,O=C(CCc1cn(CC2OC(OC3CCCCC3OC3CCCCO3)CC2OC2CCCCO2)nn1)Nc1cccc(-c2csc(NC(=O)c3ccccc3)n2)c1,0.49275362318840576,2kx8,0.3627450980392157,1ei2,False,False,0.3627450980392157,1i9v,0.472972972972973,0.3627450980392157,"[0.4,0.6)","[0.0,0.4)","[0.0,0.4)"
R-SIM_all,2444,6.88605664769316,34,NCC1OC(OC2C(N)CC(N)C(OC3OC(CO)C(O)C(N)C3O)C2O)C(N)C(O)C1O,C1CCC(OC2CCCC(OC3CCCCO3)C2)OC1,0.5,1q8n,0.8809523809523809,2esi,False,True,0.5,3c44,0.5,0.7446808510638298,"[0.4,0.6)","[0.8,1.0]","[0.4,0.6)"
R-SIM_all,1008,5.08092190762393,24,O=C(N/N=C\c1ccc(Br)cc1)c1cc[n+](Cc2ccccc2)cc1,O=C(NN=Cc1ccccc1)c1cc[n+](Cc2ccccc2)cc1,0.5,2juk,0.15853658536585366,6c63,False,False,0.15853658536585366,6c63,0.36111111111111116,0.15853658536585366,"[0.4,0.6)","[0.0,0.4)","[0.0,0.4)"
R-SIM_all,91,5.397940008672039,36,Nc1ncnc2c1ncn2C1OC(COP(=O)(O)OP(=O)(O)OP(=O)(O)O)C(O)C1O,c1ncc2ncn(C3CCCO3)c2n1,1.0,1raw,1.0,5ktj,False,True,0.8333333333333334,1raw,1.0,0.8333333333333334,"[0.8,1.0]","[0.8,1.0]","[0.8,1.0]"
R-SIM_all,94,6.30102999566398,35,Cc1cc2nc3c(=O)[nH]c(=O)nc-3n(CC(O)C(O)C(O)COP(=O)(O)O)c2cc1C,O=c1nc2[nH]c3ccccc3nc-2c(=O)[nH]1,1.0,1fmn,1.0,1fmn,False,True,1.0,1fmn,1.0,1.0,"[0.8,1.0]","[0.8,1.0]","[0.8,1.0]"
R-SIM_all,935,5.09691001300806,58,Nc1ncnc2c1ncn2[C@@H]1O[C@H](CO)C[C@H]1O,c1ncc2ncn(C3CCCO3)c2n1,0.5405405405405406,3q3z,1.0,3b4b,True,True,0.453125,5ktj,0.48275862068965514,0.453125,"[0.4,0.6)","[0.8,1.0]","[0.4,0.6)"
R-SIM_all,219,5.07058107428571,42,Cn1c(=O)[nH]c2nc[nH]c2c1=O,O=c1[nH]c(=O)c2[nH]cnc2[nH]1,0.6428571428571428,1eht,0.5142857142857142,1eht,False,True,0.5142857142857142,1eht,0.6428571428571428,0.5142857142857142,"[0.6,0.8)","[0.4,0.6)","[0.4,0.6)"
R-SIM_all,1824,6.721246399047169,60,CN1CCN(c2ccc3nc(-c4ccc5[nH]c(-c6cccc(OCCCC(=O)NCCCOCC(O)COP(=O)(O)OC7C(O)C(COP(=O)(O)OC8C(O)C(COP(=O)(O)OC9C(O)C(COP(=O)(O)OC%10C(O)C(COP(=O)(O)O)OC%10n%10cnc%11c(N)ncnc%11%10)OC9n9cnc%10c(N)ncnc%109)OC8n8cnc9c(N)ncnc98)OC7n7cnc8c(N)ncnc87)c6)nc5c4)[nH]c3c2)CC1,O=C(CCCOc1cccc(-c2nc3cc(-c4nc5ccc(N6CCNCC6)cc5[nH]4)ccc3[nH]2)c1)NCCCOCCCO[PH](=O)OC1CC(CO[PH](=O)OC2CC(CO[PH](=O)OC3CC(CO[PH](=O)OC4CCOC4n4cnc5cncnc54)OC3n3cnc4cncnc43)OC2n2cnc3cncnc32)OC1n1cnc2cncnc21,0.5333333333333333,5lys,0.384,1x9c,False,False,0.3548387096774194,1raw,0.41666666666666663,0.3548387096774194,"[0.4,0.6)","[0.0,0.4)","[0.0,0.4)"
R-SIM_all,2088,5.46597389394387,17,N[C@@H]1C[C@@H](N)[C@@H](OCCCc2cn(Cc3cccc(Cn4cc(CCCO[C@@H]5[C@H](O)[C@H](O)[C@@H](N)C[C@H]5N)nn4)n3)nn2)[C@H](O)[C@H]1O,c1cc(Cn2cc(CCCOC3CCCCC3)nn2)nc(Cn2cc(CCCOC3CCCCC3)nn2)c1,0.6666666666666667,3bnt,0.26153846153846155,2et8,False,False,0.26153846153846155,2et8,0.5714285714285714,0.26153846153846155,"[0.6,0.8)","[0.0,0.4)","[0.0,0.4)"
R-SIM_all,2352,3.31158017799729,29,N[C@@H]1C[C@H](N)[C@@H](O)[C@H](O)[C@H]1OSc1cncnc1,c1ncc(SOC2CCCCC2)cn1,0.9310344827586207,1byj,0.3137254901960784,2et8,False,False,0.3137254901960784,2et8,0.7241379310344828,0.3137254901960784,"[0.8,1.0]","[0.0,0.4)","[0.0,0.4)"
R-SIM_all,1396,4.5686362358410095,67,NCC1OC(OC2C(Cn3cc(CCC(=O)Nc4cccc(-c5csc(NC(=O)c6ccc(N)cc6)n5)c4)nn3)OC(OC3C(O)C(N)CC(N)C3OC3OC(CN)C(O)C(O)C3N)C2O)C(N)C(O)C1O,O=C(CCc1cn(CC2OC(OC3CCCCC3OC3CCCCO3)CC2OC2CCCCO2)nn1)Nc1cccc(-c2csc(NC(=O)c3ccccc3)n2)c1,0.5074626865671642,2kx8,0.36633663366336633,1ei2,False,False,0.36633663366336633,1i9v,0.4864864864864865,0.36633663366336633,"[0.4,0.6)","[0.0,0.4)","[0.0,0.4)"
R-SIM_all,1231,6.14266750356873,79,C[NH+](C)CC1COc2ccc3[nH+]c4n(c3c2C1)CC(C[NH+](C)C)CN4,c1cc2[nH+]c3n(c2c2c1OCCC2)CCCN3,0.5189873417721519,3npn,0.29333333333333333,3tzr,False,False,0.20253164556962022,3tzr,0.20253164556962022,0.29333333333333333,"[0.4,0.6)","[0.0,0.4)","[0.0,0.4)"
R-SIM_all,1575,4.25963731050576,54,CN(C)CCCNc1nc(N)nc(NCCCCCCNC(=O)CC2=CCC(NC(=O)CC3=CCC(NC(=O)CCCCCCNc4nc(N)nc(N)n4)=N3)=N2)n1,O=C(CC1=CCC(NC(=O)CC2=CCC(NC(=O)CCCCCCNc3ncncn3)=N2)=N1)NCCCCCCNc1ncncn1,0.5925925925925926,2kx8,0.1797752808988764,2ktz,False,False,0.1797752808988764,2ktz,0.537037037037037,0.1797752808988764,"[0.4,0.6)","[0.0,0.4)","[0.0,0.4)"
R-SIM_all,2362,5.69897000433602,29,NCC1OC(OC2C(N)CC(N)C(OC3OC(CO)C(O)C(N)C3O)C2O)C(N)C(O)C1O,C1CCC(OC2CCCC(OC3CCCCO3)C2)OC1,0.9310344827586207,1byj,0.8809523809523809,2esi,False,True,0.7446808510638298,1fyp,0.896551724137931,0.7446808510638298,"[0.8,1.0]","[0.8,1.0]","[0.6,0.8)"
R-SIM_all,111,3.09151498112135,29,Cc1cc2nc[nH]c2cc1C,c1ccc2[nH]cnc2c1,0.9310344827586207,1byj,0.29411764705882354,3g4m,False,False,0.29411764705882354,3g4m,0.4029850746268657,0.29411764705882354,"[0.8,1.0]","[0.0,0.4)","[0.0,0.4)"
R-SIM_all,2128,5.3467874862246605,38,CN(C)c1ccc2c(-c3ccccc3)c3ccc(=[N+](C)C)cc-3oc2c1,[N+]=c1ccc2c(-c3ccccc3)c3ccccc3oc-2c1,0.868421052631579,1q8n,1.0,1f1t,True,True,0.8421052631578947,1f1t,0.8421052631578947,1.0,"[0.8,1.0]","[0.8,1.0]","[0.8,1.0]"
R-SIM_all,284,8.42021640338319,2922,CCC1OC(=O)C(C)C(OC2CC(C)(OC)C(O)C(C)O2)C(C)C(OC2OC(C)CC(N(C)C)C2O)C(C)(O)CC(C)CN(C)C(C)C(O)C1(C)O,O=C1CC(OC2CCCCO2)CC(OC2CCCCO2)CCCCNCCCCO1,0.13552361396303902,4faq,0.16666666666666666,1nta,False,False,0.07368421052631578,4e8k,0.13278576317590696,0.07368421052631578,"[0.0,0.4)","[0.0,0.4)","[0.0,0.4)"
R-SIM_all,901,5.46852108295774,29,COc1ccc(N2C(=O)O[C@H](COC(=O)Cc3ccccc3)[C@H]2Cc2ccccc2)cc1,O=C(Cc1ccccc1)OCC1OC(=O)N(c2ccccc2)C1Cc1ccccc1,0.6388888888888888,1raw,0.21518987341772153,2dqo,False,False,0.21518987341772153,2dqo,0.24137931034482762,0.21518987341772153,"[0.6,0.8)","[0.0,0.4)","[0.0,0.4)"
R-SIM_all,649,4.958607314841769,29,NC[C@@H]1O[C@H](O[C@@H]2C[C@H](CO)NCC[C@H]2N)[C@@H](N)[C@H](O)[C@H]1O,C1CCC(OC2CCCNCC2)OC1,0.9310344827586207,1byj,0.5098039215686274,2et8,False,False,0.5098039215686274,2et8,0.7241379310344828,0.5098039215686274,"[0.8,1.0]","[0.4,0.6)","[0.4,0.6)"
R-SIM_all,140,3.67366413907125,29,Cn1c(=O)[nH]c(=O)c2c1ncn2CCN1CCCCC1,O=c1[nH]c(=O)c2c(ncn2CCN2CCCCC2)[nH]1,0.9310344827586207,1byj,0.23076923076923078,1eht,False,False,0.23076923076923078,1eht,0.48484848484848486,0.23076923076923078,"[0.8,1.0]","[0.0,0.4)","[0.0,0.4)"
R-SIM_all,1604,4.0,46,CN1CCN(c2ccc3cc(-c4ccccc4Cl)c(=O)oc3c2)CC1,O=c1oc2cc(N3CCNCC3)ccc2cc1-c1ccccc1,0.5217391304347826,2ktz,0.2702702702702703,6hmo,False,False,0.23913043478260865,6hmo,0.23913043478260865,0.2702702702702703,"[0.4,0.6)","[0.0,0.4)","[0.0,0.4)"
R-SIM_all,816,5.56575054760353,33,CNC1C(O)C(OC2C(N)CC(N)C(OC3OC(CN)CCC3N)C2O)OCC1(C)O,C1CCC(OC2CCCC(OC3CCCCO3)C2)OC1,0.48484848484848486,3gs5,1.0,2et3,False,True,0.4545454545454546,4gpw,0.4545454545454546,0.5846153846153846,"[0.4,0.6)","[0.8,1.0]","[0.4,0.6)"
R-SIM_all,268,3.25963731050576,29,CC(=O)c1ccc2c(c1)N(CCCCN1CCC[C@@H](CO)C1)c1ccccc1S2,c1ccc2c(c1)Sc1ccccc1N2CCCCN1CCCCC1,1.0,1arj,0.5737704918032787,1lvj,False,False,0.5737704918032787,1lvj,0.935483870967742,0.5737704918032787,"[0.8,1.0]","[0.4,0.6)","[0.4,0.6)"
R-SIM_all,1333,5.85387196432176,29,COc1ccc(NCC(O)Cn2c3ccc(Br)cc3c3cc(Br)ccc32)cc1OC,c1ccc(NCCCn2c3ccccc3c3ccccc32)cc1,0.5588235294117647,1nbk,0.1917808219178082,1uud,False,False,0.1917808219178082,1uud,0.4482758620689655,0.1917808219178082,"[0.4,0.6)","[0.0,0.4)","[0.0,0.4)"
R-SIM_all,1402,4.63078414258986,67,CC(=O)Nc1nc(-c2cccc(NC(=O)c3cccc(Oc4cn(CC5OC(OC6C(O)C(N)CC(N)C6OC6OC(CN)C(O)C(O)C6N)C(O)C5OC5OC(CN)C(O)C(O)C5N)nn4)c3)c2)cs1,O=C(Nc1cccc(-c2cscn2)c1)c1cccc(Oc2cn(CC3OC(OC4CCCCC4OC4CCCCO4)CC3OC3CCCCO3)nn2)c1,0.5074626865671642,2kx8,0.36633663366336633,1ei2,False,False,0.36633663366336633,1i9v,0.4864864864864865,0.36633663366336633,"[0.4,0.6)","[0.0,0.4)","[0.0,0.4)"
R-SIM_all,1879,5.2839966563652006,77,O=C1c2ccccc2C(=O)c2c(NCCN3CCOCC3)ccc(NCCN3CCOCC3)c21,O=C1c2ccccc2C(=O)c2c(NCCN3CCOCC3)ccc(NCCN3CCOCC3)c21,0.5714285714285714,1evv,0.3137254901960784,2kgp,False,False,0.2857142857142857,2kgp,0.2857142857142857,0.3137254901960784,"[0.4,0.6)","[0.0,0.4)","[0.0,0.4)"
R-SIM_all,661,3.0,29,O=[N+]([O-])c1ccc2nc(C3CCCCC3)[nH]c2c1,c1ccc2[nH]c(C3CCCCC3)nc2c1,0.9310344827586207,1byj,0.18055555555555555,5c7w,False,False,0.18055555555555555,5c7w,0.41538461538461535,0.18055555555555555,"[0.8,1.0]","[0.0,0.4)","[0.0,0.4)"
R-SIM_all,132,3.96257350205938,29,S=C1N(CN2CCCCC2)CCN1CN1CCCCC1,S=C1N(CN2CCCCC2)CCN1CN1CCCCC1,0.9310344827586207,1byj,0.13513513513513514,4e8k,False,False,0.11764705882352941,5c45,0.42592592592592593,0.11764705882352941,"[0.8,1.0]","[0.0,0.4)","[0.0,0.4)"
R-SIM_all,1034,4.85387196432176,18,NCCCC[C@H](NC(=O)[C@H](CSSC[C@H](NC(=O)[C@@H]1CCCN1C(=O)c1ccc2c(c1)OCO2)C(=O)N[C@H](CCCCN)C(=O)NCCCN)NC(=O)[C@@H]1CCCN1C(=O)c1ccc2c(c1)OCO2)C(=O)NCCCN,O=C(NCCSSCCNC(=O)C1CCCN1C(=O)c1ccc2c(c1)OCO2)C1CCCN1C(=O)c1ccc2c(c1)OCO2,0.5555555555555556,1zz5,0.19090909090909092,2f4u,False,False,0.19090909090909092,2f4u,0.47619047619047616,0.19090909090909092,"[0.4,0.6)","[0.0,0.4)","[0.0,0.4)"
R-SIM_all,148,3.57839607313017,29,O=c1c2[nH]c3ccc(Br)cc3c2ncn1CCN1CCNCC1,O=c1c2[nH]c3ccccc3c2ncn1CCN1CCNCC1,0.9310344827586207,1byj,0.25925925925925924,1uts,False,False,0.25925925925925924,1uts,0.5172413793103448,0.25925925925925924,"[0.8,1.0]","[0.0,0.4)","[0.0,0.4)"
R-SIM_all,1012,4.950781977329821,24,Nc1c(S(=O)(=O)O)cc(Nc2ccc(S(N)(=O)=O)cc2)c2c1C(=O)c1ccccc1C2=O,O=C1c2ccccc2C(=O)c2c(Nc3ccccc3)cccc21,0.5,2juk,0.19672131147540983,2kgp,False,False,0.19672131147540983,2kgp,0.28,0.19672131147540983,"[0.4,0.6)","[0.0,0.4)","[0.0,0.4)"
R-SIM_all,2276,6.351639989019071,71,CN(C)C1C(=O)C(C(N)=O)=C(O)C2(O)C(=O)C3=C(O)c4c(O)cccc4C(C)(O)C3C(O)C12,O=C1C=CC2C(=O)C3=Cc4ccccc4CC3CC2C1,0.5357142857142857,4frg,0.15294117647058825,1ykv,False,False,0.15294117647058825,1ykv,0.15492957746478875,0.15294117647058825,"[0.4,0.6)","[0.0,0.4)","[0.0,0.4)"
R-SIM_all,1908,5.52287874528034,21,CN(C)c1ccc(-c2nc(-c3nnc(-c4ccc(Cl)cc4)o3)nc3ccccc23)cc1,c1ccc(-c2nnc(-c3nc(-c4ccccc4)c4ccccc4n3)o2)cc1,0.5238095238095238,1zz5,0.2711864406779661,1q8n,False,False,0.2711864406779661,1q8n,0.4473684210526315,0.2711864406779661,"[0.4,0.6)","[0.0,0.4)","[0.0,0.4)"
R-SIM_all,1385,3.8386319977650296,67,NCC1OC(OC2C(Cn3cc(Cn4cnc5c(=O)nc(N)[nH]c54)nn3)OC(OC3C(O)C(N)CC(N)C3OC3OC(CN)C(O)C(O)C3N)C2O)C(N)C(O)C1O,O=c1nc[nH]c2c1ncn2Cc1cn(CC2OC(OC3CCCCC3OC3CCCCO3)CC2OC2CCCCO2)nn1,0.5074626865671642,2kx8,0.45121951219512196,1ei2,False,False,0.45121951219512196,1i9v,0.4864864864864865,0.45121951219512196,"[0.4,0.6)","[0.4,0.6)","[0.4,0.6)"
R-SIM_all,134,3.68613277963085,29,CC1(C)CC(NCc2ccccc2O)CC(C)(C)N1,c1ccc(CNC2CCNCC2)cc1,0.9310344827586207,1byj,0.17647058823529413,6cxz,False,False,0.17647058823529413,6cxz,0.24137931034482762,0.17647058823529413,"[0.8,1.0]","[0.0,0.4)","[0.0,0.4)"
R-SIM_all,907,5.229147988357861,31,COC(=O)C1C(O)CCC2CN3CCc4c([nH]c5ccccc45)C3CC21,c1ccc2c3c([nH]c2c1)C1CC2CCCCC2CN1CC3,0.5161290322580645,6izp,0.1891891891891892,6e1v,False,False,0.1891891891891892,6e1v,0.3548387096774194,0.1891891891891892,"[0.4,0.6)","[0.0,0.4)","[0.0,0.4)"
R-SIM_all,2140,5.52287874528034,160,Nc1ncnc2c1ncn2C1OC(CSCCC(N)C(=O)O)C(O)C1O,c1ncc2ncn(C3CCCO3)c2n1,0.56875,4kqy,1.0,3gx3,False,True,0.56875,4kqy,0.56875,0.5942028985507246,"[0.4,0.6)","[0.8,1.0]","[0.4,0.6)"
R-SIM_all,871,7.67778070526608,63,CC(C)[C@H](NC(=O)[C@@H](CO)NC(=O)CCCN)C(=O)NCc1ccc(Nc2c3ccccc3nc3c(C(=O)N[C@H](CCCNC(=N)N)C(N)=O)cccc23)cc1,c1ccc(Nc2c3ccccc3nc3ccccc23)cc1,0.5714285714285714,2au4,0.1875,1nbk,False,False,0.1875,1nbk,0.47619047619047616,0.1875,"[0.4,0.6)","[0.0,0.4)","[0.0,0.4)"
R-SIM_all,1287,6.387216143280259,216,NC(=[NH2+])c1ccc(-c2ccc(-c3ccc(-c4ccc(C(N)=[NH2+])cn4)o3)o2)nc1,c1ccc(-c2ccc(-c3ccc(-c4ccccn4)o3)o2)nc1,0.4907407407407407,4gxy,0.17391304347826086,2l94,False,False,0.15942028985507245,3d2v,0.20370370370370372,0.15942028985507245,"[0.4,0.6)","[0.0,0.4)","[0.0,0.4)"
R-SIM_all,900,2.744727494896689,17,CC(=O)c1ccc2c(c1)N(CCCN(C)C)c1ccccc1S2,c1ccc2c(c1)Nc1ccccc1S2,0.6,1ei2,1.0,1lvj,True,True,0.4193548387096774,1lvj,0.4193548387096774,1.0,"[0.6,0.8)","[0.8,1.0]","[0.4,0.6)"
R-SIM_all,382,4.82390874094432,2922,CC1OC(OC2C(O)C(O)C(O)C(O)C2O)C(N)CC1N=C(N)C(=O)O,C1CCC(OC2CCCCO2)CC1,0.13552361396303902,4faq,0.2982456140350877,2et8,False,True,0.06896551724137931,4e8k,0.13278576317590696,0.06896551724137931,"[0.0,0.4)","[0.0,0.4)","[0.0,0.4)"
R-SIM_all,795,5.07058107428571,29,NCC1OC(OC2C(CO)OC(OC3C(O)C(N)CC(N)C3OC3OC(CN)C(O)C(O)C3N)C2O)C(N)C(O)C1O,C1CCC(OC2COC(OC3CCCCC3OC3CCCCO3)C2)OC1,0.6388888888888888,1raw,1.0,1ei2,False,True,0.5517241379310345,1fyp,0.5517241379310345,0.9761904761904762,"[0.6,0.8)","[0.8,1.0]","[0.4,0.6)"
R-SIM_all,1010,5.65955588515988,24,O=[N+]([O-])c1ccc(SCCO)c2ncccc12,c1ccc2ncccc2c1,0.5,2juk,0.1917808219178082,5c7w,False,False,0.1917808219178082,5c7w,0.32307692307692304,0.1917808219178082,"[0.4,0.6)","[0.0,0.4)","[0.0,0.4)"
R-SIM_all,1784,5.0,29,CC(=O)Nc1nc(-c2cccc(NC(=O)[C@H]3C[C@H](OCOC(=O)C(N)CCCN=C(N)N)[C@@H](COCOC(=O)C(N)CCCN=C(N)N)O3)c2)cs1,O=C(Nc1cccc(-c2cscn2)c1)C1CCCO1,1.0,1arj,0.21428571428571427,3mij,False,False,0.21428571428571427,3mij,0.31034482758620685,0.21428571428571427,"[0.8,1.0]","[0.0,0.4)","[0.0,0.4)"
R-SIM_all,968,3.80410034759077,118,C[N+]1(C)C2CC(OC(=O)C(CO)c3ccccc3)CC1C1OC12,O=C(Cc1ccccc1)OC1CC2[NH2+]C(C1)C1OC21,0.5084745762711864,3gx7,0.1891891891891892,3ds7,False,False,0.1891891891891892,3ds7,0.423728813559322,0.1891891891891892,"[0.4,0.6)","[0.0,0.4)","[0.0,0.4)"
R-SIM_all,2044,4.69897000433602,67,Nc1nc(N)c(N)c(N)n1,c1cncnc1,1.0,2g9c,0.3888888888888889,2g9c,False,True,0.3888888888888889,2g9c,1.0,0.3888888888888889,"[0.8,1.0]","[0.0,0.4)","[0.0,0.4)"
R-SIM_all,2255,4.88605664769316,33,NCC1OC(OC2C(N)CC(N)C(OC3OC(COC4OC(CN)C(O)C(O)C4O)C(N)C(O)C3N)C2O)C(N)CC1O,C1CCC(OCC2CCCC(OC3CCCC(OC4CCCCO4)C3)O2)OC1,0.5454545454545454,1xst,0.6,1lc4,False,False,0.48484848484848486,1lc4,0.48484848484848486,0.6,"[0.4,0.6)","[0.6,0.8)","[0.4,0.6)"
R-SIM_all,764,6.88605664769316,46,CCCNC(=O)CCCOc1cccc(-c2nc3ccc(-c4nc5ccc(N6CCN(C)CC6)cc5[nH]4)cc3[nH]2)c1,c1ccc(-c2nc3ccc(-c4nc5ccc(N6CCNCC6)cc5[nH]4)cc3[nH]2)cc1,0.5686274509803921,4enb,0.24731182795698925,6hmo,False,False,0.23913043478260865,6hmo,0.23913043478260865,0.24731182795698925,"[0.4,0.6)","[0.0,0.4)","[0.0,0.4)"
R-SIM_all,1812,6.86966623150499,60,NCCCC(=O)NCCCN1Cc2ccc3ccc(nc3n2)NC(=O)OCC/C=C/CCOC(=O)Nc2ccc3ccc(nc3n2)C1,O=C1Nc2ccc3ccc(nc3n2)CNCc2ccc3ccc(nc3n2)NC(=O)OCCC=CCCO1,0.55,4ts2,0.5,6qiq,False,False,0.1927710843373494,6izp,0.3833333333333333,0.1927710843373494,"[0.4,0.6)","[0.4,0.6)","[0.0,0.4)"
R-SIM_all,1904,6.585026652029179,21,Fc1ccc(-c2nnc(-c3nc(NCCc4ccco4)c4ccccc4n3)o2)cc1,c1ccc(-c2nnc(-c3nc(NCCc4ccco4)c4ccccc4n3)o2)cc1,0.5238095238095238,1zz5,0.14457831325301204,6dn3,False,False,0.14457831325301204,6dn3,0.3214285714285714,0.14457831325301204,"[0.4,0.6)","[0.0,0.4)","[0.0,0.4)"
R-SIM_all,1170,7.0,108,Cc1nccc2c1[nH]c1ccccc12,c1ccc2c(c1)[nH]c1cnccc12,0.5185185185185186,4yaz,0.32608695652173914,6e1v,False,False,0.25,6e1v,0.25,0.32608695652173914,"[0.4,0.6)","[0.0,0.4)","[0.0,0.4)"
R-SIM_all,2142,5.65757731917779,29,NC[C@@H]1O[C@H](O[C@H]2[C@@H](O)[C@H](O[C@H]3O[C@@H](CNc4c5ccccc5nc5ccccc45)[C@H](O)[C@@H](N)[C@@H]3O)[C@@H](N)C[C@H]2N)[C@H](N)C[C@@H]1O,c1ccc2c(NCC3CCCC(OC4CCCC(OC5CCCCO5)C4)O3)c3ccccc3nc2c1,0.6111111111111112,6e82,0.5873015873015873,1lc4,False,False,0.4137931034482759,1lc4,0.4137931034482759,0.5873015873015873,"[0.6,0.8)","[0.4,0.6)","[0.4,0.6)"
R-SIM_all,2153,5.69897000433602,29,NCC1OC(OC2C(N)CC(N)C(OC3OC(CN)C(O)C(OC4OC(CO)C(O)C(O)C4N)C3N)C2O)C(N)CC1O,C1CCC(OC2CCCC(OC3CC(OC4CCCCO4)CCO3)C2)OC1,0.6111111111111112,6e82,0.7551020408163265,1lc4,False,False,0.5172413793103448,1ei2,0.5172413793103448,0.6226415094339622,"[0.6,0.8)","[0.6,0.8)","[0.4,0.6)"
R-SIM_all,2391,5.85387196432176,118,CCOC(=O)c1c2c(n3ccccc13)C(=O)c1ccccc1C2=O,O=C1c2ccccc2C(=O)c2c1cc1ccccn21,0.5084745762711864,3gx7,0.1791044776119403,6izp,False,False,0.1791044776119403,6izp,0.22881355932203384,0.1791044776119403,"[0.4,0.6)","[0.0,0.4)","[0.0,0.4)"
R-SIM_all,2118,7.19382002601611,38,CN(C)c1ccc2c(-c3ccccc3)c3ccc(=[N+](C)C)cc-3oc2c1,[N+]=c1ccc2c(-c3ccccc3)c3ccccc3oc-2c1,0.868421052631579,1q8n,1.0,1f1t,True,True,0.8421052631578947,1f1t,0.8421052631578947,1.0,"[0.8,1.0]","[0.8,1.0]","[0.8,1.0]"
R-SIM_all,352,8.0,29,CC(C)(C)OC(=O)NNC[C@@H]1O[C@H](O[C@H]2[C@H](O[C@H]3O[C@H](CO)[C@@H](O[C@@H]4CO[C@@H](CN)[C@H](O)[C@H]4O)[C@@H]3O)[C@@H](O)[C@@H](N)C[C@H]2N)[C@H](N)[C@H](O)[C@@H]1O,C1CCC(OC2CCCCC2OC2CC(OC3CCCOC3)CO2)OC1,0.9310344827586207,1byj,0.5882352941176471,1ei2,False,False,0.5882352941176471,2et4,0.7241379310344828,0.5882352941176471,"[0.8,1.0]","[0.4,0.6)","[0.4,0.6)"
R-SIM_all,610,4.67778070526608,29,CN(CCCCCCN(C)C[C@@H](O)CO[C@H]1[C@H](O)[C@H](O)[C@H](N)C[C@H]1N)C[C@H](O)CO[C@H]1[C@H](O)[C@@H](O)[C@H](N)C[C@H]1N,C(CCCNCCCOC1CCCCC1)CCNCCCOC1CCCCC1,0.9310344827586207,1byj,0.3090909090909091,2et8,False,False,0.3090909090909091,2et8,0.7241379310344828,0.3090909090909091,"[0.8,1.0]","[0.0,0.4)","[0.0,0.4)"
R-SIM_all,2486,4.87614835903291,30,NCC1OC(OC2C(N)CC(N)C(OC3OC(CO)C(O)C(N)C3O)C2O)C(N)C(O)C1O,C1CCC(OC2CCCC(OC3CCCCO3)C2)OC1,0.6333333333333333,1fyp,0.8809523809523809,2esi,False,True,0.6333333333333333,1fyp,0.6333333333333333,0.7446808510638298,"[0.6,0.8)","[0.8,1.0]","[0.6,0.8)"
R-SIM_all,651,4.09691001300806,29,NC[C@@H]1O[C@H](O[C@@H]2C[C@@H](CO)NCC[C@H]2N)[C@@H](N)[C@H](O)[C@H]1O,C1CCC(OC2CCCNCC2)OC1,0.9310344827586207,1byj,0.5098039215686274,2et8,False,False,0.5098039215686274,2et8,0.7241379310344828,0.5098039215686274,"[0.8,1.0]","[0.4,0.6)","[0.4,0.6)"
R-SIM_all,2138,3.0,164,Nc1ncnc2c1ncn2C1OC(CSCC(N)C(=O)O)C(O)C1O,c1ncc2ncn(C3CCCO3)c2n1,0.5182926829268293,4kqy,0.8245614035087719,3gx3,False,True,0.5182926829268293,4kqy,0.5182926829268293,0.5882352941176471,"[0.4,0.6)","[0.8,1.0]","[0.4,0.6)"
R-SIM_all,1167,7.0,67,Nc1nc(=O)c(N)c(N)[nH]1,O=c1cc[nH]cn1,1.0,3fo6,0.3611111111111111,6e1w,False,False,0.3611111111111111,6e1w,0.3731343283582089,0.3611111111111111,"[0.8,1.0]","[0.0,0.4)","[0.0,0.4)"
R-SIM_all,1355,5.6382721639824105,29,Cc1ccccc1NCC(O)Cn1c2ccc(Br)cc2c2cc(Br)ccc21,c1ccc(NCCCn2c3ccccc3c3ccccc32)cc1,0.5588235294117647,1nbk,0.20833333333333334,3f4g,False,False,0.20833333333333334,3f4g,0.3928571428571429,0.20833333333333334,"[0.4,0.6)","[0.0,0.4)","[0.0,0.4)"
R-SIM_all,2198,5.508638306165731,48,NCC1OC(OC2C(N)CC(N)C(OC3OC(CN)C(O)C(OC4OC(CO)C(O)C(O)C4N)C3N)C2O)C(N)CC1O,C1CCC(OC2CCCC(OC3CC(OC4CCCCO4)CCO3)C2)OC1,0.5625,6e8u,0.7551020408163265,1lc4,False,False,0.44594594594594594,1i9v,0.44594594594594594,0.6226415094339622,"[0.4,0.6)","[0.6,0.8)","[0.4,0.6)"
R-SIM_all,1188,4.0,48,NC(=[NH2+])c1ccc(Nc2ccc(-c3cc4ccc(C(N)=[NH2+])cc4[nH]3)cc2)cc1,c1ccc(Nc2ccc(-c3cc4ccccc4[nH]3)cc2)cc1,0.515625,4xw7,0.16363636363636364,6jjh,False,False,0.16363636363636364,6jjh,0.25,0.16363636363636364,"[0.4,0.6)","[0.0,0.4)","[0.0,0.4)"
R-SIM_all,2058,6.350665141287861,29,NCCCOc1ccc(-c2ccc3ccccc3n2)cc1CNCCC1CCNCC1,c1cc(CNCCC2CCNCC2)cc(-c2ccc3ccccc3n2)c1,1.0,1arj,0.4675324675324675,1uts,False,False,0.4675324675324675,1uts,1.0,0.4675324675324675,"[0.8,1.0]","[0.4,0.6)","[0.4,0.6)"
R-SIM_all,1018,4.928117992693879,12,O=C(N/N=C\c1ccc(Br)cc1)c1cc[n+](Cc2ccccc2)cc1,O=C(NN=Cc1ccccc1)c1cc[n+](Cc2ccccc2)cc1,0.5833333333333333,5ux3,0.15853658536585366,6c63,False,False,0.15853658536585366,6c65,0.16666666666666663,0.15853658536585366,"[0.4,0.6)","[0.0,0.4)","[0.0,0.4)"
R-SIM_all,2383,6.36653154442041,52,Cc1nc2ccccc2cc1C(=O)N[C@@H](CSSC[C@@H](NC(=O)c1cc2ccccc2nc1C)C(=O)N1CCC[C@H]1C(=O)N[C@@H](Cc1ccccc1)C(=O)NCCCN)C(=O)N1CCC[C@H]1C(=O)N[C@@H](Cc1ccccc1)C(=O)NCCCN,O=C(NC(CSSCC(NC(=O)c1cnc2ccccc2c1)C(=O)N1CCCC1C(=O)NCCc1ccccc1)C(=O)N1CCCC1C(=O)NCCc1ccccc1)c1cnc2ccccc2c1,0.8076923076923077,2l94,0.2,6dn2,False,False,0.2,6dn2,0.49056603773584906,0.2,"[0.8,1.0]","[0.0,0.4)","[0.0,0.4)"
R-SIM_all,2247,6.52287874528034,33,NCC1OC(OC2C(CO)OC(OC3C(O)C(N)CC(N)C3OC3OC(CN)C(O)C(O)C3N)C2O)C(N)C(O)C1O,C1CCC(OC2COC(OC3CCCCC3OC3CCCCO3)C2)OC1,0.5454545454545454,1xst,1.0,1ei2,False,True,0.5151515151515151,1fyp,0.5151515151515151,0.9761904761904762,"[0.4,0.6)","[0.8,1.0]","[0.4,0.6)"
R-SIM_all,2107,8.11350927482752,2897,CCC1OC(=O)C(C)C(OC2CC(C)(OC)C(O)C(C)O2)C(C)C(OC2OC(C)CC(N(C)C)C2O)C(C)(O)CC(C)C(=O)C(C)C(O)C1(C)O,O=C1CCCCOC(=O)CC(OC2CCCCO2)CC(OC2CCCCO2)CCC1,0.13669313082499135,4faq,0.1743119266055046,4f8u,False,False,0.06627545736969276,4gma,0.06627545736969276,0.09743589743589744,"[0.0,0.4)","[0.0,0.4)","[0.0,0.4)"
R-SIM_all,305,5.30102999566398,66,CC(C)N=C(N)c1cccc(-c2ccc(-c3cccc(C(N)=NC(C)C)c3)o2)c1,c1ccc(-c2ccc(-c3ccccc3)o2)cc1,0.5657894736842105,2hop,0.1774193548387097,1f1t,False,False,0.1774193548387097,1f1t,0.40909090909090906,0.1774193548387097,"[0.4,0.6)","[0.0,0.4)","[0.0,0.4)"
R-SIM_all,2264,8.58004425151024,71,CN(C)C1C(=O)C(C(N)=O)=C(O)C2(O)C(=O)C3=C(O)c4c(O)cccc4C(C)(O)C3CC12,O=C1C=CC2C(=O)C3=Cc4ccccc4CC3CC2C1,0.5357142857142857,4frg,0.16,6bfb,False,False,0.16,6bfb,0.47887323943661975,0.16,"[0.4,0.6)","[0.0,0.4)","[0.0,0.4)"
R-SIM_all,120,3.00436480540245,29,CN(C)c1ccc2ccccc2n1,c1ccc2ncccc2c1,0.9310344827586207,1byj,0.21212121212121213,2kd4,False,False,0.21212121212121213,2kd4,0.24137931034482762,0.21212121212121213,"[0.8,1.0]","[0.0,0.4)","[0.0,0.4)"
R-SIM_all,119,3.7695510786217294,29,Cc1ccc2c(C)cc(N)nc2c1C,c1ccc2ncccc2c1,0.9310344827586207,1byj,0.3103448275862069,2g9c,False,False,0.3103448275862069,2g9c,0.3880597014925373,0.3103448275862069,"[0.8,1.0]","[0.0,0.4)","[0.0,0.4)"
R-SIM_all,1581,4.657577319177791,43,CNC1C(OC2OC(Cn3cc(CCC(=O)Nc4cccc(-c5csc(NC(C)=O)n5)c4)nn3)C(N)C(O)C2O)OC2CC(N)C(OC3C(N)CC(N)C(O)C3O)OC2C1O,O=C(CCc1cn(CC2CCCC(OC3CCC4OC(OC5CCCCC5)CCC4O3)O2)nn1)Nc1cccc(-c2cscn2)c1,0.5116279069767442,1ei2,0.4666666666666667,1yrj,False,False,0.4651162790697675,4k31,0.4651162790697675,0.4666666666666667,"[0.4,0.6)","[0.4,0.6)","[0.4,0.6)"
R-SIM_all,1032,5.3467874862246605,18,CCc1nc2ccccc2cc1C(=O)N[C@@H](CC(N)=O)C(=O)N[C@H](CSSC[C@H](NC(=O)[C@@H]1CCCN1C(=O)c1cc2ccccc2nc1CC)C(=O)N[C@H](CCCCN)C(=O)NCCCN)C(=O)N[C@@H](CCCCN)C(=O)NCCCN,O=C(CNC(=O)c1cnc2ccccc2c1)NCCSSCCNC(=O)C1CCCN1C(=O)c1cnc2ccccc2c1,0.5555555555555556,1zz5,0.17647058823529413,6dn1,False,False,0.17647058823529413,6dn1,0.2777777777777778,0.17647058823529413,"[0.4,0.6)","[0.0,0.4)","[0.0,0.4)"
R-SIM_all,1820,6.79588001734408,60,CN1CCN(c2ccc3nc(-c4ccc5[nH]c(-c6cccc(OCCCC(=O)NCCCN=[N+]=N)c6)nc5c4)[nH]c3c2)CC1,c1ccc(-c2nc3cc(-c4nc5ccc(N6CCNCC6)cc5[nH]4)ccc3[nH]2)cc1,0.5333333333333333,5lys,0.21153846153846154,6hmo,False,False,0.19999999999999996,3mij,0.19999999999999996,0.2037037037037037,"[0.4,0.6)","[0.0,0.4)","[0.0,0.4)"
R-SIM_all,672,3.44249279809434,29,Brc1ccc2nc(C3CCNCC3)[nH]c2c1,c1ccc2[nH]c(C3CCNCC3)nc2c1,0.9310344827586207,1byj,0.1864406779661017,2lwk,False,False,0.1864406779661017,2lwk,0.5625,0.1864406779661017,"[0.8,1.0]","[0.0,0.4)","[0.0,0.4)"
R-SIM_all,2468,5.95194682688439,26,CC(C)CC(NC(=O)C(CCC(N)=O)NC(=O)C1CCCN1C(=O)C(N)CCCCN)C(=O)NC(Cc1c[nH]c2ccccc12)C(=O)N1CCCC1C(=O)O,O=C(CNC(=O)C1CCCN1)NCC(=O)NC(Cc1c[nH]c2ccccc12)C(=O)N1CCCC1,0.6153846153846154,3gs5,0.2608695652173913,5kpy,False,False,0.2608695652173913,5kpy,0.295774647887324,0.2608695652173913,"[0.6,0.8)","[0.0,0.4)","[0.0,0.4)"
R-SIM_all,1338,5.53760200210104,29,CCOc1ccc(NCC(O)Cn2c3ccc(Br)cc3c3cc(Br)ccc32)cc1Cl,c1ccc(NCCCn2c3ccccc3c3ccccc32)cc1,0.5588235294117647,1nbk,0.16279069767441862,1uui,False,False,0.16279069767441862,1uui,0.4482758620689655,0.16279069767441862,"[0.4,0.6)","[0.0,0.4)","[0.0,0.4)"
R-SIM_all,1335,5.65757731917779,29,CCCOc1ccc(NCC(O)Cn2c3ccc(Br)cc3c3cc(Br)ccc32)cc1,c1ccc(NCCCn2c3ccccc3c3ccccc32)cc1,0.5588235294117647,1nbk,0.19402985074626866,6e1u,False,False,0.19402985074626866,6e1u,0.3870967741935484,0.19402985074626866,"[0.4,0.6)","[0.0,0.4)","[0.0,0.4)"
R-SIM_all,1588,5.52287874528034,43,NCC1OC(OC2C(CO)OC(OC3C(O)C(N)CC(N)C3OC3OC(CN)C(O)C(O)C3N)C2O)C(N)C(O)C1O,C1CCC(OC2COC(OC3CCCCC3OC3CCCCO3)C2)OC1,0.5,4ts2,1.0,1ei2,False,True,0.4883720930232558,1ei2,0.4883720930232558,1.0,"[0.4,0.6)","[0.8,1.0]","[0.4,0.6)"
R-SIM_all,2375,3.71399287792053,52,C=CC1CN2CCC1CC2C(O)c1ccnc2ccccc12,c1ccc2c(CC3CC4CCN3CC4)ccnc2c1,0.8076923076923077,2l94,0.17045454545454544,5c45,False,False,0.17045454545454544,5c45,0.5185185185185186,0.17045454545454544,"[0.8,1.0]","[0.0,0.4)","[0.0,0.4)"
R-SIM_all,2453,6.0236500209967305,33,CN(C)c1ccc2c(-c3ccc(C(=O)NCC4OC(OC5C(N)CC(N)C(OC6OC(CO)C(O)C(N)C6O)C5O)C(N)C(O)C4O)cc3C(=O)O)c3ccc(=[N+](C)C)cc-3oc2c1,[N+]=c1ccc2c(-c3ccc(C(=O)NCC4CCCC(OC5CCCC(OC6CCCCO6)C5)O4)cc3)c3ccccc3oc-2c1,0.48484848484848486,3gs5,0.5222222222222223,6gzk,False,False,0.45833333333333337,6gzk,0.45833333333333337,0.5222222222222223,"[0.4,0.6)","[0.4,0.6)","[0.4,0.6)"
R-SIM_all,2180,6.376750709602099,24,NCC1OC(OC2C(N)CC(N)C(OC3OC(COC4OC(CN)C(O)C(O)C4O)C(N)C(O)C3N)C2O)C(N)CC1O,C1CCC(OCC2CCCC(OC3CCCC(OC4CCCCO4)C3)O2)OC1,0.5555555555555556,1xst,0.6,1lc4,False,False,0.45833333333333337,2fcx,0.45833333333333337,0.5882352941176471,"[0.4,0.6)","[0.6,0.8)","[0.4,0.6)"
R-SIM_all,2267,8.705533773838411,71,CC1(O)c2cccc(O)c2C(O)=C2C(=O)C3(O)C(O)=C(C(N)=O)C(=O)CC3CC21,O=C1C=CC2C(=O)C3=Cc4ccccc4CC3CC2C1,0.5476190476190477,4frg,0.14634146341463414,1ykv,False,False,0.14634146341463414,1ykv,0.15492957746478875,0.14634146341463414,"[0.4,0.6)","[0.0,0.4)","[0.0,0.4)"
R-SIM_all,1404,3.4948500216800897,67,CC(=O)Nc1nc(-c2cccc(NC(=O)Cc3cn(COC4C(CN)OC(OC5C(N)CC(N)C(O)C5O)C(N)C4O)nn3)c2)cs1,O=C(Cc1cn(COC2CCC(OC3CCCCC3)OC2)nn1)Nc1cccc(-c2cscn2)c1,0.5074626865671642,2kx8,0.34782608695652173,6jbf,False,False,0.31343283582089554,6jbf,0.31343283582089554,0.34782608695652173,"[0.4,0.6)","[0.0,0.4)","[0.0,0.4)"
R-SIM_all,293,8.0,1542,CN(C)c1cc(NC(=O)CNC(C)(C)C)c(O)c2c1CC1CC3C(N(C)C)C(=O)C(C(N)=O)=C(O)C3(O)C(=O)C1=C2O,O=C1C=CC2C(=O)C3=Cc4ccccc4CC3CC2C1,0.25616083009079116,4faq,0.15789473684210525,6bfb,False,False,0.0771725032425421,4kqy,0.0771725032425421,0.08403361344537816,"[0.0,0.4)","[0.0,0.4)","[0.0,0.4)"
R-SIM_all,1020,5.69897000433602,12,O=[N+]([O-])c1ccc(SCCO)c2ncccc12,c1ccc2ncccc2c1,0.5833333333333333,5ux3,0.1917808219178082,5c7w,False,False,0.18461538461538463,5c7w,0.18461538461538463,0.1917808219178082,"[0.4,0.6)","[0.0,0.4)","[0.0,0.4)"
R-SIM_all,2412,4.15490195998574,14,Cc1cc(N2CCN(C)CC2)n2nc(-c3ccc(Cl)cc3)nc2n1,c1ccc(-c2nc3nccc(N4CCNCC4)n3n2)cc1,0.625,3tzr,0.2602739726027397,6hmo,False,False,0.2602739726027397,6hmo,0.5,0.2602739726027397,"[0.6,0.8)","[0.0,0.4)","[0.0,0.4)"
R-SIM_all,703,3.0,29,Cc1ccc(OC(=O)Cn2c(C3CCNCC3)nc3cc(Cl)c(Cl)cc32)cc1,O=C(Cn1c(C2CCNCC2)nc2ccccc21)Oc1ccccc1,0.9310344827586207,1byj,0.225,3f4g,False,False,0.225,3f4g,0.4107142857142857,0.225,"[0.8,1.0]","[0.0,0.4)","[0.0,0.4)"
R-SIM_all,1925,4.0,21,COc1ccc(CN2CCC(N3CCN(CCO)CC3)CC2)cc1OCc1ccccc1,c1ccc(COc2cccc(CN3CCC(N4CCNCC4)CC3)c2)cc1,0.5238095238095238,1zz5,0.2441860465116279,5kx9,False,False,0.2441860465116279,5kx9,0.3584905660377359,0.2441860465116279,"[0.4,0.6)","[0.0,0.4)","[0.0,0.4)"
R-SIM_all,213,3.0,42,Cn1c(=O)c2[nH]c(=O)[nH]c2n(C)c1=O,O=c1[nH]c(=O)c2[nH]c(=O)[nH]c2[nH]1,0.6428571428571428,1eht,0.4,1eht,False,False,0.4,1eht,0.6428571428571428,0.4,"[0.6,0.8)","[0.4,0.6)","[0.4,0.6)"
R-SIM_all,1432,7.221848749616361,52,CN1CCN(c2ccc3nc(-c4ccc5[nH]c(-c6cc(C(C)(C)C)c(OCCCC(=O)NCCCN=[N+]=N)c(C(C)(C)C)c6)nc5c4)[nH]c3c2)CC1,c1ccc(-c2nc3cc(-c4nc5ccc(N6CCNCC6)cc5[nH]4)ccc3[nH]2)cc1,0.5254237288135593,2miy,0.205607476635514,6hmo,False,False,0.205607476635514,6hmo,0.21153846153846156,0.205607476635514,"[0.4,0.6)","[0.0,0.4)","[0.0,0.4)"
R-SIM_all,1887,7.0,401,CC(C)c1ccc2nc3ccc(C(=O)NCCN(C)C)cn3c(=O)c2c1,O=c1c2ccccc2nc2ccccn12,0.4039900249376559,4e8m,0.22077922077922077,1lvj,False,False,0.1645885286783042,3suh,0.1645885286783042,0.18,"[0.4,0.6)","[0.0,0.4)","[0.0,0.4)"
R-SIM_all,282,7.259637310505759,29,NCCC(O)C(=O)NC1CC(N)C(OC2OC(CN)C(O)C(O)C2O)C(O)C1OC1OC(CO)C(O)C(N)C1O,C1CCC(OC2CCCC(OC3CCCCO3)C2)OC1,0.9310344827586207,1byj,1.0,4p20,False,True,0.7241379310344828,4p20,0.7241379310344828,1.0,"[0.8,1.0]","[0.8,1.0]","[0.6,0.8)"
R-SIM_all,2081,5.563837352959241,17,N[C@@H]1C[C@@H](N)[C@@H](OCCCc2cn(Cc3ccc(Cn4cc(CCCO[C@@H]5[C@H](O)[C@H](O)[C@@H](N)C[C@H]5N)nn4)cc3)nn2)[C@H](O)[C@H]1O,c1cc(Cn2cc(CCCOC3CCCCC3)nn2)ccc1Cn1cc(CCCOC2CCCCC2)nn1,0.6470588235294117,5v1l,0.27419354838709675,2et8,False,False,0.27419354838709675,2et8,0.5714285714285714,0.27419354838709675,"[0.6,0.8)","[0.0,0.4)","[0.0,0.4)"
R-SIM_all,332,5.88605664769316,29,NC[C@H]1C[C@@H](O)[C@H](N)[C@H](O[C@@H]2CO[C@@H](O[C@H]3[C@H](O)[C@@H](N)C[C@@H](N)[C@@H]3O[C@@H]3O[C@H](CO)[C@@H](O)[C@H](O)[C@H]3N)[C@H]2OCCNCCN2CCNCC2)O1,C1CCC(OC2CCCCC2OC2OCC(OC3CCCCO3)C2OCCNCCN2CCNCC2)OC1,0.9310344827586207,1byj,0.5294117647058824,2bee,False,False,0.5294117647058824,2bee,0.7241379310344828,0.5294117647058824,"[0.8,1.0]","[0.4,0.6)","[0.4,0.6)"
R-SIM_all,836,5.744727494896691,40,NCC1OC(OC2C(CO)OC(OC3C(O)C(N)CC(N)C3OC3OC(CO)C(O)C(O)C3N)C2O)C(N)C(O)C1O,C1CCC(OC2COC(OC3CCCCC3OC3CCCCO3)C2)OC1,0.55,1ddy,1.0,1fyp,False,True,0.475,1ei2,0.475,0.9761904761904762,"[0.4,0.6)","[0.8,1.0]","[0.4,0.6)"
R-SIM_all,2425,7.30102999566398,34,NCC1OC(OC2C(CO)OC(OC3C(O)C(N)CC(N)C3OC3OC(CN)C(O)C(O)C3N)C2O)C(N)C(O)C1O,C1CCC(OC2COC(OC3CCCCC3OC3CCCCO3)C2)OC1,0.5,1duh,1.0,1ei2,False,True,0.47058823529411764,3c44,0.47058823529411764,0.9761904761904762,"[0.4,0.6)","[0.8,1.0]","[0.4,0.6)"
R-SIM_all,912,4.79588001734408,14,N[C@@H]1C[C@H](N)[C@@H](O)[C@H](O)[C@H]1OCc1ccc(CCc2ccc(CO[C@@H]3[C@@H](O)[C@H](O)[C@@H](N)C[C@@H]3N)cc2)cc1,c1cc(COC2CCCCC2)ccc1CCc1ccc(COC2CCCCC2)cc1,0.5714285714285714,5v1l,0.3541666666666667,2et8,False,False,0.3541666666666667,2et8,0.47619047619047616,0.3541666666666667,"[0.4,0.6)","[0.0,0.4)","[0.0,0.4)"
R-SIM_all,1773,7.744727494896691,40,NC[C@@H]1O[C@H](O[C@H]2[C@@H](O)[C@H](O[C@H]3O[C@@H](CNc4c5ccccc5nc5ccccc45)[C@H](O)[C@@H](N)[C@@H]3O)[C@@H](N)C[C@H]2N)[C@H](N)C[C@@H]1O,c1ccc2c(NCC3CCCC(OC4CCCC(OC5CCCCO5)C4)O3)c3ccccc3nc2c1,0.65,1tob,0.5873015873015873,1lc4,False,False,0.42500000000000004,1lc4,0.42500000000000004,0.5873015873015873,"[0.6,0.8)","[0.4,0.6)","[0.4,0.6)"
R-SIM_all,1813,8.86012091359876,62,NCCCC(=O)NCCCN1Cc2ccc3ccc(nc3n2)NC(=O)OCC/C=C/CCOC(=O)Nc2ccc3ccc(nc3n2)C1,O=C1Nc2ccc3ccc(nc3n2)CNCc2ccc3ccc(nc3n2)NC(=O)OCCC=CCCO1,0.5365853658536586,12ci,0.5,6qiq,False,False,0.1927710843373494,6izp,0.4193548387096774,0.1927710843373494,"[0.4,0.6)","[0.4,0.6)","[0.0,0.4)"
R-SIM_all,271,2.30102999566398,29,CSCC[C@H](O)NCCCN1c2ccccc2Sc2ccc(C(C)=O)cc21,c1ccc2c(c1)Nc1ccccc1S2,1.0,1arj,0.5833333333333334,1lvj,False,True,0.5833333333333334,1lvj,0.935483870967742,0.5833333333333334,"[0.8,1.0]","[0.4,0.6)","[0.4,0.6)"
R-SIM_all,691,3.2403321553103703,29,CC(C)(C)c1ccc(Cn2c(C3CCNCC3)nc3cc(Cl)c(Cl)cc32)cc1,c1ccc(Cn2c(C3CCNCC3)nc3ccccc32)cc1,0.9310344827586207,1byj,0.20588235294117646,2lwk,False,False,0.20588235294117646,2lwk,0.5625,0.20588235294117646,"[0.8,1.0]","[0.0,0.4)","[0.0,0.4)"
R-SIM_all,668,3.0,29,CC(=O)N1CCC(c2nc3ccc([N+](=O)[O-])cc3[nH]2)CC1,c1ccc2[nH]c(C3CCNCC3)nc2c1,0.9310344827586207,1byj,0.18181818181818182,2ktz,False,False,0.18181818181818182,2ktz,0.5263157894736843,0.18181818181818182,"[0.8,1.0]","[0.0,0.4)","[0.0,0.4)"
R-SIM_all,1108,3.69897000433602,32,Nc1nc(N)[nH+]c(NCCCCNC(=[NH2+])c2ccc(C(=[NH2+])NCCCCNc3nc(N)nc(N)[nH+]3)cc2)n1,[NH2+]=C(NCCCCNc1ncnc[nH+]1)c1ccc(C(=[NH2+])NCCCCNc2ncnc[nH+]2)cc1,0.5,1arj,0.23076923076923078,1uud,False,False,0.23076923076923078,1uud,0.5,0.23076923076923078,"[0.4,0.6)","[0.0,0.4)","[0.0,0.4)"
R-SIM_all,822,4.69897000433602,41,CNC1C(OC2OC(CO)C(N)C(O)C2O)OC2CC(N)C(OC3C(N)CC(N)C(O)C3O)OC2C1O,C1CCC(OC2CCC3OC(OC4CCCCO4)CCC3O2)CC1,0.5853658536585367,1eht,1.0,1yrj,False,True,0.46341463414634143,2m4q,0.46341463414634143,1.0,"[0.4,0.6)","[0.8,1.0]","[0.4,0.6)"
R-SIM_all,1594,4.46852108295774,43,CCNC1CC(N)C(OC2OC(CN)=CCC2N)C(O)C1OC1OCC(C)(O)C(NC)C1O,C1=COC(OC2CCCC(OC3CCCCO3)C2)CC1,0.5,4ts2,0.8387096774193549,4f8u,False,True,0.41860465116279066,4k32,0.41860465116279066,0.47368421052631576,"[0.4,0.6)","[0.8,1.0]","[0.4,0.6)"
R-SIM_all,2431,7.30102999566398,34,NCC1OC(OC2C(CO)OC(OC3C(O)C(N)CC(N)C3OC3OC(CO)C(O)C(O)C3N)C2O)C(N)C(O)C1O,C1CCC(OC2COC(OC3CCCCC3OC3CCCCO3)C2)OC1,0.5,1duh,1.0,1fyp,False,True,0.47058823529411764,3c44,0.47058823529411764,1.0,"[0.4,0.6)","[0.8,1.0]","[0.4,0.6)"
R-SIM_all,1815,8.59345981956604,62,NCCCC(=O)NCCCN1Cc2ccc3ccc(nc3n2)NC(=O)OCC/C=C/CCOC(=O)Nc2ccc3ccc(nc3n2)C1,O=C1Nc2ccc3ccc(nc3n2)CNCc2ccc3ccc(nc3n2)NC(=O)OCCC=CCCO1,0.5365853658536586,12ci,0.5,6qiq,False,False,0.1927710843373494,6izp,0.4193548387096774,0.1927710843373494,"[0.4,0.6)","[0.4,0.6)","[0.0,0.4)"
R-SIM_all,990,3.78781239559604,118,Cc1cccn2c(=O)c3cc(C(=O)N[C@@H](C)c4ccccc4)c(=N)n(CCOCCO)c3nc12,N=c1[nH]c2nc3ccccn3c(=O)c2cc1C(=O)NCc1ccccc1,0.5084745762711864,3gx7,0.2079207920792079,6dn2,False,False,0.2079207920792079,6dn2,0.3813559322033898,0.2079207920792079,"[0.4,0.6)","[0.0,0.4)","[0.0,0.4)"
R-SIM_all,1332,5.52287874528034,29,COc1ccc(NCC(O)Cn2c3ccc(Br)cc3c3cc(Br)ccc32)c(OC)c1,c1ccc(NCCCn2c3ccccc3c3ccccc32)cc1,0.5588235294117647,1nbk,0.2191780821917808,1uud,False,False,0.2191780821917808,1uud,0.4482758620689655,0.2191780821917808,"[0.4,0.6)","[0.0,0.4)","[0.0,0.4)"
R-SIM_all,1219,5.337242168318429,45,O=C(Nc1ccc(NC(=O)c2ccc(F)cc2)nc1)c1ccncc1,O=C(Nc1ccc(NC(=O)c2ccccc2)nc1)c1ccncc1,0.5686274509803921,4enb,0.1746031746031746,6izp,False,False,0.1746031746031746,6izp,0.4,0.1746031746031746,"[0.4,0.6)","[0.0,0.4)","[0.0,0.4)"
R-SIM_all,862,6.18708664335714,29,NCC1OC(OC2C(CO)OC(OC3C(O)C(N)CC(N)C3OC3OC(CN)C(O)C(O)C3N)C2O)C(N)C(O)C1O,C1CCC(OC2COC(OC3CCCCC3OC3CCCCO3)C2)OC1,0.6206896551724138,1fyp,1.0,1ei2,False,True,0.6206896551724138,1fyp,0.6206896551724138,0.9761904761904762,"[0.6,0.8)","[0.8,1.0]","[0.6,0.8)"
R-SIM_all,1036,5.0,18,CCc1nc2ccccc2cc1C(=O)N[C@@H](CC(N)=O)C(=O)N[C@H](CSSC[C@H](NC(=O)[C@@H]1CCCN1C(=O)c1cc2ccccc2nc1CC)C(=O)N[C@H](CCCCN)C(=O)NCCCN)C(=O)N[C@@H](CCCCN)C(=O)NCCCN,O=C(CNC(=O)c1cnc2ccccc2c1)NCCSSCCNC(=O)C1CCCN1C(=O)c1cnc2ccccc2c1,0.5555555555555556,1zz5,0.17647058823529413,6dn1,False,False,0.17647058823529413,6dn1,0.2777777777777778,0.17647058823529413,"[0.4,0.6)","[0.0,0.4)","[0.0,0.4)"
R-SIM_all,685,3.93181413825384,29,Fc1c(F)c(C(F)(F)F)c(F)c(F)c1Cn1c(C2CCNCC2)nc2cc(Cl)c(Cl)cc21,c1ccc(Cn2c(C3CCNCC3)nc3ccccc32)cc1,0.9310344827586207,1byj,0.19230769230769232,3f4g,False,False,0.19230769230769232,3f4g,0.4107142857142857,0.19230769230769232,"[0.8,1.0]","[0.0,0.4)","[0.0,0.4)"
R-SIM_all,98,7.06048074738138,31,CC1=C2N=C(C=C3N=C(C(C)=C4[N-]C(C(CC(N)=O)C4(C)CCC(=O)NCC(C)OP(=O)([O-])OC4C(CO)OC(n5cnc6cc(C)c(C)cc65)C4O)C4(C)N=C1C(CCC(N)=O)C4(C)CC(N)=O)C(CCC(N)=O)C3(C)C)C(CCC(N)=O)C2(C)CC(N)=O.[C-]#N.[Co+3],O=C(CCC1CC2[N-]C1=CC1=NC(=CC3=NC(=CC4=NC2CC4)CC3)CC1)NCCO[PH](=O)OC1COC(n2cnc3ccccc32)C1,0.8571428571428572,1ddy,0.546583850931677,1et4,False,False,0.546583850931677,1et4,0.8571428571428572,0.546583850931677,"[0.8,1.0]","[0.4,0.6)","[0.4,0.6)"
R-SIM_all,1044,5.19382002601611,18,CCc1nc2ccccc2cc1C(=O)N[C@@H](CC(N)=O)C(=O)N[C@H](CSSC[C@H](NC(=O)[C@@H]1CCCN1C(=O)c1cc2ccccc2nc1CC)C(=O)N[C@H](CCCCN)C(=O)NCCCN)C(=O)N[C@@H](CCCCN)C(=O)NCCCN,O=C(CNC(=O)c1cnc2ccccc2c1)NCCSSCCNC(=O)C1CCCN1C(=O)c1cnc2ccccc2c1,0.6111111111111112,3b5f,0.17647058823529413,6dn1,False,False,0.17647058823529413,6dn1,0.2777777777777778,0.17647058823529413,"[0.6,0.8)","[0.0,0.4)","[0.0,0.4)"
R-SIM_all,1069,5.397940008672039,36,CCCN(CC(=O)N(CCC)CC(=O)N(CC(N)=O)Cc1cn(CCCNC(=[NH2+])c2ccc(-c3ccc(-c4ccc(C(N)=[NH2+])cc4)o3)cc2)nn1)C(=O)CNCc1cn(CCCNC(=[NH2+])c2ccc(-c3ccc(-c4ccc(C(N)=[NH2+])cc4)o3)cc2)nn1,[NH2+]=C(NCCCn1cc(CNCC(=O)NCC(=O)NCC(=O)NCc2cn(CCCNC(=[NH2+])c3ccc(-c4ccc(-c5ccccc5)o4)cc3)nn2)nn1)c1ccc(-c2ccc(-c3ccccc3)o2)cc1,0.6111111111111112,6az4,0.19,1uud,False,False,0.19,1uud,0.5555555555555556,0.19,"[0.6,0.8)","[0.0,0.4)","[0.0,0.4)"
R-SIM_all,1061,5.92081875395238,40,CCCN(CC(=O)N(CCC)CC(=O)N(CC(N)=O)Cc1cn(CCCNC(=O)CCCOc2c(C(C)(C)C)cc(-c3nc4cc(N5CC[NH+](C)CC5)ccc4[nH]3)cc2C(C)(C)C)nn1)C(=O)CCCOc1cccc(-c2nc3cc(-c4nc5cc(N6CC[NH+](C)CC6)ccc5[nH]4)ccc3[nH]2)c1,O=C(CCCOc1ccc(-c2nc3cc(N4CC[NH2+]CC4)ccc3[nH]2)cc1)NCCCn1cc(CNC(=O)CNC(=O)CNC(=O)CCCOc2cccc(-c3nc4cc(-c5nc6cc(N7CC[NH2+]CC7)ccc6[nH]5)ccc4[nH]3)c2)nn1,0.525,1fmn,0.21481481481481482,3mij,False,False,0.21481481481481482,3mij,0.275,0.21481481481481482,"[0.4,0.6)","[0.0,0.4)","[0.0,0.4)"
R-SIM_all,1259,3.8955128886876,32,COc1cc2[nH+]c(N3CCN(C(=O)C4CC4)CC3)nc(N)c2cc1OC,O=C(C1CC1)N1CCN(c2ncc3ccccc3[nH+]2)CC1,1.0,2lwk,0.3548387096774194,2lwk,False,False,0.3548387096774194,2lwk,1.0,0.3548387096774194,"[0.8,1.0]","[0.0,0.4)","[0.0,0.4)"
R-SIM_all,1597,4.0268721464003,43,CNC1C(O)C(OC2C(N)CC(N)C(OC3OC(C(C)O)C(O)C(O)C3N)C2O)OCC1(C)O,C1CCC(OC2CCCC(OC3CCCCO3)C2)OC1,0.5,4ts2,1.0,1mwl,False,True,0.41860465116279066,4k32,0.41860465116279066,1.0,"[0.4,0.6)","[0.8,1.0]","[0.4,0.6)"
R-SIM_all,1381,2.13076828026902,67,NCC1OC(OC2C(CO)OC(OC3C(O)C(N)CC(N)C3OC3OC(CN)C(O)C(O)C3N)C2O)C(N)C(O)C1O,C1CCC(OC2COC(OC3CCCCC3OC3CCCCO3)C2)OC1,0.5074626865671642,2kx8,1.0,1ei2,False,True,0.4864864864864865,1i9v,0.4864864864864865,1.0,"[0.4,0.6)","[0.8,1.0]","[0.4,0.6)"
R-SIM_all,1261,6.03245202378114,18,CCN(CC)CCOc1ccc(Nc2nc(-c3ccccc3NC(=O)CCN3CCN(C)CC3)nc3ccccc23)cc1,O=C(CCN1CCNCC1)Nc1ccccc1-c1nc(Nc2ccccc2)c2ccccc2n1,0.5806451612903225,5v3f,0.2653061224489796,3mij,False,False,0.2653061224489796,3mij,0.4444444444444444,0.2653061224489796,"[0.4,0.6)","[0.0,0.4)","[0.0,0.4)"
R-SIM_all,2084,5.455931955649719,17,N[C@@H]1C[C@@H](N)[C@@H](OCCCc2cn(Cc3cccc(Cn4cc(CCCO[C@@H]5[C@H](O)[C@H](O)[C@@H](N)C[C@H]5N)nn4)n3)nn2)[C@H](O)[C@H]1O,c1cc(Cn2cc(CCCOC3CCCCC3)nn2)nc(Cn2cc(CCCOC3CCCCC3)nn2)c1,0.6470588235294117,5v1l,0.26153846153846155,2et8,False,False,0.26153846153846155,2et8,0.5714285714285714,0.26153846153846155,"[0.6,0.8)","[0.0,0.4)","[0.0,0.4)"
R-SIM_all,107,4.82390874094432,29,CC1OC(OC2C(O)C(O)C(O)C(O)C2O)C(N)CC1N=C(N)C(=O)O,C1CCC(OC2CCCCO2)CC1,0.9310344827586207,1byj,0.2982456140350877,2et8,False,True,0.2982456140350877,2et8,0.7241379310344828,0.2982456140350877,"[0.8,1.0]","[0.0,0.4)","[0.0,0.4)"
R-SIM_all,204,4.85387196432176,30,CNC1C(OC2C(OC(=O)c3c(O)ccc4c(C)cc(OC)cc34)C=C3C#CC4(C5COC(=O)O5)OC4C#CCC32)OC(C)C(O)C1O,O=C1OCC(C23C#CC4=CC(OC(=O)c5cccc6ccccc56)C(OC5CCCCO5)C4CC#CC2O3)O1,1.0,1aju,0.17557251908396945,1nta,False,False,0.17557251908396945,1nta,0.5666666666666667,0.17557251908396945,"[0.8,1.0]","[0.0,0.4)","[0.0,0.4)"
R-SIM_all,2358,3.3555614105321605,29,N[C@@H]1C[C@H](N)[C@@H](O)[C@H](O)[C@H]1OCn1nccc1C(F)(F)F,c1cnn(COC2CCCCC2)c1,0.9310344827586207,1byj,0.3387096774193548,2o3v,False,False,0.3387096774193548,2o3v,0.5862068965517242,0.3387096774193548,"[0.8,1.0]","[0.0,0.4)","[0.0,0.4)"
R-SIM_all,2171,4.721246399047169,24,NC[C@@H]1O[C@H](O[C@H]2[C@@H](O)[C@H](O[C@H]3O[C@@H](CNc4c5ccccc5nc5ccccc45)[C@H](O)[C@@H](N)[C@@H]3O)[C@@H](N)C[C@H]2N)[C@H](N)C[C@@H]1O,c1ccc2c(NCC3CCCC(OC4CCCC(OC5CCCCO5)C4)O3)c3ccccc3nc2c1,0.5555555555555556,1xst,0.5873015873015873,1lc4,False,False,0.41666666666666663,1lc4,0.41666666666666663,0.5873015873015873,"[0.4,0.6)","[0.4,0.6)","[0.4,0.6)"
R-SIM_all,620,4.619788758288389,29,NCCCCNCCO[C@@H]1[C@H](O)[C@H](O[C@@H]2O[C@H](CN)[C@H](O)[C@@H](O)[C@@H]2N)[C@H](N)C[C@H]1NC(=O)Cc1cccc(N)c1,O=C(Cc1ccccc1)NC1CCC(OC2CCCCO2)CC1,0.9310344827586207,1byj,0.6049382716049383,2f4t,False,False,0.6049382716049383,2f4t,0.7241379310344828,0.6049382716049383,"[0.8,1.0]","[0.6,0.8)","[0.6,0.8)"
R-SIM_all,2112,7.30102999566398,36,CN(C)c1ccc2c(-c3ccccc3)c3ccc(=[N+](C)C)cc-3oc2c1,[N+]=c1ccc2c(-c3ccccc3)c3ccccc3oc-2c1,1.0,1raw,1.0,1f1t,True,True,0.5833333333333333,6gzk,0.5833333333333333,0.6363636363636364,"[0.8,1.0]","[0.8,1.0]","[0.4,0.6)"
R-SIM_all,1591,4.85387196432176,43,NCCC(O)C(=O)NC1CC(N)C(OC2OC(CN)C(O)C(O)C2O)C(O)C1OC1OC(CO)C(O)C(N)C1O,C1CCC(OC2CCCC(OC3CCCCO3)C2)OC1,0.5,4ts2,1.0,4p20,False,True,0.4883720930232558,2kxm,0.4883720930232558,0.49230769230769234,"[0.4,0.6)","[0.8,1.0]","[0.4,0.6)"
R-SIM_all,99,4.70553377383841,31,C/C1=C2/[N-]C([C@H](CC(N)=O)[C@@]2(C)CCC(=O)NCC(C)O)[C@]2(C)N=C(/C(C)=C3N=C(/C=C4N=C1[C@@H](CCC(N)=O)C\4(C)C)[C@@H](CCC(N)=O)[C@]\3(C)CC(N)=O)[C@@H](CCC(N)=O)[C@]2(C)CC(N)=O.[C-]#N.[C-]#N.[Co],C1=C2CCC(=N2)C=C2CCC([N-]2)C2CCC(=N2)C=C2CCC1=N2,0.8571428571428572,1ddy,0.31446540880503143,1et4,False,False,0.31446540880503143,1et4,0.8571428571428572,0.31446540880503143,"[0.8,1.0]","[0.0,0.4)","[0.0,0.4)"
R-SIM_all,2184,5.769551078621731,24,NCC1OC(OC2C(N)CC(N)C(OC3OC(CN)C(OC4OC(CO)C(O)C(O)C4N)C(N)C3O)C2O)C(N)CC1O,C1CCC(OC2CCC(OC3CCCC(OC4CCCCO4)C3)OC2)OC1,0.5555555555555556,1xst,0.8297872340425532,1lc4,False,False,0.45833333333333337,2fcx,0.45833333333333337,0.6122448979591837,"[0.4,0.6)","[0.8,1.0]","[0.4,0.6)"
R-SIM_all,957,5.89619627904404,118,CCc1cc(C(=O)N[C@@H](CCCC[C@H](NC(=O)c2cc3ccccc3nc2CC)C(=O)N2CCC[C@H]2C(=O)N[C@@H](Cc2ccccc2)C(=O)NCCCN)C(=O)N2CCC[C@@H]2C(=O)N[C@H](Cc2ccccc2)C(=O)NCCCN)c2ccccc2n1,O=C(NC(CCCCC(NC(=O)c1ccnc2ccccc12)C(=O)N1CCCC1C(=O)NCCc1ccccc1)C(=O)N1CCCC1C(=O)NCCc1ccccc1)c1cnc2ccccc2c1,0.5084745762711864,3gx7,0.175,6dn2,False,False,0.175,6dn2,0.3813559322033898,0.175,"[0.4,0.6)","[0.0,0.4)","[0.0,0.4)"
R-SIM_all,2122,5.337242168318429,38,CN(C)c1ccc2c(-c3ccccc3)c3ccc(=[N+](C)C)cc-3oc2c1,[N+]=c1ccc2c(-c3ccccc3)c3ccccc3oc-2c1,0.868421052631579,1q8n,1.0,1f1t,True,True,0.8421052631578947,1f1t,0.8421052631578947,1.0,"[0.8,1.0]","[0.8,1.0]","[0.8,1.0]"
R-SIM_all,1350,5.49485002168009,29,CCOc1ccc(NCC(O)Cn2c3ccc(Cl)cc3c3cc(Cl)ccc32)cc1,c1ccc(NCCCn2c3ccccc3c3ccccc32)cc1,0.5588235294117647,1nbk,0.1728395061728395,1uui,False,False,0.1728395061728395,1uui,0.4482758620689655,0.1728395061728395,"[0.4,0.6)","[0.0,0.4)","[0.0,0.4)"
R-SIM_all,792,4.420216403383191,29,NC[C@@H]1O[C@H](O[C@H]2[C@@H](O)[C@H](O[C@H]3O[C@@H](CNc4c5ccccc5nc5ccccc45)[C@H](O)[C@@H](N)[C@@H]3O)[C@@H](N)C[C@H]2N)[C@H](N)C[C@@H]1O,c1ccc2c(NCC3CCCC(OC4CCCC(OC5CCCCO5)C4)O3)c3ccccc3nc2c1,0.6388888888888888,1raw,0.5873015873015873,1lc4,False,False,0.48275862068965514,1lc4,0.48275862068965514,0.5873015873015873,"[0.6,0.8)","[0.4,0.6)","[0.4,0.6)"
R-SIM_all,287,4.76955107862173,29,CN(C)CCCOc1ccc2nc(N)n(CCCN(C)C)c2c1,c1ccc2[nH]cnc2c1,0.6111111111111112,6e82,0.4262295081967213,2ktz,False,False,0.4262295081967213,2ktz,0.5263157894736843,0.4262295081967213,"[0.6,0.8)","[0.4,0.6)","[0.4,0.6)"
R-SIM_all,254,3.7447274948966895,29,CC(=O)c1ccc2c(c1)N(CCCN1CCC[C@@H](CO)C1)c1ccccc1S2,c1ccc2c(c1)Sc1ccccc1N2CCCN1CCCCC1,1.0,1arj,0.5737704918032787,1lvj,False,False,0.5737704918032787,1lvj,0.935483870967742,0.5737704918032787,"[0.8,1.0]","[0.4,0.6)","[0.4,0.6)"
R-SIM_all,415,5.86966623150499,94,C[S+](CCC(N)C(=O)[O-])CC1OC(n2cnc3c(N)ncnc32)C(O)C1O,c1ncc2ncn(C3CCCO3)c2n1,1.0,2gis,1.0,2gis,False,True,1.0,2gis,1.0,1.0,"[0.8,1.0]","[0.8,1.0]","[0.8,1.0]"
R-SIM_all,1372,6.0,29,CCOc1ccc(NCC(O)Cn2c3cc(Br)ccc3c3ccc(Br)cc32)cc1,c1ccc(NCCCn2c3ccccc3c3ccccc32)cc1,0.5588235294117647,1nbk,0.1728395061728395,1uui,False,False,0.1728395061728395,1uui,0.4482758620689655,0.1728395061728395,"[0.4,0.6)","[0.0,0.4)","[0.0,0.4)"
R-SIM_all,285,4.60205999132796,14,N[C@@H]1C[C@@H](N)[C@@H](OCCCc2cn(Cc3cccc(Cn4cc(CCCO[C@@H]5[C@H](O)[C@H](O)[C@@H](N)C[C@H]5N)nn4)c3)nn2)[C@H](O)[C@H]1O,c1cc(Cn2cc(CCCOC3CCCCC3)nn2)cc(Cn2cc(CCCOC3CCCCC3)nn2)c1,0.5714285714285714,5v1l,0.27586206896551724,3s4p,False,False,0.27586206896551724,3s4p,0.47619047619047616,0.27586206896551724,"[0.4,0.6)","[0.0,0.4)","[0.0,0.4)"
R-SIM_all,1839,5.95860731484177,47,C(=NNC1=NCCN1)c1c2ccccc2c(C=NNC2=NCCN2)c2ccccc12,C(=NNC1=NCCN1)c1c2ccccc2c(C=NNC2=NCCN2)c2ccccc12,0.5357142857142857,3f4g,0.15789473684210525,6e1v,False,False,0.15789473684210525,6e1v,0.4042553191489362,0.15789473684210525,"[0.4,0.6)","[0.0,0.4)","[0.0,0.4)"
R-SIM_all,2199,5.022276394711151,48,NCC1OC(OC2C(N)CC(N)C(OC3OC(CN)C(OC4OC(CO)C(O)C(O)C4N)C(N)C3O)C2O)C(N)CC1O,C1CCC(OC2CCC(OC3CCCC(OC4CCCCO4)C3)OC2)OC1,0.5625,6e8u,0.8297872340425532,1lc4,False,False,0.44594594594594594,1i9v,0.44594594594594594,0.6226415094339622,"[0.4,0.6)","[0.8,1.0]","[0.4,0.6)"
R-SIM_all,820,5.82390874094432,41,NCC1OC(OC2C(CO)OC(OC3C(O)C(N)CC(N)C3OC3OC(CN)C(O)C(O)C3N)C2O)C(N)C(O)C1O,C1CCC(OC2COC(OC3CCCCC3OC3CCCCO3)C2)OC1,0.5853658536585367,1eht,1.0,1ei2,False,True,0.4878048780487805,1ei2,0.4878048780487805,1.0,"[0.4,0.6)","[0.8,1.0]","[0.4,0.6)"
R-SIM_all,226,7.221848749616361,29,NCC1OC(OC2C(CO)OC(OC3C(O)C(N)CC(N)C3OC3OC(CN)C(O)C(O)C3N)C2O)C(N)C(O)C1O,C1CCC(OC2COC(OC3CCCCC3OC3CCCCO3)C2)OC1,0.9310344827586207,1byj,1.0,1ei2,False,True,0.896551724137931,1fyp,0.896551724137931,0.9761904761904762,"[0.8,1.0]","[0.8,1.0]","[0.8,1.0]"
R-SIM_all,1159,8.180456064458129,112,CNc1ncc(CN2CCC[C@H](c3nc(-c4cccs4)cc(=O)[nH]3)C2)cn1,O=c1cc(-c2cccs2)nc(C2CCCN(Cc3cncnc3)C2)[nH]1,0.9553571428571429,3f2q,0.6764705882352942,5c45,False,False,0.4821428571428571,5c45,0.4821428571428571,0.6764705882352942,"[0.8,1.0]","[0.6,0.8)","[0.4,0.6)"
R-SIM_all,291,6.585026652029179,1542,CNC1C(O)C(NC)C2OC3(O)C(=O)CC(C)OC3OC2C1O,O=C1CCOC2OC3CCCCC3OC12,0.25616083009079116,4faq,0.22641509433962265,1byj,False,False,0.11154345006485089,3dir,0.11154345006485089,0.11627906976744186,"[0.0,0.4)","[0.0,0.4)","[0.0,0.4)"
R-SIM_all,1910,6.52287874528034,21,Cc1cccc(-c2nnc(-c3nc(NCCN4CCOCC4)c4ccccc4n3)o2)c1,c1ccc(-c2nnc(-c3nc(NCCN4CCOCC4)c4ccccc4n3)o2)cc1,0.5238095238095238,1zz5,0.18085106382978725,3mij,False,False,0.18085106382978725,3mij,0.38095238095238093,0.18085106382978725,"[0.4,0.6)","[0.0,0.4)","[0.0,0.4)"
R-SIM_all,201,6.78251605578609,1542,CC(C)CC(NC(=O)C(CCC(N)=O)NC(=O)C1CCCN1C(=O)C(N)CCCCN)C(=O)NC(Cc1c[nH]c2ccccc12)C(=O)N1CCCC1C(=O)O,O=C(CNC(=O)C1CCCN1)NCC(=O)NC(Cc1c[nH]c2ccccc12)C(=O)N1CCCC1,0.25616083009079116,4faq,0.2608695652173913,5kpy,False,False,0.10440985732814523,3d0u,0.10440985732814523,0.14606741573033707,"[0.0,0.4)","[0.0,0.4)","[0.0,0.4)"
R-SIM_all,2133,5.92081875395238,38,CN(C)c1ccc2c(-c3ccccc3)c3ccc(=[N+](C)C)cc-3oc2c1,[N+]=c1ccc2c(-c3ccccc3)c3ccccc3oc-2c1,0.868421052631579,1q8n,1.0,1f1t,True,True,0.8421052631578947,1f1t,0.8421052631578947,1.0,"[0.8,1.0]","[0.8,1.0]","[0.8,1.0]"
R-SIM_all,2398,6.06048074738138,12,,,0.5833333333333333,5ux3,0.0,12ci,False,False,0.0,12ci,0.14634146341463417,0.0,"[0.4,0.6)","[0.0,0.4)","[0.0,0.4)"
R-SIM_all,1561,5.397940008672039,36,CCCN(CC(=O)N(CCC)CC(=O)N(CC(N)=O)Cc1cn(CCCNC(=N)c2ccc(-c3ccc(-c4ccc(C(=N)N)cc4)o3)cc2)nn1)C(=O)CNCc1cn(CCCNC(=N)c2ccc(-c3ccc(-c4ccc(C(=N)N)cc4)o3)cc2)nn1,N=C(NCCCn1cc(CNCC(=O)NCC(=O)NCC(=O)NCc2cn(CCCNC(=N)c3ccc(-c4ccc(-c5ccccc5)o4)cc3)nn2)nn1)c1ccc(-c2ccc(-c3ccccc3)o2)cc1,0.6111111111111112,6az4,0.1782178217821782,1uud,False,False,0.1782178217821782,1uud,0.5555555555555556,0.1782178217821782,"[0.6,0.8)","[0.0,0.4)","[0.0,0.4)"
R-SIM_all,206,4.85387196432176,30,N[C@@H]1[C@@H](O[C@@H]2O[C@H]3C(=O)c4cc5ccccc5cc4[C@@H]3[C@@]23C(=O)C=Cc2ccccc23)O[C@H](CO)[C@H](O)[C@H]1O,O=C1c2cc3ccccc3cc2C2C1OC(OC1CCCCO1)C21C(=O)C=Cc2ccccc21,1.0,1aju,0.28865979381443296,3s4p,False,False,0.28865979381443296,3s4p,0.4666666666666667,0.28865979381443296,"[0.8,1.0]","[0.0,0.4)","[0.0,0.4)"
R-SIM_all,1058,5.602059991327961,185,[NH3+]CCCC[C@H]([NH3+])C(=O)Nc1ccc2c(c1)C1c3cc(NC(=O)[C@@H]([NH3+])CCCC[NH3+])ccc3C2c2ccc(NC(=O)[C@@H]([NH3+])CCCC[NH3+])cc21,c1ccc2c(c1)C1c3ccccc3C2c2ccccc21,0.5027027027027027,2gcv,0.3181818181818182,3d0u,False,False,0.3181818181818182,3d0u,0.4540540540540541,0.3181818181818182,"[0.4,0.6)","[0.0,0.4)","[0.0,0.4)"
R-SIM_all,1252,4.75696195131371,29,CC(=O)Nc1nc(-c2cccc(NC(=O)[C@@H]([NH3+])Cc3c[nH]cn3)c2)cs1,O=C(CCc1c[nH]cn1)Nc1cccc(-c2cscn2)c1,1.0,1arj,0.25842696629213485,3mij,False,False,0.25842696629213485,3mij,0.31034482758620685,0.25842696629213485,"[0.8,1.0]","[0.0,0.4)","[0.0,0.4)"
R-SIM_all,1400,4.39254497678533,67,CC(=O)Nc1nc(-c2cccc(NC(=O)c3cccc(-c4cn(CC5OC(OC6C(O)C(N)CC(N)C6OC6OC(CN)C(O)C(O)C6N)C(O)C5OC5OC(CN)C(O)C(O)C5N)nn4)c3)c2)cs1,O=C(Nc1cccc(-c2cscn2)c1)c1cccc(-c2cn(CC3OC(OC4CCCCC4OC4CCCCO4)CC3OC3CCCCO3)nn2)c1,0.5074626865671642,2kx8,0.39361702127659576,1ei2,False,False,0.39361702127659576,1i9v,0.4864864864864865,0.39361702127659576,"[0.4,0.6)","[0.0,0.4)","[0.0,0.4)"
R-SIM_all,290,7.22914798835786,2897,CC[C@H]1NC(=O)[C@@H](NC(=O)c2ncccc2O)[C@@H](C)OC(=O)[C@H](c2ccccc2)NC(=O)[C@@H]2CC(=O)CCN2C(=O)[C@H](Cc2ccc(N(C)C)cc2)N(C)C(=O)[C@@H]2CCCN2C1=O,O=C1CCN2C(=O)C(Cc3ccccc3)NC(=O)C3CCCN3C(=O)CNC(=O)C(NC(=O)c3ccccn3)COC(=O)C(c3ccccc3)NC(=O)C2C1,0.13669313082499135,4faq,0.16030534351145037,5c45,False,False,0.06627545736969276,4gma,0.06627545736969276,0.0779816513761468,"[0.0,0.4)","[0.0,0.4)","[0.0,0.4)"
R-SIM_all,1806,4.58502665202918,29,NCCNc1ccc2cccnc2n1,c1cnc2ncccc2c1,0.9310344827586207,1byj,0.2545454545454545,6izp,False,False,0.2545454545454545,6izp,0.48275862068965514,0.2545454545454545,"[0.8,1.0]","[0.0,0.4)","[0.0,0.4)"
R-SIM_all,274,2.30102999566398,29,Clc1ccc2c(c1)N(CCN1CCCC1)c1ccccc1S2,c1ccc2c(c1)Sc1ccccc1N2CCN1CCCC1,1.0,1arj,0.38596491228070173,1lvj,False,False,0.38596491228070173,1lvj,0.935483870967742,0.38596491228070173,"[0.8,1.0]","[0.0,0.4)","[0.0,0.4)"
R-SIM_all,154,3.75696195131371,29,N=C(N)SCc1nc2c(n1CCC1=C=C=C=C=C1)C=C=C=C2,C1=C=C=C(CCn2cnc3c2C=C=C=C3)C=C=1,0.9310344827586207,1byj,0.13253012048192772,3tzr,False,False,0.13253012048192772,3tzr,0.3793103448275862,0.13253012048192772,"[0.8,1.0]","[0.0,0.4)","[0.0,0.4)"
R-SIM_all,1881,6.769551078621731,161,CC(C)c1ccc2nc3ccc(C(=O)NCCN(C)C)cn3c(=O)c2c1,O=c1c2ccccc2nc2ccccn12,0.49689440993788825,4gxy,0.22077922077922077,1lvj,False,False,0.18478260869565216,6dn2,0.24844720496894412,0.18478260869565216,"[0.4,0.6)","[0.0,0.4)","[0.0,0.4)"
R-SIM_all,1171,8.214670164989231,108,Nc1ccc2cc3ccc(N)cc3nc2c1,c1ccc2nc3ccccc3cc2c1,0.5185185185185186,4yaz,1.0,2kd4,True,True,0.2916666666666667,2g9c,0.4537037037037037,0.2916666666666667,"[0.4,0.6)","[0.8,1.0]","[0.0,0.4)"
R-SIM_all,943,5.67778070526608,33,N=C1N[C@@H]2[C@H](CS[C@H]2CCCCC(=O)NCCOCCOCCNC(=O)CCCC[C@H]2SC[C@H]3NC(=N)N[C@@H]32)N1,N=C1NC2CSC(CCCCC(=O)NCCOCCOCCNC(=O)CCCCC3SCC4NC(=N)NC43)C2N1,0.5757575757575757,1f27,0.4642857142857143,6e8u,False,False,0.46296296296296297,1f27,0.5757575757575757,0.46296296296296297,"[0.4,0.6)","[0.4,0.6)","[0.4,0.6)"
R-SIM_all,658,3.3010299956639804,29,N[C@H]1CC[C@@H](c2nc3ccc([N+](=O)[O-])cc3[nH]2)C1,c1ccc2[nH]c(C3CCCC3)nc2c1,0.9310344827586207,1byj,0.18666666666666668,5c7w,False,False,0.18666666666666668,5c7w,0.41538461538461535,0.18666666666666668,"[0.8,1.0]","[0.0,0.4)","[0.0,0.4)"
R-SIM_all,1342,5.92081875395238,29,CCOc1ccc(NCC(O)Cn2c3ccc(Br)cc3c3cc(Br)ccc32)cc1,c1ccc(NCCCn2c3ccccc3c3ccccc32)cc1,0.5588235294117647,1nbk,0.18421052631578946,3f4g,False,False,0.18421052631578946,3f4g,0.3928571428571429,0.18421052631578946,"[0.4,0.6)","[0.0,0.4)","[0.0,0.4)"
R-SIM_all,2077,5.84466396253494,17,N[C@@H]1C[C@@H](N)[C@@H](OCCCc2cn(Cc3ccc(Cn4cc(CCCO[C@@H]5[C@H](O)[C@H](O)[C@@H](N)C[C@H]5N)nn4)cc3)nn2)[C@H](O)[C@H]1O,c1cc(Cn2cc(CCCOC3CCCCC3)nn2)ccc1Cn1cc(CCCOC2CCCCC2)nn1,0.6470588235294117,5v1l,0.27419354838709675,2et8,False,False,0.27419354838709675,2et8,0.5238095238095238,0.27419354838709675,"[0.6,0.8)","[0.0,0.4)","[0.0,0.4)"
R-SIM_all,414,6.30539480106643,100,Cc1ncc(C[n+]2csc(CCOP(=O)(O)OP(=O)([O-])O)c2C)c(N)n1,c1ncc(C[n+]2ccsc2)cn1,0.62,2cky,0.8596491228070176,2cky,False,True,0.62,2cky,0.62,0.8596491228070176,"[0.6,0.8)","[0.8,1.0]","[0.6,0.8)"
R-SIM_all,420,7.95467702121334,2897,C=C[C@@]1(C)C[C@H](OC(=O)NC(=O)c2ccc(N)nn2)[C@]2(C)[C@H](C)CC[C@@]3(C[C@H](O)C(=O)[C@@H]32)[C@@H](C)[C@H]1O,O=C(NC(=O)c1cccnn1)OC1CCCCC23CCCC1C2C(=O)CC3,0.13669313082499135,4faq,0.15306122448979592,4u6l,False,False,0.06627545736969276,4gma,0.06627545736969276,0.10215053763440861,"[0.0,0.4)","[0.0,0.4)","[0.0,0.4)"
R-SIM_all,330,6.52287874528034,29,NCCO[C@@H]1[C@@H](O[C@H]2[C@H](O)[C@@H](N)C[C@H](N)[C@@H]2O[C@@H]2O[C@H](CO)[C@@H](O)[C@H](O)[C@H]2N)OC[C@H]1O[C@@H]1O[C@H](CN)C[C@H](O)[C@H]1N,C1CCC(OC2COC(OC3CCCCC3OC3CCCCO3)C2)OC1,0.9310344827586207,1byj,0.5714285714285714,2et5,False,True,0.5714285714285714,2et5,0.7241379310344828,0.5714285714285714,"[0.8,1.0]","[0.4,0.6)","[0.4,0.6)"
R-SIM_all,1913,6.251811972993799,21,Cc1ccc(-c2nnc(-c3nc(NCc4cccc5c4OCO5)c4ccccc4n3)o2)cc1,c1ccc(-c2nnc(-c3nc(NCc4cccc5c4OCO5)c4ccccc4n3)o2)cc1,0.5238095238095238,1zz5,0.16483516483516483,3d2v,False,False,0.16483516483516483,3d2v,0.2727272727272727,0.16483516483516483,"[0.4,0.6)","[0.0,0.4)","[0.0,0.4)"
R-SIM_all,403,5.09691001300806,2897,CC1=CC(O)CC(=O)Cc2nc(co2)C(=O)N2CCC=C2C(=O)OC(C(C)C)C(C)C=CC(=O)NCC=C1,O=C1CCC=CC=CCNC(=O)C=CCCOC(=O)C2=CCCN2C(=O)c2coc(n2)C1,0.13669313082499135,4faq,0.17475728155339806,4u6l,False,False,0.06666666666666667,4e8k,0.13393165343458746,0.06666666666666667,"[0.0,0.4)","[0.0,0.4)","[0.0,0.4)"
R-SIM_all,2498,4.79588001734408,29,O=C(Cc1ccccc1)OCC1OC(=O)N[C@H]1CN1CCN(c2ccccc2)CC1,O=C(Cc1ccccc1)OCC1OC(=O)NC1CN1CCN(c2ccccc2)CC1,0.6388888888888888,1raw,0.19230769230769232,357d,False,False,0.19230769230769232,357d,0.31034482758620685,0.19230769230769232,"[0.6,0.8)","[0.0,0.4)","[0.0,0.4)"
R-SIM_all,700,3.6143937264016897,29,,,0.9310344827586207,1byj,0.0,12ci,False,False,0.0,12ci,0.3414634146341463,0.0,"[0.8,1.0]","[0.0,0.4)","[0.0,0.4)"
R-SIM_all,1890,4.38721614328026,75,,,0.8266666666666667,5btp,0.0,12ci,False,False,0.0,12ci,0.4878048780487805,0.0,"[0.8,1.0]","[0.0,0.4)","[0.0,0.4)"
R-SIM_all,1965,5.65757731917779,18,COc1cc(C=CC(=O)CC(=O)C=Cc2ccc(O)c(OC)c2)ccc1O,O=C(C=Cc1ccccc1)CC(=O)C=Cc1ccccc1,0.5909090909090908,2fcx,0.23809523809523808,12ci,False,False,0.2195121951219512,12ci,0.2195121951219512,0.23809523809523808,"[0.4,0.6)","[0.0,0.4)","[0.0,0.4)"
R-SIM_all,2447,7.15490195998574,34,NC[C@@H]1O[C@H](O[C@H]2[C@@H](O)[C@H](O[C@H]3O[C@@H](CNc4c5ccccc5nc5ccccc45)[C@H](O)[C@@H](N)[C@@H]3O)[C@@H](N)C[C@H]2N)[C@H](N)C[C@@H]1O,c1ccc2c(NCC3CCCC(OC4CCCC(OC5CCCCO5)C4)O3)c3ccccc3nc2c1,0.5,1q8n,0.5873015873015873,1lc4,False,False,0.3974358974358974,2fd0,0.47058823529411764,0.3974358974358974,"[0.4,0.6)","[0.4,0.6)","[0.0,0.4)"
R-SIM_all,319,7.69897000433602,67,Nc1nc(NO)c2[nH]cnc2n1,c1ncc2[nH]cnc2n1,1.0,3fo6,0.5135135135135135,3fo6,False,True,0.5135135135135135,3fo6,1.0,0.5135135135135135,"[0.8,1.0]","[0.4,0.6)","[0.4,0.6)"
R-SIM_all,2126,6.471083299722349,38,CN(C)c1ccc2c(-c3ccccc3)c3ccc(=[N+](C)C)cc-3oc2c1,[N+]=c1ccc2c(-c3ccccc3)c3ccccc3oc-2c1,0.8421052631578947,1q8n,1.0,1f1t,True,True,0.8157894736842105,1f1t,0.8157894736842105,1.0,"[0.8,1.0]","[0.8,1.0]","[0.8,1.0]"
R-SIM_all,151,3.63264407897398,29,O=C(NCCN1CCOCC1)C1CCN(Cc2cccc3ccccc23)CC1,O=C(NCCN1CCOCC1)C1CCN(Cc2cccc3ccccc23)CC1,0.9310344827586207,1byj,0.1744186046511628,6c63,False,False,0.1744186046511628,6c63,0.41666666666666663,0.1744186046511628,"[0.8,1.0]","[0.0,0.4)","[0.0,0.4)"
R-SIM_all,1386,4.79588001734408,67,CC(=O)Nc1cnc(-c2cccc(NC(=O)CCCc3cn(CC4OC(OC5C(O)C(N)CC(N)C5OC5OC(CN)C(O)C(O)C5N)C(O)C4OC4OC(CN)C(O)C(O)C4N)nn3)c2)s1,O=C(CCCc1cn(CC2OC(OC3CCCCC3OC3CCCCO3)CC2OC2CCCCO2)nn1)Nc1cccc(-c2nccs2)c1,0.5074626865671642,2kx8,0.3854166666666667,1ei2,False,False,0.3854166666666667,1i9v,0.4864864864864865,0.3854166666666667,"[0.4,0.6)","[0.0,0.4)","[0.0,0.4)"
R-SIM_all,2406,3.55909091793478,12,Cc1cc(N2CCN(C)CC2)n2nc(-c3ccc(Cl)cc3)nc2n1,c1ccc(-c2nc3nccc(N4CCNCC4)n3n2)cc1,0.5833333333333333,5ux3,0.2602739726027397,6hmo,False,False,0.25,6hmo,0.25,0.2602739726027397,"[0.4,0.6)","[0.0,0.4)","[0.0,0.4)"
R-SIM_all,743,8.30102999566398,165,Cc1cc2nc3c(=O)[nH]c(=O)nc-3n(CC(O)C(O)C(O)COP(=O)(O)O)c2cc1C,O=c1nc2[nH]c3ccccc3nc-2c(=O)[nH]1,0.5393939393939393,3f2q,1.0,1fmn,False,True,0.32727272727272727,3f4e,0.32727272727272727,1.0,"[0.4,0.6)","[0.8,1.0]","[0.0,0.4)"
R-SIM_all,2196,5.420216403383191,48,NCC1OC(OC2C(N)CC(N)C(OC3OC(COC4OC(CN)C(O)C(O)C4O)C(N)C(O)C3N)C2O)C(N)CC1O,C1CCC(OCC2CCCC(OC3CCCC(OC4CCCCO4)C3)O2)OC1,0.5625,6e8u,0.6,1lc4,False,False,0.44594594594594594,1i9v,0.44594594594594594,0.4915254237288136,"[0.4,0.6)","[0.6,0.8)","[0.4,0.6)"
R-SIM_all,2474,6.29242982390206,29,NCC1OC(OC2C(CO)OC(OC3C(O)C(N)CC(N)C3OC3OC(CN)C(O)C(O)C3N)C2O)C(N)C(O)C1O,C1CCC(OC2COC(OC3CCCCC3OC3CCCCO3)C2)OC1,0.6896551724137931,1fyp,1.0,1ei2,False,True,0.6896551724137931,1fyp,0.6896551724137931,0.9761904761904762,"[0.6,0.8)","[0.8,1.0]","[0.6,0.8)"
R-SIM_all,2050,6.721246399047169,29,N=C(N)NCCCCNCc1cc(-c2cc3ccccc3o2)ccc1OCCCN,c1ccc(-c2cc3ccccc3o2)cc1,1.0,1arj,0.4057971014492754,1uud,False,False,0.4057971014492754,1uud,1.0,0.4057971014492754,"[0.8,1.0]","[0.4,0.6)","[0.4,0.6)"
R-SIM_all,1063,4.69897000433602,46,CCCN(CC(=O)N(CCC)CC(=O)N(CC(N)=O)Cc1cn(CCCNC(=O)CCCOc2c(C(C)(C)C)cc(-c3nc4cc(N5CC[NH+](C)CC5)ccc4[nH]3)cc2C(C)(C)C)nn1)C(=O)CCCOc1cccc(-c2nc3cc(-c4nc5cc(N6CC[NH+](C)CC6)ccc5[nH]4)ccc3[nH]2)c1,O=C(CCCOc1ccc(-c2nc3cc(N4CC[NH2+]CC4)ccc3[nH]2)cc1)NCCCn1cc(CNC(=O)CNC(=O)CNC(=O)CCCOc2cccc(-c3nc4cc(-c5nc6cc(N7CC[NH2+]CC7)ccc6[nH]5)ccc4[nH]3)c2)nn1,0.5434782608695652,6e8s,0.21481481481481482,3mij,False,False,0.21481481481481482,3mij,0.26086956521739135,0.21481481481481482,"[0.4,0.6)","[0.0,0.4)","[0.0,0.4)"
R-SIM_all,860,5.56224943717961,29,NCC1OC(OC2C(CO)OC(OC3C(O)C(N)CC(N)C3OC3OC(CN)C(O)C(O)C3N)C2O)C(N)C(O)C1O,C1CCC(OC2COC(OC3CCCCC3OC3CCCCO3)C2)OC1,0.6896551724137931,1fyp,1.0,1ei2,False,True,0.6896551724137931,1fyp,0.6896551724137931,0.9761904761904762,"[0.6,0.8)","[0.8,1.0]","[0.6,0.8)"
R-SIM_all,673,3.29413628771608,29,Clc1ccc2nc(C3CCNCC3)[nH]c2c1,c1ccc2[nH]c(C3CCNCC3)nc2c1,0.9310344827586207,1byj,0.1864406779661017,2lwk,False,False,0.1864406779661017,2lwk,0.5625,0.1864406779661017,"[0.8,1.0]","[0.0,0.4)","[0.0,0.4)"
R-SIM_all,696,3.52143350440616,29,COC(=O)Cn1c(C2CCNCC2)nc2cc(Cl)c(Cl)cc21,c1ccc2[nH]c(C3CCNCC3)nc2c1,0.9310344827586207,1byj,0.22972972972972974,3f4g,False,False,0.22972972972972974,3f4g,0.4107142857142857,0.22972972972972974,"[0.8,1.0]","[0.0,0.4)","[0.0,0.4)"
R-SIM_all,1598,3.93930215964639,43,CNC1C(OC2C(OC3C(O)C(O)C(N=C(N)N)C(O)C3N=C(N)N)OC(C)C2(O)C=O)OC(CO)C(O)C1O,C1CCC(OC2OCCC2OC2CCCCO2)CC1,0.5,4ts2,0.676056338028169,1nta,False,True,0.37209302325581395,1nta,0.37209302325581395,0.676056338028169,"[0.4,0.6)","[0.6,0.8)","[0.0,0.4)"
R-SIM_all,713,4.59345981956604,29,O=C1OC(c2ccc(O)cc2)(c2ccc(O)cc2)c2ccccc21,O=C1OC(c2ccccc2)(c2ccccc2)c2ccccc21,1.0,1arj,0.1864406779661017,1ykv,False,False,0.1864406779661017,1ykv,0.3793103448275862,0.1864406779661017,"[0.8,1.0]","[0.0,0.4)","[0.0,0.4)"
R-SIM_all,615,5.229147988357861,29,NCCCNCCO[C@@H]1[C@@H](O)[C@H](O[C@H]2O[C@H](CN)[C@@H](O)[C@H](O)[C@H]2N)[C@@H](N)C[C@H]1NC(=O)[C@@H](O)CCN,C1CCC(OC2CCCCO2)CC1,0.9310344827586207,1byj,0.9365079365079365,2f4t,False,True,0.7241379310344828,2f4t,0.7241379310344828,0.9365079365079365,"[0.8,1.0]","[0.8,1.0]","[0.6,0.8)"
R-SIM_all,2419,7.221848749616361,34,CNC1C(O)C(OC2C(N)CC(N)C(OC3OC(CN)CCC3N)C2O)OCC1(C)O,C1CCC(OC2CCCC(OC3CCCCO3)C2)OC1,0.5227272727272727,1duh,1.0,2et3,False,True,0.47058823529411764,5z1h,0.47058823529411764,0.5757575757575758,"[0.4,0.6)","[0.8,1.0]","[0.4,0.6)"
R-SIM_all,1847,5.95860731484177,47,C[NH+](C)CCC[NH+]=C(N)c1ccc(C(N)=[NH+]CCC[NH+](C)C)cc1,c1ccccc1,0.5319148936170213,1nbk,1.0,2l94,False,True,0.44680851063829785,2l94,0.44680851063829785,1.0,"[0.4,0.6)","[0.8,1.0]","[0.4,0.6)"
R-SIM_all,1260,3.67778070526608,66,CCOC(=O)c1ccccc1NC(=O)N1CCCN(Cc2csc(C)n2)CC1,O=C(Nc1ccccc1)N1CCCN(Cc2cscn2)CC1,0.5454545454545454,4enb,0.21739130434782608,5c45,False,False,0.21739130434782608,5c45,0.43939393939393945,0.21739130434782608,"[0.4,0.6)","[0.0,0.4)","[0.0,0.4)"
R-SIM_all,1185,5.14266750356873,16,NC(=[NH2+])c1ccc(Nc2ccc(-c3cc4ccc(C(N)=[NH2+])cc4[nH]3)cc2)cc1,c1ccc(Nc2ccc(-c3cc4ccccc4[nH]3)cc2)cc1,0.6875,6jjh,0.16363636363636364,6jjh,False,False,0.16363636363636364,6jjh,0.6875,0.16363636363636364,"[0.6,0.8)","[0.0,0.4)","[0.0,0.4)"
R-SIM_all,379,5.387216143280259,29,CN(C)COC[C@H]1O[C@@H](O[C@@H]2[C@H](O)[C@@H](N)C[C@@H](N)[C@H]2O[C@H]2C[C@H](CO)[C@H](O)[C@H](O)[C@H]2N)[C@H](O)[C@@H]1O[C@@H]1O[C@@H](CN)[C@@H](O)[C@H](O)[C@H]1N,C1CCC(OC2CCCCC2OC2CC(OC3CCCCO3)CO2)CC1,0.9310344827586207,1byj,0.6290322580645161,1ei2,False,False,0.6290322580645161,2et4,0.7241379310344828,0.6290322580645161,"[0.8,1.0]","[0.6,0.8)","[0.6,0.8)"
R-SIM_all,2466,5.4778166823813095,26,NC[C@@H]1O[C@H](O[C@H]2[C@@H](O)[C@H](O[C@H]3O[C@@H](CNc4c5ccccc5nc5ccccc45)[C@H](O)[C@@H](N)[C@@H]3O)[C@@H](N)C[C@H]2N)[C@H](N)C[C@@H]1O,c1ccc2c(NCC3CCCC(OC4CCCC(OC5CCCCO5)C4)O3)c3ccccc3nc2c1,0.6153846153846154,3gs5,0.5873015873015873,1lc4,False,False,0.42307692307692313,1lc4,0.42307692307692313,0.5873015873015873,"[0.6,0.8)","[0.4,0.6)","[0.4,0.6)"
R-SIM_all,927,5.22184874961636,18,N[C@@H]1C[C@H](N)[C@@H](O)[C@H](O)[C@H]1OCc1ccc(CCc2ccc(CO[C@@H]3[C@@H](O)[C@H](O)[C@@H](N)C[C@@H]3N)cc2)cc1,c1cc(COC2CCCCC2)ccc1CCc1ccc(COC2CCCCC2)cc1,0.6190476190476191,3bnt,0.3541666666666667,2et8,False,False,0.3541666666666667,2et8,0.5238095238095238,0.3541666666666667,"[0.6,0.8)","[0.0,0.4)","[0.0,0.4)"
R-SIM_all,939,2.20760831050175,58,Nc1ccn([C@@H]2O[C@H](CO)[C@@H](O)[C@H]2O)c(=O)n1,O=c1ncccn1C1CCCO1,0.5405405405405406,3q3z,0.4745762711864407,3dig,False,True,0.43103448275862066,4ts0,0.43103448275862066,0.4745762711864407,"[0.4,0.6)","[0.4,0.6)","[0.4,0.6)"
R-SIM_all,165,4.76955107862173,29,O=C(NCCCN1CCCCC1)C1C(=O)NC2=C(CCCC2)C1O,O=C(NCCCN1CCCCC1)C1CC2=C(CCCC2)NC1=O,0.9310344827586207,1byj,0.1724137931034483,1kod,False,False,0.1724137931034483,1kod,0.4137931034482759,0.1724137931034483,"[0.8,1.0]","[0.0,0.4)","[0.0,0.4)"
R-SIM_all,347,6.045757490560679,29,NC[C@H]1C[C@@H](O)[C@H](N)[C@H](O[C@H]2CO[C@@H](O[C@H]3[C@@H](O)[C@H](N)C[C@@H](N)[C@@H]3O[C@H]3O[C@@H](CO)[C@H](O)[C@@H](O)[C@@H]3N)[C@H]2OCCNCCc2ccc(-c3ccccc3)cc2)O1,c1ccc(-c2ccc(CCNCCOC3C(OC4CCCCO4)COC3OC3CCCCC3OC3CCCCO3)cc2)cc1,0.9310344827586207,1byj,0.6547619047619048,3s4p,False,False,0.6547619047619048,3s4p,0.7241379310344828,0.6547619047619048,"[0.8,1.0]","[0.6,0.8)","[0.6,0.8)"
R-SIM_all,2478,6.30980391997149,30,NCC1OC(OC2C(CO)OC(OC3C(O)C(N)CC(N)C3OC3OC(CN)C(O)C(O)C3N)C2O)C(N)C(O)C1O,C1CCC(OC2COC(OC3CCCCC3OC3CCCCO3)C2)OC1,0.6666666666666667,1byj,1.0,1ei2,False,True,0.6666666666666667,1fyp,0.6666666666666667,0.9761904761904762,"[0.6,0.8)","[0.8,1.0]","[0.6,0.8)"
R-SIM_all,681,3.0,29,c1ccc2sc(C3CCNCC3)nc2c1,c1ccc2sc(C3CCNCC3)nc2c1,0.9310344827586207,1byj,0.18333333333333332,6qiv,False,False,0.18333333333333332,6qiv,0.24137931034482762,0.18333333333333332,"[0.8,1.0]","[0.0,0.4)","[0.0,0.4)"
R-SIM_all,845,5.22184874961636,40,CNC1C(O)C(OC2C(N)CC(N)C(OC3OC(CN)CCC3N)C2O)OCC1(C)O,C1CCC(OC2CCCC(OC3CCCCO3)C2)OC1,0.55,1ddy,1.0,2et3,False,True,0.42500000000000004,5z1h,0.42500000000000004,0.5757575757575758,"[0.4,0.6)","[0.8,1.0]","[0.4,0.6)"
R-SIM_all,1842,5.79588001734408,47,C(=NNC1=NCCN1)c1c2ccccc2c(C=NNC2=NCCN2)c2ccccc12,C(=NNC1=NCCN1)c1c2ccccc2c(C=NNC2=NCCN2)c2ccccc12,0.5535714285714286,3f4g,0.15789473684210525,6e1v,False,False,0.15789473684210525,6e1v,0.4042553191489362,0.15789473684210525,"[0.4,0.6)","[0.0,0.4)","[0.0,0.4)"
R-SIM_all,1885,6.721246399047169,281,O=C1c2ccccc2C(=O)c2c(NCCN3CCOCC3)ccc(NCCN3CCOCC3)c21,O=C1c2ccccc2C(=O)c2c(NCCN3CCOCC3)ccc(NCCN3CCOCC3)c21,0.44358974358974357,6t3k,0.3137254901960784,2kgp,False,False,0.1836734693877551,4e8k,0.4381443298969072,0.1836734693877551,"[0.4,0.6)","[0.0,0.4)","[0.0,0.4)"
R-SIM_all,826,5.0,41,NCC1OC(OC2C(N)CC(N)C(OC3OC(CO)C(O)C(N)C3O)C2O)C(O)C(O)C1O,C1CCC(OC2CCCC(OC3CCCCO3)C2)OC1,0.5853658536585367,1eht,1.0,2esi,False,True,0.4878048780487805,1ei2,0.4878048780487805,0.6326530612244898,"[0.4,0.6)","[0.8,1.0]","[0.4,0.6)"
R-SIM_all,1035,4.74472749489669,18,CCc1nc2ccccc2cc1C(=O)N1CCC[C@H]1C(=O)N[C@@H](CSSC[C@H](NC(=O)[C@@H]1CCCN1C(=O)c1cc2ccccc2nc1CC)C(=O)N[C@H](CCCCN)C(=O)NCCCN)C(=O)N[C@H](CCCCN)C(=O)NCCCN,O=C(NCCSSCCNC(=O)C1CCCN1C(=O)c1cnc2ccccc2c1)C1CCCN1C(=O)c1cnc2ccccc2c1,0.5555555555555556,1zz5,0.18181818181818182,6dn1,False,False,0.18181818181818182,6dn1,0.2777777777777778,0.18181818181818182,"[0.4,0.6)","[0.0,0.4)","[0.0,0.4)"
R-SIM_all,1016,5.65757731917779,12,COc1ccc(NCc2ccc([N+](=O)[O-])s2)cc1OC,c1ccc(NCc2cccs2)cc1,0.5833333333333333,5ux3,0.20754716981132076,2l8h,False,False,0.20754716981132076,2l8h,0.3793103448275862,0.20754716981132076,"[0.4,0.6)","[0.0,0.4)","[0.0,0.4)"
R-SIM_all,1769,7.744727494896691,40,NC[C@@H]1O[C@H](O[C@H]2[C@@H](O)[C@H](O[C@H]3O[C@@H](CNc4c5ccccc5nc5ccccc45)[C@H](O)[C@@H](N)[C@@H]3O)[C@@H](N)C[C@H]2N)[C@H](N)C[C@@H]1O,c1ccc2c(NCC3CCCC(OC4CCCC(OC5CCCCO5)C4)O3)c3ccccc3nc2c1,0.65,1tob,0.5873015873015873,1lc4,False,False,0.42500000000000004,1lc4,0.42500000000000004,0.5873015873015873,"[0.6,0.8)","[0.4,0.6)","[0.4,0.6)"
R-SIM_all,1389,4.72353819582676,67,NCC1OC(OC2C(Cn3cc(Cn4cnc(-c5cccc(NC(=O)c6ccccc6)c5)c4)nn3)OC(OC3C(O)C(N)CC(N)C3OC3OC(CN)C(O)C(O)C3N)C2O)C(N)C(O)C1O,O=C(Nc1cccc(-c2cn(Cc3cn(CC4OC(OC5CCCCC5OC5CCCCO5)CC4OC4CCCCO4)nn3)cn2)c1)c1ccccc1,0.5074626865671642,2kx8,0.4065934065934066,1ei2,False,False,0.4065934065934066,1i9v,0.4864864864864865,0.4065934065934066,"[0.4,0.6)","[0.4,0.6)","[0.4,0.6)"
R-SIM_all,218,4.309803919971491,42,O=c1nc[nH]c2nc[nH]c12,O=c1nc[nH]c2nc[nH]c12,0.6428571428571428,1eht,0.46153846153846156,2ees,False,False,0.4477611940298507,2ees,0.4477611940298507,0.46153846153846156,"[0.6,0.8)","[0.4,0.6)","[0.4,0.6)"
R-SIM_all,2227,5.92081875395238,41,NCC1OC(OC2C(N)CC(N)C(OC3OC(CN)C(O)C(OC4OC(CO)C(O)C(O)C4N)C3N)C2O)C(N)CC1O,C1CCC(OC2CCCC(OC3CC(OC4CCCCO4)CCO3)C2)OC1,0.5853658536585367,1eht,0.7551020408163265,1lc4,False,False,0.4878048780487805,1ei2,0.4878048780487805,0.6226415094339622,"[0.4,0.6)","[0.6,0.8)","[0.4,0.6)"
R-SIM_all,1121,6.17522353752445,13,CCc1nc2cc3ccccc3cc2cc1C(=O)N1CCC[C@H]1C(=O)N[C@@H](CCC/C=C/CCC[C@H](NC(=O)[C@@H]1CCCN1C(=O)c1cc2cc3ccccc3cc2nc1CC)C(=O)N[C@@H](CCCC[NH3+])C(=O)NCCC[NH3+])C(=O)N[C@@H](CCCC[NH3+])C(=O)NCCC[NH3+],O=C(NCCCCC=CCCCCNC(=O)C1CCCN1C(=O)c1cnc2cc3ccccc3cc2c1)C1CCCN1C(=O)c1cnc2cc3ccccc3cc2c1,0.6153846153846154,5xi1,0.18018018018018017,6dn1,False,False,0.18018018018018017,6dn1,0.20370370370370372,0.18018018018018017,"[0.6,0.8)","[0.0,0.4)","[0.0,0.4)"
R-SIM_all,375,6.045757490560679,29,CC(=O)N(CCO[C@@H]1[C@@H](O[C@H]2[C@@H](O)[C@H](N)C[C@H](N)[C@@H]2O[C@@H]2C[C@H](CO)[C@@H](O)[C@H](O)[C@H]2N)O[C@@H](CO)[C@H]1O[C@H]1O[C@H](N)[C@H](O)[C@@H](O)[C@@H]1N)CCc1ccccc1,c1ccc(CCNCCOC2C(OC3CCCCO3)COC2OC2CCCCC2OC2CCCCC2)cc1,0.9310344827586207,1byj,0.5393258426966292,3s4p,False,False,0.5393258426966292,3s4p,0.7241379310344828,0.5393258426966292,"[0.8,1.0]","[0.4,0.6)","[0.4,0.6)"
R-SIM_all,1822,6.008773924307509,60,CCCN(CC(=O)N(CC(N)=O)Cc1cn(CCCCC(=O)CCCOc2ccc(-c3nc4cc(-c5ccc(N6CCN(C)CC6)cc5)ccc4[nH]3)cc2)nn1)C(=O)CN(CCC)C(=O)CN(CCC)C(=O)NCc1cn(CCCCC(=O)CCCOc2ccc(-c3nc4cc(-c5ccc(N6CCN(C)CC6)cc5)ccc4[nH]3)cc2)nn1,O=C(CCCCn1cc(CNC(=O)CNC(=O)CNC(=O)CNC(=O)NCc2cn(CCCCC(=O)CCCOc3ccc(-c4nc5cc(-c6ccc(N7CCNCC7)cc6)ccc5[nH]4)cc3)nn2)nn1)CCCOc1ccc(-c2nc3cc(-c4ccc(N5CCNCC5)cc4)ccc3[nH]2)cc1,0.5333333333333333,5lys,0.2066115702479339,6hmo,False,False,0.19047619047619047,1uts,0.3833333333333333,0.19047619047619047,"[0.4,0.6)","[0.0,0.4)","[0.0,0.4)"
R-SIM_all,1408,4.45967052520913,69,NCC1OC(OC2C(Cn3cc(CCC(=O)Nc4cccc(-c5csc(NC(=O)c6ccc(Cl)cc6)n5)c4)nn3)OC(OC3C(O)C(N)CC(N)C3OC3OC(CN)C(O)C(O)C3N)C2O)C(N)C(O)C1O,O=C(CCc1cn(CC2OC(OC3CCCCC3OC3CCCCO3)CC2OC2CCCCO2)nn1)Nc1cccc(-c2csc(NC(=O)c3ccccc3)n2)c1,0.49275362318840576,2kx8,0.3627450980392157,1ei2,False,False,0.3627450980392157,1i9v,0.472972972972973,0.3627450980392157,"[0.4,0.6)","[0.0,0.4)","[0.0,0.4)"
R-SIM_all,2117,5.53760200210104,38,CN(C)c1ccc2c(-c3ccccc3)c3ccc(=[N+](C)C)cc-3oc2c1,[N+]=c1ccc2c(-c3ccccc3)c3ccccc3oc-2c1,0.868421052631579,1q8n,1.0,1f1t,True,True,0.8421052631578947,1f1t,0.8421052631578947,1.0,"[0.8,1.0]","[0.8,1.0]","[0.8,1.0]"
R-SIM_all,2401,4.16115090926274,12,Cc1cc(N2CCN(C)CC2)n2nc(-c3ccc(Cl)cc3)nc2n1,c1ccc(-c2nc3nccc(N4CCNCC4)n3n2)cc1,0.5833333333333333,5ux3,0.2602739726027397,6hmo,False,False,0.25,6hmo,0.25,0.2602739726027397,"[0.4,0.6)","[0.0,0.4)","[0.0,0.4)"
R-SIM_all,316,7.30102999566398,67,O=c1nc[nH]c2nc[nH]c12,O=c1nc[nH]c2nc[nH]c12,1.0,3fo6,0.46153846153846156,2ees,False,False,0.46153846153846156,2ees,0.9701492537313433,0.46153846153846156,"[0.8,1.0]","[0.4,0.6)","[0.4,0.6)"
R-SIM_all,810,7.096910013008059,34,CNC1C(O)C(OC2C(N)CC(N)C(OC3OC(CN)CCC3N)C2O)OCC1(C)O,C1CCC(OC2CCCC(OC3CCCCO3)C2)OC1,0.5,1duh,1.0,2et3,False,True,0.4411764705882353,5z1h,0.4411764705882353,0.5757575757575758,"[0.4,0.6)","[0.8,1.0]","[0.4,0.6)"
R-SIM_all,2497,4.92081875395238,29,O=C(Cc1ccccc1)OC[C@H]1OC(=O)NC1CN1CCN(c2ccccc2)CC1,O=C(Cc1ccccc1)OCC1OC(=O)NC1CN1CCN(c2ccccc2)CC1,0.6388888888888888,1raw,0.19230769230769232,357d,False,False,0.19230769230769232,357d,0.31034482758620685,0.19230769230769232,"[0.6,0.8)","[0.0,0.4)","[0.0,0.4)"
R-SIM_all,2074,4.99869906697958,16,N[C@@H]1C[C@@H](N)[C@@H](OCCCc2cn(Cc3cccc(Cn4cc(CCCO[C@@H]5[C@H](O)[C@H](O)[C@@H](N)C[C@H]5N)nn4)c3)nn2)[C@H](O)[C@H]1O,c1cc(Cn2cc(CCCOC3CCCCC3)nn2)cc(Cn2cc(CCCOC3CCCCC3)nn2)c1,0.625,5v1l,0.27586206896551724,3s4p,False,False,0.27586206896551724,3s4p,0.5714285714285714,0.27586206896551724,"[0.6,0.8)","[0.0,0.4)","[0.0,0.4)"
R-SIM_all,135,3.95467702121334,29,OCC1=C=C=C(c2nc(C3=C=NC4=C(C=C=C=C4)C3)c(C3=C=C=C=C=C3)[nH]2)C=C1O,C1=C=C=C(c2[nH]c(C3=C=C=CC=C3)nc2C2=C=NC3=C(C=C=C=C3)C2)C=C=1,0.9310344827586207,1byj,0.13541666666666666,21cc,False,False,0.13541666666666666,21cc,0.3448275862068966,0.13541666666666666,"[0.8,1.0]","[0.0,0.4)","[0.0,0.4)"
R-SIM_all,1410,4.32330639037513,69,NCC1OC(OC2C(Cn3cc(CCC(=O)Nc4cccc(-c5csc(NC(=O)c6ccc(N)cc6)n5)c4)nn3)OC(OC3C(O)C(N)CC(N)C3OC3OC(CN)C(O)C(O)C3N)C2O)C(N)C(O)C1O,O=C(CCc1cn(CC2OC(OC3CCCCC3OC3CCCCO3)CC2OC2CCCCO2)nn1)Nc1cccc(-c2csc(NC(=O)c3ccccc3)n2)c1,0.49275362318840576,2kx8,0.36633663366336633,1ei2,False,False,0.36633663366336633,1i9v,0.472972972972973,0.36633663366336633,"[0.4,0.6)","[0.0,0.4)","[0.0,0.4)"
R-SIM_all,2152,6.275724130399211,29,NCC1OC(OC2C(N)CC(N)C(OC3OC(CN)C(O)C(OC4OC(CO)C(O)C(O)C4N)C3N)C2O)C(N)CC1O,C1CCC(OC2CCCC(OC3CC(OC4CCCCO4)CCO3)C2)OC1,0.6111111111111112,6e82,0.7551020408163265,1lc4,False,False,0.5172413793103448,1ei2,0.5172413793103448,0.6226415094339622,"[0.6,0.8)","[0.6,0.8)","[0.4,0.6)"
R-SIM_all,1730,6.0,60,CN1CCN(c2ccc(-c3ccc4nc(-c5ccc(OCCCC(=O)N6CCN(c7nncc8sccc78)CC6)cc5)[nH]c4c3)cc2)CC1,O=C(CCCOc1ccc(-c2nc3ccc(-c4ccc(N5CCNCC5)cc4)cc3[nH]2)cc1)N1CCN(c2nncc3sccc23)CC1,0.5333333333333333,5lys,0.2,6hmo,False,False,0.18478260869565216,6e1v,0.35,0.18478260869565216,"[0.4,0.6)","[0.0,0.4)","[0.0,0.4)"
R-SIM_all,1169,8.0,108,Cc1cc(N)c2ccccc2[n+]1CCCCCCCCCC[n+]1c(C)cc(N)c2ccccc21,c1ccc2c(c1)ccc[n+]2CCCCCCCCCC[n+]1cccc2ccccc21,0.5185185185185186,4yaz,0.27906976744186046,2l8h,False,False,0.2685185185185185,2l8h,0.2685185185185185,0.27906976744186046,"[0.4,0.6)","[0.0,0.4)","[0.0,0.4)"
R-SIM_all,923,3.60205999132796,17,,,0.6470588235294117,5v1l,0.0,12ci,False,False,0.0,12ci,0.20731707317073167,0.0,"[0.6,0.8)","[0.0,0.4)","[0.0,0.4)"
R-SIM_all,1022,5.05060999335509,12,Nc1c(S(=O)(=O)O)cc(Nc2ccc(S(N)(=O)=O)cc2)c2c1C(=O)c1ccccc1C2=O,O=C1c2ccccc2C(=O)c2c(Nc3ccccc3)cccc21,0.5833333333333333,5ux3,0.19672131147540983,2kgp,False,False,0.19672131147540983,2kgp,0.36,0.19672131147540983,"[0.4,0.6)","[0.0,0.4)","[0.0,0.4)"
R-SIM_all,2356,3.25649023527157,29,N[C@@H]1C[C@H](N)[C@@H](O)[C@H](O)[C@H]1OCn1nc2cccnc2n1,c1cnc2nn(COC3CCCCC3)nc2c1,0.9310344827586207,1byj,0.2878787878787879,2o3v,False,False,0.2878787878787879,2o3v,0.5862068965517242,0.2878787878787879,"[0.8,1.0]","[0.0,0.4)","[0.0,0.4)"
R-SIM_all,342,7.69897000433602,29,NC[C@@H]1C[C@@H](O)[C@H](N)[C@H](O[C@H]2CO[C@H](O[C@H]3[C@@H](O)[C@H](N)C[C@@H](N)[C@@H]3O[C@H]3O[C@H](CO)[C@H](O)[C@@H](O)[C@@H]3N)[C@@H]2OCCNCc2ccnc(N)c2)O1,c1cc(CNCCOC2C(OC3CCCCO3)COC2OC2CCCCC2OC2CCCCO2)ccn1,0.9310344827586207,1byj,0.5053763440860215,3s4p,False,False,0.5053763440860215,3s4p,0.7241379310344828,0.5053763440860215,"[0.8,1.0]","[0.4,0.6)","[0.4,0.6)"
R-SIM_all,818,4.0,41,CNC1C(O)C(NC)C2OC3(O)C(=O)CC(C)OC3OC2C1O,O=C1CCOC2OC3CCCCC3OC12,0.5853658536585367,1eht,0.22641509433962265,1byj,False,False,0.22641509433962265,1byj,0.46341463414634143,0.22641509433962265,"[0.4,0.6)","[0.0,0.4)","[0.0,0.4)"
R-SIM_all,2120,5.79588001734408,38,CN(C)c1ccc2c(-c3ccccc3)c3ccc(=[N+](C)C)cc-3oc2c1,[N+]=c1ccc2c(-c3ccccc3)c3ccccc3oc-2c1,0.868421052631579,1q8n,1.0,1f1t,True,True,0.8421052631578947,1f1t,0.8421052631578947,1.0,"[0.8,1.0]","[0.8,1.0]","[0.8,1.0]"
R-SIM_all,813,5.634324859544081,33,NCC1OC(OC2C(CO)OC(OC3C(O)C(N)CC(N)C3OC3OC(CO)C(O)C(O)C3N)C2O)C(N)C(O)C1O,C1CCC(OC2COC(OC3CCCCC3OC3CCCCO3)C2)OC1,0.48484848484848486,3gs5,1.0,1fyp,False,True,0.4545454545454546,1fyp,0.4545454545454546,1.0,"[0.4,0.6)","[0.8,1.0]","[0.4,0.6)"
R-SIM_all,757,5.1249387366083,36,CCc1nc2ccccc2cc1C(=O)N1CCC[C@@H]1C(=O)N[C@H](CSSC[C@H](NC(=O)[C@@H]1CCCN1C(=O)c1ccc2c(c1)OCO2)C(=O)N[C@@H](CCCCN)C(=O)NCCCN)C(=O)N[C@H](CCCCN)C(=O)NCCCN,O=C(NCCSSCCNC(=O)C1CCCN1C(=O)c1cnc2ccccc2c1)C1CCCN1C(=O)c1ccc2c(c1)OCO2,0.6111111111111112,1arj,0.16379310344827586,2ktz,False,False,0.16379310344827586,2ktz,0.5263157894736843,0.16379310344827586,"[0.6,0.8)","[0.0,0.4)","[0.0,0.4)"
R-SIM_all,832,4.60205999132796,40,CNC1C(OC2C(OC3C(O)C(O)C(N=C(N)N)C(O)C3N=C(N)N)OC(C)C2(O)C=O)OC(CO)C(O)C1O,C1CCC(OC2OCCC2OC2CCCCO2)CC1,0.55,1ddy,0.676056338028169,1nta,False,True,0.42500000000000004,1nta,0.42500000000000004,0.676056338028169,"[0.4,0.6)","[0.6,0.8)","[0.4,0.6)"
R-SIM_all,1603,4.29242982390206,46,Cc1cn2cc(-c3cc4ccc(N5CCN(CCNC(=O)OC(C)(C)C)[C@@H](C)C5)cc4oc3=O)nc2c(C)n1,O=c1oc2cc(N3CCNCC3)ccc2cc1-c1cn2ccncc2n1,0.5217391304347826,2ktz,0.28865979381443296,6hmo,False,False,0.23913043478260865,6hmo,0.23913043478260865,0.28865979381443296,"[0.4,0.6)","[0.0,0.4)","[0.0,0.4)"
R-SIM_all,211,2.4559319556497203,42,Cn1c(=O)c2c(ncn2C)n(C)c1=O,O=c1[nH]c(=O)c2[nH]cnc2[nH]1,0.6428571428571428,1eht,0.45714285714285713,1eht,False,True,0.45714285714285713,1eht,0.6428571428571428,0.45714285714285713,"[0.6,0.8)","[0.4,0.6)","[0.4,0.6)"
R-SIM_all,1853,5.85387196432176,47,O=C(/C=C/c1ccccc1)N1CCN(C(=O)/C=C/c2ccccc2)c2ccccc21,O=C(C=Cc1ccccc1)N1CCN(C(=O)C=Cc2ccccc2)c2ccccc21,0.5319148936170213,1nbk,0.1864406779661017,1lvj,False,False,0.1864406779661017,1lvj,0.3829787234042553,0.1864406779661017,"[0.4,0.6)","[0.0,0.4)","[0.0,0.4)"
R-SIM_all,609,4.958607314841769,29,CN(CCCCCCN(C)C[C@@H](O)CO[C@@H]1O[C@H](CN)[C@@H](O)[C@@H](O)[C@H]1N)C[C@@H](O)CO[C@@H]1O[C@@H](CN)[C@H](O)[C@H](O)[C@H]1N,C(CCCNCCCOC1CCCCO1)CCNCCCOC1CCCCO1,0.9310344827586207,1byj,0.38181818181818183,2et8,False,False,0.38181818181818183,2et8,0.7241379310344828,0.38181818181818183,"[0.8,1.0]","[0.0,0.4)","[0.0,0.4)"
R-SIM_all,991,4.958607314841769,118,NC1=NC(=O)/C(=C\c2ccc3ccccc3c2)S1,O=C1N=CSC1=Cc1ccc2ccccc2c1,0.5084745762711864,3gx7,0.20930232558139536,2kd4,False,False,0.20408163265306123,2l8h,0.22881355932203384,0.20408163265306123,"[0.4,0.6)","[0.0,0.4)","[0.0,0.4)"
R-SIM_all,2248,4.60205999132796,33,NCC1OC(OC2C(N)CC(N)C(OC3OC(CN)C(N)C(O)C3O)C2O)C(N)CC1O,C1CCC(OC2CCCC(OC3CCCCO3)C2)OC1,0.5454545454545454,1xst,0.7555555555555555,1lc4,False,True,0.5094339622641509,1fyp,0.5151515151515151,0.5094339622641509,"[0.4,0.6)","[0.6,0.8)","[0.4,0.6)"
R-SIM_all,340,6.221848749616361,29,NC[C@H]1C[C@H](O)[C@@H](N)[C@@H](O[C@@H]2CO[C@@H](O[C@@H]3[C@H](O)[C@@H](N)C[C@@H](N)[C@H]3O[C@@H]3O[C@@H](CO)[C@H](O)[C@@H](O)[C@H]3N)[C@@H]2OCCNc2cccc(O)c2)O1,c1ccc(NCCOC2C(OC3CCCCO3)COC2OC2CCCCC2OC2CCCCO2)cc1,0.9310344827586207,1byj,0.4945054945054945,3s4p,False,False,0.4945054945054945,3s4p,0.7241379310344828,0.4945054945054945,"[0.8,1.0]","[0.4,0.6)","[0.4,0.6)"
R-SIM_all,1563,5.52287874528034,36,N=[N+]=NCCCNC(=N)c1ccc(-c2ccc(-c3ccc(C(=N)N)cc3)o2)cc1,c1ccc(-c2ccc(-c3ccccc3)o2)cc1,0.5555555555555556,5bjo,0.19642857142857142,2l94,False,False,0.19642857142857142,2l94,0.4,0.19642857142857142,"[0.4,0.6)","[0.0,0.4)","[0.0,0.4)"
R-SIM_all,1083,6.55284196865778,36,CCCN(CC(=O)N(CCC)CC(=O)N(CCC)CC(=O)N(CCC)CC(=O)N(CCC)CC(=O)N(CC(N)=O)Cc1cn(CCCNC(=O)CCCOc2cccc(-c3nc4cc(-c5nc6cc(N7CC[NH+](C)CC7)ccc6[nH]5)ccc4[nH]3)c2)nn1)C(=O)CNCc1cn(CCCNC(=O)CCCOc2cccc(-c3nc4cc(-c5nc6cc(N7CC[NH+](C)CC7)ccc6[nH]5)ccc4[nH]3)c2)nn1,O=C(CCCOc1cccc(-c2nc3cc(-c4nc5cc(N6CC[NH2+]CC6)ccc5[nH]4)ccc3[nH]2)c1)NCCCn1cc(CNCC(=O)NCC(=O)NCC(=O)NCC(=O)NCC(=O)NCC(=O)NCc2cn(CCCNC(=O)CCCOc3cccc(-c4nc5cc(-c6nc7cc(N8CC[NH2+]CC8)ccc7[nH]6)ccc5[nH]4)c3)nn2)nn1,0.5555555555555556,5bjo,0.2248062015503876,3mij,False,False,0.18796992481203006,1uts,0.4722222222222222,0.18796992481203006,"[0.4,0.6)","[0.0,0.4)","[0.0,0.4)"
R-SIM_all,805,7.397940008672039,34,NC[C@@H]1O[C@H](O[C@H]2[C@@H](O)[C@H](O[C@H]3O[C@@H](CNc4c5ccccc5nc5ccccc45)[C@H](O)[C@@H](N)[C@@H]3O)[C@@H](N)C[C@H]2N)[C@H](N)C[C@@H]1O,c1ccc2c(NCC3CCCC(OC4CCCC(OC5CCCCO5)C4)O3)c3ccccc3nc2c1,0.5,1duh,0.5873015873015873,1lc4,False,False,0.3974358974358974,2fd0,0.47058823529411764,0.3974358974358974,"[0.4,0.6)","[0.4,0.6)","[0.0,0.4)"
R-SIM_all,675,3.42021640338319,29,Cc1cc2[nH]c(C3CCNCC3)nc2cc1Cl,c1ccc2[nH]c(C3CCNCC3)nc2c1,0.9310344827586207,1byj,0.2,2lwk,False,False,0.2,2lwk,0.5625,0.2,"[0.8,1.0]","[0.0,0.4)","[0.0,0.4)"
R-SIM_all,1023,4.85387196432176,12,O=C1c2ccccc2C(=O)[C@@H]2C(NCCO)=CC=C(NCCO)[C@@H]12,O=C1c2ccccc2C(=O)C2C=CC=CC12,0.5833333333333333,5ux3,0.2765957446808511,2kgp,False,False,0.2765957446808511,2kgp,0.36,0.2765957446808511,"[0.4,0.6)","[0.0,0.4)","[0.0,0.4)"
R-SIM_all,1240,5.744727494896691,66,C[NH+]1CCC(=C2c3ccccc3C=Cc3ccccc32)CC1,C1=Cc2ccccc2C(=C2CC[NH2+]CC2)c2ccccc21,0.5657894736842105,2hop,0.16,1q8n,False,False,0.16,1q8n,0.4545454545454546,0.16,"[0.4,0.6)","[0.0,0.4)","[0.0,0.4)"
R-SIM_all,1826,7.19382002601611,40,CCCN(CC(=O)N(CCC)C(=O)CCCOc1ccc(-c2nc3cc(N4CCN(C)CC4)ccc3[nH]2)cc1)C(=O)N(CC(=O)NCCCCNCCCNC(=O)c1csc(-c2csc(CCNC(=O)C(NC(=O)C(C)C(O)C(C)NC(=O)C(NC(=O)c3nc(C(CC(N)=O)NCC(N)C(N)=O)nc(N)c3C)C(OC3OC(CO)C(O)C(O)C3OC3OC(CO)C(O)C(OC(N)=O)C3O)c3cnc[nH]3)C(C)O)n2)n1)Cc1cn(CCCCC(=O)CCCOc2c(C(C)(C)C)cc(-c3nc4cc(N5CCN(C)CC5)ccc4[nH]3)cc2C(C)(C)C)nn1,O=C(CCCCn1cc(CN(CC(=O)NCCCCNCCCNC(=O)c2csc(-c3csc(CCNC(=O)CNC(=O)CCCNC(=O)C(NC(=O)c4ccncn4)C(OC4OCCCC4OC4CCCCO4)c4cnc[nH]4)n3)n2)C(=O)NCC(=O)NC(=O)CCCOc2ccc(-c3nc4cc(N5CCNCC5)ccc4[nH]3)cc2)nn1)CCCOc1ccc(-c2nc3cc(N4CCNCC4)ccc3[nH]2)cc1,0.525,1fmn,0.15112540192926044,4gma,False,False,0.15112540192926044,4gma,0.203125,0.15112540192926044,"[0.4,0.6)","[0.0,0.4)","[0.0,0.4)"
R-SIM_all,852,6.82390874094432,66,NCC1OC(OC2C(CO)OC(OC3C(O)C(N)CC(N)C3OC3OC(CN)C(O)C(O)C3N)C2O)C(N)C(O)C1O,C1CCC(OC2COC(OC3CCCCC3OC3CCCCO3)C2)OC1,0.5657894736842105,2hop,1.0,1ei2,False,True,0.43243243243243246,1i9v,0.43243243243243246,1.0,"[0.4,0.6)","[0.8,1.0]","[0.4,0.6)"
R-SIM_all,1179,5.309803919971491,30,CCn1c2ccccc2c2cc(C=Cc3cc(N4CC[NH+](C)CC4)c4ccccc4[n+]3C)ccc21,C(=Cc1cc(N2CC[NH2+]CC2)c2ccccc2[nH+]1)c1ccc2[nH]c3ccccc3c2c1,0.5806451612903225,5v3f,0.21052631578947367,6c64,False,False,0.21052631578947367,6c64,0.5,0.21052631578947367,"[0.4,0.6)","[0.0,0.4)","[0.0,0.4)"
R-SIM_all,108,7.096910013008059,29,CNC1C(OC2OC(CO)C(N)C(O)C2O)OC2CC(N)C(OC3C(N)CC(N)C(O)C3O)OC2C1O,C1CCC(OC2CCC3OC(OC4CCCCO4)CCC3O2)CC1,0.9310344827586207,1byj,1.0,1yrj,False,True,0.9310344827586207,2m4q,0.9310344827586207,1.0,"[0.8,1.0]","[0.8,1.0]","[0.8,1.0]"
R-SIM_all,281,3.91417446647926,29,CN(C)c1nc(N)c(C(=O)N=C(N)N)nc1Cl,c1cnccn1,1.0,1arj,0.32653061224489793,23jz,False,True,0.32653061224489793,23jz,0.48571428571428577,0.32653061224489793,"[0.8,1.0]","[0.0,0.4)","[0.0,0.4)"
R-SIM_all,1419,2.50307035192679,69,CC(=O)Nc1nc(-c2cccc(NC(=O)Cc3cn(COC4C(N)CC(N)C(O)C4O)nn3)c2)cs1,O=C(Cc1cn(COC2CCCCC2)nn1)Nc1cccc(-c2cscn2)c1,0.49275362318840576,2kx8,0.29896907216494845,3mij,False,False,0.2,6jbf,0.2753623188405797,0.2,"[0.4,0.6)","[0.0,0.4)","[0.0,0.4)"
R-SIM_all,770,7.30102999566398,46,CCCN(CC(=O)N(CCC)CC(=O)N(CCCn1cc(CCCCC(=O)NC[C@@H]2O[C@@H](O[C@@H]3[C@H](O)[C@H](O[C@@H]4O[C@H](CO)[C@@H](O)[C@@H](N)[C@H]4O)[C@@H](N)C[C@H]3N)[C@@H](O)[C@H](O)[C@H]2O)nn1)CC(N)=O)C(=O)CN(C)CCCn1cc(CCCCC(=O)NC[C@H]2O[C@H](O[C@@H]3[C@@H](O)[C@H](O[C@H]4O[C@@H](CO)[C@H](O)[C@H](N)[C@@H]4O)[C@@H](N)C[C@@H]3N)[C@H](O)[C@@H](O)[C@H]2O)nn1,O=C(CCCCc1cn(CCCNCC(=O)NCC(=O)NCC(=O)NCCCn2cc(CCCCC(=O)NCC3CCCC(OC4CCCC(OC5CCCCO5)C4)O3)nn2)nn1)NCC1CCCC(OC2CCCC(OC3CCCCO3)C2)O1,0.5686274509803921,4enb,0.3645833333333333,2esi,False,False,0.34782608695652173,2esi,0.34782608695652173,0.3645833333333333,"[0.4,0.6)","[0.0,0.4)","[0.0,0.4)"
R-SIM_all,1782,5.09691001300806,29,CC(=O)Nc1nc(-c2cccc(NC(=O)[C@H]3C[C@H](OCOC(=O)C(N)CCCCN)[C@@H](COCOC(=O)C(N)CCCCN)O3)c2)cs1,O=C(Nc1cccc(-c2cscn2)c1)C1CCCO1,1.0,1arj,0.22018348623853212,3mij,False,False,0.22018348623853212,3mij,0.31034482758620685,0.22018348623853212,"[0.8,1.0]","[0.0,0.4)","[0.0,0.4)"
R-SIM_all,642,5.55284196865778,29,NC[C@H](CO[C@@H]1O[C@@H](CN)[C@@H](O)[C@H](O)[C@H]1N)OCc1ccc2ccccc2c1,c1ccc2cc(COCCOC3CCCCO3)ccc2c1,0.9310344827586207,1byj,0.36065573770491804,2et8,False,False,0.36065573770491804,2et8,0.7241379310344828,0.36065573770491804,"[0.8,1.0]","[0.0,0.4)","[0.0,0.4)"
R-SIM_all,2250,5.0268721464003,33,NCC1OC(OC2C(N)CC(N)C(OC3OC(CN)C(OC4OC(CO)C(O)C(N)C4O)C(O)C3N)C2O)C(N)CC1O,C1CCC(OC2CCC(OC3CCCC(OC4CCCCO4)C3)OC2)OC1,0.5454545454545454,1xst,0.8913043478260869,1lc4,False,False,0.5151515151515151,1fyp,0.5151515151515151,0.6,"[0.4,0.6)","[0.8,1.0]","[0.4,0.6)"
R-SIM_all,1844,5.4317982759330095,47,C(=NNC1=NCCN1)c1c2ccccc2c(C=NNC2=NCCN2)c2ccccc12,C(=NNC1=NCCN1)c1c2ccccc2c(C=NNC2=NCCN2)c2ccccc12,0.5490196078431373,4enb,0.15789473684210525,6e1v,False,False,0.15789473684210525,6e1v,0.3829787234042553,0.15789473684210525,"[0.4,0.6)","[0.0,0.4)","[0.0,0.4)"
R-SIM_all,1048,5.337242168318429,14,CCc1nc2ccccc2cc1C(=O)N[C@@H](CC(N)=O)C(=O)N[C@H](CSSC[C@H](NC(=O)[C@@H]1CCCN1C(=O)c1cc2ccccc2nc1CC)C(=O)N[C@H](CCCCN)C(=O)NCCCN)C(=O)N[C@@H](CCCCN)C(=O)NCCCN,O=C(CNC(=O)c1cnc2ccccc2c1)NCCSSCCNC(=O)C1CCCN1C(=O)c1cnc2ccccc2c1,0.5789473684210527,5z71,0.17647058823529413,6dn1,False,False,0.17647058823529413,6dn1,0.2222222222222222,0.17647058823529413,"[0.4,0.6)","[0.0,0.4)","[0.0,0.4)"
R-SIM_all,1178,0.154901959985743,30,CCn1c2ccccc2c2cc(C=Cc3cc(N4CC[NH+](C)CC4)c4ccccc4[n+]3C)ccc21,C(=Cc1cc(N2CC[NH2+]CC2)c2ccccc2[nH+]1)c1ccc2[nH]c3ccccc3c2c1,0.5806451612903225,5v3f,0.21052631578947367,6c64,False,False,0.21052631578947367,6c64,0.5,0.21052631578947367,"[0.4,0.6)","[0.0,0.4)","[0.0,0.4)"
R-SIM_all,2173,4.958607314841769,24,NCC1OC(OC2C(N)CC(N)C(OC3OC(CN)C(N)C(O)C3O)C2O)C(N)CC1O,C1CCC(OC2CCCC(OC3CCCCO3)C2)OC1,0.5555555555555556,1xst,0.7555555555555555,1lc4,False,True,0.45833333333333337,2fcx,0.45833333333333337,0.6,"[0.4,0.6)","[0.6,0.8)","[0.4,0.6)"
R-SIM_all,1315,3.79588001734407,15,CC[NH+]1CCN(c2ccc3cc(-c4cn5cc(C)nc(C)c5n4)c(=O)oc3c2)C[C@@H]1C,O=c1oc2cc(N3CC[NH2+]CC3)ccc2cc1-c1cn2ccncc2n1,0.5333333333333333,2a04,0.2696629213483146,6hmo,False,False,0.2696629213483146,6hmo,0.4,0.2696629213483146,"[0.4,0.6)","[0.0,0.4)","[0.0,0.4)"
R-SIM_all,765,7.0,46,CCCN(CC(=O)N(CCC)CC(=O)N(CCC)CC(=O)N(CCC)CC(=O)N(CC(N)=O)Cc1cn(CCNC(=O)CCCOc2cccc(-c3nc4ccc(-c5nc6ccc(N7CCN(C)CC7)cc6[nH]5)cc4[nH]3)c2)nn1)C(=O)CN(C)Cc1cn(CCNC(=O)CCCOc2cccc(-c3nc4ccc(-c5nc6ccc(N7CCN(C)CC7)cc6[nH]5)cc4[nH]3)c2)nn1,O=C(CCCOc1cccc(-c2nc3ccc(-c4nc5ccc(N6CCNCC6)cc5[nH]4)cc3[nH]2)c1)NCCn1cc(CNCC(=O)NCC(=O)NCC(=O)NCC(=O)NCC(=O)NCc2cn(CCNC(=O)CCCOc3cccc(-c4nc5ccc(-c6nc7ccc(N8CCNCC8)cc7[nH]6)cc5[nH]4)c3)nn2)nn1,0.5686274509803921,4enb,0.22764227642276422,3mij,False,False,0.22764227642276422,3mij,0.23913043478260865,0.22764227642276422,"[0.4,0.6)","[0.0,0.4)","[0.0,0.4)"
R-SIM_all,209,5.045757490560679,30,CN[C@@H]1[C@@H](O[C@H]2c3cc4ccccc4cc3[C@@H]3[C@@H]2C=C[C@@]32C(=O)C=Cc3ccc(OC)cc32)O[C@@H](C)[C@@H](O)[C@H]1O,O=C1C=Cc2ccccc2C12C=CC1C(OC3CCCCO3)c3cc4ccccc4cc3C12,1.0,1aju,0.19811320754716982,1nta,False,False,0.19811320754716982,1nta,0.5666666666666667,0.19811320754716982,"[0.8,1.0]","[0.0,0.4)","[0.0,0.4)"
R-SIM_all,2404,5.6382721639824105,12,CCOC(=O)c1c2c(n3ccccc13)C(=O)c1ccccc1C2=O,O=C1c2ccccc2C(=O)c2c1cc1ccccn21,0.5833333333333333,5ux3,0.1791044776119403,6izp,False,False,0.1791044776119403,6izp,0.31034482758620685,0.1791044776119403,"[0.4,0.6)","[0.0,0.4)","[0.0,0.4)"
R-SIM_all,1960,7.53760200210104,130,COc1cc(C=CC(=O)CC(=O)C=Cc2ccc(O)c(OC)c2)ccc1O,O=C(C=Cc1ccccc1)CC(=O)C=Cc1ccccc1,0.515527950310559,3d0u,0.23809523809523808,12ci,False,False,0.23809523809523808,12ci,0.3307692307692308,0.23809523809523808,"[0.4,0.6)","[0.0,0.4)","[0.0,0.4)"
R-SIM_all,941,1.69464863055338,58,Nc1ncnc2c1ncn2[C@H]1O[C@@H](CO)[C@H](O)[C@@H]1O,c1ncc2ncn(C3CCCO3)c2n1,0.5405405405405406,3q3z,0.6862745098039216,1am0,False,True,0.48275862068965514,5ktj,0.48275862068965514,0.625,"[0.4,0.6)","[0.6,0.8)","[0.4,0.6)"
R-SIM_all,1886,7.14874165128092,401,NC(=[NH2+])c1ccc(-c2ccc(-c3ccc(-c4ccc(C(N)=[NH2+])cn4)o3)o2)nc1,c1ccc(-c2ccc(-c3ccc(-c4ccccn4)o3)o2)nc1,0.4039900249376559,4e8m,0.17391304347826086,2l94,False,False,0.13466334164588534,2hok,0.13466334164588534,0.14285714285714285,"[0.4,0.6)","[0.0,0.4)","[0.0,0.4)"
R-SIM_all,1780,4.67778070526608,29,NCC1OC(OC2C(CO)OC(OC3C(O)C(N)CC(N)C3OC3OC(CN)C(O)C(O)C3N)C2O)C(N)C(O)C1O,C1CCC(OC2COC(OC3CCCCC3OC3CCCCO3)C2)OC1,1.0,1arj,1.0,1ei2,False,True,0.5862068965517242,1fyp,0.5862068965517242,0.9761904761904762,"[0.8,1.0]","[0.8,1.0]","[0.4,0.6)"
R-SIM_all,758,4.958607314841769,36,COc1ccc2nc3cc(Cl)ccc3c(NCCCCNc3nc(N)nc(N)n3)c2c1,c1ccc2c(NCCCCNc3ncncn3)c3ccccc3nc2c1,0.6111111111111112,1arj,0.2465753424657534,1uud,False,False,0.2465753424657534,1uud,0.6111111111111112,0.2465753424657534,"[0.6,0.8)","[0.0,0.4)","[0.0,0.4)"
R-SIM_all,1065,5.82390874094432,46,CCCN(CC(=O)N(CCC)CC(=O)N(CC(N)=O)Cc1cn(CCCNC(=O)CCCOc2c(C(C)(C)C)cc(-c3nc4cc(N5CC[NH+](C)CC5)ccc4[nH]3)cc2C(C)(C)C)nn1)C(=O)CCCOc1cccc(-c2nc3cc(-c4nc5cc(N6CC[NH+](C)CC6)ccc5[nH]4)ccc3[nH]2)c1,O=C(CCCOc1ccc(-c2nc3cc(N4CC[NH2+]CC4)ccc3[nH]2)cc1)NCCCn1cc(CNC(=O)CNC(=O)CNC(=O)CCCOc2cccc(-c3nc4cc(-c5nc6cc(N7CC[NH2+]CC7)ccc6[nH]5)ccc4[nH]3)c2)nn1,0.5434782608695652,1nbk,0.21481481481481482,3mij,False,False,0.21481481481481482,3mij,0.23913043478260865,0.21481481481481482,"[0.4,0.6)","[0.0,0.4)","[0.0,0.4)"
R-SIM_all,954,6.6382721639824105,22,CCc1cc(C(=O)N[C@@H](CSSC[C@H](NC(=O)c2cc3c(nc2CC)C(=O)[C@H]2C=CC=C[C@@H]2C3=O)C(=O)N2CCC[C@H]2C(=O)N[C@@H](Cc2ccccc2)C(=O)NCCCN)C(=O)N2CCC[C@H]2C(=O)N[C@@H](Cc2ccccc2)C(=O)NCCCN)c2c(n1)C(=O)[C@H]1C=CC=C[C@H]1C2=O,O=C(NC(CSSCC(NC(=O)c1ccnc2c1C(=O)C1C=CC=CC1C2=O)C(=O)N1CCCC1C(=O)NCCc1ccccc1)C(=O)N1CCCC1C(=O)NCCc1ccccc1)c1cnc2c(c1)C(=O)C1C=CC=CC1C2=O,1.0,2juk,0.1590909090909091,6dn2,False,False,0.1590909090909091,6dn2,0.3584905660377359,0.1590909090909091,"[0.8,1.0]","[0.0,0.4)","[0.0,0.4)"
R-SIM_all,167,7.221848749616361,45,NCC1OC(OC2C(CO)OC(OC3C(O)C(N)CC(N)C3OC3OC(CN)C(O)C(O)C3N)C2O)C(N)C(O)C1O,C1CCC(OC2COC(OC3CCCCC3OC3CCCCO3)C2)OC1,0.5777777777777777,1q8n,1.0,1ei2,False,True,0.4444444444444444,1ei2,0.4444444444444444,1.0,"[0.4,0.6)","[0.8,1.0]","[0.4,0.6)"
R-SIM_all,1227,5.455931955649719,79,C[NH+](C)CCCOc1ccc2nc3n(c2c1)CC(C[NH+](C)C)CN3,c1ccc2c(c1)nc1n2CCCN1,0.5189873417721519,3npn,0.2028985507246377,6e1v,False,False,0.2028985507246377,6e1v,0.3291139240506329,0.2028985507246377,"[0.4,0.6)","[0.0,0.4)","[0.0,0.4)"
R-SIM_all,710,5.84466396253494,29,C[C@H]1C(=O)N(C)C(=O)c2c1ncn2C[C@H](O)N(C)C,O=C1Cc2nc[nH]c2C(=O)N1,1.0,1arj,0.18461538461538463,5v1l,False,False,0.18461538461538463,5v1l,0.3448275862068966,0.18461538461538463,"[0.8,1.0]","[0.0,0.4)","[0.0,0.4)"
R-SIM_all,1596,4.10790539730952,43,NCC1OC(OC2C(N)CC(N)C(O)C2OC2OC(CO)C(O)C2O)C(N)C(O)C1O,C1CCC(OC2CCCCC2OC2CCCO2)OC1,0.5,4ts2,1.0,2et5,False,True,0.4883720930232558,1ei2,0.4883720930232558,0.8837209302325582,"[0.4,0.6)","[0.8,1.0]","[0.4,0.6)"
R-SIM_all,328,6.397940008672039,29,NCCCNCCO[C@@H]1[C@H](O[C@@H]2[C@H](O)[C@@H](N)C[C@H](N)[C@H]2O[C@@H]2O[C@@H](CO)[C@H](O)[C@H](O)[C@H]2N)OC[C@H]1O[C@@H]1O[C@H](CN)C[C@H](O)[C@H]1N,C1CCC(OC2COC(OC3CCCCC3OC3CCCCO3)C2)OC1,0.9310344827586207,1byj,0.684931506849315,2bee,False,True,0.684931506849315,2bee,0.7241379310344828,0.684931506849315,"[0.8,1.0]","[0.6,0.8)","[0.6,0.8)"
R-SIM_all,1848,5.455931955649719,47,CN(C)CCCN=C(N)c1ccc(-c2ccc(-c3nc4ccc(C(N)=NCCCN(C)C)cc4[nH]3)o2)cc1,c1ccc(-c2ccc(-c3nc4ccccc4[nH]3)o2)cc1,0.5319148936170213,1nbk,0.23170731707317074,3tzr,False,False,0.23170731707317074,3tzr,0.3191489361702128,0.23170731707317074,"[0.4,0.6)","[0.0,0.4)","[0.0,0.4)"
R-SIM_all,260,2.52287874528034,29,COc1cccc2c1Sc1ccccc1N2CCCN(C)C,c1ccc2c(c1)Nc1ccccc1S2,1.0,1arj,0.5185185185185185,1lvj,False,True,0.5185185185185185,1lvj,0.935483870967742,0.5185185185185185,"[0.8,1.0]","[0.4,0.6)","[0.4,0.6)"
R-SIM_all,1056,4.657577319177791,22,CCc1nc2ccccc2cc1C(=O)N[C@@H](CC(N)=O)C(=O)N[C@H](CSSC[C@H](NC(=O)[C@@H]1CCCN1C(=O)c1cc2ccccc2nc1CC)C(=O)N[C@H](CCCCN)C(=O)NCCCN)C(=O)N[C@@H](CCCCN)C(=O)NCCCN,O=C(CNC(=O)c1cnc2ccccc2c1)NCCSSCCNC(=O)C1CCCN1C(=O)c1cnc2ccccc2c1,1.0,2juk,0.17647058823529413,6dn1,False,False,0.17647058823529413,6dn1,0.37037037037037035,0.17647058823529413,"[0.8,1.0]","[0.0,0.4)","[0.0,0.4)"
R-SIM_all,2069,5.19928292171762,14,N[C@@H]1C[C@@H](N)[C@@H](OCCCc2cn(Cc3ccc(Cn4cc(CCCO[C@@H]5[C@H](O)[C@H](O)[C@@H](N)C[C@H]5N)nn4)cc3)nn2)[C@H](O)[C@H]1O,c1cc(Cn2cc(CCCOC3CCCCC3)nn2)ccc1Cn1cc(CCCOC2CCCCC2)nn1,0.631578947368421,5z71,0.27419354838709675,2et8,False,False,0.27419354838709675,2et8,0.47619047619047616,0.27419354838709675,"[0.6,0.8)","[0.0,0.4)","[0.0,0.4)"
R-SIM_all,1152,7.207608310501749,52,CCc1nc2cc3ccccc3cc2cc1C(=O)N[C@@H](Cc1cn(CC[C@@H](C(=O)N2CCC[C@H]2C(=O)N(C)[C@@H](Cc2ccccc2)C(=O)NCCC[NH3+])N(C)C(=O)c2cc3cc4ccccc4cc3nc2CC)nn1)C(=O)N1CCC[C@H]1C(=O)N[C@@H](Cc1ccccc1)C(=O)NCCC[NH3+],O=C(NC(CCn1cc(CC(NC(=O)c2cnc3cc4ccccc4cc3c2)C(=O)N2CCCC2C(=O)NCCc2ccccc2)nn1)C(=O)N1CCCC1C(=O)NCCc1ccccc1)c1cnc2cc3ccccc3cc2c1,0.8076923076923077,2l94,0.17164179104477612,3mij,False,False,0.17164179104477612,3mij,0.23076923076923073,0.17164179104477612,"[0.8,1.0]","[0.0,0.4)","[0.0,0.4)"
R-SIM_all,1371,5.49485002168009,29,OC(CNc1ccc(N2CCOCC2)cc1)Cn1c2ccccc2c2cc(Br)ccc21,c1ccc2c(c1)c1ccccc1n2CCCNc1ccc(N2CCOCC2)cc1,0.5588235294117647,1nbk,0.15476190476190477,3f4g,False,False,0.15476190476190477,3f4g,0.3928571428571429,0.15476190476190477,"[0.4,0.6)","[0.0,0.4)","[0.0,0.4)"
R-SIM_all,1117,7.30980391997149,37,CCc1nc2cc3ccccc3cc2cc1C(=O)N1CCC[C@H]1C(=O)N[C@@H](C/C=C\C[C@H](NC(=O)[C@@H]1CCCN1C(=O)c1cc2cc3ccccc3cc2nc1CC)C(=O)N[C@@H](CCCC[NH3+])C(=O)NCCC[NH3+])C(=O)N[C@@H](CCCC[NH3+])C(=O)NCCC[NH3+],O=C(NCCC=CCCNC(=O)C1CCCN1C(=O)c1cnc2cc3ccccc3cc2c1)C1CCCN1C(=O)c1cnc2cc3ccccc3cc2c1,0.5675675675675675,3b58,0.17857142857142858,5c45,False,False,0.17857142857142858,5c45,0.40740740740740744,0.17857142857142858,"[0.4,0.6)","[0.0,0.4)","[0.0,0.4)"
R-SIM_all,264,2.52287874528034,29,Cc1ccc2c(c1)Sc1ccccc1N2CCCN(C)C,c1ccc2c(c1)Nc1ccccc1S2,1.0,1arj,0.6122448979591837,1lvj,False,True,0.6122448979591837,1lvj,0.935483870967742,0.6122448979591837,"[0.8,1.0]","[0.6,0.8)","[0.6,0.8)"
R-SIM_all,196,5.732828271596991,1542,NCC1OC(OC2C(CO)OC(OC3C(O)C(N)CC(N)C3OC3OC(CO)C(O)C(O)C3N)C2O)C(N)C(O)C1O,C1CCC(OC2COC(OC3CCCCC3OC3CCCCO3)C2)OC1,0.25616083009079116,4faq,1.0,1fyp,False,True,0.11154345006485089,3dir,0.11154345006485089,0.12643678160919541,"[0.0,0.4)","[0.8,1.0]","[0.0,0.4)"
R-SIM_all,1102,6.49485002168009,18,Nc1nc(N)[nH+]c(NCCCCNc2c3ccccc3[nH+]c3c(C(=O)NCCC[NH2+]CCC[NH2+]CCCNC(=O)c4cccc5c(NCCCCNc6nc(N)[nH+]c(N)n6)c6ccccc6[nH+]c45)cccc23)n1,O=C(NCCC[NH2+]CCC[NH2+]CCCNC(=O)c1cccc2c(NCCCCNc3ncnc[nH+]3)c3ccccc3[nH+]c12)c1cccc2c(NCCCCNc3nc[nH+]cn3)c3ccccc3[nH+]c12,0.5909090909090908,2fcx,0.15,3dig,False,False,0.15,3sux,0.18000000000000005,0.15,"[0.4,0.6)","[0.0,0.4)","[0.0,0.4)"
R-SIM_all,2266,9.24184537803261,71,CN(C)C1C(=O)C(C(N)=O)=C(O)C2(O)C(=O)C3=C(O)c4c(O)ccc(Cl)c4C(C)(O)C3CC12,O=C1C=CC2C(=O)C3=Cc4ccccc4CC3CC2C1,0.5476190476190477,4frg,0.1568627450980392,6bfb,False,False,0.1568627450980392,6bfb,0.49295774647887325,0.1568627450980392,"[0.4,0.6)","[0.0,0.4)","[0.0,0.4)"
R-SIM_all,2416,7.15490195998574,34,NCC1OC(OC2C(CO)OC(OC3C(O)C(N)CC(N)C3OC3OC(CN)C(O)C(O)C3N)C2O)C(N)C(O)C1O,C1CCC(OC2COC(OC3CCCCC3OC3CCCCO3)C2)OC1,0.5227272727272727,1duh,1.0,1ei2,False,True,0.47058823529411764,3c44,0.47058823529411764,0.9761904761904762,"[0.4,0.6)","[0.8,1.0]","[0.4,0.6)"
R-SIM_all,197,5.77211329538633,1542,NC[C@@H]1O[C@H](O[C@H]2[C@@H](O)[C@H](O[C@H]3O[C@@H](CNc4c5ccccc5nc5ccccc45)[C@H](O)[C@@H](N)[C@@H]3O)[C@@H](N)C[C@H]2N)[C@H](N)C[C@@H]1O,c1ccc2c(NCC3CCCC(OC4CCCC(OC5CCCCO5)C4)O3)c3ccccc3nc2c1,0.25616083009079116,4faq,0.5873015873015873,1lc4,False,False,0.11219195849546049,3dig,0.11219195849546049,0.1595744680851064,"[0.0,0.4)","[0.4,0.6)","[0.0,0.4)"
R-SIM_all,994,5.30102999566398,118,O=C(N/N=C\c1ccc(Br)cc1)c1cc[n+](Cc2ccccc2)cc1,O=C(NN=Cc1ccccc1)c1cc[n+](Cc2ccccc2)cc1,0.5084745762711864,3gx7,0.15853658536585366,6c63,False,False,0.15853658536585366,6c63,0.30508474576271183,0.15853658536585366,"[0.4,0.6)","[0.0,0.4)","[0.0,0.4)"
R-SIM_all,2073,5.68402965454308,16,N[C@@H]1C[C@@H](N)[C@@H](OCCCc2cn(Cc3ccc(Cn4cc(CCCO[C@@H]5[C@H](O)[C@H](O)[C@@H](N)C[C@H]5N)nn4)cc3)nn2)[C@H](O)[C@H]1O,c1cc(Cn2cc(CCCOC3CCCCC3)nn2)ccc1Cn1cc(CCCOC2CCCCC2)nn1,0.625,5v1l,0.27419354838709675,2et8,False,False,0.27419354838709675,2et8,0.5714285714285714,0.27419354838709675,"[0.6,0.8)","[0.0,0.4)","[0.0,0.4)"
R-SIM_all,2116,5.25963731050576,38,CN(C)c1ccc2c(-c3ccccc3)c3ccc(=[N+](C)C)cc-3oc2c1,[N+]=c1ccc2c(-c3ccccc3)c3ccccc3oc-2c1,0.868421052631579,1f1t,1.0,1f1t,True,True,0.868421052631579,1f1t,0.868421052631579,1.0,"[0.8,1.0]","[0.8,1.0]","[0.8,1.0]"
R-SIM_all,2322,8.180456064458129,35,CNc1ncc(CN2CCC[C@H](c3nc(-c4cccs4)cc(=O)[nH]3)C2)cn1,O=c1cc(-c2cccs2)nc(C2CCCN(Cc3cncnc3)C2)[nH]1,1.0,1fmn,0.6764705882352942,5c45,False,False,0.4528301886792453,5kx9,0.4528301886792453,0.52,"[0.8,1.0]","[0.6,0.8)","[0.4,0.6)"
R-SIM_all,2086,5.62160209905186,17,N[C@@H]1C[C@@H](N)[C@@H](OCCCc2cn(Cc3cccc(Cn4cc(CCCO[C@@H]5[C@H](O)[C@H](O)[C@@H](N)C[C@H]5N)nn4)c3)nn2)[C@H](O)[C@H]1O,c1cc(Cn2cc(CCCOC3CCCCC3)nn2)cc(Cn2cc(CCCOC3CCCCC3)nn2)c1,0.6666666666666667,3bnt,0.27586206896551724,3s4p,False,False,0.27586206896551724,3s4p,0.5714285714285714,0.27586206896551724,"[0.6,0.8)","[0.0,0.4)","[0.0,0.4)"
R-SIM_all,732,5.55284196865778,52,COc1cccc2c1C(=O)c1c(O)c3c(c(O)c1C2=O)C[C@@](O)(C(=O)CO)C[C@@H]3O[C@H]1C[C@H](N)[C@H](O)[C@H](C)O1,O=C1c2ccccc2C(=O)c2cc3c(cc21)CCCC3OC1CCCCO1,0.8076923076923077,2l94,0.18095238095238095,4gpw,False,False,0.18095238095238095,4gpw,0.32692307692307687,0.18095238095238095,"[0.8,1.0]","[0.0,0.4)","[0.0,0.4)"
R-SIM_all,372,5.44369749923271,29,NC[C@H]1OC[C@@H](O[C@H]2[C@H](O)[C@H](O[C@@H]3[C@@H](O)[C@@H](N)C[C@@H](N)[C@H]3O[C@H]3O[C@H](CNCC[C@@H]4CCCCN4)[C@@H](O)[C@@H](O)[C@H]3N)O[C@@H]2CO)[C@H](O)[C@H]1O,C1CCC(CCNCC2CCCC(OC3CCCCC3OC3CC(OC4CCCOC4)CO3)O2)NC1,0.9310344827586207,1byj,0.5633802816901409,1ei2,False,False,0.5633802816901409,2et4,0.7241379310344828,0.5633802816901409,"[0.8,1.0]","[0.4,0.6)","[0.4,0.6)"
R-SIM_all,1865,6.15490195998574,47,O=C(/C=C/c1ccccc1)N1CCN(C(=O)/C=C/c2ccccc2)c2ccccc21,O=C(C=Cc1ccccc1)N1CCN(C(=O)C=Cc2ccccc2)c2ccccc21,0.5357142857142857,3f4g,0.1864406779661017,1lvj,False,False,0.1864406779661017,1lvj,0.4042553191489362,0.1864406779661017,"[0.4,0.6)","[0.0,0.4)","[0.0,0.4)"
R-SIM_all,1911,6.55284196865778,21,Cc1cccc(-c2nnc(-c3nc(NCCc4c(C)noc4C)c4ccccc4n3)o2)c1,c1ccc(-c2nnc(-c3nc(NCCc4cnoc4)c4ccccc4n3)o2)cc1,0.5238095238095238,1zz5,0.16842105263157894,3mij,False,False,0.16842105263157894,3mij,0.38095238095238093,0.16842105263157894,"[0.4,0.6)","[0.0,0.4)","[0.0,0.4)"
R-SIM_all,2441,6.585026652029179,34,NCCC(O)C(=O)NC1CC(N)C(OC2OC(CN)C(O)C(O)C2N)C(OC2OC(CO)C(O)C2O)C1O,C1CCC(OC2CCCCC2OC2CCCO2)OC1,0.5,1q8n,0.8307692307692308,4pdq,False,True,0.5,3c44,0.5,0.5806451612903226,"[0.4,0.6)","[0.8,1.0]","[0.4,0.6)"
R-SIM_all,2253,4.85387196432176,33,NCC1OC(OC2C(N)CC(N)C(OC3OC(CN)C(OC4OC(CO)C(O)C(O)C4N)C(N)C3O)C2O)C(N)CC1O,C1CCC(OC2CCC(OC3CCCC(OC4CCCCO4)C3)OC2)OC1,0.5454545454545454,1xst,0.8297872340425532,1lc4,False,False,0.5151515151515151,1fyp,0.5151515151515151,0.6415094339622641,"[0.4,0.6)","[0.8,1.0]","[0.4,0.6)"
R-SIM_all,2190,6.376750709602099,48,NCC1OC(OC2C(N)CC(N)C(OC3OC(CN)C(OC4OC(CO)C(O)C(N)C4O)C(O)C3N)C2O)C(N)CC1O,C1CCC(OC2CCC(OC3CCCC(OC4CCCCO4)C3)OC2)OC1,0.5625,6e8u,0.8913043478260869,1lc4,False,False,0.44594594594594594,1i9v,0.44594594594594594,0.5818181818181818,"[0.4,0.6)","[0.8,1.0]","[0.4,0.6)"
R-SIM_all,922,5.22184874961636,17,N[C@@H]1C[C@H](N)[C@@H](O)[C@H](O)[C@H]1OCc1ccc(CCc2ccc(CO[C@@H]3[C@@H](O)[C@H](O)[C@@H](N)C[C@@H]3N)cc2)cc1,c1cc(COC2CCCCC2)ccc1CCc1ccc(COC2CCCCC2)cc1,0.6470588235294117,5v1l,0.3541666666666667,2et8,False,False,0.3541666666666667,2et8,0.5238095238095238,0.3541666666666667,"[0.6,0.8)","[0.0,0.4)","[0.0,0.4)"
R-SIM_all,1920,4.84163750790475,21,Fc1ccc(Oc2ncccc2CNC2CN3CCC2CC3)cc1F,c1ccc(Oc2ncccc2CNC2CN3CCC2CC3)cc1,0.5238095238095238,1zz5,0.1797752808988764,5c45,False,False,0.1797752808988764,5c45,0.35185185185185186,0.1797752808988764,"[0.4,0.6)","[0.0,0.4)","[0.0,0.4)"
R-SIM_all,2455,5.72978714510376,33,NCC1OC(OC2C(CO)OC(OC3C(O)C(N)CC(N)C3OC3OC(CO)C(O)C(O)C3N)C2O)C(N)C(O)C1O,C1CCC(OC2COC(OC3CCCCC3OC3CCCCO3)C2)OC1,0.5151515151515151,3gs5,1.0,1fyp,False,True,0.4242424242424242,1fyp,0.4242424242424242,1.0,"[0.4,0.6)","[0.8,1.0]","[0.4,0.6)"
R-SIM_all,1859,6.4317982759330095,47,C[NH+](C)CCC[NH+]=C(N)c1ccc(C(N)=[NH+]CCC[NH+](C)C)cc1,c1ccccc1,0.5357142857142857,3f4g,1.0,2l94,False,True,0.42553191489361697,2l94,0.42553191489361697,1.0,"[0.4,0.6)","[0.8,1.0]","[0.4,0.6)"
R-SIM_all,751,6.013228265733759,239,[NH3+]C/C=C/CC([NH3+])C(=O)[O-],ACYCLIC_EXACT::[NH3+]C/C=C/CC([NH3+])C(=O)[O-],0.47791164658634533,4y1n,0.19444444444444445,3d0u,False,False,0.19444444444444445,3d0u,0.4602510460251046,0.19444444444444445,"[0.4,0.6)","[0.0,0.4)","[0.0,0.4)"
R-SIM_all,731,8.0,52,N=C(N)NC[C@@H]1O[C@H](O[C@@H]2[C@@H](O)[C@H](O[C@@H]3[C@H](O)[C@@H](NC(=N)N)C[C@@H](NC(=N)N)[C@@H]3O[C@H]3O[C@H](CNC(=N)N)[C@@H](O)[C@@H](O)[C@H]3NC(=N)N)O[C@H]2CO)[C@@H](NC(=N)N)[C@@H](O)[C@@H]1O,C1CCC(OC2COC(OC3CCCCC3OC3CCCCO3)C2)OC1,0.8076923076923077,2l94,0.7288135593220338,2juk,False,True,0.42307692307692313,2juk,0.42307692307692313,0.7288135593220338,"[0.8,1.0]","[0.6,0.8)","[0.4,0.6)"
R-SIM_all,1262,5.43062609038495,18,CCN(CC)CCOc1ccc(Nc2nc(-c3ccccc3NC(=O)CCN3CCN(C)CC3)nc3ccccc23)cc1,O=C(CCN1CCNCC1)Nc1ccccc1-c1nc(Nc2ccccc2)c2ccccc2n1,0.6111111111111112,1nyi,0.2653061224489796,3mij,False,False,0.2653061224489796,3mij,0.5555555555555556,0.2653061224489796,"[0.6,0.8)","[0.0,0.4)","[0.0,0.4)"
R-SIM_all,607,6.096910013008059,29,NC[C@@H]1O[C@@H](O[C@H]2[C@@H](OCC(=O)NCCCCCNC(=O)CO[C@@H]3[C@H](O)[C@H](N)C[C@H](N)[C@@H]3O[C@@H]3O[C@H](CN)[C@H](O)[C@H](O)[C@@H]3N)[C@H](O)[C@@H](N)C[C@@H]2N)[C@@H](N)[C@@H](O)[C@H]1O,O=C(COC1CCCCC1OC1CCCCO1)NCCCCCNC(=O)COC1CCCCC1OC1CCCCO1,0.9310344827586207,1byj,0.5849056603773585,2et8,False,False,0.5849056603773585,2et8,0.7241379310344828,0.5849056603773585,"[0.8,1.0]","[0.4,0.6)","[0.4,0.6)"
R-SIM_all,357,6.30102999566398,29,NC[C@H]1OC[C@H](O[C@@H]2[C@H](O)[C@@H](O[C@@H]3[C@@H](O)[C@@H](N)C[C@@H](N)[C@H]3O[C@H]3O[C@H](CNCCc4ccccc4)[C@H](O)[C@@H](O)[C@H]3N)O[C@@H]2CO)[C@H](O)[C@H]1O,c1ccc(CCNCC2CCCC(OC3CCCCC3OC3CC(OC4CCCOC4)CO3)O2)cc1,0.9310344827586207,1byj,0.6753246753246753,3s4p,False,False,0.6753246753246753,3s4p,0.7241379310344828,0.6753246753246753,"[0.8,1.0]","[0.6,0.8)","[0.6,0.8)"
R-SIM_all,808,7.52287874528034,34,CNC1C(O)C(OC2C(N)CC(N)C(OC3OC(CN)=CCC3N)C2O)OCC1(C)O,C1=COC(OC2CCCC(OC3CCCCO3)C2)CC1,0.5,1duh,1.0,4f8u,False,True,0.4411764705882353,5z1h,0.4411764705882353,0.8448275862068966,"[0.4,0.6)","[0.8,1.0]","[0.4,0.6)"
R-SIM_all,1923,4.03151705144607,21,Cc1cc(N2CCN(C(=O)CCc3cc4n(n3)CCNC4)CC2)nc(N)n1,O=C(CCc1cc2n(n1)CCNC2)N1CCN(c2ccncn2)CC1,0.5238095238095238,1zz5,0.21333333333333335,2lwk,False,False,0.21333333333333335,2lwk,0.40625,0.21333333333333335,"[0.4,0.6)","[0.0,0.4)","[0.0,0.4)"
R-SIM_all,2460,6.036684488613889,33,CNC1C(O)C(OC2C(N)CC(N)C(OC3OC(C(C)CCNC(=O)c4ccc(-c5c6ccc(=[N+](C)C)cc-6oc6cc(N(C)C)ccc56)c(C(=O)O)c4)CCC3N)C2O)OCC1(C)O,[N+]=c1ccc2c(-c3ccc(C(=O)NCCCC4CCCC(OC5CCCC(OC6CCCCO6)C5)O4)cc3)c3ccccc3oc-2c1,0.5151515151515151,3gs5,0.44761904761904764,6gzk,False,False,0.4375,6gzk,0.4375,0.44761904761904764,"[0.4,0.6)","[0.4,0.6)","[0.4,0.6)"
R-SIM_all,1155,7.79588001734408,52,CCc1nc2cc3ccccc3cc2cc1C(=O)N(C)[C@@H](CCn1cc(C[C@@H](C(=O)N2CCC[C@H]2C(=O)N(C)[C@@H](Cc2ccccc2)C(=O)NCCC[NH3+])N(C)C(=O)c2cc3cc4ccccc4cc3nc2CC)nn1)C(=O)N1CCC[C@H]1C(=O)N(C)[C@@H](Cc1ccccc1)C(=O)NCCC[NH3+],O=C(NC(CCn1cc(CC(NC(=O)c2cnc3cc4ccccc4cc3c2)C(=O)N2CCCC2C(=O)NCCc2ccccc2)nn1)C(=O)N1CCCC1C(=O)NCCc1ccccc1)c1cnc2cc3ccccc3cc2c1,0.8076923076923077,2l94,0.17886178861788618,3mij,False,False,0.17886178861788618,3mij,0.23076923076923073,0.17886178861788618,"[0.8,1.0]","[0.0,0.4)","[0.0,0.4)"
R-SIM_all,1909,6.318758762624411,21,Cc1cccc(-c2nnc(-c3nc(NCCc4cnc[nH]4)c4ccccc4n3)o2)c1,c1ccc(-c2nnc(-c3nc(NCCc4cnc[nH]4)c4ccccc4n3)o2)cc1,0.5238095238095238,1zz5,0.17894736842105263,3mij,False,False,0.17894736842105263,3mij,0.38095238095238093,0.17894736842105263,"[0.4,0.6)","[0.0,0.4)","[0.0,0.4)"
R-SIM_all,628,4.36653154442041,29,CO[C@H]1O[C@H](CN)[C@H](O[C@H]2O[C@@H](CN)[C@H](O)[C@H](O)[C@@H]2N)[C@H](O[C@@H]2O[C@@H](CO)[C@H](O)[C@@H]2O)[C@@H]1N,C1CCC(OC2COCCC2OC2CCCO2)OC1,0.9310344827586207,1byj,0.6326530612244898,2et5,False,False,0.6326530612244898,2et5,0.7241379310344828,0.6326530612244898,"[0.8,1.0]","[0.6,0.8)","[0.6,0.8)"
R-SIM_all,1369,5.08092190762393,29,OC(CNc1ccccc1)Cn1c2ccccc2c2ccccc21,c1ccc(NCCCn2c3ccccc3c3ccccc32)cc1,0.5588235294117647,1nbk,0.16666666666666666,3f4g,False,False,0.16666666666666666,3f4g,0.3928571428571429,0.16666666666666666,"[0.4,0.6)","[0.0,0.4)","[0.0,0.4)"
R-SIM_all,715,3.43770713554353,29,O=c1c2ccccc2[nH]c2cc3c(=O)c4ccccc4[nH]c3cc12,O=c1c2ccccc2[nH]c2cc3c(=O)c4ccccc4[nH]c3cc12,1.0,1arj,0.3333333333333333,6e1v,False,False,0.30000000000000004,6e1v,0.30000000000000004,0.3333333333333333,"[0.8,1.0]","[0.0,0.4)","[0.0,0.4)"
R-SIM_all,329,6.15490195998574,29,NCCNCCO[C@H]1[C@H](O[C@@H]2[C@@H](O)[C@@H](N)C[C@@H](N)[C@H]2O[C@H]2O[C@H](CO)[C@@H](O)[C@H](O)[C@H]2N)OC[C@@H]1O[C@H]1O[C@@H](CN)C[C@@H](O)[C@@H]1N,C1CCC(OC2COC(OC3CCCCC3OC3CCCCO3)C2)OC1,0.9310344827586207,1byj,0.6351351351351351,2bee,False,True,0.6351351351351351,2bee,0.7241379310344828,0.6351351351351351,"[0.8,1.0]","[0.6,0.8)","[0.6,0.8)"
R-SIM_all,371,5.2839966563652006,29,NC[C@H]1OC[C@H](O[C@@H]2[C@H](O)[C@@H](O[C@@H]3[C@@H](O)[C@@H](N)C[C@@H](N)[C@H]3O[C@H]3O[C@H](CNCC[C@H]4CCCNC4)[C@@H](O)[C@@H](O)[C@H]3N)O[C@@H]2CO)[C@H](O)[C@H]1O,C1CNCC(CCNCC2CCCC(OC3CCCCC3OC3CC(OC4CCCOC4)CO3)O2)C1,0.9310344827586207,1byj,0.6585365853658537,2be0,False,False,0.6585365853658537,2be0,0.7241379310344828,0.6585365853658537,"[0.8,1.0]","[0.6,0.8)","[0.6,0.8)"
R-SIM_all,1298,3.69464863055338,45,O=c1c(O)c(-c2cc(O)c(O)c(O)c2)oc2cc(O)cc(O)c12,O=c1cc(-c2ccccc2)oc2ccccc12,0.5333333333333333,1eht,1.0,5xi1,True,True,0.19999999999999996,5xi1,0.19999999999999996,1.0,"[0.4,0.6)","[0.8,1.0]","[0.0,0.4)"
R-SIM_all,230,4.74472749489669,29,Cc1cc(N(C)C)nc2cc(NC(=O)Cc3ccncc3)ccc12,O=C(Cc1ccncc1)Nc1ccc2cccnc2c1,0.9310344827586207,1byj,0.2345679012345679,3mij,False,False,0.2345679012345679,3mij,0.3448275862068966,0.2345679012345679,"[0.8,1.0]","[0.0,0.4)","[0.0,0.4)"
R-SIM_all,336,7.0,29,NC[C@@H]1C[C@H](O)[C@@H](N)[C@H](O[C@@H]2CO[C@H](O[C@H]3[C@H](O)[C@@H](N)C[C@@H](N)[C@@H]3O[C@H]3O[C@@H](CO)[C@H](O)[C@@H](O)[C@@H]3N)[C@H]2OCCNC2CCCCC2)O1,C1CCC(NCCOC2C(OC3CCCCO3)COC2OC2CCCCC2OC2CCCCO2)CC1,0.9310344827586207,1byj,0.524390243902439,2bee,False,False,0.524390243902439,2bee,0.7241379310344828,0.524390243902439,"[0.8,1.0]","[0.4,0.6)","[0.4,0.6)"
R-SIM_all,1055,4.619788758288389,22,CCc1nc2ccccc2cc1C(=O)N1CCC[C@H]1C(=O)N[C@@H](CSSC[C@H](NC(=O)[C@@H]1CCCN1C(=O)c1cc2ccccc2nc1CC)C(=O)N[C@H](CCCCN)C(=O)NCCCN)C(=O)N[C@H](CCCCN)C(=O)NCCCN,O=C(NCCSSCCNC(=O)C1CCCN1C(=O)c1cnc2ccccc2c1)C1CCCN1C(=O)c1cnc2ccccc2c1,1.0,2juk,0.18181818181818182,6dn1,False,False,0.18181818181818182,6dn1,0.37037037037037035,0.18181818181818182,"[0.8,1.0]","[0.0,0.4)","[0.0,0.4)"
R-SIM_all,1560,5.30102999566398,36,N=[N+]=NCCCNC(=N)c1ccc(-c2ccc(-c3ccc(C(=N)N)cc3)o2)cc1,c1ccc(-c2ccc(-c3ccccc3)o2)cc1,0.6111111111111112,6az4,0.19642857142857142,2l94,False,False,0.19642857142857142,2l94,0.3555555555555555,0.19642857142857142,"[0.6,0.8)","[0.0,0.4)","[0.0,0.4)"
R-SIM_all,687,3.64975198166584,29,COC(=O)c1ccc(Cn2c(C3CCNCC3)nc3cc(Cl)c(Cl)cc32)cc1,c1ccc(Cn2c(C3CCNCC3)nc3ccccc32)cc1,0.9310344827586207,1byj,0.22535211267605634,2lwk,False,False,0.22535211267605634,2lwk,0.5625,0.22535211267605634,"[0.8,1.0]","[0.0,0.4)","[0.0,0.4)"
R-SIM_all,2408,4.85387196432176,16,C[N+](C)(C)CCN[N+]1(C)CCCc2ccccc21,c1ccc2c(c1)CCC[NH2+]2,0.6086956521739131,1nem,0.13114754098360656,6e1v,False,False,0.13114754098360656,6e1v,0.3666666666666667,0.13114754098360656,"[0.6,0.8)","[0.0,0.4)","[0.0,0.4)"
R-SIM_all,667,3.6556077263148894,29,,,0.9310344827586207,1byj,0.0,12ci,False,False,0.0,12ci,0.3414634146341463,0.0,"[0.8,1.0]","[0.0,0.4)","[0.0,0.4)"
R-SIM_all,222,5.7891466346851095,67,Nc1ncc2[nH]cnc2n1,c1ncc2[nH]cnc2n1,1.0,2g9c,0.4838709677419355,3g4m,False,True,0.4838709677419355,3g4m,0.9850746268656716,0.4838709677419355,"[0.8,1.0]","[0.4,0.6)","[0.4,0.6)"
R-SIM_all,807,6.95860731484177,34,NCC1OC(OC2C(N)CC(N)C(OC3OC(CO)C(O)C(N)C3O)C2O)C(N)C(O)C1O,C1CCC(OC2CCCC(OC3CCCCO3)C2)OC1,0.5,1duh,0.8809523809523809,2esi,False,True,0.5,3c44,0.5,0.7446808510638298,"[0.4,0.6)","[0.8,1.0]","[0.4,0.6)"
R-SIM_all,1403,3.68193666503724,67,CNC1C(OC2OC(Cn3cc(CCC(=O)Nc4cccc(-c5csc(NC(C)=O)n5)c4)nn3)C(N)C(O)C2O)OC2CC(N)C(OC3C(N)CC(N)C(O)C3O)OC2C1O,O=C(CCc1cn(CC2CCCC(OC3CCC4OC(OC5CCCCC5)CCC4O3)O2)nn1)Nc1cccc(-c2cscn2)c1,0.5074626865671642,2kx8,0.4666666666666667,1yrj,False,False,0.3731343283582089,2m4q,0.3731343283582089,0.4666666666666667,"[0.4,0.6)","[0.4,0.6)","[0.0,0.4)"
R-SIM_all,630,6.6382721639824105,29,NCCO[C@@H]1[C@@H](O[C@@H]2[C@@H](O)[C@@H](N)C[C@@H](N)[C@H]2O[C@H]2O[C@@H](CO)[C@H](O)[C@@H](O)[C@@H]2N)O[C@H](CO)[C@@H]1O[C@H]1O[C@H](CN)[C@H](O)[C@@H](O)[C@@H]1N,C1CCC(OC2COC(OC3CCCCC3OC3CCCCO3)C2)OC1,0.9310344827586207,1byj,0.7931034482758621,2bee,False,True,0.7647058823529411,1fyp,0.896551724137931,0.7647058823529411,"[0.8,1.0]","[0.6,0.8)","[0.6,0.8)"
R-SIM_all,1593,4.6382721639824105,43,CNC1C(OC2OC(Cn3cc(CCC(=O)Nc4cccc(-c5csc(NC(C)=O)n5)c4)nn3)C(N)C(O)C2O)OC2CC(N)C(OC3C(N)CC(N)C(O)C3O)OC2C1O,O=C(CCc1cn(CC2CCCC(OC3CCC4OC(OC5CCCCC5)CCC4O3)O2)nn1)Nc1cccc(-c2cscn2)c1,0.5,4ts2,0.4666666666666667,1yrj,False,False,0.41860465116279066,4k31,0.41860465116279066,0.4666666666666667,"[0.4,0.6)","[0.4,0.6)","[0.4,0.6)"
R-SIM_all,2216,4.85387196432176,41,NC[C@@H]1O[C@H](O[C@H]2[C@@H](O)[C@H](O[C@H]3O[C@@H](CNc4c5ccccc5nc5ccccc45)[C@H](O)[C@@H](N)[C@@H]3O)[C@@H](N)C[C@H]2N)[C@H](N)C[C@@H]1O,c1ccc2c(NCC3CCCC(OC4CCCC(OC5CCCCO5)C4)O3)c3ccccc3nc2c1,0.5853658536585367,1eht,0.5873015873015873,1lc4,False,False,0.41463414634146345,1lc4,0.41463414634146345,0.5873015873015873,"[0.4,0.6)","[0.4,0.6)","[0.4,0.6)"
R-SIM_all,677,3.7447274948966895,29,c1ccc2[nH]c(C3CCNCC3)nc2c1,c1ccc2[nH]c(C3CCNCC3)nc2c1,0.9310344827586207,1byj,0.1864406779661017,6qiv,False,False,0.1864406779661017,6qiv,0.24137931034482762,0.1864406779661017,"[0.8,1.0]","[0.0,0.4)","[0.0,0.4)"
R-SIM_all,1849,6.481486060122111,47,CC(C)c1ccc2nc3ccc(C(=O)NCCN(C)C)cn3c(=O)c2c1,O=c1c2ccccc2nc2ccccn12,0.5319148936170213,1nbk,0.22077922077922077,1lvj,False,False,0.22077922077922077,1lvj,0.3829787234042553,0.22077922077922077,"[0.4,0.6)","[0.0,0.4)","[0.0,0.4)"
R-SIM_all,830,5.52287874528034,41,CNC1C(O)C(OC2C(N)CC(N)C(OC3OC(CN)CCC3N)C2O)OCC1(C)O,C1CCC(OC2CCCC(OC3CCCCO3)C2)OC1,0.5853658536585367,1eht,1.0,2et3,False,True,0.41463414634146345,1mwl,0.41463414634146345,0.6031746031746031,"[0.4,0.6)","[0.8,1.0]","[0.4,0.6)"
R-SIM_all,806,6.769551078621731,34,NCC1OC(OC2C(N)CC(N)C(OC3OC(CO)C(O)C(N)C3O)C2O)C(O)C(O)C1O,C1CCC(OC2CCCC(OC3CCCCO3)C2)OC1,0.5,1duh,1.0,2esi,False,True,0.5,3c44,0.5,0.6530612244897959,"[0.4,0.6)","[0.8,1.0]","[0.4,0.6)"
R-SIM_all,1611,4.83863199776503,46,O=c1oc2cc(N3CCNCC3)ccc2cc1-c1cn2ccccc2n1,O=c1oc2cc(N3CCNCC3)ccc2cc1-c1cn2ccccc2n1,0.5217391304347826,2ktz,0.25,6hmo,False,False,0.23913043478260865,6hmo,0.23913043478260865,0.25,"[0.4,0.6)","[0.0,0.4)","[0.0,0.4)"
R-SIM_all,234,5.812479279163541,29,NCCC(O)C(=O)NC1CC(N)C(OC2OC(CN)C(O)C(O)C2O)C(O)C1OC1OC(CO)C(O)C(N)C1O,C1CCC(OC2CCCC(OC3CCCCO3)C2)OC1,1.0,1arj,1.0,4p20,False,True,0.5172413793103448,1lc4,0.5172413793103448,0.53125,"[0.8,1.0]","[0.8,1.0]","[0.4,0.6)"
R-SIM_all,916,4.958607314841769,16,N[C@@H]1C[C@H](N)[C@H](OCCCCCCCCCCCCO[C@@H]2[C@H](O)[C@H](O)[C@@H](N)C[C@H]2N)[C@H](O)[C@H]1O,C(CCCCCCOC1CCCCC1)CCCCCOC1CCCCC1,0.625,5v1l,0.40476190476190477,2et8,False,False,0.40476190476190477,2et8,0.5714285714285714,0.40476190476190477,"[0.6,0.8)","[0.4,0.6)","[0.4,0.6)"
R-SIM_all,962,4.958607314841769,118,Cc1cc(N2CCN(C)CC2)n2nc(-c3ccc(Cl)cc3)nc2n1,c1ccc(-c2nc3nccc(N4CCNCC4)n3n2)cc1,0.5084745762711864,3gx7,0.2602739726027397,6hmo,False,False,0.16417910447761194,2lwk,0.2542372881355932,0.16417910447761194,"[0.4,0.6)","[0.0,0.4)","[0.0,0.4)"
R-SIM_all,779,4.67778070526608,29,N[C@@H]1[C@@H](O[C@@H]2O[C@H]3C(=O)c4cc5ccccc5cc4[C@@H]3[C@@]23C(=O)C=Cc2ccccc23)O[C@H](CO)[C@H](O)[C@H]1O,O=C1c2cc3ccccc3cc2C2C1OC(OC1CCCCO1)C21C(=O)C=Cc2ccccc21,0.5714285714285714,1ddy,0.28865979381443296,3s4p,False,False,0.28865979381443296,3s4p,0.4482758620689655,0.28865979381443296,"[0.4,0.6)","[0.0,0.4)","[0.0,0.4)"
R-SIM_all,1374,5.5686362358410095,29,Cc1ccccc1NCC(O)Cn1c2cc(Br)ccc2c2ccc(Br)cc21,c1ccc(NCCCn2c3ccccc3c3ccccc32)cc1,0.5588235294117647,1nbk,0.19230769230769232,3f4h,False,False,0.19230769230769232,3f4h,0.42592592592592593,0.19230769230769232,"[0.4,0.6)","[0.0,0.4)","[0.0,0.4)"
R-SIM_all,1319,0.467245621007502,28,c1ccc2c(NCc3cn(CCC[NH+]4CCCCC4)nn3)c3oc4ccccc4c3[nH+]c2c1,c1ccc2c(NCc3cn(CCC[NH+]4CCCCC4)nn3)c3oc4ccccc4c3[nH+]c2c1,0.6071428571428572,1nta,0.16666666666666666,6e1s,False,False,0.16666666666666666,6e1s,0.4516129032258065,0.16666666666666666,"[0.6,0.8)","[0.0,0.4)","[0.0,0.4)"
R-SIM_all,2046,4.69897000433602,67,Nc1nc(N)nc(N)n1,c1ncncn1,1.0,2g9c,0.6153846153846154,2xnz,False,True,0.6153846153846154,2xnz,0.9701492537313433,0.6153846153846154,"[0.8,1.0]","[0.6,0.8)","[0.6,0.8)"
R-SIM_all,255,3.85387196432176,29,CO[C@H]1CCCN(CCCCN2c3ccccc3Sc3ccc(C(C)=O)cc32)C1,c1ccc2c(c1)Sc1ccccc1N2CCCCN1CCCCC1,1.0,1arj,0.5645161290322581,1lvj,False,False,0.5645161290322581,1lvj,0.935483870967742,0.5645161290322581,"[0.8,1.0]","[0.4,0.6)","[0.4,0.6)"
R-SIM_all,1233,5.65757731917779,27,C[NH+](C)CC1CNc2[nH+]c3ccc4c(c3n2C1)CC(C[NH+](C)C)O4,c1cc2[nH+]c3n(c2c2c1OCC2)CCCN3,0.6578947368421053,2ktz,0.26666666666666666,2ktz,False,False,0.26666666666666666,2ktz,0.6578947368421053,0.26666666666666666,"[0.6,0.8)","[0.0,0.4)","[0.0,0.4)"
R-SIM_all,114,3.6575773191777903,29,Cc1cc2nc(N)[nH]c2cc1C,c1ccc2[nH]cnc2c1,0.9310344827586207,1byj,0.2619047619047619,2l1v,False,False,0.2619047619047619,2l1v,0.41666666666666663,0.2619047619047619,"[0.8,1.0]","[0.0,0.4)","[0.0,0.4)"
R-SIM_all,412,8.92081875395238,35,Cc1cc2nc3c(=O)[nH]c(=O)nc-3n(CC(O)C(O)C(O)COP(=O)(O)O)c2cc1C,O=c1nc2[nH]c3ccccc3nc-2c(=O)[nH]1,1.0,1fmn,1.0,1fmn,False,True,1.0,1fmn,1.0,1.0,"[0.8,1.0]","[0.8,1.0]","[0.8,1.0]"
R-SIM_all,2471,5.82915179635669,26,CN(C)c1ccc2c(-c3ccc(C(=O)NCC4OC(OC5C(N)CC(N)C(OC6OC(CO)C(O)C(N)C6O)C5O)C(N)C(O)C4O)cc3C(=O)O)c3ccc(=[N+](C)C)cc-3oc2c1,[N+]=c1ccc2c(-c3ccc(C(=O)NCC4CCCC(OC5CCCC(OC6CCCCO6)C5)O4)cc3)c3ccccc3oc-2c1,0.6153846153846154,3gs5,0.5222222222222223,6gzk,False,False,0.41666666666666663,6gzk,0.41666666666666663,0.5222222222222223,"[0.6,0.8)","[0.4,0.6)","[0.4,0.6)"
R-SIM_all,798,5.619788758288389,29,CNC1C(OC2C(OC3C(O)C(O)C(N=C(N)N)C(O)C3N=C(N)N)OC(C)C2(O)C=O)OC(CO)C(O)C1O,C1CCC(OC2OCCC2OC2CCCCO2)CC1,1.0,1arj,0.676056338028169,1nta,False,True,0.6206896551724138,1nta,0.6206896551724138,0.676056338028169,"[0.8,1.0]","[0.6,0.8)","[0.6,0.8)"
R-SIM_all,797,3.11918640771921,29,NCCC(O)C(=O)NC1CC(N)C(OC2OC(CN)C(O)C(O)C2O)C(O)C1OC1OC(CO)C(O)C(N)C1O,C1CCC(OC2CCCC(OC3CCCCO3)C2)OC1,0.6388888888888888,1raw,1.0,4p20,False,True,0.48275862068965514,1lc4,0.48275862068965514,0.53125,"[0.6,0.8)","[0.8,1.0]","[0.4,0.6)"
R-SIM_all,662,3.0,29,O=[N+]([O-])c1ccc2nc(-c3ccncc3)[nH]c2c1,c1ccc2[nH]c(-c3ccncc3)nc2c1,0.9310344827586207,1byj,0.16666666666666666,6jjh,False,False,0.16666666666666666,6jjh,0.3793103448275862,0.16666666666666666,"[0.8,1.0]","[0.0,0.4)","[0.0,0.4)"
R-SIM_all,833,4.0,40,CNC1C(O)C(NC)C2OC3(O)C(=O)CC(C)OC3OC2C1O,O=C1CCOC2OC3CCCCC3OC12,0.55,1ddy,0.22641509433962265,1byj,False,False,0.22641509433962265,1byj,0.42500000000000004,0.22641509433962265,"[0.4,0.6)","[0.0,0.4)","[0.0,0.4)"
R-SIM_all,2229,5.22184874961636,41,NCC1OC(OC2C(N)CC(N)C(OC3OC(CN)C(OC4OC(CO)C(O)C(O)C4N)C(N)C3O)C2O)C(N)CC1O,C1CCC(OC2CCC(OC3CCCC(OC4CCCCO4)C3)OC2)OC1,0.5853658536585367,1eht,0.8297872340425532,1lc4,False,False,0.4878048780487805,1ei2,0.4878048780487805,0.6226415094339622,"[0.4,0.6)","[0.8,1.0]","[0.4,0.6)"
R-SIM_all,1267,4.52287874528034,39,C[NH+]1CCN(c2ccc(-c3ccc4[nH]c(-c5cc(C(C)(C)C)c(OCCCC(=O)NCCCN=[N+]=[N-])c(C(C)(C)C)c5)nc4c3)cc2)CC1,c1ccc(-c2nc3cc(-c4ccc(N5CC[NH2+]CC5)cc4)ccc3[nH]2)cc1,0.56,3npn,0.1891891891891892,1uts,False,False,0.1891891891891892,1uts,0.4358974358974359,0.1891891891891892,"[0.4,0.6)","[0.0,0.4)","[0.0,0.4)"
R-SIM_all,2083,6.3565473235138095,17,Cc1cc(C)c(Cn2cc(CCCO[C@H]3[C@H](O)[C@@H](O)[C@H](N)C[C@H]3N)nn2)c(C)c1Cn1cc(CCCO[C@@H]2[C@H](O)[C@H](O)[C@@H](N)C[C@H]2N)nn1,c1cc(Cn2cc(CCCOC3CCCCC3)nn2)cc(Cn2cc(CCCOC3CCCCC3)nn2)c1,0.6470588235294117,5v1l,0.25,2et8,False,False,0.25,2et8,0.5714285714285714,0.25,"[0.6,0.8)","[0.0,0.4)","[0.0,0.4)"
R-SIM_all,863,6.267606240177031,30,NCC1OC(OC2C(CO)OC(OC3C(O)C(N)CC(N)C3OC3OC(CN)C(O)C(O)C3N)C2O)C(N)C(O)C1O,C1CCC(OC2COC(OC3CCCCC3OC3CCCCO3)C2)OC1,0.6333333333333333,1fyp,1.0,1ei2,False,True,0.6333333333333333,1fyp,0.6333333333333333,0.9761904761904762,"[0.6,0.8)","[0.8,1.0]","[0.6,0.8)"
R-SIM_all,159,3.65364702554936,29,O=C(NCCN1CCCCC1)c1c(O)c2c([nH]c1=O)C=C=C=C2,O=C(NCCN1CCCCC1)c1cc2c([nH]c1=O)C=C=C=C2,0.9310344827586207,1byj,0.17073170731707318,4u6k,False,False,0.17073170731707318,4u6k,0.27586206896551724,0.17073170731707318,"[0.8,1.0]","[0.0,0.4)","[0.0,0.4)"
R-SIM_all,1014,4.92081875395238,24,CNC(=O)c1cc2c(=O)n3cccc(C)c3nc2n(CCCO)c1=N,N=c1ccc2c(=O)n3ccccc3nc2[nH]1,0.5,2juk,0.2087912087912088,6dn2,False,False,0.2087912087912088,6dn2,0.3207547169811321,0.2087912087912088,"[0.4,0.6)","[0.0,0.4)","[0.0,0.4)"
R-SIM_all,1270,4.39794000867204,39,C[NH+]1CCN(c2ccc(-c3ccc4[nH]c(-c5cc(C(C)(C)C)c(OCCCC(=O)NCCCN=[N+]=[N-])c(C(C)(C)C)c5)nc4c3)cc2)CC1,c1ccc(-c2nc3cc(-c4ccc(N5CC[NH2+]CC5)cc4)ccc3[nH]2)cc1,0.54,3npn,0.1891891891891892,1uts,False,False,0.1891891891891892,1uts,0.4358974358974359,0.1891891891891892,"[0.4,0.6)","[0.0,0.4)","[0.0,0.4)"
R-SIM_all,2413,4.958607314841769,29,CC(N)=[NH+]CCCC[C@H]([NH3+])C(=O)[O-],ACYCLIC_EXACT::CC(N)=[NH+]CCCC[C@H]([NH3+])C(=O)[O-],0.6388888888888888,1raw,0.2826086956521739,1nbk,False,False,0.2826086956521739,1nbk,0.5588235294117647,0.2826086956521739,"[0.6,0.8)","[0.0,0.4)","[0.0,0.4)"
R-SIM_all,1128,7.1331221856625,47,CCc1nc2cc3ccccc3cc2cc1C(=O)N1CCC[C@H]1C(=O)N[C@@H](CCC/C=C/CCC[C@H](NC(=O)[C@@H]1CCCN1C(=O)c1cc2cc3ccccc3cc2nc1CC)C(=O)N[C@@H](CCCC[NH3+])C(=O)NCCC[NH3+])C(=O)N[C@@H](CCCC[NH3+])C(=O)NCCC[NH3+],O=C(NCCCCC=CCCCCNC(=O)C1CCCN1C(=O)c1cnc2cc3ccccc3cc2c1)C1CCCN1C(=O)c1cnc2cc3ccccc3cc2c1,0.5106382978723405,4ts2,0.18018018018018017,6dn1,False,False,0.18018018018018017,6dn1,0.40740740740740744,0.18018018018018017,"[0.4,0.6)","[0.0,0.4)","[0.0,0.4)"
R-SIM_all,2458,5.61475131759678,33,NCC1OC(OC2C(N)CC(N)C(OC3OC(CO)C(O)C(N)C3O)C2O)C(N)C(O)C1O,C1CCC(OC2CCCC(OC3CCCCO3)C2)OC1,0.5151515151515151,3gs5,0.8809523809523809,2esi,False,True,0.4242424242424242,1fyp,0.4242424242424242,0.7446808510638298,"[0.4,0.6)","[0.8,1.0]","[0.4,0.6)"
R-SIM_all,2066,5.86646109162978,14,N[C@@H]1C[C@@H](N)[C@@H](OCCCc2cn(Cc3cccc(Cn4cc(CCCO[C@@H]5[C@H](O)[C@H](O)[C@@H](N)C[C@H]5N)nn4)c3)nn2)[C@H](O)[C@H]1O,c1cc(Cn2cc(CCCOC3CCCCC3)nn2)cc(Cn2cc(CCCOC3CCCCC3)nn2)c1,0.7142857142857143,2bcy,0.27586206896551724,3s4p,False,False,0.27586206896551724,3s4p,0.47619047619047616,0.27586206896551724,"[0.6,0.8)","[0.0,0.4)","[0.0,0.4)"
R-SIM_all,1173,5.46852108295774,30,C[n+]1c(/C=C/c2cc3ccccc3[nH]2)ccc2ccccc21,C(=Cc1ccc2ccccc2[nH+]1)c1cc2ccccc2[nH]1,0.5806451612903225,5v3f,0.21666666666666667,6c64,False,False,0.21666666666666667,6c64,0.5,0.21666666666666667,"[0.4,0.6)","[0.0,0.4)","[0.0,0.4)"
R-SIM_all,1019,3.55284196865778,12,CC1CCN(c2ccc(N)cc2)CC1,c1ccc(N2CCCCC2)cc1,0.5833333333333333,5ux3,0.2,2kd4,False,False,0.2,2kd4,0.25,0.2,"[0.4,0.6)","[0.0,0.4)","[0.0,0.4)"
R-SIM_all,397,5.455931955649719,1542,CN(C)C1C(=O)C(C(N)=O)=C(O)C2(O)C(=O)C3=C(O)c4c(O)cccc4C(C)(O)C3CC12,O=C1C=CC2C(=O)C3=Cc4ccccc4CC3CC2C1,0.25616083009079116,4faq,0.16,6bfb,False,False,0.08163265306122448,3dig,0.11219195849546049,0.08163265306122448,"[0.0,0.4)","[0.0,0.4)","[0.0,0.4)"
R-SIM_all,1190,5.88605664769316,78,CN1CCN(c2ccc3nc(-c4cc(C(C)(C)C)c(OCCCC(=O)NCCCN=[N+]=[N-])c(C(C)(C)C)c4)[nH]c3c2)CC1,c1ccc(-c2nc3ccc(N4CCNCC4)cc3[nH]2)cc1,0.5128205128205128,3ski,0.21782178217821782,6hmo,False,False,0.1889763779527559,5v3f,0.33333333333333337,0.1889763779527559,"[0.4,0.6)","[0.0,0.4)","[0.0,0.4)"
R-SIM_all,829,5.0,41,NCCC(O)C(=O)NC1CC(N)C(OC2OC(CN)C(O)C(O)C2O)C(O)C1OC1OC(CO)C(O)C(N)C1O,C1CCC(OC2CCCC(OC3CCCCO3)C2)OC1,0.5853658536585367,1eht,1.0,4p20,False,True,0.4878048780487805,2kxm,0.4878048780487805,0.49230769230769234,"[0.4,0.6)","[0.8,1.0]","[0.4,0.6)"
R-SIM_all,1395,4.64781748188864,67,NCC1OC(OC2C(Cn3cc(CCC(=O)Nc4cccc(-c5csc(NC(=O)c6ccc(F)cc6)n5)c4)nn3)OC(OC3C(O)C(N)CC(N)C3OC3OC(CN)C(O)C(O)C3N)C2O)C(N)C(O)C1O,O=C(CCc1cn(CC2OC(OC3CCCCC3OC3CCCCO3)CC2OC2CCCCO2)nn1)Nc1cccc(-c2csc(NC(=O)c3ccccc3)n2)c1,0.5074626865671642,2kx8,0.3627450980392157,1ei2,False,False,0.3627450980392157,1i9v,0.4864864864864865,0.3627450980392157,"[0.4,0.6)","[0.0,0.4)","[0.0,0.4)"
R-SIM_all,1053,4.67778070526608,18,CCc1nc2ccccc2cc1C(=O)N1CCC[C@H]1C(=O)N[C@@H](CSSC[C@@H](NC(=O)[C@@H]1CCCN1C(=O)c1ccc2c(c1)OCO2)C(=O)N[C@@H](CCCCN)C(=O)NCCCN)C(=O)N[C@H](CCCCN)C(=O)NCCCN,O=C(NCCSSCCNC(=O)C1CCCN1C(=O)c1cnc2ccccc2c1)C1CCCN1C(=O)c1ccc2c(c1)OCO2,0.6086956521739131,1xpf,0.16379310344827586,2ktz,False,False,0.16379310344827586,2ktz,0.3421052631578947,0.16379310344827586,"[0.6,0.8)","[0.0,0.4)","[0.0,0.4)"
R-SIM_all,2364,6.95860731484177,29,NCC1OC(OC2C(CO)OC(OC3C(O)C(N)CC(N)C3OC3OC(CO)C(O)C(O)C3N)C2O)C(N)C(O)C1O,C1CCC(OC2COC(OC3CCCCC3OC3CCCCO3)C2)OC1,0.9310344827586207,1byj,1.0,1fyp,False,True,0.896551724137931,1fyp,0.896551724137931,1.0,"[0.8,1.0]","[0.8,1.0]","[0.8,1.0]"
R-SIM_all,1922,4.4089353929735,21,NCCc1cc(N2CCC(N3CCC(O)CC3)CC2)ncn1,c1cc(N2CCC(N3CCCCC3)CC2)ncn1,0.5238095238095238,1zz5,0.19607843137254902,12ci,False,False,0.19607843137254902,12ci,0.25609756097560976,0.19607843137254902,"[0.4,0.6)","[0.0,0.4)","[0.0,0.4)"
R-SIM_all,1868,5.267606240177031,47,O=C1c2ccccc2C(=O)c2c(NCCN3CCOCC3)ccc(NCCN3CCOCC3)c21,O=C1c2ccccc2C(=O)c2c(NCCN3CCOCC3)ccc(NCCN3CCOCC3)c21,0.5357142857142857,3f4g,0.3137254901960784,2kgp,False,False,0.3137254901960784,2kgp,0.3829787234042553,0.3137254901960784,"[0.4,0.6)","[0.0,0.4)","[0.0,0.4)"
R-SIM_all,712,4.92445303860747,29,O=C1OC2(c3ccc(O)cc3Oc3cc(O)ccc32)c2ccc(N=C=S)cc21,O=C1OC2(c3ccccc3Oc3ccccc32)c2ccccc21,1.0,1arj,0.16129032258064516,5xi1,False,False,0.16129032258064516,5xi1,0.27586206896551724,0.16129032258064516,"[0.8,1.0]","[0.0,0.4)","[0.0,0.4)"
R-SIM_all,279,2.30102999566398,29,Clc1ccc2c(c1)N(CCNCc1ccccc1)c1ccccc1S2,c1ccc(CNCCN2c3ccccc3Sc3ccccc32)cc1,1.0,1arj,0.36666666666666664,1lvj,False,False,0.36666666666666664,1lvj,0.935483870967742,0.36666666666666664,"[0.8,1.0]","[0.0,0.4)","[0.0,0.4)"
R-SIM_all,2172,5.55284196865778,24,NCC1OC(OC2C(CO)OC(OC3C(O)C(N)CC(N)C3OC3OC(CN)C(O)C(O)C3N)C2O)C(N)C(O)C1O,C1CCC(OC2COC(OC3CCCCC3OC3CCCCO3)C2)OC1,0.5555555555555556,1xst,1.0,1ei2,False,True,0.45833333333333337,2fcx,0.45833333333333337,0.7045454545454546,"[0.4,0.6)","[0.8,1.0]","[0.4,0.6)"
R-SIM_all,361,5.09691001300806,29,COc1ccccc1CCNC[C@@H]1O[C@H](O[C@H]2[C@H](O[C@H]3O[C@H](CO)[C@@H](O[C@@H]4CO[C@H](CN)[C@H](O)[C@H]4O)[C@@H]3O)[C@@H](O)[C@@H](N)C[C@H]2N)[C@H](N)[C@@H](O)[C@@H]1O,c1ccc(CCNCC2CCCC(OC3CCCCC3OC3CC(OC4CCCOC4)CO3)O2)cc1,0.9310344827586207,1byj,0.5405405405405406,1ei2,False,False,0.5405405405405406,2et4,0.7241379310344828,0.5405405405405406,"[0.8,1.0]","[0.4,0.6)","[0.4,0.6)"
R-SIM_all,634,3.56066730616974,29,N[C@@H]1C[C@H](N)[C@@H](O)[C@H](O)[C@H]1OCn1ccnc1,c1cn(COC2CCCCC2)cn1,0.9310344827586207,1byj,0.3269230769230769,2et8,False,False,0.3269230769230769,2et8,0.7241379310344828,0.3269230769230769,"[0.8,1.0]","[0.0,0.4)","[0.0,0.4)"
R-SIM_all,273,3.25963731050576,29,CCCCCNCCCN1c2ccccc2Sc2ccc(Cl)cc21,c1ccc2c(c1)Nc1ccccc1S2,1.0,1arj,0.423728813559322,1lvj,False,True,0.423728813559322,1lvj,0.935483870967742,0.423728813559322,"[0.8,1.0]","[0.4,0.6)","[0.4,0.6)"
R-SIM_all,253,5.86966623150499,29,CCNC1CC(N)C(OC2OC(CN)=CCC2N)C(O)C1OC1OCC(C)(O)C(NC)C1O,C1=COC(OC2CCCC(OC3CCCCO3)C2)CC1,1.0,1arj,0.8387096774193549,4f8u,False,True,0.5517241379310345,4gpw,0.5517241379310345,0.7272727272727273,"[0.8,1.0]","[0.8,1.0]","[0.4,0.6)"
R-SIM_all,701,3.1726307269461698,29,Clc1cc2nc(C3CCNCC3)n(Cc3ncccn3)c2cc1Cl,c1cnc(Cn2c(C3CCNCC3)nc3ccccc32)nc1,0.9310344827586207,1byj,0.19444444444444445,3f4g,False,False,0.19444444444444445,3f4g,0.4107142857142857,0.19444444444444445,"[0.8,1.0]","[0.0,0.4)","[0.0,0.4)"
R-SIM_all,638,6.0,29,NC[C@@H]1O[C@@H](O[C@H]2[C@@H](O)[C@H](O[C@@H]3[C@@H](O)[C@H](N)C[C@H](N)[C@H]3OCSc3ccnc4cc(C(F)(F)F)ccc34)O[C@@H]2CO)[C@H](N)[C@@H](O)[C@@H]1O,c1ccc2c(SCOC3CCCCC3OC3CC(OC4CCCCO4)CO3)ccnc2c1,0.9310344827586207,1byj,0.5333333333333333,1ei2,False,False,0.5333333333333333,2et4,0.7241379310344828,0.5333333333333333,"[0.8,1.0]","[0.4,0.6)","[0.4,0.6)"
R-SIM_all,2100,6.06550154875643,29,CN(C)CCCn1c(N)nc2ccc3c(c21)CC(CN(C)C)CO3,c1nc2ccc3c(c2[nH]1)CCCO3,0.6111111111111112,6e82,1.0,3tzr,False,True,0.5263157894736843,2ktz,0.5263157894736843,0.7142857142857143,"[0.6,0.8)","[0.8,1.0]","[0.4,0.6)"
R-SIM_all,2357,3.3555614105321605,29,N[C@@H]1C[C@H](N)[C@@H](O)[C@H](O)[C@H]1OCn1ccc(C(F)(F)F)n1,c1cnn(COC2CCCCC2)c1,0.9310344827586207,1byj,0.31746031746031744,2o3v,False,False,0.31746031746031744,2o3v,0.5862068965517242,0.31746031746031744,"[0.8,1.0]","[0.0,0.4)","[0.0,0.4)"
R-SIM_all,2415,7.15490195998574,34,NCCC(O)C(=O)NC1CC(N)C(OC2OC(CN)C(O)C(O)C2O)C(O)C1OC1OC(CO)C(O)C(N)C1O,C1CCC(OC2CCCC(OC3CCCCO3)C2)OC1,0.5227272727272727,1duh,1.0,4p20,False,True,0.47058823529411764,4pdq,0.47058823529411764,0.6438356164383562,"[0.4,0.6)","[0.8,1.0]","[0.4,0.6)"
R-SIM_all,1855,5.27572413039921,47,O=C(O)C1CCc2nc(NCc3ccccc3)nc(NCc3ccccc3)c2C1,c1ccc(CNc2nc3c(c(NCc4ccccc4)n2)CCCC3)cc1,0.5319148936170213,1nbk,0.18072289156626506,5c45,False,False,0.18072289156626506,5c45,0.4444444444444444,0.18072289156626506,"[0.4,0.6)","[0.0,0.4)","[0.0,0.4)"
R-SIM_all,1230,6.06048074738138,79,C[NH+](C)CCCn1c(N)[nH+]c2ccc3c(c21)CC(C[NH+](C)C)CO3,c1[nH]c2c3c(ccc2[nH+]1)OCCC3,0.5189873417721519,3npn,0.4057971014492754,3tzr,False,False,0.28378378378378377,2ktz,0.4810126582278481,0.28378378378378377,"[0.4,0.6)","[0.4,0.6)","[0.0,0.4)"
R-SIM_all,275,2.30102999566398,29,C[C@H]1CCCN1CCN1c2ccccc2Sc2ccc(Cl)cc21,c1ccc2c(c1)Sc1ccccc1N2CCN1CCCC1,1.0,1arj,0.36507936507936506,1lvj,False,False,0.36507936507936506,1lvj,0.935483870967742,0.36507936507936506,"[0.8,1.0]","[0.0,0.4)","[0.0,0.4)"
R-SIM_all,1582,4.45593195564972,43,CCNC1CC(N)C(OC2OC(CN)=CCC2N)C(O)C1OC1OCC(C)(O)C(NC)C1O,C1=COC(OC2CCCC(OC3CCCCO3)C2)CC1,0.5116279069767442,1ei2,0.8387096774193549,4f8u,False,True,0.4651162790697675,4k32,0.4651162790697675,0.47368421052631576,"[0.4,0.6)","[0.8,1.0]","[0.4,0.6)"
R-SIM_all,626,4.4089353929735,29,CO[C@H]1O[C@@H](CN)[C@H](O[C@H]2O[C@@H](CN)[C@H](O)[C@@H](O)[C@@H]2N)[C@@H](O)[C@@H]1N,C1CCC(OC2CCCOC2)OC1,0.9310344827586207,1byj,0.5952380952380952,2et8,False,False,0.5952380952380952,2et8,0.7241379310344828,0.5952380952380952,"[0.8,1.0]","[0.4,0.6)","[0.4,0.6)"
R-SIM_all,373,5.4089353929735005,29,N[C@@H]1[C@@H](O[C@H]2[C@@H](OCCN(CCc3ccccc3)C(=O)c3ccccc3)[C@H](O[C@@H]3[C@@H](O)[C@H](N)C[C@H](N)[C@@H]3O[C@H]3C[C@H](CO)[C@H](O)[C@@H](O)[C@@H]3N)O[C@@H]2CO)O[C@H](N)[C@@H](O)[C@@H]1O,O=C(c1ccccc1)N(CCOC1C(OC2CCCCO2)COC1OC1CCCCC1OC1CCCCC1)CCc1ccccc1,0.9310344827586207,1byj,0.5333333333333333,3s4p,False,False,0.5333333333333333,3s4p,0.7241379310344828,0.5333333333333333,"[0.8,1.0]","[0.4,0.6)","[0.4,0.6)"
R-SIM_all,2076,5.340083799930151,16,N[C@@H]1C[C@@H](N)[C@@H](OCCCc2cn(Cc3cccc(Cn4cc(CCCO[C@@H]5[C@H](O)[C@H](O)[C@@H](N)C[C@H]5N)nn4)n3)nn2)[C@H](O)[C@H]1O,c1cc(Cn2cc(CCCOC3CCCCC3)nn2)nc(Cn2cc(CCCOC3CCCCC3)nn2)c1,0.625,5v1l,0.26153846153846155,2et8,False,False,0.26153846153846155,2et8,0.5714285714285714,0.26153846153846155,"[0.6,0.8)","[0.0,0.4)","[0.0,0.4)"
R-SIM_all,1054,4.38721614328026,22,NCCCC[C@H](NC(=O)[C@H](CSSC[C@H](NC(=O)[C@@H]1CCCN1C(=O)c1ccc2c(c1)OCO2)C(=O)N[C@H](CCCCN)C(=O)NCCCN)NC(=O)[C@@H]1CCCN1C(=O)c1ccc2c(c1)OCO2)C(=O)NCCCN,O=C(NCCSSCCNC(=O)C1CCCN1C(=O)c1ccc2c(c1)OCO2)C1CCCN1C(=O)c1ccc2c(c1)OCO2,1.0,2juk,0.19090909090909092,2f4u,False,False,0.19090909090909092,2f4u,0.5909090909090908,0.19090909090909092,"[0.8,1.0]","[0.0,0.4)","[0.0,0.4)"
R-SIM_all,123,4.69897000433602,29,Cc1ccnc(NCCCN)c1,c1ccncc1,0.9310344827586207,1byj,0.2727272727272727,1j8g,False,False,0.2727272727272727,1xpf,0.3448275862068966,0.2727272727272727,"[0.8,1.0]","[0.0,0.4)","[0.0,0.4)"
R-SIM_all,2434,7.30102999566398,34,NCC1OC(OC2C(CO)OC(OC3C(O)C(N)CC(N)C3OC3OC(CN)C(O)C(O)C3N)C2O)C(N)C(O)C1O,C1CCC(OC2COC(OC3CCCCC3OC3CCCCO3)C2)OC1,0.5,1duh,1.0,1ei2,False,True,0.5,3c44,0.5,0.9761904761904762,"[0.4,0.6)","[0.8,1.0]","[0.4,0.6)"
R-SIM_all,2149,5.6382721639824105,29,NCC1OC(OC2C(N)CC(N)C(OC3OC(CN)C(OC4OC(CO)C(O)C(O)C4N)C(N)C3O)C2O)C(N)CC1O,C1CCC(OC2CCC(OC3CCCC(OC4CCCCO4)C3)OC2)OC1,0.6111111111111112,6e82,0.8297872340425532,1lc4,False,False,0.5172413793103448,1ei2,0.5172413793103448,0.6226415094339622,"[0.6,0.8)","[0.8,1.0]","[0.4,0.6)"
R-SIM_all,1944,5.97881070093006,47,COc1cc(C=CC(=O)CC(=O)C=Cc2ccc(O)c(OC)c2)ccc1O,O=C(C=Cc1ccccc1)CC(=O)C=Cc1ccccc1,0.5535714285714286,3f4g,0.23809523809523808,12ci,False,False,0.23809523809523808,12ci,0.4512195121951219,0.23809523809523808,"[0.4,0.6)","[0.0,0.4)","[0.0,0.4)"
R-SIM_all,623,4.39794000867204,29,CO[C@H]1O[C@@H](CO)[C@@H](O[C@H]2O[C@H](CN)[C@@H](O)[C@@H](O)[C@H]2N)[C@@H](O)[C@@H]1N,C1CCC(OC2CCCOC2)OC1,0.9310344827586207,1byj,0.6382978723404256,1ei2,False,False,0.6382978723404256,2et4,0.7241379310344828,0.6382978723404256,"[0.8,1.0]","[0.6,0.8)","[0.6,0.8)"
R-SIM_all,1301,7.01772876696043,21,[NH3+]CCNc1c2c(c(NCC[NH3+])c3occc13)C(=O)c1ccccc1C2=O,O=C1c2ccccc2C(=O)c2cc3occc3cc21,0.5714285714285714,3wru,0.19298245614035087,2kgp,False,False,0.19298245614035087,2kgp,0.4,0.19298245614035087,"[0.4,0.6)","[0.0,0.4)","[0.0,0.4)"
R-SIM_all,789,5.55284196865778,30,CN[C@@H]1[C@@H](O[C@H]2c3cc4ccccc4cc3[C@@H]3[C@@H]2C=C[C@@]32C(=O)C=Cc3ccc(OC)cc32)O[C@@H](C)[C@@H](O)[C@H]1O,O=C1C=Cc2ccccc2C12C=CC1C(OC3CCCCO3)c3cc4ccccc4cc3C12,0.5714285714285714,1ddy,0.19811320754716982,1nta,False,False,0.19811320754716982,1nta,0.5333333333333333,0.19811320754716982,"[0.4,0.6)","[0.0,0.4)","[0.0,0.4)"
R-SIM_all,250,7.721246399047169,29,Cn1cc(C(=O)O)c(=O)c2cc(N)c(N3CCN(c4ccccn4)CC3)cc21,O=c1cc[nH]c2cc(N3CCN(c4ccccn4)CC3)ccc12,1.0,1arj,0.18681318681318682,6dn2,False,False,0.18681318681318682,6dn2,0.37735849056603776,0.18681318681318682,"[0.8,1.0]","[0.0,0.4)","[0.0,0.4)"
R-SIM_all,348,6.15490195998574,29,NCCO[C@H]1[C@H](O[C@@H]2[C@H](O)[C@@H](N)C[C@@H](N)[C@H]2O[C@H]2O[C@@H](CO)[C@H](O)[C@@H](O)[C@@H]2N)OC[C@@H]1O[C@H]1O[C@@H](CN)C[C@@H](O)[C@@H]1NCCc1ccc2ccccc2c1,c1ccc2cc(CCNC3CCCOC3OC3COC(OC4CCCCC4OC4CCCCO4)C3)ccc2c1,0.9310344827586207,1byj,0.5157894736842106,3s4p,False,False,0.5157894736842106,3s4p,0.7241379310344828,0.5157894736842106,"[0.8,1.0]","[0.4,0.6)","[0.4,0.6)"
R-SIM_all,637,4.16749108729376,29,N[C@@H]1C[C@H](N)[C@@H](OCSc2ccnc3cc(C(F)(F)F)ccc23)[C@H](O)[C@@H]1O,c1ccc2c(SCOC3CCCCC3)ccnc2c1,0.9310344827586207,1byj,0.2571428571428571,6jbf,False,False,0.2571428571428571,6jbf,0.6551724137931034,0.2571428571428571,"[0.8,1.0]","[0.0,0.4)","[0.0,0.4)"
R-SIM_all,1326,7.231731983548451,10,c1ccc2c(NCc3cn(CCC[NH+]4CCCCC4)nn3)c3oc4ccccc4c3[nH+]c2c1,c1ccc2c(NCc3cn(CCC[NH+]4CCCCC4)nn3)c3oc4ccccc4c3[nH+]c2c1,0.8333333333333334,21cc,0.16666666666666666,6e1s,False,False,0.16666666666666666,6e1s,0.25806451612903225,0.16666666666666666,"[0.8,1.0]","[0.0,0.4)","[0.0,0.4)"
R-SIM_all,391,8.69897000433602,2897,C=CC1(C)CC(OC(=O)CSC2CC3CCC(C2)N3C)C2(C)C(C)CCC3(CCC(=O)C32)C(C)C1O,O=C(CSC1CC2CCC(C1)N2)OC1CCCCC23CCCC1C2C(=O)CC3,0.13669313082499135,4faq,0.16,4u6k,False,False,0.075,4e8k,0.13393165343458746,0.075,"[0.0,0.4)","[0.0,0.4)","[0.0,0.4)"
R-SIM_all,2483,4.7281583934635005,30,NCC1OC(OC2C(CO)OC(OC3C(O)C(N)CC(N)C3OC3OC(CO)C(O)C(O)C3N)C2O)C(N)C(O)C1O,C1CCC(OC2COC(OC3CCCCC3OC3CCCCO3)C2)OC1,0.6333333333333333,1fyp,1.0,1fyp,False,True,0.6333333333333333,1fyp,0.6333333333333333,1.0,"[0.6,0.8)","[0.8,1.0]","[0.6,0.8)"
R-SIM_all,1380,6.1366771398795406,29,CNC(=O)c1cc(Oc2ccc(NC(=O)Nc3ccc(Cl)c(C(F)(F)F)c3)c(F)c2)ccn1,O=C(Nc1ccccc1)Nc1ccc(Oc2ccncc2)cc1,0.5588235294117647,1nbk,0.14285714285714285,5bjp,False,False,0.14285714285714285,5bjp,0.4722222222222222,0.14285714285714285,"[0.4,0.6)","[0.0,0.4)","[0.0,0.4)"
R-SIM_all,1297,6.602059991327961,45,O=c1c(O)c(-c2cc(O)c(O)c(O)c2)oc2cc(O)cc(O)c12,O=c1cc(-c2ccccc2)oc2ccccc12,0.5357142857142857,3f4g,1.0,5xi1,True,True,0.19999999999999996,5xi1,0.19999999999999996,1.0,"[0.4,0.6)","[0.8,1.0]","[0.0,0.4)"
R-SIM_all,1579,4.82390874094432,43,NCCC(O)C(=O)NC1CC(N)C(OC2OC(CN)C(O)C(O)C2O)C(O)C1OC1OC(CO)C(O)C(N)C1O,C1CCC(OC2CCCC(OC3CCCCO3)C2)OC1,0.5116279069767442,1ei2,1.0,4p20,False,True,0.4883720930232558,2kxm,0.4883720930232558,0.49230769230769234,"[0.4,0.6)","[0.8,1.0]","[0.4,0.6)"
R-SIM_all,958,6.53760200210104,118,CN(C)CCNc1cc(-c2ccccc2)nc2ccccc12,c1ccc(-c2ccc3ccccc3n2)cc1,0.5084745762711864,3gx7,0.2727272727272727,6e1u,False,False,0.2542372881355932,6e1u,0.2542372881355932,0.2727272727272727,"[0.4,0.6)","[0.0,0.4)","[0.0,0.4)"
R-SIM_all,1207,7.15490195998574,46,Nc1cccc(-c2nc3ccc(-c4ccc5nc(-c6cccc(N)c6)[nH]c5c4)cc3[nH]2)c1,c1ccc(-c2nc3ccc(-c4ccc5nc(-c6ccccc6)[nH]c5c4)cc3[nH]2)cc1,0.5686274509803921,4enb,0.2894736842105263,2kd4,False,False,0.19148936170212766,2l8h,0.4130434782608695,0.19148936170212766,"[0.4,0.6)","[0.0,0.4)","[0.0,0.4)"
R-SIM_all,1365,5.92081875395238,29,OC(CNc1cccc(Cl)c1)Cn1c2ccc(Br)cc2c2cc(Br)ccc21,c1ccc(NCCCn2c3ccccc3c3ccccc32)cc1,0.5588235294117647,1nbk,0.15789473684210525,3f4g,False,False,0.15789473684210525,3f4g,0.3928571428571429,0.15789473684210525,"[0.4,0.6)","[0.0,0.4)","[0.0,0.4)"
R-SIM_all,166,4.910094888560599,29,NC[C@H]1O[C@H](O[C@@H]2[C@H](O)[C@@H](O[C@H]3[C@@H](O)[C@H](N)C[C@@H](N)[C@H]3O[C@H]3O[C@H](CO)[C@@H](O)[C@H](O)[C@@H]3N)O[C@H]2CO)[C@@H](N)[C@H](O)[C@@H]1O,C1CCC(OC2COC(OC3CCCCC3OC3CCCCO3)C2)OC1,0.9310344827586207,1byj,1.0,1fyp,False,True,0.896551724137931,1fyp,0.896551724137931,1.0,"[0.8,1.0]","[0.8,1.0]","[0.8,1.0]"
R-SIM_all,2217,5.69897000433602,41,NCC1OC(OC2C(CO)OC(OC3C(O)C(N)CC(N)C3OC3OC(CN)C(O)C(O)C3N)C2O)C(N)C(O)C1O,C1CCC(OC2COC(OC3CCCCC3OC3CCCCO3)C2)OC1,0.5853658536585367,1eht,1.0,1ei2,False,True,0.4878048780487805,1ei2,0.4878048780487805,1.0,"[0.4,0.6)","[0.8,1.0]","[0.4,0.6)"
R-SIM_all,1927,4.0,21,CC(C)OC(=O)c1ccc(Nc2nc3ccccc3c3nncn23)cc1,c1ccc(Nc2nc3ccccc3c3nncn23)cc1,0.5238095238095238,1zz5,0.18181818181818182,3mij,False,False,0.18181818181818182,3mij,0.38095238095238093,0.18181818181818182,"[0.4,0.6)","[0.0,0.4)","[0.0,0.4)"
R-SIM_all,2127,5.07058107428571,38,CN(C)c1ccc2c(-c3ccccc3)c3ccc(=[N+](C)C)cc-3oc2c1,[N+]=c1ccc2c(-c3ccccc3)c3ccccc3oc-2c1,0.868421052631579,1q8n,1.0,1f1t,True,True,0.8421052631578947,1f1t,0.8421052631578947,1.0,"[0.8,1.0]","[0.8,1.0]","[0.8,1.0]"
R-SIM_all,1924,4.01772876696043,21,CC(CCc1ccco1)NC1CCC2(CCNCC2)CC1,c1coc(CCCNC2CCC3(CCNCC3)CC2)c1,0.5238095238095238,1zz5,0.15384615384615385,6cxz,False,False,0.15384615384615385,6cxz,0.23809523809523814,0.15384615384615385,"[0.4,0.6)","[0.0,0.4)","[0.0,0.4)"
R-SIM_all,127,4.16749108729376,29,NCCNc1ccccn1,c1ccncc1,0.9310344827586207,1byj,0.2222222222222222,6e1s,False,False,0.2222222222222222,6e1s,0.3870967741935484,0.2222222222222222,"[0.8,1.0]","[0.0,0.4)","[0.0,0.4)"
R-SIM_all,1325,5.14874165128092,22,c1ccc2c(NCc3cn(CCC[NH+]4CCCCC4)nn3)c3oc4ccccc4c3[nH+]c2c1,c1ccc2c(NCc3cn(CCC[NH+]4CCCCC4)nn3)c3oc4ccccc4c3[nH+]c2c1,0.5454545454545454,21cc,0.16666666666666666,6e1s,False,False,0.16666666666666666,6e1s,0.32258064516129037,0.16666666666666666,"[0.4,0.6)","[0.0,0.4)","[0.0,0.4)"
R-SIM_all,1615,4.958607314841769,29,CC[NH+]1CCN(c2ccc3cc(-c4cn5cc(C)nc(C)c5n4)c(=O)oc3c2)C[C@@H]1C,O=c1oc2cc(N3CC[NH2+]CC3)ccc2cc1-c1cn2ccncc2n1,0.6206896551724138,3gs5,0.2696629213483146,6hmo,False,False,0.2696629213483146,6hmo,0.31034482758620685,0.2696629213483146,"[0.6,0.8)","[0.0,0.4)","[0.0,0.4)"
R-SIM_all,294,8.20760831050175,2922,CCC1OC(=O)C(C)C(OC2CC(C)(OC)C(O)C(C)O2)C(C)C(OC2OC(C)CC(N(C)C)C2O)C(C)(OC)CC(C)C(=O)C(C)C(O)C1(C)O,O=C1CCCCOC(=O)CC(OC2CCCCO2)CC(OC2CCCCO2)CCC1,0.13552361396303902,4faq,0.16666666666666666,1nta,False,False,0.0657084188911704,4gma,0.0657084188911704,0.09278350515463918,"[0.0,0.4)","[0.0,0.4)","[0.0,0.4)"
R-SIM_all,1323,5.53017798402184,26,c1ccc2c(NCc3cn(CCC[NH+]4CCCCC4)nn3)c3oc4ccccc4c3[nH+]c2c1,c1ccc2c(NCc3cn(CCC[NH+]4CCCCC4)nn3)c3oc4ccccc4c3[nH+]c2c1,0.5277777777777778,6e82,0.16666666666666666,6e1s,False,False,0.16666666666666666,6e1s,0.3548387096774194,0.16666666666666666,"[0.4,0.6)","[0.0,0.4)","[0.0,0.4)"
R-SIM_all,1713,3.47886191629596,29,N=C(N)c1ccc(OCCCCCOc2ccc(C(=N)N)cc2)cc1,c1ccc(OCCCCCOc2ccccc2)cc1,1.0,1arj,0.25,2l94,False,False,0.25,2l94,0.5111111111111111,0.25,"[0.8,1.0]","[0.0,0.4)","[0.0,0.4)"
R-SIM_all,617,5.79588001734408,29,NCCCNCCO[C@@H]1[C@@H](O)[C@@H](O[C@H]2O[C@@H](CN)[C@@H](O)[C@H](O)[C@H]2N)[C@H](N)C[C@H]1N,C1CCC(OC2CCCCO2)CC1,0.9310344827586207,1byj,0.7457627118644068,2bee,False,True,0.7241379310344828,2bee,0.7241379310344828,0.7457627118644068,"[0.8,1.0]","[0.6,0.8)","[0.6,0.8)"
R-SIM_all,160,4.74472749489669,29,c1ccc2c(c1)CCOC2CNCCCN1CCCCC1,c1ccc2c(c1)CCOC2CNCCCN1CCCCC1,0.9310344827586207,1byj,0.1686746987951807,1uts,False,False,0.1686746987951807,1uts,0.5172413793103448,0.1686746987951807,"[0.8,1.0]","[0.0,0.4)","[0.0,0.4)"
R-SIM_all,2292,6.397940008672039,2897,CCC1NC(=O)C(NC(=O)c2ncccc2O)C(C)OC(=O)C(c2ccccc2)NC(=O)C2CC(=O)CCN2C(=O)C(Cc2ccccc2)N(C)C(=O)C2CCCN2C1=O,O=C1CCN2C(=O)C(Cc3ccccc3)NC(=O)C3CCCN3C(=O)CNC(=O)C(NC(=O)c3ccccn3)COC(=O)C(c3ccccc3)NC(=O)C2C1,0.13669313082499135,4faq,0.1693548387096774,5c45,False,False,0.0673076923076923,4e8k,0.13393165343458746,0.0673076923076923,"[0.0,0.4)","[0.0,0.4)","[0.0,0.4)"
R-SIM_all,1422,5.939302159646389,67,CC(=O)c1c(O)c(C)c(O)c2c1OC1=CC(=O)/C(=C(/C)NCCCCN)C(=O)C12C,C=C1C(=O)C=C2Oc3ccccc3C2C1=O,0.5074626865671642,2kx8,0.16666666666666666,1nbk,False,False,0.16666666666666666,1nbk,0.4328358208955224,0.16666666666666666,"[0.4,0.6)","[0.0,0.4)","[0.0,0.4)"
R-SIM_all,2399,5.52287874528034,12,CCOC(=O)c1c2c(n3ccccc13)C(=O)c1ccccc1C2=O,O=C1c2ccccc2C(=O)c2c1cc1ccccn21,0.5833333333333333,5ux3,0.1791044776119403,6izp,False,False,0.1791044776119403,6izp,0.31034482758620685,0.1791044776119403,"[0.4,0.6)","[0.0,0.4)","[0.0,0.4)"
R-SIM_all,1182,4.0,25,NC(=[NH2+])c1ccc(Nc2ccc(-c3cc4ccc(C(N)=[NH2+])cc4[nH]3)cc2)cc1,c1ccc(Nc2ccc(-c3cc4ccccc4[nH]3)cc2)cc1,0.96,1ei2,0.16363636363636364,6jjh,False,False,0.16363636363636364,6jjh,0.36,0.16363636363636364,"[0.8,1.0]","[0.0,0.4)","[0.0,0.4)"
R-SIM_all,1577,5.397940008672039,43,CNC1C(O)C(OC2C(N)CC(N)C(OC3OC(CN)=CCC3N)C2O)OCC1(C)O,C1=COC(OC2CCCC(OC3CCCCO3)C2)CC1,0.5116279069767442,1ei2,1.0,4f8u,False,True,0.4651162790697675,4k32,0.4651162790697675,0.5522388059701493,"[0.4,0.6)","[0.8,1.0]","[0.4,0.6)"
R-SIM_all,1954,6.92081875395238,13,COc1cc(C=CC(=O)CC(=O)C=Cc2ccc(O)c(OC)c2)ccc1O,O=C(C=Cc1ccccc1)CC(=O)C=Cc1ccccc1,0.6428571428571428,1c0o,0.23809523809523808,12ci,False,False,0.21739130434782608,2l8h,0.4137931034482759,0.21739130434782608,"[0.6,0.8)","[0.0,0.4)","[0.0,0.4)"
R-SIM_all,2177,5.27572413039921,24,NCC1OC(OC2C(N)CC(N)C(OC3OC(COC4OC(CO)C(O)C(O)C4N)C(O)C(O)C3N)C2O)C(N)CC1O,C1CCC(OCC2CCCC(OC3CCCC(OC4CCCCO4)C3)O2)OC1,0.5555555555555556,1xst,0.7254901960784313,1lc4,False,False,0.45833333333333337,2fcx,0.45833333333333337,0.5882352941176471,"[0.4,0.6)","[0.6,0.8)","[0.4,0.6)"
R-SIM_all,2256,5.0268721464003,33,NCC1OC(OC2C(N)CC(N)C(OC3OC(CN)C(O)C(OC4OC(CO)C(O)C(O)C4N)C3N)C2O)C(N)CC1O,C1CCC(OC2CCCC(OC3CC(OC4CCCCO4)CCO3)C2)OC1,0.5454545454545454,1xst,0.7551020408163265,1lc4,False,False,0.5151515151515151,1fyp,0.5151515151515151,0.6415094339622641,"[0.4,0.6)","[0.6,0.8)","[0.4,0.6)"
R-SIM_all,1797,6.92081875395238,31,NC(=[NH2+])c1ccc(Nc2ccc(-c3cc4ccc(C(N)=[NH2+])cc4[nH]3)cc2)cc1,c1ccc(Nc2ccc(-c3cc4ccccc4[nH]3)cc2)cc1,0.6129032258064516,1ei2,0.16363636363636364,6jjh,False,False,0.16363636363636364,6jjh,0.3548387096774194,0.16363636363636364,"[0.6,0.8)","[0.0,0.4)","[0.0,0.4)"
R-SIM_all,1066,4.30102999566398,28,CCCN(CC(=O)N(CCC)CC(=O)N(CC(N)=O)Cc1cn(CCCNC(=O)CCCOc2c(C(C)(C)C)cc(-c3nc4cc(N5CC[NH+](C)CC5)ccc4[nH]3)cc2C(C)(C)C)nn1)C(=O)CCCOc1cccc(-c2nc3cc(-c4nc5cc(N6CC[NH+](C)CC6)ccc5[nH]4)ccc3[nH]2)c1,O=C(CCCOc1ccc(-c2nc3cc(N4CC[NH2+]CC4)ccc3[nH]2)cc1)NCCCn1cc(CNC(=O)CNC(=O)CNC(=O)CCCOc2cccc(-c3nc4cc(-c5nc6cc(N7CC[NH2+]CC7)ccc6[nH]5)ccc4[nH]3)c2)nn1,0.6071428571428572,1nta,0.21481481481481482,3mij,False,False,0.21481481481481482,3mij,0.2857142857142857,0.21481481481481482,"[0.6,0.8)","[0.0,0.4)","[0.0,0.4)"
R-SIM_all,358,5.65757731917779,29,CN(CCc1ccccc1)C[C@@H]1O[C@H](O[C@H]2[C@H](O[C@@H]3O[C@H](CO)[C@H](O[C@H]4CO[C@H](CN)[C@H](O)[C@H]4O)[C@H]3O)[C@@H](O)[C@@H](N)C[C@H]2N)[C@H](N)[C@@H](O)[C@@H]1O,c1ccc(CCNCC2CCCC(OC3CCCCC3OC3CC(OC4CCCOC4)CO3)O2)cc1,0.9310344827586207,1byj,0.5633802816901409,1ei2,False,False,0.5633802816901409,2et4,0.7241379310344828,0.5633802816901409,"[0.8,1.0]","[0.4,0.6)","[0.4,0.6)"
R-SIM_all,1413,4.47625353318844,69,CC(=O)Nc1nc(-c2cccc(NC(=O)c3ccc(-c4cn(CC5OC(OC6C(O)C(N)CC(N)C6OC6OC(CN)C(O)C(O)C6N)C(O)C5OC5OC(CN)C(O)C(O)C5N)nn4)cc3)c2)cs1,O=C(Nc1cccc(-c2cscn2)c1)c1ccc(-c2cn(CC3OC(OC4CCCCC4OC4CCCCO4)CC3OC3CCCCO3)nn2)cc1,0.49275362318840576,2kx8,0.3854166666666667,1ei2,False,False,0.3854166666666667,1i9v,0.472972972972973,0.3854166666666667,"[0.4,0.6)","[0.0,0.4)","[0.0,0.4)"
R-SIM_all,1841,6.46852108295774,47,C(=NNC1=NCCN1)c1c2ccccc2c(C=NNC2=NCCN2)c2ccccc12,C(=NNC1=NCCN1)c1c2ccccc2c(C=NNC2=NCCN2)c2ccccc12,0.5319148936170213,1nbk,0.15789473684210525,6e1v,False,False,0.15789473684210525,6e1v,0.3829787234042553,0.15789473684210525,"[0.4,0.6)","[0.0,0.4)","[0.0,0.4)"
R-SIM_all,2481,4.60205999132796,28,NCC1OC(OC2C(CO)OC(OC3C(O)C(N)CC(N)C3OC3OC(CO)C(O)C(O)C3N)C2O)C(N)C(O)C1O,C1CCC(OC2COC(OC3CCCCC3OC3CCCCO3)C2)OC1,0.6428571428571428,1fyp,1.0,1fyp,False,True,0.6428571428571428,1fyp,0.6428571428571428,1.0,"[0.6,0.8)","[0.8,1.0]","[0.6,0.8)"
R-SIM_all,1505,5.229147988357861,22,O=c1c2c(-c3ccoc3)csc2nc2n1Cc1nc3scc(-c4ccco4)c3c(=O)n1C2,O=c1c2c(-c3ccoc3)csc2nc2n1Cc1nc3scc(-c4ccco4)c3c(=O)n1C2,0.5454545454545454,21cc,0.13043478260869565,6e1w,False,False,0.13043478260869565,6e1w,0.3870967741935484,0.13043478260869565,"[0.4,0.6)","[0.0,0.4)","[0.0,0.4)"
R-SIM_all,2265,8.77211329538633,71,CN(C)C1C(=O)C(C(N)=O)=C(O)C2(O)C(=O)C3=C(O)c4c(O)cccc4C(C)(O)C3CC12,O=C1C=CC2C(=O)C3=Cc4ccccc4CC3CC2C1,0.5476190476190477,4frg,0.16,6bfb,False,False,0.16,6bfb,0.47887323943661975,0.16,"[0.4,0.6)","[0.0,0.4)","[0.0,0.4)"
R-SIM_all,1917,6.34678748622466,21,c1ccc(-c2nnc(-c3nc(NCCCCN4CCC(N5CCCCC5)CC4)c4ccccc4n3)o2)cc1,c1ccc(-c2nnc(-c3nc(NCCCCN4CCC(N5CCCCC5)CC4)c4ccccc4n3)o2)cc1,0.5238095238095238,1zz5,0.15306122448979592,1uts,False,False,0.15306122448979592,1uts,0.4482758620689655,0.15306122448979592,"[0.4,0.6)","[0.0,0.4)","[0.0,0.4)"
R-SIM_all,2269,9.00436480540245,71,CC1(O)c2cccc(O)c2C(NN)=C2C(=O)C3(O)C(O)=C(C(N)=O)C(=O)CC3CC21,O=C1C=CC2C(=O)C3=Cc4ccccc4CC3CC2C1,0.5476190476190477,4frg,0.14473684210526316,2kgp,False,False,0.14473684210526316,2kgp,0.323943661971831,0.14473684210526316,"[0.4,0.6)","[0.0,0.4)","[0.0,0.4)"
R-SIM_all,1595,4.3467874862246605,43,NCC1OC(OC2C(N)CC(N)C(OC3OC(CO)C(O)C(N)C3O)C2O)C(O)C(O)C1O,C1CCC(OC2CCCC(OC3CCCCO3)C2)OC1,0.5,4ts2,1.0,2esi,False,True,0.4883720930232558,1ei2,0.4883720930232558,0.6326530612244898,"[0.4,0.6)","[0.8,1.0]","[0.4,0.6)"
R-SIM_all,937,2.63827216398241,58,O=c1ccn([C@@H]2O[C@H](CO)[C@@H](O)[C@H]2O)c(=O)[nH]1,O=c1ccn(C2CCCO2)c(=O)[nH]1,0.5405405405405406,3q3z,0.6595744680851063,357d,False,True,0.39655172413793105,5bjo,0.39655172413793105,0.4107142857142857,"[0.4,0.6)","[0.6,0.8)","[0.0,0.4)"
R-SIM_all,2186,5.5686362358410095,48,NC[C@@H]1O[C@H](O[C@H]2[C@@H](O)[C@H](O[C@H]3O[C@@H](CNc4c5ccccc5nc5ccccc45)[C@H](O)[C@@H](N)[C@@H]3O)[C@@H](N)C[C@H]2N)[C@H](N)C[C@@H]1O,c1ccc2c(NCC3CCCC(OC4CCCC(OC5CCCCO5)C4)O3)c3ccccc3nc2c1,0.5625,6e8u,0.5873015873015873,1lc4,False,False,0.3974358974358974,2fd0,0.41666666666666663,0.3974358974358974,"[0.4,0.6)","[0.4,0.6)","[0.0,0.4)"
R-SIM_all,1251,5.1249387366083,29,CC(=O)Nc1nc(-c2cccc(NC(=O)[C@@H]([NH3+])CCCC[NH3+])c2)cs1,c1ccc(-c2cscn2)cc1,1.0,1arj,0.27380952380952384,3mij,False,False,0.27380952380952384,3mij,0.31034482758620685,0.27380952380952384,"[0.8,1.0]","[0.0,0.4)","[0.0,0.4)"
R-SIM_all,1895,5.2518119729938,75,NC(=O)c1ncn(-c2ccccn2)c1N,c1ccc(-n2ccnc2)nc1,0.8266666666666667,5btp,0.3050847457627119,4xw7,False,False,0.3050847457627119,4xw7,0.56,0.3050847457627119,"[0.8,1.0]","[0.0,0.4)","[0.0,0.4)"
R-SIM_all,1215,6.903089986991941,36,N#Cc1c(N2CCCC2)nc(N)c2c(N)nc(N3CCCC3)cc12,c1nc(N2CCCC2)cc2cc(N3CCCC3)ncc12,0.6111111111111112,6az4,0.21666666666666667,2lwk,False,False,0.21666666666666667,2lwk,0.5,0.21666666666666667,"[0.6,0.8)","[0.0,0.4)","[0.0,0.4)"
R-SIM_all,1871,6.508638306165731,77,CC(C)c1ccc2nc3ccc(C(=O)NCCN(C)C)cn3c(=O)c2c1,O=c1c2ccccc2nc2ccccn12,0.5510204081632653,4rzd,0.22077922077922077,1lvj,False,False,0.22077922077922077,1lvj,0.3116883116883117,0.22077922077922077,"[0.4,0.6)","[0.0,0.4)","[0.0,0.4)"
R-SIM_all,693,4.1739251972991696,29,Clc1cc2nc(C3CCNCC3)n(Cc3cccnc3)c2cc1Cl,c1cncc(Cn2c(C3CCNCC3)nc3ccccc32)c1,0.9310344827586207,1byj,0.19767441860465115,6dn2,False,False,0.19767441860465115,6dn2,0.41509433962264153,0.19767441860465115,"[0.8,1.0]","[0.0,0.4)","[0.0,0.4)"
R-SIM_all,2132,5.14266750356873,38,CN(C)c1ccc2c(-c3ccccc3)c3ccc(=[N+](C)C)cc-3oc2c1,[N+]=c1ccc2c(-c3ccccc3)c3ccccc3oc-2c1,0.868421052631579,1q8n,1.0,1f1t,True,True,0.8421052631578947,1f1t,0.8421052631578947,1.0,"[0.8,1.0]","[0.8,1.0]","[0.8,1.0]"
R-SIM_all,2476,5.46852108295774,30,NCC1OC(OC2C(CO)OC(OC3C(O)C(N)CC(N)C3OC3OC(CN)C(O)C(O)C3N)C2O)C(N)C(O)C1O,C1CCC(OC2COC(OC3CCCCC3OC3CCCCO3)C2)OC1,0.7,1fyp,1.0,1ei2,False,True,0.7,1fyp,0.7,0.9761904761904762,"[0.6,0.8)","[0.8,1.0]","[0.6,0.8)"
R-SIM_all,387,5.30102999566398,58,C=C(NC(=O)c1csc(-c2nc3c(cc2O)-c2nc(cs2)C(=O)NC(C(C)O)C(=O)NC(=CC)c2nc(cs2)C(=O)NC2CC(O)C(=O)OCc4cccc5[nH]c(c(C)c45)C(=O)SCC(NC(=O)c4csc2n4)c2nc-3cs2)n1)C(N)=O,C=C1NC(=O)CNC(=O)c2csc(n2)-c2ccc(-c3nccs3)nc2-c2csc(n2)C2CSC(=O)c3cc4c(cccc4[nH]3)COC(=O)CCC(NC(=O)c3csc1n3)c1nc(cs1)C(=O)N2,0.5423728813559322,2miy,0.12837837837837837,21cc,False,False,0.12837837837837837,21cc,0.2068965517241379,0.12837837837837837,"[0.4,0.6)","[0.0,0.4)","[0.0,0.4)"
R-SIM_all,1823,6.92081875395238,59,CCCN(CC(=O)N(CC(N)=O)Cc1cn(CCCCC(=O)CCCOc2c(C(C)(C)C)cc(-c3nc4cc(-c5ccc(N6CCN(C)CC6)cc5)ccc4[nH]3)cc2C(C)(C)C)nn1)C(=O)CN(CCC)C(=O)CN(CCC)C(=O)NCc1cn(CCCCC(=O)CCCOc2c(C(C)(C)C)cc(-c3nc4cc(-c5ccc(N6CCN(C)CC6)cc5)ccc4[nH]3)cc2C(C)(C)C)nn1,O=C(CCCCn1cc(CNC(=O)CNC(=O)CNC(=O)CNC(=O)NCc2cn(CCCCC(=O)CCCOc3ccc(-c4nc5cc(-c6ccc(N7CCNCC7)cc6)ccc5[nH]4)cc3)nn2)nn1)CCCOc1ccc(-c2nc3cc(-c4ccc(N5CCNCC5)cc4)ccc3[nH]2)cc1,0.5423728813559322,5ktj,0.1968503937007874,6hmo,False,False,0.18644067796610164,6hmo,0.18644067796610164,0.1968503937007874,"[0.4,0.6)","[0.0,0.4)","[0.0,0.4)"
R-SIM_all,1295,7.1366771398795406,45,O=c1c(O)c(-c2cc(O)c(O)c(O)c2)oc2cc(O)cc(O)c12,O=c1cc(-c2ccccc2)oc2ccccc12,0.5333333333333333,1eht,1.0,5xi1,True,True,0.19999999999999996,5xi1,0.19999999999999996,1.0,"[0.4,0.6)","[0.8,1.0]","[0.0,0.4)"
R-SIM_all,137,3.60032627851896,29,CCc1cc2c(=O)c(-c3nc4ccccc4[nH]3)coc2c(CN2CCOCC2)c1O,O=c1c(-c2nc3ccccc3[nH]2)coc2c(CN3CCOCC3)cccc12,0.9310344827586207,1byj,0.20454545454545456,6dn3,False,False,0.20454545454545456,6dn3,0.4107142857142857,0.20454545454545456,"[0.8,1.0]","[0.0,0.4)","[0.0,0.4)"
R-SIM_all,1101,7.06550154875643,12,Nc1nc(N)[nH+]c(NCCCCNc2c3ccccc3[nH+]c3c(C(=O)NCCN(CC[NH3+])CC[NH3+])cccc23)n1,c1ccc2c(NCCCCNc3ncnc[nH+]3)c3ccccc3[nH+]c2c1,0.5833333333333333,1ejz,0.1650485436893204,6dn2,False,False,0.1650485436893204,6dn2,0.2075471698113207,0.1650485436893204,"[0.4,0.6)","[0.0,0.4)","[0.0,0.4)"
R-SIM_all,788,5.79588001734408,30,CN[C@@H]1[C@@H](O[C@@H]2c3cc4ccccc4cc3[C@H]3[C@H]2C=C[C@@]32C(=O)C=Cc3ccc(OC)cc32)O[C@@H](C)[C@@H](O)[C@H]1O,O=C1C=Cc2ccccc2C12C=CC1C(OC3CCCCO3)c3cc4ccccc4cc3C12,0.5714285714285714,1ddy,0.19811320754716982,1nta,False,False,0.19811320754716982,1nta,0.5333333333333333,0.19811320754716982,"[0.4,0.6)","[0.0,0.4)","[0.0,0.4)"
R-SIM_all,1218,4.60205999132796,18,N#Cc1c(N2CCCC2)nc(N)c2c(N)nc(N3CCCC3)cc12,c1nc(N2CCCC2)cc2cc(N3CCCC3)ncc12,0.6111111111111112,1ajf,0.21666666666666667,2lwk,False,False,0.21666666666666667,2lwk,0.40625,0.21666666666666667,"[0.6,0.8)","[0.0,0.4)","[0.0,0.4)"
R-SIM_all,339,7.0,29,NC[C@H]1C[C@@H](O)[C@H](N)[C@@H](O[C@H]2CO[C@@H](O[C@@H]3[C@@H](O)[C@H](N)C[C@H](N)[C@H]3O[C@@H]3O[C@@H](CO)[C@H](O)[C@H](O)[C@H]3N)[C@@H]2OCCNCc2ccccc2)O1,c1ccc(CNCCOC2C(OC3CCCCO3)COC2OC2CCCCC2OC2CCCCO2)cc1,0.9310344827586207,1byj,0.6144578313253012,3s4p,False,False,0.6144578313253012,3s4p,0.7241379310344828,0.6144578313253012,"[0.8,1.0]","[0.6,0.8)","[0.6,0.8)"
R-SIM_all,2432,6.82390874094432,34,NCCC(O)C(=O)NC1CC(N)C(OC2OC(CN)C(O)C(O)C2N)C(OC2OC(CO)C(O)C2O)C1O,C1CCC(OC2CCCCC2OC2CCCO2)OC1,0.5,1duh,0.8307692307692308,4pdq,False,True,0.5,3c44,0.5,0.5806451612903226,"[0.4,0.6)","[0.8,1.0]","[0.4,0.6)"
R-SIM_all,1195,6.096910013008059,36,Cc1c2cc[n+](CC[NH+]3CCCCC3)cc2c(C)c2c1[nH]c1ccc(O)cc12,c1ccc2c(c1)[nH]c1cc3cc[n+](CC[NH+]4CCCCC4)cc3cc12,0.5555555555555556,5bjo,0.22857142857142856,5kpy,False,False,0.22857142857142856,5kpy,0.3661971830985915,0.22857142857142856,"[0.4,0.6)","[0.0,0.4)","[0.0,0.4)"
R-SIM_all,828,4.09691001300806,41,NCC1OC(OC2C(N)CC(N)C(O)C2OC2OC(CO)C(O)C2O)C(N)C(O)C1O,C1CCC(OC2CCCCC2OC2CCCO2)OC1,0.5853658536585367,1eht,1.0,2et5,False,True,0.4878048780487805,1ei2,0.4878048780487805,0.8837209302325582,"[0.4,0.6)","[0.8,1.0]","[0.4,0.6)"
R-SIM_all,967,3.78781239559604,118,O=C1Oc2ccccc2C(=O)/C1=C/N1C(=O)N/C(=C\c2ccccc2O)C1=O,O=C1Oc2ccccc2C(=O)C1=CN1C(=O)NC(=Cc2ccccc2)C1=O,0.5084745762711864,3gx7,0.1506849315068493,5bjp,False,False,0.1506849315068493,5bjp,0.288135593220339,0.1506849315068493,"[0.4,0.6)","[0.0,0.4)","[0.0,0.4)"
R-SIM_all,1772,7.221848749616361,40,CN(C)c1ccc2c(-c3ccc(C(=O)NCC4OC(OC5C(N)CC(N)C(OC6OC(CO)C(O)C(N)C6O)C5O)C(N)CC4O)cc3C(=O)O)c3ccc(=[N+](C)C)cc-3oc2c1,[N+]=c1ccc2c(-c3ccc(C(=O)NCC4CCCC(OC5CCCC(OC6CCCCO6)C5)O4)cc3)c3ccccc3oc-2c1,0.65,1tob,0.5164835164835165,6gzk,False,False,0.5,6gzk,0.5,0.5164835164835165,"[0.6,0.8)","[0.4,0.6)","[0.4,0.6)"
R-SIM_all,1192,7.221848749616361,54,NC(N)=[NH+]c1ccc(OC(=O)c2ccc([NH+]=C(N)N)cc2)cc1,O=C(Oc1ccccc1)c1ccccc1,0.5217391304347826,5ob3,0.20454545454545456,2l94,False,False,0.20454545454545456,2l94,0.4444444444444444,0.20454545454545456,"[0.4,0.6)","[0.0,0.4)","[0.0,0.4)"
R-SIM_all,1776,5.52287874528034,62,Cc1nc(Nc2cc(Nc3ccc4ccccc4n3)ccn2)cc(N2CCN(C)CC2)n1,c1ccc2nc(Nc3ccnc(Nc4cc(N5CCNCC5)ncn4)c3)ccc2c1,0.5211267605633803,5kpy,0.2,6hmo,False,False,0.17741935483870963,6hmo,0.17741935483870963,0.2,"[0.4,0.6)","[0.0,0.4)","[0.0,0.4)"
R-SIM_all,1914,6.602059991327961,21,Cc1ccc(-c2nnc(-c3nc(NCCc4ccc(S(N)(=O)=O)cc4)c4ccccc4n3)o2)cc1,c1ccc(CCNc2nc(-c3nnc(-c4ccccc4)o3)nc3ccccc23)cc1,0.5238095238095238,1zz5,0.2,6dn3,False,False,0.2,6dn3,0.3214285714285714,0.2,"[0.4,0.6)","[0.0,0.4)","[0.0,0.4)"
R-SIM_all,2228,5.15490195998574,41,NCC1OC(OC2C(N)CC(N)C(OC3OC(CN)C(O)C(OC4OC(CO)C(O)C(O)C4N)C3N)C2O)C(N)CC1O,C1CCC(OC2CCCC(OC3CC(OC4CCCCO4)CCO3)C2)OC1,0.5853658536585367,1eht,0.7551020408163265,1lc4,False,False,0.4878048780487805,1ei2,0.4878048780487805,0.6226415094339622,"[0.4,0.6)","[0.6,0.8)","[0.4,0.6)"
R-SIM_all,130,3.3098039199714906,29,CNc1ccc2ccccc2n1,c1ccc2ncccc2c1,0.9310344827586207,1byj,0.21875,2kd4,False,False,0.21875,2kd4,0.24137931034482762,0.21875,"[0.8,1.0]","[0.0,0.4)","[0.0,0.4)"
R-SIM_all,631,7.0,29,NCCCO[C@@H]1[C@@H](O[C@@H]2[C@@H](O)[C@@H](N)C[C@@H](N)[C@@H]2O[C@@H]2O[C@@H](CO)[C@H](O)[C@H](O)[C@@H]2N)O[C@H](CO)[C@@H]1O[C@H]1O[C@@H](CN)[C@H](O)[C@@H](O)[C@@H]1N,C1CCC(OC2COC(OC3CCCCC3OC3CCCCO3)C2)OC1,0.9310344827586207,1byj,0.8275862068965517,2bee,False,True,0.7358490566037735,1fyp,0.896551724137931,0.7358490566037735,"[0.8,1.0]","[0.8,1.0]","[0.6,0.8)"
R-SIM_all,902,5.045757490560679,29,O=C(Cc1ccccc1)OC[C@H]1OC(=O)N[C@@H]1Cc1ccccc1,O=C(Cc1ccccc1)OCC1OC(=O)NC1Cc1ccccc1,0.6388888888888888,1raw,0.20588235294117646,357d,False,False,0.20588235294117646,357d,0.31034482758620685,0.20588235294117646,"[0.6,0.8)","[0.0,0.4)","[0.0,0.4)"
R-SIM_all,2500,5.79588001734408,29,CC(=O)c1ccc(NC(=O)OCC2OC(=O)N[C@H]2CN2CCN(c3ccccc3)CC2)cc1,O=C(Nc1ccccc1)OCC1OC(=O)NC1CN1CCN(c2ccccc2)CC1,0.6388888888888888,1raw,0.19047619047619047,1lvj,False,False,0.19047619047619047,1lvj,0.4838709677419355,0.19047619047619047,"[0.6,0.8)","[0.0,0.4)","[0.0,0.4)"
R-SIM_all,235,3.568636235841009,29,CC(=O)c1ccc2c(c1)N(CCCN(C)C)c1ccccc1S2,c1ccc2c(c1)Nc1ccccc1S2,1.0,1arj,1.0,1lvj,True,True,0.935483870967742,1lvj,0.935483870967742,1.0,"[0.8,1.0]","[0.8,1.0]","[0.8,1.0]"
R-SIM_all,1313,3.79588001734407,15,CC[NH+]1CCN(c2ccc3cc(-c4cn5cc(C)nc(C)c5n4)c(=O)oc3c2)C[C@@H]1C,O=c1oc2cc(N3CC[NH2+]CC3)ccc2cc1-c1cn2ccncc2n1,0.5,2h0z,0.2696629213483146,6hmo,False,False,0.2696629213483146,6hmo,0.4666666666666667,0.2696629213483146,"[0.4,0.6)","[0.0,0.4)","[0.0,0.4)"
R-SIM_all,1770,6.3707943428977,40,CN(C)c1ccc2c(-c3ccc(C(=O)NCC4OC(OC5C(N)CC(N)C(OC6OC(CO)C(O)C(N)C6O)C5O)C(N)CC4O)cc3C(=O)O)c3ccc(=[N+](C)C)cc-3oc2c1,[N+]=c1ccc2c(-c3ccc(C(=O)NCC4CCCC(OC5CCCC(OC6CCCCO6)C5)O4)cc3)c3ccccc3oc-2c1,0.65,1tob,0.5164835164835165,6gzk,False,False,0.5164835164835165,6gzk,0.5416666666666667,0.5164835164835165,"[0.6,0.8)","[0.4,0.6)","[0.4,0.6)"
R-SIM_all,2106,7.71331903064507,2897,CCCC(=O)OC1C(C)OC(OC2C(C)OC(OC3C(CC=O)CC(C)C(O)C=CC=CCC(C)OC(=O)CC(O)C3OC)C(O)C2N(C)C)CC1(C)OC(=O)CC,O=C1CCCC(OC2CCC(OC3CCCCO3)CO2)CCCCC=CC=CCCO1,0.13669313082499135,4faq,0.16666666666666666,4f8u,False,False,0.06627545736969276,4gma,0.06627545736969276,0.09389671361502347,"[0.0,0.4)","[0.0,0.4)","[0.0,0.4)"
R-SIM_all,2175,6.207608310501749,24,NCC1OC(OC2C(N)CC(N)C(OC3OC(CN)C(OC4OC(CO)C(O)C(N)C4O)C(O)C3N)C2O)C(N)CC1O,C1CCC(OC2CCC(OC3CCCC(OC4CCCCO4)C3)OC2)OC1,0.5555555555555556,1xst,0.8913043478260869,1lc4,False,False,0.45833333333333337,2fcx,0.45833333333333337,0.5384615384615384,"[0.4,0.6)","[0.8,1.0]","[0.4,0.6)"
R-SIM_all,1307,6.31695296176115,18,[NH3+]CCNc1c2c(c(NCC[NH3+])c3sccc13)C(=O)c1ccccc1C2=O,O=C1c2ccccc2C(=O)c2cc3sccc3cc21,0.5714285714285714,4gpx,0.19298245614035087,2kgp,False,False,0.19298245614035087,2kgp,0.31999999999999995,0.19298245614035087,"[0.4,0.6)","[0.0,0.4)","[0.0,0.4)"
R-SIM_all,221,6.397940008672039,67,Nc1ncnc2nc[nH]c12,c1ncc2[nH]cnc2n1,1.0,2g9c,0.5161290322580645,3got,False,True,0.5161290322580645,3got,1.0,0.5161290322580645,"[0.8,1.0]","[0.4,0.6)","[0.4,0.6)"
R-SIM_all,2098,5.455931955649719,29,CN(C)CCCOc1ccc2nc3n(c2c1)CC(CN(C)C)CN3,c1ccc2c(c1)nc1n2CCCN1,0.6111111111111112,6e82,0.30666666666666664,3tzr,False,False,0.30666666666666664,3tzr,0.3793103448275862,0.30666666666666664,"[0.6,0.8)","[0.0,0.4)","[0.0,0.4)"
R-SIM_all,769,6.0,46,CCCCC(=O)NC[C@H]1O[C@H](O[C@@H]2[C@H](O)[C@@H](O[C@@H]3O[C@@H](CO)[C@H](O)[C@@H](N)[C@H]3O)[C@@H](N)C[C@@H]2N)[C@H](O)[C@@H](O)[C@@H]1O,C1CCC(OC2CCCC(OC3CCCCO3)C2)OC1,0.5686274509803921,4enb,0.6140350877192983,2esi,False,True,0.4130434782608695,1fyp,0.4130434782608695,0.417910447761194,"[0.4,0.6)","[0.6,0.8)","[0.4,0.6)"
R-SIM_all,838,4.69897000433602,40,NCC1OC(OC2C(N)CC(N)C(O)C2O)C(N)C(O)C1O,C1CCC(OC2CCCCO2)CC1,0.55,1ddy,1.0,2et8,False,True,0.475,1ei2,0.475,0.7045454545454546,"[0.4,0.6)","[0.8,1.0]","[0.4,0.6)"
R-SIM_all,749,4.52287874528034,239,CCC1CC1(N)C(=O)O,C1CC1,0.47791164658634533,4y1n,0.17142857142857143,6qn3,False,False,0.17142857142857143,6qn3,0.20920502092050208,0.17142857142857143,"[0.4,0.6)","[0.0,0.4)","[0.0,0.4)"
R-SIM_all,2219,5.95860731484177,41,NCC1OC(OC2C(N)CC(N)C(OC3OC(CN)C(OC4OC(CO)C(N)C(O)C4O)C(N)C3O)C2O)C(N)CC1O,C1CCC(OC2CCC(OC3CCCC(OC4CCCCO4)C3)OC2)OC1,0.5853658536585367,1eht,0.8085106382978723,1lc4,False,False,0.4878048780487805,1ei2,0.4878048780487805,0.5454545454545454,"[0.4,0.6)","[0.8,1.0]","[0.4,0.6)"
R-SIM_all,1817,6.2839966563652006,41,CN(C)c1nc(N)c(C(=O)[NH+]=C(N)N)nc1C#Cc1ccccc1,C(#Cc1cnccn1)c1ccccc1,0.5869565217391304,6c27,0.19047619047619047,23jz,False,False,0.19047619047619047,23jz,0.46341463414634143,0.19047619047619047,"[0.4,0.6)","[0.0,0.4)","[0.0,0.4)"
R-SIM_all,223,4.69897000433602,67,Nc1cc(N)nc(N)n1,c1cncnc1,1.0,2g9c,1.0,2g9c,True,True,1.0,2g9c,1.0,1.0,"[0.8,1.0]","[0.8,1.0]","[0.8,1.0]"
R-SIM_all,244,6.793174123968151,29,NC(N)=NCCCCNCc1cc(-c2cc3ccccc3o2)ccc1OCCN=C(N)N,c1ccc(-c2cc3ccccc3o2)cc1,1.0,1arj,0.36619718309859156,1uud,False,False,0.36619718309859156,1uud,1.0,0.36619718309859156,"[0.8,1.0]","[0.0,0.4)","[0.0,0.4)"
R-SIM_all,608,7.397940008672039,29,CN(CCCCN(C)C[C@@H](O)CO[C@H]1[C@@H](O)[C@@H](N)C[C@H](N)[C@H]1O[C@@H]1O[C@@H](CN)[C@H](O)[C@H](O)[C@@H]1N)C[C@H](O)CO[C@@H]1[C@@H](O)[C@H](N)C[C@H](N)[C@H]1O[C@@H]1O[C@@H](CN)[C@@H](O)[C@@H](O)[C@@H]1N,C(CCNCCCOC1CCCCC1OC1CCCCO1)CNCCCOC1CCCCC1OC1CCCCO1,0.9310344827586207,1byj,0.5535714285714286,2et8,False,False,0.5535714285714286,2et8,0.7241379310344828,0.5535714285714286,"[0.8,1.0]","[0.4,0.6)","[0.4,0.6)"
R-SIM_all,298,6.82681373158773,2922,C=CC1(C)CC(OC(=O)CSCCN(CC)CC)C2(C)C(C)CCC3(CCC(=O)C32)C(C)C1O,O=C1CCC23CCCCCC(CCC2)C13,0.13552361396303902,4faq,0.15,4u6k,False,False,0.0657084188911704,4gma,0.0657084188911704,0.08602150537634409,"[0.0,0.4)","[0.0,0.4)","[0.0,0.4)"
R-SIM_all,843,4.04575749056068,40,NCC1OC(OC2C(N)CC(N)C(O)C2OC2OC(CO)C(O)C2O)C(N)C(O)C1O,C1CCC(OC2CCCCC2OC2CCCO2)OC1,0.55,1ddy,1.0,2et5,False,True,0.475,1ei2,0.475,0.8837209302325582,"[0.4,0.6)","[0.8,1.0]","[0.4,0.6)"
R-SIM_all,2388,6.32790214206428,52,C=CC[C@H](NC(=O)c1cc2ccccc2nc1CC)C(=O)N1CCCC1C(=O)NC(Cc1ccccc1)C(=O)NCCCN,O=C(NCC(=O)N1CCCC1C(=O)NCCc1ccccc1)c1cnc2ccccc2c1,0.8076923076923077,2l94,0.1826086956521739,6dn2,False,False,0.1826086956521739,6dn2,0.49056603773584906,0.1826086956521739,"[0.8,1.0]","[0.0,0.4)","[0.0,0.4)"
R-SIM_all,755,5.0,36,CCc1nc2ccccc2cc1C(=O)N1CCC[C@H]1C(=O)N[C@@H](CSSC[C@H](NC(=O)[C@@H]1CCCN1C(=O)c1cc2ccccc2nc1CC)C(=O)N[C@@H](CCCCN)C(=O)NCCCN)C(=O)N[C@@H](CCCCN)C(=O)NCCCN,O=C(NCCSSCCNC(=O)C1CCCN1C(=O)c1cnc2ccccc2c1)C1CCCN1C(=O)c1cnc2ccccc2c1,0.6111111111111112,1arj,0.18181818181818182,6dn1,False,False,0.18181818181818182,6dn1,0.40740740740740744,0.18181818181818182,"[0.6,0.8)","[0.0,0.4)","[0.0,0.4)"
R-SIM_all,1883,7.05551732784983,281,NC(=[NH2+])c1ccc(-c2ccc(-c3ccc(-c4ccc(C(N)=[NH2+])cn4)o3)o2)nc1,c1ccc(-c2ccc(-c3ccc(-c4ccccn4)o3)o2)nc1,0.44358974358974357,6t3k,0.17391304347826086,2l94,False,False,0.15942028985507245,3d2v,0.1850533807829181,0.15942028985507245,"[0.4,0.6)","[0.0,0.4)","[0.0,0.4)"
R-SIM_all,2438,7.221848749616361,34,NC[C@@H]1O[C@H](O[C@H]2[C@@H](O)[C@H](O[C@H]3O[C@@H](CNc4c5ccccc5nc5ccccc45)[C@H](O)[C@@H](N)[C@@H]3O)[C@@H](N)C[C@H]2N)[C@H](N)C[C@@H]1O,c1ccc2c(NCC3CCCC(OC4CCCC(OC5CCCCO5)C4)O3)c3ccccc3nc2c1,0.5,1duh,0.5873015873015873,1lc4,False,False,0.3974358974358974,2fd0,0.47058823529411764,0.3974358974358974,"[0.4,0.6)","[0.4,0.6)","[0.0,0.4)"
R-SIM_all,2452,6.08884239126002,33,CN(C)c1ccc2c(-c3ccc(C(=O)NCC4OC(OC5C(N)CC(N)C(OC6OC(CO)C(O)C(N)C6O)C5O)C(N)CC4O)cc3C(=O)O)c3ccc(=[N+](C)C)cc-3oc2c1,[N+]=c1ccc2c(-c3ccc(C(=O)NCC4CCCC(OC5CCCC(OC6CCCCO6)C5)O4)cc3)c3ccccc3oc-2c1,0.48484848484848486,3gs5,0.5164835164835165,6gzk,False,False,0.45833333333333337,6gzk,0.45833333333333337,0.5164835164835165,"[0.4,0.6)","[0.4,0.6)","[0.4,0.6)"
R-SIM_all,370,3.0,29,NC[C@H]1OC[C@@H](O[C@H]2[C@H](O)[C@@H](O[C@@H]3[C@@H](O)[C@@H](N)C[C@@H](N)[C@H]3O[C@H]3O[C@H](CCN4C[C@H]5CCCC[C@H]5C4)[C@H](O)[C@@H](O)[C@@H]3N)O[C@@H]2CO)[C@H](O)[C@H]1O,C1COCC(OC2COC(OC3CCCCC3OC3CCCC(CCN4CC5CCCCC5C4)O3)C2)C1,0.9310344827586207,1byj,0.6060606060606061,1ei2,False,False,0.6060606060606061,2et4,0.7241379310344828,0.6060606060606061,"[0.8,1.0]","[0.6,0.8)","[0.6,0.8)"
R-SIM_all,1049,5.22184874961636,14,CCc1nc2ccccc2cc1C(=O)N1CCC[C@H]1C(=O)N[C@@H](CSSC[C@@H](NC(=O)[C@@H]1CCCN1C(=O)c1ccc2c(c1)OCO2)C(=O)N[C@@H](CCCCN)C(=O)NCCCN)C(=O)N[C@H](CCCCN)C(=O)NCCCN,O=C(NCCSSCCNC(=O)C1CCCN1C(=O)c1cnc2ccccc2c1)C1CCCN1C(=O)c1ccc2c(c1)OCO2,0.5789473684210527,5z71,0.16379310344827586,2ktz,False,False,0.16379310344827586,2ktz,0.3157894736842105,0.16379310344827586,"[0.4,0.6)","[0.0,0.4)","[0.0,0.4)"
R-SIM_all,1088,7.30102999566398,36,Cc1c2cc[n+](Cc3cn(CCC[NH2+]CC(=O)N(C)[C@@H](C)C(=O)N(C)[C@@H](C)C(=O)N(C)[C@@H](C)C(=O)N(C)[C@@H](C)C(=O)N(C)[C@@H](C)C(=O)N(CCCn4cc(C[n+]5ccc6c(C)c7[nH]c8ccc(O)cc8c7c(C)c6c5)nn4)CC(N)=O)nn3)cc2c(C)c2c1[nH]c1ccc(O)cc12,O=C(CNC(=O)CNC(=O)CNC(=O)CNC(=O)CNC(=O)C[NH2+]CCCn1cc(C[n+]2ccc3cc4[nH]c5ccccc5c4cc3c2)nn1)NCCCn1cc(C[n+]2ccc3cc4[nH]c5ccccc5c4cc3c2)nn1,0.5555555555555556,5bjo,0.19230769230769232,5kpy,False,False,0.19230769230769232,5kpy,0.3661971830985915,0.19230769230769232,"[0.4,0.6)","[0.0,0.4)","[0.0,0.4)"
R-SIM_all,747,6.44369749923271,239,NCCCC[C@H](N)C(=O)O,ACYCLIC_EXACT::NCCCC[C@H](N)C(=O)O,0.47791164658634533,4y1n,0.64,3d0u,False,False,0.4602510460251046,3d0u,0.4602510460251046,0.64,"[0.4,0.6)","[0.6,0.8)","[0.4,0.6)"
R-SIM_all,310,4.52287874528034,2904,COCC1OC(OC2OCC3OC4(OCC(OC(=O)c5c(C)cc(O)cc5O)C5OCOC54)OC3C2O)C(OC)C(O)C1OC1OC(C)C(OC)C(OC2OC(C)C3OC4(CC(O)C(OC5CC(OC6CC(C)([N+](=O)[O-])C(OC)C(C)O6)C(OC(=O)c6c(C)c(Cl)c(O)c(Cl)c6OC)C(C)O5)C(C)O4)OC3(C)C2O)C1O,O=C(OC1COC(OC2CCC3(OC2)OC2COC(OC4CCOC(OC5CCC(OC6CC7OC8(OCC(OC(=O)c9ccccc9)C9OCOC98)OC7CO6)OC5)C4)CC2O3)CC1OC1CCCCO1)c1ccccc1,0.13636363636363635,4faq,0.14619883040935672,3wru,False,False,0.06611570247933884,4gma,0.06611570247933884,0.096,"[0.0,0.4)","[0.0,0.4)","[0.0,0.4)"
R-SIM_all,1610,4.0,46,Cc1c(-c2ccc(Cl)cc2)c(=O)oc2cc(N3CCN(C)CC3)ccc12,O=c1oc2cc(N3CCNCC3)ccc2cc1-c1ccccc1,0.5217391304347826,2ktz,0.3013698630136986,6hmo,False,False,0.23913043478260865,6hmo,0.23913043478260865,0.3013698630136986,"[0.4,0.6)","[0.0,0.4)","[0.0,0.4)"
R-SIM_all,2320,7.79588001734408,35,CNc1ncc(CN2CCC[C@H](c3nc(-c4cccs4)cc(=O)[nH]3)C2)cn1,O=c1cc(-c2cccs2)nc(C2CCCN(Cc3cncnc3)C2)[nH]1,1.0,1fmn,0.6764705882352942,5c45,False,False,0.4528301886792453,5kx9,0.4528301886792453,0.52,"[0.8,1.0]","[0.6,0.8)","[0.4,0.6)"
R-SIM_all,796,3.9208187539523705,29,CNC1C(O)C(OC2C(N)CC(N)C(OC3OC(CN)CCC3N)C2O)OCC1(C)O,C1CCC(OC2CCCC(OC3CCCCO3)C2)OC1,0.6388888888888888,1raw,1.0,2et3,False,True,0.48275862068965514,1mwl,0.48275862068965514,0.6031746031746031,"[0.6,0.8)","[0.8,1.0]","[0.4,0.6)"
R-SIM_all,1249,3.79588001734407,58,NC(=[NH2+])c1ccc(-c2ccc(-c3ccc(C(N)=[NH2+])cc3)o2)cc1,c1ccc(-c2ccc(-c3ccccc3)o2)cc1,0.5689655172413793,3npq,0.2,2l94,False,False,0.2,2l94,0.48275862068965514,0.2,"[0.4,0.6)","[0.0,0.4)","[0.0,0.4)"
R-SIM_all,1324,6.3565473235138095,21,c1ccc2c(NCc3cn(CCC[NH+]4CCCCC4)nn3)c3oc4ccccc4c3[nH+]c2c1,c1ccc2c(NCc3cn(CCC[NH+]4CCCCC4)nn3)c3oc4ccccc4c3[nH+]c2c1,0.5238095238095238,1zz5,0.16666666666666666,6e1s,False,False,0.16666666666666666,6e1s,0.3548387096774194,0.16666666666666666,"[0.4,0.6)","[0.0,0.4)","[0.0,0.4)"
R-SIM_all,1311,4.33724216831843,15,CC[NH+]1CCN(c2ccc3cc(-c4cn5cc(C)nc(C)c5n4)c(=O)oc3c2)C[C@@H]1C,O=c1oc2cc(N3CC[NH2+]CC3)ccc2cc1-c1cn2ccncc2n1,0.55,2tob,0.2696629213483146,6hmo,False,False,0.2696629213483146,6hmo,0.4666666666666667,0.2696629213483146,"[0.4,0.6)","[0.0,0.4)","[0.0,0.4)"
R-SIM_all,842,5.30102999566398,40,NCC1OC(OC2C(N)CC(N)C(OC3OC(CO)C(O)C(N)C3O)C2O)C(N)C(O)C1O,C1CCC(OC2CCCC(OC3CCCCO3)C2)OC1,0.55,1ddy,0.8809523809523809,2esi,False,True,0.475,1ei2,0.475,0.723404255319149,"[0.4,0.6)","[0.8,1.0]","[0.4,0.6)"
R-SIM_all,407,4.0268721464003,2904,CC(=S)NC[C@@H]1CN(c2ccc(N3CCS(=O)CC3)c(F)c2)C(=O)O1,O=C1OCCN1c1ccc(N2CCS(=O)CC2)cc1,0.13636363636363635,4faq,0.19767441860465115,6hmo,False,False,0.08823529411764706,4e8k,0.1336088154269972,0.08823529411764706,"[0.0,0.4)","[0.0,0.4)","[0.0,0.4)"
R-SIM_all,1786,4.88605664769316,29,CC(=O)Nc1nc(-c2cccc(NC(=O)C3C[C@H](OCOC(=O)C(N)CCCCN)[C@@H](COCOC(=O)C(N)CCCCN)O3)c2)cs1,O=C(Nc1cccc(-c2cscn2)c1)C1CCCO1,1.0,1arj,0.22018348623853212,3mij,False,False,0.22018348623853212,3mij,0.31034482758620685,0.22018348623853212,"[0.8,1.0]","[0.0,0.4)","[0.0,0.4)"
R-SIM_all,2448,7.221848749616361,34,CNC1C(O)C(OC2C(N)CC(N)C(OC3OC(CN)=CCC3N)C2O)OCC1(C)O,C1=COC(OC2CCCC(OC3CCCCO3)C2)CC1,0.5,1q8n,1.0,4f8u,False,True,0.4411764705882353,5z1h,0.4411764705882353,0.8448275862068966,"[0.4,0.6)","[0.8,1.0]","[0.4,0.6)"
R-SIM_all,1851,6.4089353929735005,47,c1cc(-c2ccc(-c3ccc(C4=[NH+]CCN4)cc3)o2)ccc1C1=[NH+]CCN1,c1cc(-c2ccc(-c3ccc(C4=[NH+]CCN4)cc3)o2)ccc1C1=[NH+]CCN1,0.5319148936170213,1nbk,0.11666666666666667,1f1t,False,False,0.11666666666666667,1f1t,0.44680851063829785,0.11666666666666667,"[0.4,0.6)","[0.0,0.4)","[0.0,0.4)"
R-SIM_all,1955,6.88605664769316,16,COc1cc(C=CC(=O)CC(=O)C=Cc2ccc(O)c(OC)c2)ccc1O,O=C(C=Cc1ccccc1)CC(=O)C=Cc1ccccc1,0.6875,1c0o,0.23809523809523808,12ci,False,False,0.21739130434782608,2l8h,0.4137931034482759,0.21739130434782608,"[0.6,0.8)","[0.0,0.4)","[0.0,0.4)"
R-SIM_all,2420,7.045757490560679,34,NC[C@@H]1O[C@H](O[C@H]2[C@@H](O)[C@H](O[C@H]3O[C@@H](CNc4c5ccccc5nc5ccccc45)[C@H](O)[C@@H](N)[C@@H]3O)[C@@H](N)C[C@H]2N)[C@H](N)C[C@@H]1O,c1ccc2c(NCC3CCCC(OC4CCCC(OC5CCCCO5)C4)O3)c3ccccc3nc2c1,0.5227272727272727,1duh,0.5873015873015873,1lc4,False,False,0.3974358974358974,2fd0,0.4411764705882353,0.3974358974358974,"[0.4,0.6)","[0.4,0.6)","[0.0,0.4)"
R-SIM_all,2393,4.49485002168009,118,CN(C)c1ncnc2c1ncn2CCn1cnc2ncnc(N(C)C)c21,c1ncc2c(n1)ncn2CCn1cnc2cncnc21,0.5084745762711864,3gx7,0.203125,3b4b,False,False,0.18666666666666668,2gcv,0.4590163934426229,0.18666666666666668,"[0.4,0.6)","[0.0,0.4)","[0.0,0.4)"
R-SIM_all,2463,5.83923143813887,26,NCC1OC(OC2C(CO)OC(OC3C(O)C(N)CC(N)C3OC3OC(CN)C(O)C(O)C3N)C2O)C(N)C(O)C1O,C1CCC(OC2COC(OC3CCCCC3OC3CCCCO3)C2)OC1,0.6153846153846154,3gs5,1.0,1ei2,False,True,0.5925925925925926,1fyp,0.5925925925925926,0.9761904761904762,"[0.6,0.8)","[0.8,1.0]","[0.4,0.6)"
R-SIM_all,1163,8.0,151,Cc1cc2nc3c(=O)[nH]c(=O)nc-3n(CC(O)C(O)C(O)CO)c2cc1N(C)C,O=c1nc2[nH]c3ccccc3nc-2c(=O)[nH]1,0.543046357615894,6n5o,1.0,3f4h,False,True,0.32450331125827814,3f4e,0.32450331125827814,0.6153846153846154,"[0.4,0.6)","[0.8,1.0]","[0.0,0.4)"
R-SIM_all,163,4.5086383061657305,29,COc1ccc(CN2CCCN(C)CC2)c(OC)c1,c1ccc(CN2CCCNCC2)cc1,0.9310344827586207,1byj,0.2608695652173913,1uui,False,False,0.2608695652173913,1uui,0.5172413793103448,0.2608695652173913,"[0.8,1.0]","[0.0,0.4)","[0.0,0.4)"
R-SIM_all,1856,6.44369749923271,47,O=C1c2ccccc2C(=O)c2c(NCCN3CCOCC3)ccc(NCCN3CCOCC3)c21,O=C1c2ccccc2C(=O)c2c(NCCN3CCOCC3)ccc(NCCN3CCOCC3)c21,0.5319148936170213,1nbk,0.3137254901960784,2kgp,False,False,0.3137254901960784,2kgp,0.3829787234042553,0.3137254901960784,"[0.4,0.6)","[0.0,0.4)","[0.0,0.4)"
R-SIM_all,1047,5.07058107428571,14,CCc1nc2ccccc2cc1C(=O)N1CCC[C@H]1C(=O)N[C@@H](CSSC[C@H](NC(=O)[C@@H]1CCCN1C(=O)c1cc2ccccc2nc1CC)C(=O)N[C@H](CCCCN)C(=O)NCCCN)C(=O)N[C@H](CCCCN)C(=O)NCCCN,O=C(NCCSSCCNC(=O)C1CCCN1C(=O)c1cnc2ccccc2c1)C1CCCN1C(=O)c1cnc2ccccc2c1,0.5789473684210527,5z71,0.18181818181818182,6dn1,False,False,0.18181818181818182,6dn1,0.2222222222222222,0.18181818181818182,"[0.4,0.6)","[0.0,0.4)","[0.0,0.4)"
R-SIM_all,288,5.2438966284149,110,O=C(O)CCCCC1SCC2NC(=O)NC21,O=C1NC2CSCC2N1,0.5181818181818182,5t83,1.0,1f27,False,True,0.31818181818181823,6e8u,0.31818181818181823,0.36585365853658536,"[0.4,0.6)","[0.8,1.0]","[0.0,0.4)"
R-SIM_all,1411,4.63638802010786,69,CC(=O)Nc1nc(-c2cccc(NC(=O)CCCCc3cn(CC4OC(OC5C(O)C(N)CC(N)C5OC5OC(CN)C(O)C(O)C5N)C(O)C4OC4OC(CN)C(O)C(O)C4N)nn3)c2)cs1,O=C(CCCCc1cn(CC2OC(OC3CCCCC3OC3CCCCO3)CC2OC2CCCCO2)nn1)Nc1cccc(-c2cscn2)c1,0.49275362318840576,2kx8,0.37373737373737376,1ei2,False,False,0.37373737373737376,1i9v,0.472972972972973,0.37373737373737376,"[0.4,0.6)","[0.0,0.4)","[0.0,0.4)"
R-SIM_all,2104,8.17069622716898,2897,COC1C(O)CC(=O)OC(C)CC=CC=CC(O)C(C)CC(CC=O)C1OC1OC(C)C(OC2CC(C)(C)C(O)C(C)O2)C(N(C)C)C1O,O=C1CCCC(OC2CCC(OC3CCCCO3)CO2)CCCCC=CC=CCCO1,0.13669313082499135,4faq,0.1891891891891892,4f8u,False,False,0.06627545736969276,4gma,0.06627545736969276,0.09,"[0.0,0.4)","[0.0,0.4)","[0.0,0.4)"
R-SIM_all,1331,6.15490195998574,29,COc1ccc(NCC(O)Cn2c3ccc(Br)cc3c3cc(Br)ccc32)cc1,c1ccc(NCCCn2c3ccccc3c3ccccc32)cc1,0.5588235294117647,1nbk,0.2054794520547945,3f4g,False,False,0.2054794520547945,3f4g,0.3928571428571429,0.2054794520547945,"[0.4,0.6)","[0.0,0.4)","[0.0,0.4)"
R-SIM_all,2273,6.26201267366657,71,CC1c2cccc(O)c2C(O)=C2C(=O)C3(O)C(O)=C(C(N)=O)C(=O)CC3C(O)C21,O=C1C=CC2C(=O)C3=Cc4ccccc4CC3CC2C1,0.5476190476190477,4frg,0.15853658536585366,1ykv,False,False,0.15492957746478875,1ykv,0.15492957746478875,0.15853658536585366,"[0.4,0.6)","[0.0,0.4)","[0.0,0.4)"
R-SIM_all,1912,6.455931955649719,21,Cc1ccc(-c2nnc(-c3nc(N4CCCCC4)c4ccccc4n3)o2)cc1,c1ccc(-c2nnc(-c3nc(N4CCCCC4)c4ccccc4n3)o2)cc1,0.5238095238095238,1zz5,0.18181818181818182,6e81,False,False,0.18181818181818182,6e81,0.5,0.18181818181818182,"[0.4,0.6)","[0.0,0.4)","[0.0,0.4)"
R-SIM_all,850,3.1249387366082995,66,NCC1OC(OC2C(N)CC(N)C(OC3OC(CO)C(O)C(N)C3O)C2O)C(O)C(O)C1O,C1CCC(OC2CCCC(OC3CCCCO3)C2)OC1,0.5657894736842105,2hop,1.0,2esi,False,True,0.43243243243243246,1i9v,0.43243243243243246,0.6326530612244898,"[0.4,0.6)","[0.8,1.0]","[0.4,0.6)"
R-SIM_all,686,3.61798295742513,29,O=[N+]([O-])c1ccc(Cn2c(C3CCNCC3)nc3cc(Cl)c(Cl)cc32)cc1,c1ccc(Cn2c(C3CCNCC3)nc3ccccc32)cc1,0.9310344827586207,1byj,0.19230769230769232,3f4g,False,False,0.19230769230769232,3f4g,0.4107142857142857,0.19230769230769232,"[0.8,1.0]","[0.0,0.4)","[0.0,0.4)"
R-SIM_all,368,1.69464863055338,29,NC[C@H]1OC[C@H](O[C@@H]2[C@H](O)[C@H](O[C@@H]3[C@@H](O)[C@@H](N)C[C@@H](N)[C@H]3O[C@H]3O[C@@H](CNCCc4cccc(C(F)(F)F)c4)[C@H](O)[C@@H](O)[C@H]3N)O[C@@H]2CO)[C@H](O)[C@@H]1O,c1ccc(CCNCC2CCCC(OC3CCCCC3OC3CC(OC4CCCOC4)CO3)O2)cc1,0.9310344827586207,1byj,0.550561797752809,3s4p,False,False,0.550561797752809,3s4p,0.7241379310344828,0.550561797752809,"[0.8,1.0]","[0.4,0.6)","[0.4,0.6)"
R-SIM_all,1858,5.44369749923271,47,NC(=[NH2+])c1ccc(-c2ccc(-c3ccc(-c4ccc(C(N)=[NH2+])cn4)o3)o2)nc1,c1ccc(-c2ccc(-c3ccc(-c4ccccn4)o3)o2)nc1,0.5357142857142857,3f4g,0.17391304347826086,2l94,False,False,0.17391304347826086,2l94,0.42553191489361697,0.17391304347826086,"[0.4,0.6)","[0.0,0.4)","[0.0,0.4)"
R-SIM_all,1946,6.107905397309519,47,COc1cc(C=CC(=O)CC(=O)C=Cc2ccc(O)c(OC)c2)ccc1O,O=C(C=Cc1ccccc1)CC(=O)C=Cc1ccccc1,0.5384615384615384,2qwy,0.23809523809523808,12ci,False,False,0.23809523809523808,12ci,0.4512195121951219,0.23809523809523808,"[0.4,0.6)","[0.0,0.4)","[0.0,0.4)"
R-SIM_all,1825,7.075720713938121,40,CCCN(CC(=O)N(CCC)C(=O)CCCOc1ccc(-c2nc3cc(N4CCN(C)CC4)ccc3[nH]2)cc1)C(=O)N(CCOCCOCCOP(=O)(O)OC1C(O)C(COP(=O)(O)OC2C(O)C(COP(=O)(O)OC3C(O)C(COP(=O)(O)OC4C(O)C(COP(=O)(O)O)OC4n4cnc5c(N)ncnc54)OC3n3cnc4c(N)ncnc43)OC2n2cnc3c(N)ncnc32)OC1n1cnc2c(N)ncnc21)Cc1cn(CCCCC(=O)CCCOc2c(C(C)(C)C)cc(-c3nc4cc(N5CCN(C)CC5)ccc4[nH]3)cc2C(C)(C)C)nn1,O=C(CCCCn1cc(CN(CCOCCOCCO[PH](=O)OC2CC(CO[PH](=O)OC3CC(CO[PH](=O)OC4CC(CO[PH](=O)OC5CCOC5n5cnc6cncnc65)OC4n4cnc5cncnc54)OC3n3cnc4cncnc43)OC2n2cnc3cncnc32)C(=O)NCC(=O)NC(=O)CCCOc2ccc(-c3nc4cc(N5CCNCC5)ccc4[nH]3)cc2)nn1)CCCOc1ccc(-c2nc3cc(N4CCNCC4)ccc3[nH]2)cc1,0.525,1fmn,0.3402777777777778,1x9c,False,False,0.3146853146853147,1am0,0.375,0.3146853146853147,"[0.4,0.6)","[0.0,0.4)","[0.0,0.4)"
R-SIM_all,1423,6.79588001734408,60,CN1CCN(c2ccc3nc(-c4ccc5nc(-c6cccc(OCCCC(=O)NCCCN=[N+]=[N-])c6)[nH]c5c4)[nH]c3c2)CC1,c1ccc(-c2nc3ccc(-c4nc5ccc(N6CCNCC6)cc5[nH]4)cc3[nH]2)cc1,0.5333333333333333,5lys,0.21782178217821782,6hmo,False,False,0.19999999999999996,3mij,0.19999999999999996,0.20952380952380953,"[0.4,0.6)","[0.0,0.4)","[0.0,0.4)"
R-SIM_all,1775,4.53760200210104,62,Nc1ccc2nc(-c3cccc(-c4nc5ccc(N)cc5[nH]4)c3)[nH]c2c1,c1cc(-c2nc3ccccc3[nH]2)cc(-c2nc3ccccc3[nH]2)c1,0.5211267605633803,5kpy,0.34285714285714286,2kd4,False,False,0.2,2g9c,0.4477611940298507,0.2,"[0.4,0.6)","[0.0,0.4)","[0.0,0.4)"
R-SIM_all,750,5.602059991327961,239,[NH3+]CCS(=O)(=O)C[C@H]([NH3+])C(=O)[O-],ACYCLIC_EXACT::[NH3+]CCS(=O)(=O)C[C@H]([NH3+])C(=O)[O-],0.47791164658634533,4y1n,0.21621621621621623,3d0u,False,False,0.21621621621621623,3d0u,0.4602510460251046,0.21621621621621623,"[0.4,0.6)","[0.0,0.4)","[0.0,0.4)"
R-SIM_all,1731,6.89279003035213,60,Cc1cc(C(=O)NCCN(Cc2ccncc2)C(=O)CCCOc2ccc(-c3nc4ccc(-c5ccc(N6CCN(C)CC6)cc5)cc4[nH]3)cc2)ccc1F,O=C(NCCN(Cc1ccncc1)C(=O)CCCOc1ccc(-c2nc3ccc(-c4ccc(N5CCNCC5)cc4)cc3[nH]2)cc1)c1ccccc1,0.5333333333333333,5lys,0.23423423423423423,6hmo,False,False,0.211864406779661,6dn2,0.43333333333333335,0.211864406779661,"[0.4,0.6)","[0.0,0.4)","[0.0,0.4)"
R-SIM_all,1226,4.76955107862173,79,C[NH+](C)CCCOc1ccc2[nH+]c(N)n(CCC[NH+](C)C)c2c1,c1ccc2[nH+]c[nH]c2c1,0.5189873417721519,3npn,0.24528301886792453,2l94,False,False,0.24528301886792453,2l94,0.430379746835443,0.24528301886792453,"[0.4,0.6)","[0.0,0.4)","[0.0,0.4)"
R-SIM_all,841,4.69897000433602,40,NCC1OC(OC2C(N)CC(N)C(OC3OC(CO)C(O)C(N)C3O)C2O)C(O)C(O)C1O,C1CCC(OC2CCCC(OC3CCCCO3)C2)OC1,0.55,1ddy,1.0,2esi,False,True,0.475,1ei2,0.475,0.6326530612244898,"[0.4,0.6)","[0.8,1.0]","[0.4,0.6)"
R-SIM_all,1002,4.48148606012211,118,Cc1cccn2c(=O)c3cc(C(=O)NCCN4CCOCC4)c(=N)n(Cc4cccnc4)c3nc12,N=c1c(C(=O)NCCN2CCOCC2)cc2c(=O)n3ccccc3nc2n1Cc1cccnc1,0.5084745762711864,3gx7,0.18518518518518517,6dn2,False,False,0.18518518518518517,6dn2,0.3813559322033898,0.18518518518518517,"[0.4,0.6)","[0.0,0.4)","[0.0,0.4)"
R-SIM_all,827,5.602059991327961,41,NCC1OC(OC2C(N)CC(N)C(OC3OC(CO)C(O)C(N)C3O)C2O)C(N)C(O)C1O,C1CCC(OC2CCCC(OC3CCCCO3)C2)OC1,0.5853658536585367,1eht,0.8809523809523809,2esi,False,True,0.4878048780487805,1ei2,0.4878048780487805,0.723404255319149,"[0.4,0.6)","[0.8,1.0]","[0.4,0.6)"
R-SIM_all,2129,5.22184874961636,38,CN(C)c1ccc2c(-c3ccccc3)c3ccc(=[N+](C)C)cc-3oc2c1,[N+]=c1ccc2c(-c3ccccc3)c3ccccc3oc-2c1,0.868421052631579,1q8n,1.0,1f1t,True,True,0.8421052631578947,1f1t,0.8421052631578947,1.0,"[0.8,1.0]","[0.8,1.0]","[0.8,1.0]"
R-SIM_all,787,4.92081875395238,27,CN[C@@H]1[C@@H](O[C@H]2c3cc4ccccc4cc3[C@@H]3[C@@H]2C=C[C@@]32C(=O)C=Cc3ccc(OC)cc32)O[C@@H](C)[C@@H](O)[C@H]1O,O=C1C=Cc2ccccc2C12C=CC1C(OC3CCCCO3)c3cc4ccccc4cc3C12,0.5555555555555556,1tob,0.19811320754716982,1nta,False,False,0.19811320754716982,1nta,0.5185185185185186,0.19811320754716982,"[0.4,0.6)","[0.0,0.4)","[0.0,0.4)"
R-SIM_all,682,3.6695862266508095,29,FC(F)(F)c1ccc(Cn2c(C3CCNCC3)nc3cc(Cl)c(Cl)cc32)cc1,c1ccc(Cn2c(C3CCNCC3)nc3ccccc32)cc1,0.9310344827586207,1byj,0.18840579710144928,2lwk,False,False,0.18840579710144928,2lwk,0.5625,0.18840579710144928,"[0.8,1.0]","[0.0,0.4)","[0.0,0.4)"
R-SIM_all,920,3.0,17,N[C@@H]1C[C@H](N)[C@@H](OCSc2ccnc3cc(C(F)(F)F)ccc23)[C@H](O)[C@@H]1O,c1ccc2c(SCOC3CCCCC3)ccnc2c1,0.6470588235294117,5v1l,0.2571428571428571,6jbf,False,False,0.2571428571428571,6jbf,0.4782608695652174,0.2571428571428571,"[0.6,0.8)","[0.0,0.4)","[0.0,0.4)"
R-SIM_all,1046,5.1249387366083,14,NCCCC[C@H](NC(=O)[C@H](CSSC[C@H](NC(=O)[C@@H]1CCCN1C(=O)c1ccc2c(c1)OCO2)C(=O)N[C@H](CCCCN)C(=O)NCCCN)NC(=O)[C@@H]1CCCN1C(=O)c1ccc2c(c1)OCO2)C(=O)NCCCN,O=C(NCCSSCCNC(=O)C1CCCN1C(=O)c1ccc2c(c1)OCO2)C1CCCN1C(=O)c1ccc2c(c1)OCO2,0.5789473684210527,5z71,0.19090909090909092,2f4u,False,False,0.19090909090909092,2f4u,0.47619047619047616,0.19090909090909092,"[0.4,0.6)","[0.0,0.4)","[0.0,0.4)"
R-SIM_all,1872,6.06048074738138,77,c1cc(-c2ccc(-c3ccc(C4=[NH+]CCN4)cc3)o2)ccc1C1=[NH+]CCN1,c1cc(-c2ccc(-c3ccc(C4=[NH+]CCN4)cc3)o2)ccc1C1=[NH+]CCN1,0.5510204081632653,4rzd,0.11666666666666667,1f1t,False,False,0.11666666666666667,1f1t,0.36363636363636365,0.11666666666666667,"[0.4,0.6)","[0.0,0.4)","[0.0,0.4)"
R-SIM_all,669,3.0,29,CN1CCC(c2nc3ccc([N+](=O)[O-])cc3[nH]2)CC1,c1ccc2[nH]c(C3CCNCC3)nc2c1,0.9310344827586207,1byj,0.1917808219178082,2ktz,False,False,0.1917808219178082,2ktz,0.5263157894736843,0.1917808219178082,"[0.8,1.0]","[0.0,0.4)","[0.0,0.4)"
R-SIM_all,399,5.88605664769316,58,C=C(NC(=O)C(=C)NC(=O)c1csc(C2=NC3c4csc(n4)C4NC(=O)c5csc(n5)C(C(C)(O)C(C)O)NC(=O)C5CSC(=N5)C(=CC)NC(=O)C(C(C)O)NC(=O)c5csc(n5)C3(CC2)NC(=O)C(C)NC(=O)C(=C)NC(=O)C(C)NC(=O)C(C(C)CC)NC2C=Cc3c(C(C)O)cc(nc3C2O)C(=O)OC4C)n1)C(N)=O,C=C1NC(=O)CNC(=O)CNC2C=Cc3ccc(nc3C2)C(=O)OCC2NC(=O)c3csc(n3)CNC(=O)C3CSC(=N3)C(=C)NC(=O)CNC(=O)c3csc(n3)C3(CCC(c4nccs4)=NC3c3csc2n3)NC(=O)CNC1=O,0.5423728813559322,2miy,0.10894941634241245,4frg,False,False,0.10894941634241245,4frg,0.47619047619047616,0.10894941634241245,"[0.4,0.6)","[0.0,0.4)","[0.0,0.4)"
R-SIM_all,718,2.00921730819686,29,CN(C)CCCN1c2ccccc2Sc2ccc(Cl)cc21,c1ccc2c(c1)Nc1ccccc1S2,1.0,1arj,0.6666666666666666,1lvj,False,True,0.6666666666666666,1lvj,0.935483870967742,0.6666666666666666,"[0.8,1.0]","[0.6,0.8)","[0.6,0.8)"
R-SIM_all,625,4.958607314841769,29,CO[C@@H]1O[C@@H](CN)[C@H](O[C@@H]2O[C@H](CN)[C@@H](O)[C@@H](O)[C@H]2N)[C@H](O)[C@H]1N,C1CCC(OC2CCCOC2)OC1,0.9310344827586207,1byj,0.5952380952380952,2et8,False,False,0.5952380952380952,2et8,0.7241379310344828,0.5952380952380952,"[0.8,1.0]","[0.4,0.6)","[0.4,0.6)"
R-SIM_all,124,4.657577319177791,29,Cc1ccc(NCCN)nc1,c1ccncc1,0.9310344827586207,1byj,0.2037037037037037,6izp,False,False,0.2037037037037037,6izp,0.48275862068965514,0.2037037037037037,"[0.8,1.0]","[0.0,0.4)","[0.0,0.4)"
R-SIM_all,1293,7.38615817812393,45,O=c1c(O)c(-c2cc(O)c(O)c(O)c2)oc2cc(O)cc(O)c12,O=c1cc(-c2ccccc2)oc2ccccc12,0.5357142857142857,3f4g,1.0,5xi1,True,True,0.19999999999999996,5xi1,0.19999999999999996,1.0,"[0.4,0.6)","[0.8,1.0]","[0.0,0.4)"
R-SIM_all,369,7.0,29,COc1cccc(CCNC[C@H]2O[C@H](O[C@H]3[C@H](O[C@H]4O[C@H](CO)[C@H](O[C@H]5CO[C@H](CN)[C@H](O)[C@H]5O)[C@@H]4O)[C@@H](O)[C@@H](N)C[C@H]3N)[C@H](N)[C@H](O)[C@H]2O)c1,c1ccc(CCNCC2CCCC(OC3CCCCC3OC3CC(OC4CCCOC4)CO3)O2)cc1,0.9310344827586207,1byj,0.5568181818181818,3s4p,False,False,0.5568181818181818,3s4p,0.7241379310344828,0.5568181818181818,"[0.8,1.0]","[0.4,0.6)","[0.4,0.6)"
R-SIM_all,2382,4.39794000867204,36,CCc1nc2ccccc2cc1C(=O)N[C@@H](CSSC[C@@H](NC(=O)c1cc2ccccc2nc1CC)C(=O)N1CCC[C@H]1C(=O)N[C@@H](Cc1ccccc1)C(=O)NCCCN)C(=O)N1CCC[C@H]1C(=O)N[C@@H](Cc1ccccc1)C(=O)NCCCN,O=C(NC(CSSCC(NC(=O)c1cnc2ccccc2c1)C(=O)N1CCCC1C(=O)NCCc1ccccc1)C(=O)N1CCCC1C(=O)NCCc1ccccc1)c1cnc2ccccc2c1,0.5833333333333333,6az4,0.18584070796460178,6dn2,False,False,0.18584070796460178,6dn2,0.39622641509433965,0.18584070796460178,"[0.4,0.6)","[0.0,0.4)","[0.0,0.4)"
R-SIM_all,811,6.69897000433602,34,NCCC(O)C(=O)NC1CC(N)C(OC2OC(CN)C(O)C(O)C2N)C(OC2OC(CO)C(O)C2O)C1O,C1CCC(OC2CCCCC2OC2CCCO2)OC1,0.5,1duh,0.8307692307692308,4pdq,False,True,0.5,3c44,0.5,0.5806451612903226,"[0.4,0.6)","[0.8,1.0]","[0.4,0.6)"
R-SIM_all,1129,8.30102999566398,52,CCc1nc2cc3ccccc3cc2cc1C(=O)N(C)[C@@H](C/C=C/C[C@@H](C(=O)N1CCC[C@H]1C(=O)N(C)[C@@H](Cc1ccccc1)C(=O)NCCC[NH3+])N(C)C(=O)c1cc2cc3ccccc3cc2nc1CC)C(=O)N1CCC[C@H]1C(=O)N(C)[C@@H](Cc1ccccc1)C(=O)NCCC[NH3+],O=C(NC(CC=CCC(NC(=O)c1cnc2cc3ccccc3cc2c1)C(=O)N1CCCC1C(=O)NCCc1ccccc1)C(=O)N1CCCC1C(=O)NCCc1ccccc1)c1cnc2cc3ccccc3cc2c1,0.8076923076923077,2l94,0.1826086956521739,5c45,False,False,0.1826086956521739,5c45,0.5185185185185186,0.1826086956521739,"[0.8,1.0]","[0.0,0.4)","[0.0,0.4)"
R-SIM_all,326,6.221848749616361,29,NC[C@H]1C[C@@H](O)[C@H](N)[C@@H](O[C@H]2CO[C@@H](O[C@@H]3[C@H](O)[C@H](N)C[C@H](N)[C@H]3O[C@H]3O[C@H](CO)[C@H](O)[C@@H](O)[C@@H]3N)[C@@H]2OCCNc2cccnc2)O1,c1cncc(NCCOC2C(OC3CCCCO3)COC2OC2CCCCC2OC2CCCCO2)c1,0.9310344827586207,1byj,0.4891304347826087,3s4p,False,False,0.4891304347826087,3s4p,0.7241379310344828,0.4891304347826087,"[0.8,1.0]","[0.4,0.6)","[0.4,0.6)"
R-SIM_all,1956,6.92081875395238,19,COc1cc(C=CC(=O)CC(=O)C=Cc2ccc(O)c(OC)c2)ccc1O,O=C(C=Cc1ccccc1)CC(=O)C=Cc1ccccc1,0.6956521739130435,4pdq,0.23809523809523808,12ci,False,False,0.23170731707317072,12ci,0.23170731707317072,0.23809523809523808,"[0.6,0.8)","[0.0,0.4)","[0.0,0.4)"
R-SIM_all,199,6.87942606879415,1542,NCC1OC(OC2C(CO)OC(OC3C(O)C(N)CC(N)C3OC3OC(CN)C(O)C(O)C3N)C2O)C(N)C(O)C1O,C1CCC(OC2COC(OC3CCCCC3OC3CCCCO3)C2)OC1,0.25616083009079116,4faq,1.0,1ei2,False,True,0.11154345006485089,3dir,0.11154345006485089,0.12790697674418605,"[0.0,0.4)","[0.8,1.0]","[0.0,0.4)"
R-SIM_all,1943,6.1249387366083,47,COc1cc(C=CC(=O)CC(=O)C=Cc2ccc(O)c(OC)c2)ccc1O,O=C(C=Cc1ccccc1)CC(=O)C=Cc1ccccc1,0.5357142857142857,3f4g,0.23809523809523808,12ci,False,False,0.23809523809523808,12ci,0.4390243902439024,0.23809523809523808,"[0.4,0.6)","[0.0,0.4)","[0.0,0.4)"
R-SIM_all,378,5.03621217265444,29,NCNCCO[C@H]1[C@H](O[C@@H]2[C@H](O)[C@@H](N)C[C@@H](N)[C@H]2O[C@@H]2C[C@H](CO)[C@H](O)[C@@H](O)[C@H]2N)O[C@H](CO)[C@H]1O,C1CCC(OC2CCCCC2OC2CCCO2)CC1,0.9310344827586207,1byj,0.5857142857142857,2bee,False,False,0.5857142857142857,2bee,0.7241379310344828,0.5857142857142857,"[0.8,1.0]","[0.4,0.6)","[0.4,0.6)"
R-SIM_all,697,3.2269453066357405,29,Clc1cc2nc(C3CCNCC3)n(Cc3ccccc3Br)c2cc1Cl,c1ccc(Cn2c(C3CCNCC3)nc3ccccc32)cc1,0.9310344827586207,1byj,0.18604651162790697,6dn2,False,False,0.18604651162790697,6dn2,0.41509433962264153,0.18604651162790697,"[0.8,1.0]","[0.0,0.4)","[0.0,0.4)"
R-SIM_all,1398,4.58670023591875,67,CC(=O)Nc1nc(-c2cccc(NC(=O)CCCCCc3cn(CC4OC(OC5C(O)C(N)CC(N)C5OC5OC(CN)C(O)C(O)C5N)C(O)C4OC4OC(CN)C(O)C(O)C4N)nn3)c2)cs1,O=C(CCCCCc1cn(CC2OC(OC3CCCCC3OC3CCCCO3)CC2OC2CCCCO2)nn1)Nc1cccc(-c2cscn2)c1,0.5074626865671642,2kx8,0.37,1ei2,False,False,0.37,1i9v,0.4864864864864865,0.37,"[0.4,0.6)","[0.0,0.4)","[0.0,0.4)"
R-SIM_all,2274,7.65364702554936,71,C[n+]1cc2c3c(ccc2c2ccc4cc5c(cc4c21)OCO5)OCO3,c1cc2c(c[nH+]c3c4cc5c(cc4ccc23)OCO5)c2c1OCO2,0.5476190476190477,4frg,0.14814814814814814,2l8h,False,False,0.14814814814814814,2l8h,0.3661971830985915,0.14814814814814814,"[0.4,0.6)","[0.0,0.4)","[0.0,0.4)"
R-SIM_all,366,1.88941028970075,29,NC[C@H]1OC[C@H](O[C@@H]2[C@H](O)[C@@H](O[C@@H]3[C@@H](O)[C@@H](N)C[C@@H](N)[C@H]3O[C@H]3O[C@H](CN4C[C@@H]5CCCC[C@H]5C4)[C@H](O)[C@@H](O)[C@H]3N)O[C@@H]2CO)[C@H](O)[C@H]1O,C1COCC(OC2COC(OC3CCCCC3OC3CCCC(CN4CC5CCCCC5C4)O3)C2)C1,0.9310344827586207,1byj,0.625,1ei2,False,False,0.625,2et4,0.7241379310344828,0.625,"[0.8,1.0]","[0.6,0.8)","[0.6,0.8)"
R-SIM_all,1161,7.23657200643706,241,O=c1cc(-c2cccs2)nc([C@H]2CCCN(Cc3cn(-c4ncccn4)cn3)C2)[nH]1,O=c1cc(-c2cccs2)nc(C2CCCN(Cc3cn(-c4ncccn4)cn3)C2)[nH]1,0.47791164658634533,4y1n,0.40963855421686746,5c45,False,False,0.22406639004149376,5c45,0.22406639004149376,0.40963855421686746,"[0.4,0.6)","[0.4,0.6)","[0.0,0.4)"
R-SIM_all,2445,6.619788758288389,34,NCC1OC(OC2C(N)CC(N)C(OC3OC(CO)C(O)C(N)C3O)C2O)C(O)C(O)C1O,C1CCC(OC2CCCC(OC3CCCCO3)C2)OC1,0.5,1q8n,1.0,2esi,False,True,0.5,3c44,0.5,0.6530612244897959,"[0.4,0.6)","[0.8,1.0]","[0.4,0.6)"
R-SIM_all,1168,8.61978875828839,108,COc1ccc2c(c[n+](C)c3c4cc5c(cc4ccc23)OCO5)c1OC,c1ccc2c(c1)c[nH+]c1c3cc4c(cc3ccc21)OCO4,0.5185185185185186,4yaz,0.24074074074074073,2l8h,False,False,0.24074074074074073,2l8h,0.2685185185185185,0.24074074074074073,"[0.4,0.6)","[0.0,0.4)","[0.0,0.4)"
R-SIM_all,1950,6.251811972993799,47,COc1cc(C=CC(=O)CC(=O)C=Cc2ccc(O)c(OC)c2)ccc1O,O=C(C=Cc1ccccc1)CC(=O)C=Cc1ccccc1,0.5535714285714286,3f4g,0.23809523809523808,12ci,False,False,0.23809523809523808,12ci,0.4390243902439024,0.23809523809523808,"[0.4,0.6)","[0.0,0.4)","[0.0,0.4)"
R-SIM_all,2141,3.0,160,Nc1ncnc2c1ncn2C1OC(CSCC(N)C(=O)O)C(O)C1O,c1ncc2ncn(C3CCCO3)c2n1,0.56875,4kqy,0.8245614035087719,3gx3,False,True,0.56875,4kqy,0.56875,0.5882352941176471,"[0.4,0.6)","[0.8,1.0]","[0.4,0.6)"
R-SIM_all,295,6.00436480540245,2922,CCC1OC(=O)C(C)C(OC2CC(C)(OC)C(O)C(C)O2)C(C)C(OC2OC(C)CC(N(C)C)C2O)C(C)(O)CC(C)C(=O)C(C)C(O)C1(C)O,O=C1CCCCOC(=O)CC(OC2CCCCO2)CC(OC2CCCCO2)CCC1,0.13552361396303902,4faq,0.1743119266055046,4f8u,False,False,0.0657084188911704,4gma,0.0657084188911704,0.09743589743589744,"[0.0,0.4)","[0.0,0.4)","[0.0,0.4)"
R-SIM_all,101,6.585026652029179,29,CNC1C(O)C(NC)C2OC3(O)C(=O)CC(C)OC3OC2C1O,O=C1CCOC2OC3CCCCC3OC12,0.9310344827586207,1byj,0.22641509433962265,1byj,False,False,0.22641509433962265,1byj,0.9310344827586207,0.22641509433962265,"[0.8,1.0]","[0.0,0.4)","[0.0,0.4)"
R-SIM_all,702,3.0,29,Cc1ccc(S(=O)(=O)Cn2c(C3CCNCC3)nc3cc(Cl)c(Cl)cc32)cc1,O=S(=O)(Cn1c(C2CCNCC2)nc2ccccc21)c1ccccc1,0.9310344827586207,1byj,0.21794871794871795,3f4g,False,False,0.21794871794871795,3f4g,0.4107142857142857,0.21794871794871795,"[0.8,1.0]","[0.0,0.4)","[0.0,0.4)"
R-SIM_all,2376,4.40450377817443,52,CCCCOC(=O)c1ccc(N)cc1,c1ccccc1,0.8076923076923077,2l94,0.24074074074074073,6izp,False,True,0.24074074074074073,6izp,0.3846153846153846,0.24074074074074073,"[0.8,1.0]","[0.0,0.4)","[0.0,0.4)"
R-SIM_all,784,4.69897000433602,27,N[C@@H]1[C@@H](O[C@@H]2O[C@H]3C(=O)c4cc5ccccc5cc4[C@@H]3[C@@]23C(=O)C=Cc2ccccc23)O[C@H](CO)[C@H](O)[C@H]1O,O=C1c2cc3ccccc3cc2C2C1OC(OC1CCCCO1)C21C(=O)C=Cc2ccccc21,0.5555555555555556,1tob,0.28865979381443296,3s4p,False,False,0.28865979381443296,3s4p,0.4444444444444444,0.28865979381443296,"[0.4,0.6)","[0.0,0.4)","[0.0,0.4)"
R-SIM_all,225,8.39794000867204,67,NC1=NC2(N)N=CN=C2C=N1,C1=NC=NC2N=CN=C12,1.0,2g9c,0.16216216216216217,2kd4,False,False,0.15151515151515152,2g9c,1.0,0.15151515151515152,"[0.8,1.0]","[0.0,0.4)","[0.0,0.4)"
R-SIM_all,272,3.25963731050576,29,OCCNCCCN1c2ccccc2Sc2ccc(Cl)cc21,c1ccc2c(c1)Nc1ccccc1S2,1.0,1arj,0.45614035087719296,1lvj,False,True,0.45614035087719296,1lvj,0.935483870967742,0.45614035087719296,"[0.8,1.0]","[0.4,0.6)","[0.4,0.6)"
R-SIM_all,164,4.30102999566398,29,Cn1c(=O)[nH]c(=O)c2c1nc(N/N=C1\C(=O)NC3=C1C=C=C=C3)n2CC1=C=C=C(Cl)C=C1,O=C1NC2=C(C=C=C=C2)C1=NNc1nc2[nH]c(=O)[nH]c(=O)c2n1CC1=C=C=CC=C1,0.9310344827586207,1byj,0.16091954022988506,5v1l,False,False,0.16091954022988506,5v1l,0.3448275862068966,0.16091954022988506,"[0.8,1.0]","[0.0,0.4)","[0.0,0.4)"
R-SIM_all,840,5.744727494896691,40,NC[C@@H]1O[C@H](O[C@H]2[C@@H](O)[C@H](O[C@H]3O[C@@H](CNc4c5ccccc5nc5ccccc45)[C@H](O)[C@@H](N)[C@@H]3O)[C@@H](N)C[C@H]2N)[C@H](N)C[C@@H]1O,c1ccc2c(NCC3CCCC(OC4CCCC(OC5CCCCO5)C4)O3)c3ccccc3nc2c1,0.55,1ddy,0.5873015873015873,1lc4,False,False,0.3974358974358974,2fd0,0.4,0.3974358974358974,"[0.4,0.6)","[0.4,0.6)","[0.0,0.4)"
R-SIM_all,1919,4.59516628338006,21,Cc1ccc(NCCCNC(=O)c2cn(CCN)nn2)nc1,O=C(NCCCNc1ccccn1)c1c[nH]nn1,0.5238095238095238,1zz5,0.2054794520547945,6izp,False,False,0.2054794520547945,6izp,0.3793103448275862,0.2054794520547945,"[0.4,0.6)","[0.0,0.4)","[0.0,0.4)"
R-SIM_all,2188,4.92081875395238,48,NCC1OC(OC2C(N)CC(N)C(OC3OC(CN)C(N)C(O)C3O)C2O)C(N)CC1O,C1CCC(OC2CCCC(OC3CCCCO3)C2)OC1,0.5625,6e8u,0.7555555555555555,1lc4,False,True,0.44594594594594594,1i9v,0.44594594594594594,0.5192307692307693,"[0.4,0.6)","[0.6,0.8)","[0.4,0.6)"
R-SIM_all,214,3.3010299956639804,42,Cn1cnc2c1c(=O)[nH]c(=O)n2C,O=c1[nH]c(=O)c2[nH]cnc2[nH]1,0.6428571428571428,1eht,0.2926829268292683,1eht,False,True,0.2926829268292683,1eht,0.6428571428571428,0.2926829268292683,"[0.6,0.8)","[0.0,0.4)","[0.0,0.4)"
R-SIM_all,2191,5.744727494896691,48,NCC1OC(OC2C(N)CC(N)C(OC3OC(CN)C(O)C(N)C3O)C2O)C(N)CC1O,C1CCC(OC2CCCC(OC3CCCCO3)C2)OC1,0.5625,6e8u,0.8809523809523809,1lc4,False,True,0.44594594594594594,1i9v,0.44594594594594594,0.5192307692307693,"[0.4,0.6)","[0.8,1.0]","[0.4,0.6)"
R-SIM_all,306,7.0,66,CN(C)CCN=C(N)c1cccc(-c2ccc(-c3cccc(C(N)=NCCN(C)C)c3)o2)c1,c1ccc(-c2ccc(-c3ccccc3)o2)cc1,0.5657894736842105,2hop,0.24561403508771928,6e1u,False,False,0.24561403508771928,6e1u,0.40909090909090906,0.24561403508771928,"[0.4,0.6)","[0.0,0.4)","[0.0,0.4)"
R-SIM_all,133,3.66554624884907,29,c1ccc2c(CN3CCN(Cc4c[nH]c5ccccc45)CC3)c[nH]c2c1,c1ccc2c(CN3CCN(Cc4c[nH]c5ccccc45)CC3)c[nH]c2c1,0.9310344827586207,1byj,0.2653061224489796,5kpy,False,False,0.2653061224489796,5kpy,0.352112676056338,0.2653061224489796,"[0.8,1.0]","[0.0,0.4)","[0.0,0.4)"
R-SIM_all,1607,4.484126156288321,46,CN1CCN(c2cc(F)c3cc(-c4cccc(Cl)c4)c(=O)oc3c2)CC1,O=c1oc2cc(N3CCNCC3)ccc2cc1-c1ccccc1,0.5217391304347826,2ktz,0.2857142857142857,6hmo,False,False,0.23913043478260865,6hmo,0.23913043478260865,0.2857142857142857,"[0.4,0.6)","[0.0,0.4)","[0.0,0.4)"
R-SIM_all,619,4.619788758288389,29,NCCCCNCCO[C@@H]1[C@@H](O)[C@@H](O[C@@H]2O[C@@H](CN)[C@H](O)[C@@H](O)[C@@H]2N)[C@@H](N)C[C@H]1NC(=O)Cc1ccc(N)cc1,O=C(Cc1ccccc1)NC1CCC(OC2CCCCO2)CC1,0.9310344827586207,1byj,0.6363636363636364,2f4t,False,False,0.6363636363636364,2f4t,0.7241379310344828,0.6363636363636364,"[0.8,1.0]","[0.6,0.8)","[0.6,0.8)"
R-SIM_all,155,3.4034029043735403,29,COc1ccccc1-c1coc2c(CN3CCCCC3)c(O)ccc2c1=O,O=c1c(-c2ccccc2)coc2c(CN3CCCCC3)cccc12,0.9310344827586207,1byj,0.20689655172413793,5kx9,False,False,0.20689655172413793,5kx9,0.41509433962264153,0.20689655172413793,"[0.8,1.0]","[0.0,0.4)","[0.0,0.4)"
R-SIM_all,109,6.30102999566398,29,NCC1OC(OC2C(N)CC(N)C(O)C2O)C(N)C(O)C1O,C1CCC(OC2CCCCO2)CC1,0.9310344827586207,1byj,1.0,2et8,False,True,0.7241379310344828,2et8,0.7241379310344828,1.0,"[0.8,1.0]","[0.8,1.0]","[0.6,0.8)"
R-SIM_all,2429,7.52287874528034,34,NC[C@@H]1O[C@H](O[C@H]2[C@@H](O)[C@H](O[C@H]3O[C@@H](CNc4c5ccccc5nc5ccccc45)[C@H](O)[C@@H](N)[C@@H]3O)[C@@H](N)C[C@H]2N)[C@H](N)C[C@@H]1O,c1ccc2c(NCC3CCCC(OC4CCCC(OC5CCCCO5)C4)O3)c3ccccc3nc2c1,0.5,1duh,0.5873015873015873,1lc4,False,False,0.3974358974358974,2fd0,0.4411764705882353,0.3974358974358974,"[0.4,0.6)","[0.4,0.6)","[0.0,0.4)"
R-SIM_all,955,6.32790214206428,118,C=CC[C@H](NC(=O)c1cc(CC)nc2ccccc12)C(=O)N1CCC[C@@H]1C(=O)N[C@H](Cc1ccccc1)C(=O)NCCCN,O=C(NCC(=O)N1CCCC1C(=O)NCCc1ccccc1)c1ccnc2ccccc12,0.5084745762711864,3gx7,0.17391304347826086,6dn1,False,False,0.17391304347826086,6dn1,0.3813559322033898,0.17391304347826086,"[0.4,0.6)","[0.0,0.4)","[0.0,0.4)"
R-SIM_all,1964,6.075720713938121,28,COc1cc(C=CC(=O)CC(=O)C=Cc2ccc(O)c(OC)c2)ccc1O,O=C(C=Cc1ccccc1)CC(=O)C=Cc1ccccc1,0.5714285714285714,4gpw,0.23809523809523808,12ci,False,False,0.23809523809523808,12ci,0.30487804878048785,0.23809523809523808,"[0.4,0.6)","[0.0,0.4)","[0.0,0.4)"
R-SIM_all,1352,5.6382721639824105,29,CCOc1ccc(NCC(O)CN(c2ccc(Br)cc2)c2ccc(Br)cc2)cc1,c1ccc(NCCCN(c2ccccc2)c2ccccc2)cc1,0.5588235294117647,1nbk,0.15625,6e1u,False,False,0.15625,6e1u,0.3870967741935484,0.15625,"[0.4,0.6)","[0.0,0.4)","[0.0,0.4)"
R-SIM_all,1962,5.63638802010786,12,COc1cc(C=CC(=O)CC(=O)C=Cc2ccc(O)c(OC)c2)ccc1O,O=C(C=Cc1ccccc1)CC(=O)C=Cc1ccccc1,0.5,2tob,0.23809523809523808,12ci,False,False,0.21739130434782608,2l8h,0.31034482758620685,0.21739130434782608,"[0.4,0.6)","[0.0,0.4)","[0.0,0.4)"
R-SIM_all,2257,5.4089353929735005,33,NCC1OC(OC2C(N)CC(N)C(OC3OC(CN)C(O)C(OC4OC(CO)C(O)C(O)C4N)C3N)C2O)C(N)CC1O,C1CCC(OC2CCCC(OC3CC(OC4CCCCO4)CCO3)C2)OC1,0.5454545454545454,1xst,0.7551020408163265,1lc4,False,False,0.5151515151515151,1fyp,0.5151515151515151,0.6415094339622641,"[0.4,0.6)","[0.6,0.8)","[0.4,0.6)"
R-SIM_all,364,2.5376020021010404,29,NC[C@H]1OC[C@H](O[C@@H]2[C@H](O)[C@H](O[C@@H]3[C@@H](O)[C@@H](N)C[C@@H](N)[C@H]3O[C@H]3O[C@H](CNCCc4ccc(C(F)(F)F)cc4)[C@H](O)[C@@H](O)[C@H]3N)O[C@@H]2CO)[C@H](O)[C@H]1O,c1ccc(CCNCC2CCCC(OC3CCCCC3OC3CC(OC4CCCOC4)CO3)O2)cc1,0.9310344827586207,1byj,0.5581395348837209,3s4p,False,False,0.5581395348837209,3s4p,0.7241379310344828,0.5581395348837209,"[0.8,1.0]","[0.4,0.6)","[0.4,0.6)"
R-SIM_all,1576,5.397940008672039,43,NCC1OC(OC2C(CO)OC(OC3C(O)C(N)CC(N)C3OC3OC(CN)C(O)C(O)C3N)C2O)C(N)C(O)C1O,C1CCC(OC2COC(OC3CCCCC3OC3CCCCO3)C2)OC1,0.5116279069767442,1ei2,1.0,1ei2,False,True,0.5116279069767442,1ei2,0.5116279069767442,1.0,"[0.4,0.6)","[0.8,1.0]","[0.4,0.6)"
R-SIM_all,849,5.52287874528034,66,NC[C@@H]1O[C@H](O[C@H]2[C@@H](O)[C@H](O[C@H]3O[C@@H](CNc4c5ccccc5nc5ccccc45)[C@H](O)[C@@H](N)[C@@H]3O)[C@@H](N)C[C@H]2N)[C@H](N)C[C@@H]1O,c1ccc2c(NCC3CCCC(OC4CCCC(OC5CCCCO5)C4)O3)c3ccccc3nc2c1,0.5657894736842105,2hop,0.5873015873015873,1lc4,False,False,0.35135135135135137,1i9v,0.43243243243243246,0.35135135135135137,"[0.4,0.6)","[0.4,0.6)","[0.0,0.4)"
R-SIM_all,112,3.58502665202918,29,Cc1cc(C)c2nc(N)[nH]c2c1,c1ccc2[nH]cnc2c1,0.9310344827586207,1byj,0.275,3rkf,False,False,0.275,3rkf,0.417910447761194,0.275,"[0.8,1.0]","[0.0,0.4)","[0.0,0.4)"
R-SIM_all,1804,6.0,29,Cc1nc2nc(NCCCN)ccc2c(C)c1C,c1cnc2ncccc2c1,0.9310344827586207,1byj,0.25862068965517243,6izp,False,False,0.25862068965517243,6izp,0.48275862068965514,0.25862068965517243,"[0.8,1.0]","[0.0,0.4)","[0.0,0.4)"
R-SIM_all,136,3.6903698325741,29,Cc1ccccc1OCCNc1cc(N2CCNCC2)ccc1[N+](=O)[O-],c1ccc(OCCNc2cccc(N3CCNCC3)c2)cc1,0.9310344827586207,1byj,0.22988505747126436,1uts,False,False,0.22988505747126436,1uts,0.5172413793103448,0.22988505747126436,"[0.8,1.0]","[0.0,0.4)","[0.0,0.4)"
R-SIM_all,1320,6.65757731917779,22,c1ccc2c(NCc3cn(CCC[NH+]4CCCCC4)nn3)c3oc4ccccc4c3[nH+]c2c1,c1ccc2c(NCc3cn(CCC[NH+]4CCCCC4)nn3)c3oc4ccccc4c3[nH+]c2c1,0.5454545454545454,21cc,0.16666666666666666,6e1s,False,False,0.16666666666666666,6e1s,0.3870967741935484,0.16666666666666666,"[0.4,0.6)","[0.0,0.4)","[0.0,0.4)"
R-SIM_all,746,5.15490195998574,239,NC(N)=NCCCC[C@H](N)C(=O)O,ACYCLIC_EXACT::NC(N)=NCCCC[C@H](N)C(=O)O,0.47791164658634533,4y1n,0.5333333333333333,3d0u,False,False,0.4602510460251046,3d0u,0.4602510460251046,0.5333333333333333,"[0.4,0.6)","[0.4,0.6)","[0.4,0.6)"
R-SIM_all,942,6.82390874094432,33,Cn1c(=O)c2[nH]cnc2n(C)c1=O,O=c1[nH]c(=O)c2[nH]cnc2[nH]1,0.9090909090909091,1eht,1.0,1eht,True,True,0.9090909090909091,1eht,0.9090909090909091,1.0,"[0.8,1.0]","[0.8,1.0]","[0.8,1.0]"
R-SIM_all,611,4.2839966563652006,29,CN(CCCCCCN(C)C[C@@H](O)CO[C@@H]1O[C@@H](CO)[C@H](O)[C@H](O)[C@H]1N)C[C@@H](O)CO[C@H]1O[C@@H](CO)[C@H](O)[C@@H](O)[C@@H]1N,C(CCCNCCCOC1CCCCO1)CCNCCCOC1CCCCO1,0.9310344827586207,1byj,0.3442622950819672,2et5,False,False,0.3442622950819672,2et5,0.7241379310344828,0.3442622950819672,"[0.8,1.0]","[0.0,0.4)","[0.0,0.4)"
R-SIM_all,2185,5.36653154442041,48,CNC1C(O)C(OC2C(N)CC(N)C(OC3OC(CN)=CCC3N)C2O)OCC1(C)O,C1=COC(OC2CCCC(OC3CCCCO3)C2)CC1,0.5625,6e8u,1.0,4f8u,False,True,0.39583333333333337,4gpw,0.39583333333333337,0.8596491228070176,"[0.4,0.6)","[0.8,1.0]","[0.0,0.4)"
R-SIM_all,748,4.88605664769316,239,NCCOC[C@H](N)C(=O)O,ACYCLIC_EXACT::NCCOC[C@H](N)C(=O)O,0.47791164658634533,4y1n,0.36666666666666664,6qn3,False,False,0.34375,3d0u,0.4602510460251046,0.34375,"[0.4,0.6)","[0.0,0.4)","[0.0,0.4)"
R-SIM_all,1291,7.195860567664651,45,O=c1c(O)c(-c2cc(O)c(O)c(O)c2)oc2cc(O)cc(O)c12,O=c1cc(-c2ccccc2)oc2ccccc12,0.5357142857142857,3f4g,1.0,5xi1,True,True,0.19999999999999996,5xi1,0.19999999999999996,1.0,"[0.4,0.6)","[0.8,1.0]","[0.0,0.4)"
R-SIM_all,821,5.769551078621731,41,NCC1OC(OC2C(CO)OC(OC3C(O)C(N)CC(N)C3OC3OC(CO)C(O)C(O)C3N)C2O)C(N)C(O)C1O,C1CCC(OC2COC(OC3CCCCC3OC3CCCCO3)C2)OC1,0.5853658536585367,1eht,1.0,1fyp,False,True,0.4878048780487805,1ei2,0.4878048780487805,0.9761904761904762,"[0.4,0.6)","[0.8,1.0]","[0.4,0.6)"
R-SIM_all,1111,5.22184874961636,36,Nc1nc(NCCN(CC[NH3+])CC[NH3+])nc(NCCCCNC(=[NH2+])c2ccc(C(=[NH2+])NCCCCNc3nc(NCCN(CC[NH3+])CC[NH3+])nc(N)[nH+]3)cc2)[nH+]1,[NH2+]=C(NCCCCNc1ncnc[nH+]1)c1ccc(C(=[NH2+])NCCCCNc2ncnc[nH+]2)cc1,0.6111111111111112,6az4,0.19480519480519481,1uud,False,False,0.19480519480519481,1uud,0.5555555555555556,0.19480519480519481,"[0.6,0.8)","[0.0,0.4)","[0.0,0.4)"
R-SIM_all,401,5.09691001300806,2897,CCCC1CC(C(=O)NC(C(C)Cl)C2OC(SC)C(O)C(O)C2O)N(C)C1,O=C(NCC1CCCCO1)C1CCCN1,0.13669313082499135,4faq,0.1827956989247312,4p20,False,False,0.08695652173913043,4e8k,0.13393165343458746,0.08695652173913043,"[0.0,0.4)","[0.0,0.4)","[0.0,0.4)"
R-SIM_all,910,3.0,14,N[C@@H]1C[C@H](N)[C@@H](OCSc2ccnc3cc(C(F)(F)F)ccc23)[C@H](O)[C@@H]1O,c1ccc2c(SCOC3CCCCC3)ccnc2c1,0.5714285714285714,5v1l,0.2571428571428571,6jbf,False,False,0.2571428571428571,6jbf,0.4347826086956522,0.2571428571428571,"[0.4,0.6)","[0.0,0.4)","[0.0,0.4)"
R-SIM_all,229,4.76955107862173,29,NC(=O)c1cnc2ccccc2c1,c1ccc2ncccc2c1,0.9310344827586207,1byj,0.25,2kd4,False,False,0.24137931034482762,2kd4,0.24137931034482762,0.25,"[0.8,1.0]","[0.0,0.4)","[0.0,0.4)"
R-SIM_all,1606,4.514278573518419,46,CN1CCN(c2ccc3cc(-c4ccc(Cl)cc4)c(=O)oc3c2)CC1,O=c1oc2cc(N3CCNCC3)ccc2cc1-c1ccccc1,0.5217391304347826,2ktz,0.2916666666666667,6hmo,False,False,0.23913043478260865,6hmo,0.23913043478260865,0.2916666666666667,"[0.4,0.6)","[0.0,0.4)","[0.0,0.4)"
R-SIM_all,2390,6.17392519729917,118,,,0.5084745762711864,3gx7,0.0,12ci,False,False,0.0,12ci,0.43220338983050843,0.0,"[0.4,0.6)","[0.0,0.4)","[0.0,0.4)"
R-SIM_all,875,4.79588001734408,1542,NCCCC[C@H](NC(=O)[C@H](CCCCN)NC(=O)[C@@H](CN)NC(=O)c1cccc2c(Nc3ccc(CN)cc3)c3ccccc3nc12)C(=O)O,c1ccc(Nc2c3ccccc3nc3ccccc23)cc1,0.25616083009079116,4faq,0.24468085106382978,4lvy,False,False,0.10891089108910891,3dig,0.11219195849546049,0.10891089108910891,"[0.0,0.4)","[0.0,0.4)","[0.0,0.4)"
R-SIM_all,1109,7.06550154875643,12,Nc1nc(N)[nH+]c(NCCCCNC(=[NH2+])c2ccc(C(=[NH2+])NCCCCNc3nc(N)nc(N)[nH+]3)cc2)n1,[NH2+]=C(NCCCCNc1ncnc[nH+]1)c1ccc(C(=[NH2+])NCCCCNc2ncnc[nH+]2)cc1,0.5833333333333333,1ejz,0.23076923076923078,1uud,False,False,0.23076923076923078,1uud,0.3793103448275862,0.23076923076923078,"[0.4,0.6)","[0.0,0.4)","[0.0,0.4)"
R-SIM_all,754,5.15490195998574,36,NCCCC[C@H](NC(=O)[C@H](CSSC[C@H](NC(=O)[C@H]1CCCN1C(=O)c1ccc2c(c1)OCO2)C(=O)N[C@H](CCCCN)C(=O)NCCCN)NC(=O)[C@H]1CCCN1C(=O)c1ccc2c(c1)OCO2)C(=O)NCCCN,O=C(NCCSSCCNC(=O)C1CCCN1C(=O)c1ccc2c(c1)OCO2)C1CCCN1C(=O)c1ccc2c(c1)OCO2,0.6111111111111112,1arj,0.19090909090909092,2f4u,False,False,0.19090909090909092,2f4u,0.4722222222222222,0.19090909090909092,"[0.6,0.8)","[0.0,0.4)","[0.0,0.4)"
R-SIM_all,2359,4.0,29,N[C@@H]1C[C@H](N)[C@@H](O)[C@H](O)[C@H]1OCn1cnc2c(=O)[nH]cnc21,O=c1[nH]cnc2c1ncn2COC1CCCCC1,0.9310344827586207,1byj,0.30120481927710846,5ux3,False,False,0.30120481927710846,5v0h,0.3448275862068966,0.30120481927710846,"[0.8,1.0]","[0.0,0.4)","[0.0,0.4)"
R-SIM_all,2215,4.82390874094432,41,CNC1C(O)C(OC2C(N)CC(N)C(OC3OC(CN)=CCC3N)C2O)OCC1(C)O,C1=COC(OC2CCCC(OC3CCCCO3)C2)CC1,0.5853658536585367,1eht,1.0,4f8u,False,True,0.41463414634146345,1mwl,0.41463414634146345,0.5522388059701493,"[0.4,0.6)","[0.8,1.0]","[0.4,0.6)"
R-SIM_all,161,3.5114492834995605,29,Cc1ccc(C(=O)N2CCN(CCNC(=O)C(=O)NC(C)C)CC2)cc1,O=C(c1ccccc1)N1CCNCC1,0.9310344827586207,1byj,0.18518518518518517,4e8k,False,False,0.17857142857142858,1kod,0.4137931034482759,0.17857142857142858,"[0.8,1.0]","[0.0,0.4)","[0.0,0.4)"
R-SIM_all,684,3.6252516539899,29,Fc1c(F)c(F)c(Cn2c(C3CCNCC3)nc3cc(Cl)c(Cl)cc32)c(F)c1F,c1ccc(Cn2c(C3CCNCC3)nc3ccccc32)cc1,0.9310344827586207,1byj,0.20833333333333334,3f4g,False,False,0.20833333333333334,3f4g,0.4107142857142857,0.20833333333333334,"[0.8,1.0]","[0.0,0.4)","[0.0,0.4)"
R-SIM_all,752,5.18045606445813,29,O=C(Cc1ccccc1)OC[C@H]1OC(=O)N[C@@H]1CN1CCN(c2ccccc2)CC1,O=C(Cc1ccccc1)OCC1OC(=O)NC1CN1CCN(c2ccccc2)CC1,0.6388888888888888,1raw,0.19230769230769232,357d,False,False,0.19230769230769232,357d,0.31034482758620685,0.19230769230769232,"[0.6,0.8)","[0.0,0.4)","[0.0,0.4)"
R-SIM_all,998,5.3467874862246605,118,O=C1Oc2ccccc2C(=O)/C1=C\N1C(=O)N/C(=C\c2ccccc2O)C1=O,O=C1Oc2ccccc2C(=O)C1=CN1C(=O)NC(=Cc2ccccc2)C1=O,0.5084745762711864,3gx7,0.1506849315068493,5bjp,False,False,0.1506849315068493,5bjp,0.288135593220339,0.1506849315068493,"[0.4,0.6)","[0.0,0.4)","[0.0,0.4)"
R-SIM_all,793,3.67778070526608,29,NCC1OC(OC2C(N)CC(N)C(OC3OC(CO)C(O)C(N)C3O)C2O)C(O)C(O)C1O,C1CCC(OC2CCCC(OC3CCCCO3)C2)OC1,0.6388888888888888,1raw,1.0,2esi,False,True,0.5517241379310345,1fyp,0.5517241379310345,0.6530612244897959,"[0.6,0.8)","[0.8,1.0]","[0.4,0.6)"
R-SIM_all,1821,7.69897000433602,40,CCCN(CC(=O)N(CCC)C(=O)CCCOc1ccc(-c2nc3cc(N4CCN(C)CC4)ccc3[nH]2)cc1)C(=O)NCc1cn(CCCCC(=O)CCCOc2c(C(C)(C)C)cc(-c3nc4cc(N5CCN(C)CC5)ccc4[nH]3)cc2C(C)(C)C)nn1,O=C(CCCCn1cc(CNC(=O)NCC(=O)NC(=O)CCCOc2ccc(-c3nc4cc(N5CCNCC5)ccc4[nH]3)cc2)nn1)CCCOc1ccc(-c2nc3cc(N4CCNCC4)ccc3[nH]2)cc1,0.525,1fmn,0.20161290322580644,6hmo,False,False,0.20161290322580644,6hmo,0.25,0.20161290322580644,"[0.4,0.6)","[0.0,0.4)","[0.0,0.4)"
R-SIM_all,2321,5.0,35,CNc1ncc(CN2CCC[C@@H](c3nc(O)cc(-c4cccs4)n3)C2)cn1,c1csc(-c2ccnc(C3CCCN(Cc4cncnc4)C3)n2)c1,1.0,1fmn,1.0,5c45,False,True,0.4528301886792453,5kx9,0.4528301886792453,0.7777777777777778,"[0.8,1.0]","[0.8,1.0]","[0.4,0.6)"
R-SIM_all,656,3.5114492834995605,29,O=[N+]([O-])c1ccc2nc(C3CCNCC3)[nH]c2c1,c1ccc2[nH]c(C3CCNCC3)nc2c1,0.9310344827586207,1byj,0.18181818181818182,6qiv,False,False,0.18181818181818182,6qiv,0.24137931034482762,0.18181818181818182,"[0.8,1.0]","[0.0,0.4)","[0.0,0.4)"
R-SIM_all,1425,5.045757490560679,46,CN1CCN(c2ccc3nc(-c4ccc5[nH]c(-c6cc(C(C)(C)C)c(OCCCC(=O)NCCCN=[N+]=N)c(C(C)(C)C)c6)nc5c4)[nH]c3c2)CC1,c1ccc(-c2nc3cc(-c4nc5ccc(N6CCNCC6)cc5[nH]4)ccc3[nH]2)cc1,0.5423728813559322,2miy,0.205607476635514,6hmo,False,False,0.205607476635514,6hmo,0.21739130434782605,0.205607476635514,"[0.4,0.6)","[0.0,0.4)","[0.0,0.4)"
R-SIM_all,1414,4.46344155742847,69,CC(=O)Nc1nc(-c2cccc(NC(=O)c3cccc(-c4cn(CC5OC(OC6C(O)C(N)CC(N)C6OC6OC(CN)C(O)C(O)C6N)C(O)C5OC5OC(CN)C(O)C(O)C5N)nn4)c3)c2)cs1,O=C(Nc1cccc(-c2cscn2)c1)c1cccc(-c2cn(CC3OC(OC4CCCCC4OC4CCCCO4)CC3OC3CCCCO3)nn2)c1,0.49275362318840576,2kx8,0.39361702127659576,1ei2,False,False,0.39361702127659576,1i9v,0.472972972972973,0.39361702127659576,"[0.4,0.6)","[0.0,0.4)","[0.0,0.4)"
R-SIM_all,1405,3.16877030613294,67,CC(=O)Nc1nc(-c2cccc(NC(=O)Cc3cn(COC4C(N)CC(N)C(O)C4O)nn3)c2)cs1,O=C(Cc1cn(COC2CCCCC2)nn1)Nc1cccc(-c2cscn2)c1,0.5074626865671642,2kx8,0.29896907216494845,3mij,False,False,0.2,6jbf,0.31343283582089554,0.2,"[0.4,0.6)","[0.0,0.4)","[0.0,0.4)"
R-SIM_all,262,2.52287874528034,29,CN(C)CCCN1c2ccccc2Sc2c(O)cccc21,c1ccc2c(c1)Nc1ccccc1S2,1.0,1arj,0.5686274509803921,1lvj,False,True,0.5686274509803921,1lvj,0.935483870967742,0.5686274509803921,"[0.8,1.0]","[0.4,0.6)","[0.4,0.6)"
R-SIM_all,809,7.096910013008059,34,NCCC(O)C(=O)NC1CC(N)C(OC2OC(CN)C(O)C(O)C2O)C(O)C1OC1OC(CO)C(O)C(N)C1O,C1CCC(OC2CCCC(OC3CCCCO3)C2)OC1,0.5,1duh,1.0,4p20,False,True,0.47058823529411764,2fcz,0.47058823529411764,0.49230769230769234,"[0.4,0.6)","[0.8,1.0]","[0.4,0.6)"
R-SIM_all,2048,2.744727494896689,19,CC(=O)c1ccc2c(c1)N(CCCN(C)C)c1ccccc1S2,c1ccc2c(c1)Nc1ccccc1S2,0.6842105263157895,6hbt,1.0,1lvj,True,True,0.4193548387096774,1lvj,0.4193548387096774,1.0,"[0.6,0.8)","[0.8,1.0]","[0.4,0.6)"
R-SIM_all,1401,4.490797477668901,67,CC(=O)Nc1nc(-c2cccc(NC(=O)c3ccc(Oc4cn(CC5OC(OC6C(O)C(N)CC(N)C6OC6OC(CN)C(O)C(O)C6N)C(O)C5OC5OC(CN)C(O)C(O)C5N)nn4)cc3)c2)cs1,O=C(Nc1cccc(-c2cscn2)c1)c1ccc(Oc2cn(CC3OC(OC4CCCCC4OC4CCCCO4)CC3OC3CCCCO3)nn2)cc1,0.5074626865671642,2kx8,0.37,1ei2,False,False,0.37,1i9v,0.4864864864864865,0.37,"[0.4,0.6)","[0.0,0.4)","[0.0,0.4)"
R-SIM_all,909,5.03621217265444,26,COC(=O)C1C(O)CCC2CN3CCc4c([nH]c5ccccc45)C3CC21,c1ccc2c3c([nH]c2c1)C1CC2CCCCC2CN1CC3,0.5428571428571429,5bjo,0.1891891891891892,6e1v,False,False,0.1891891891891892,6e1v,0.33333333333333337,0.1891891891891892,"[0.4,0.6)","[0.0,0.4)","[0.0,0.4)"
R-SIM_all,670,3.23062267392386,29,COc1ccc2nc(C3CCNCC3)[nH]c2c1,c1ccc2[nH]c(C3CCNCC3)nc2c1,0.9310344827586207,1byj,0.25862068965517243,2lwk,False,False,0.25862068965517243,2lwk,0.5625,0.25862068965517243,"[0.8,1.0]","[0.0,0.4)","[0.0,0.4)"
R-SIM_all,1257,3.7999707334462296,32,COc1cc2[nH+]c(N3CCN(C(=O)C(C)C)CC3)nc(N)c2cc1OC,c1ccc2[nH+]c(N3CCNCC3)ncc2c1,1.0,2lwk,0.36065573770491804,2lwk,False,False,0.36065573770491804,2lwk,1.0,0.36065573770491804,"[0.8,1.0]","[0.0,0.4)","[0.0,0.4)"
R-SIM_all,2078,5.005682847330361,17,N[C@@H]1C[C@@H](N)[C@@H](OCCCc2cn(Cc3cccc(Cn4cc(CCCO[C@@H]5[C@H](O)[C@H](O)[C@@H](N)C[C@H]5N)nn4)c3)nn2)[C@H](O)[C@H]1O,c1cc(Cn2cc(CCCOC3CCCCC3)nn2)cc(Cn2cc(CCCOC3CCCCC3)nn2)c1,0.6470588235294117,5v1l,0.27586206896551724,3s4p,False,False,0.27586206896551724,3s4p,0.5238095238095238,0.27586206896551724,"[0.6,0.8)","[0.0,0.4)","[0.0,0.4)"
R-SIM_all,1202,4.08618614761628,48,Cc1c2cc[n+](CC[NH+]3CCCCC3)cc2c(C)c2c1[nH]c1ccc(O)cc12,c1ccc2c(c1)[nH]c1cc3cc[n+](CC[NH+]4CCCCC4)cc3cc12,0.515625,4xw7,0.22857142857142856,5kpy,False,False,0.22857142857142856,5kpy,0.4084507042253521,0.22857142857142856,"[0.4,0.6)","[0.0,0.4)","[0.0,0.4)"
R-SIM_all,1566,5.30102999566398,88,N=[N+]=NCCCNC(=N)c1ccc(-c2ccc(-c3ccc(C(=N)N)cc3)o2)cc1,c1ccc(-c2ccc(-c3ccccc3)o2)cc1,0.5306122448979591,4rzd,0.19642857142857142,2l94,False,False,0.19642857142857142,2l94,0.43181818181818177,0.19642857142857142,"[0.4,0.6)","[0.0,0.4)","[0.0,0.4)"
R-SIM_all,1952,6.130768280269019,47,COc1cc(C=CC(=O)CC(=O)C=Cc2ccc(O)c(OC)c2)ccc1O,O=C(C=Cc1ccccc1)CC(=O)C=Cc1ccccc1,0.5490196078431373,4enb,0.23809523809523808,12ci,False,False,0.23809523809523808,12ci,0.4512195121951219,0.23809523809523808,"[0.4,0.6)","[0.0,0.4)","[0.0,0.4)"
R-SIM_all,1609,4.0,46,Cc1c(-c2cccc(Cl)c2)c(=O)oc2cc(N3CCN(C)CC3)ccc12,O=c1oc2cc(N3CCNCC3)ccc2cc1-c1ccccc1,0.5217391304347826,2ktz,0.2894736842105263,6hmo,False,False,0.23913043478260865,6hmo,0.23913043478260865,0.2894736842105263,"[0.4,0.6)","[0.0,0.4)","[0.0,0.4)"
R-SIM_all,1519,4.7851561519523,25,CC(=O)c1ccc(-c2cnc(NCc3cccc(C(C)=O)c3)n2C)cc1,c1ccc(CNc2ncc(-c3ccccc3)[nH]2)cc1,0.96,1ei2,0.2835820895522388,1lvj,False,False,0.2835820895522388,1lvj,0.5483870967741935,0.2835820895522388,"[0.8,1.0]","[0.0,0.4)","[0.0,0.4)"
R-SIM_all,215,5.69897000433602,42,Cn1c(=O)[nH]c(=O)c2[nH]cnc21,O=c1[nH]c(=O)c2[nH]cnc2[nH]1,0.6428571428571428,1eht,0.5588235294117647,1eht,False,True,0.5588235294117647,1eht,0.6428571428571428,0.5588235294117647,"[0.6,0.8)","[0.4,0.6)","[0.4,0.6)"
R-SIM_all,993,5.455931955649719,118,O=C1NC(=S)N/C1=C/c1ccc2ccccc2c1,O=C1NC(=S)NC1=Cc1ccc2ccccc2c1,0.5084745762711864,3gx7,0.16326530612244897,2l8h,False,False,0.16326530612244897,2l8h,0.22881355932203384,0.16326530612244897,"[0.4,0.6)","[0.0,0.4)","[0.0,0.4)"
R-SIM_all,802,5.397940008672039,34,CNC1CC(N)C(O)C(OC2OC(CO)C(O)C3OC4(OC(C(N)CO)C(O)C(O)C4O)OC23)C1O,C1CCC(OC2OCCC3OC4(CCCCO4)OC32)CC1,0.5,1duh,0.3472222222222222,2et5,False,False,0.3472222222222222,2et5,0.3529411764705882,0.3472222222222222,"[0.4,0.6)","[0.0,0.4)","[0.0,0.4)"
R-SIM_all,2386,6.6382721639824105,52,NCCCNC(=O)[C@H](Cc1ccccc1)NC(=O)[C@@H]1CCCN1C(=O)[C@H](CSSC[C@@H](Nc1ccc2c(c1)C(=O)c1ccccc1C2=O)C(=O)N1CCC[C@H]1C(=O)N[C@@H](Cc1ccccc1)C(=O)NCCCN)Nc1ccc2c(c1)C(=O)c1ccccc1C2=O,O=C1c2ccccc2C(=O)c2cc(NC(CSSCC(Nc3ccc4c(c3)C(=O)c3ccccc3C4=O)C(=O)N3CCCC3C(=O)NCCc3ccccc3)C(=O)N3CCCC3C(=O)NCCc3ccccc3)ccc21,0.8076923076923077,2l94,0.16666666666666666,2pwt,False,False,0.16666666666666666,2pwt,0.3076923076923077,0.16666666666666666,"[0.8,1.0]","[0.0,0.4)","[0.0,0.4)"
R-SIM_all,898,3.44369749923271,29,CC(=O)c1ccc2c(c1)N(CCCN(C)C)c1ccccc1S2,c1ccc2c(c1)Nc1ccccc1S2,0.9310344827586207,1byj,1.0,1lvj,True,True,0.4838709677419355,1lvj,0.4838709677419355,1.0,"[0.8,1.0]","[0.8,1.0]","[0.4,0.6)"
R-SIM_all,2145,6.15490195998574,29,NCC1OC(OC2C(N)CC(N)C(OC3OC(CN)C(OC4OC(CO)C(N)C(O)C4O)C(N)C3O)C2O)C(N)CC1O,C1CCC(OC2CCC(OC3CCCC(OC4CCCCO4)C3)OC2)OC1,0.6111111111111112,6e82,0.8085106382978723,1lc4,False,False,0.5172413793103448,1ei2,0.5172413793103448,0.5454545454545454,"[0.6,0.8)","[0.8,1.0]","[0.4,0.6)"
R-SIM_all,936,2.85387196432176,58,Nc1ncnc2c1ncn2[C@H]1C[C@H](O)[C@@H](CO)O1,c1ncc2ncn(C3CCCO3)c2n1,0.5405405405405406,3q3z,0.64,3b4b,False,True,0.453125,5ktj,0.48275862068965514,0.453125,"[0.4,0.6)","[0.6,0.8)","[0.4,0.6)"
R-SIM_all,1126,5.69897000433602,52,CCc1nc2cc3ccccc3cc2cc1C(=O)N1CCC[C@H]1C(=O)N[C@@H](CCC/C=C/CCC[C@H](NC(=O)[C@@H]1CCCN1C(=O)c1cc2cc3ccccc3cc2nc1CC)C(=O)N[C@@H](CCCC[NH3+])C(=O)NCCC[NH3+])C(=O)N[C@@H](CCCC[NH3+])C(=O)NCCC[NH3+],O=C(NCCCCC=CCCCCNC(=O)C1CCCN1C(=O)c1cnc2cc3ccccc3cc2c1)C1CCCN1C(=O)c1cnc2cc3ccccc3cc2c1,0.8076923076923077,2l94,0.18018018018018017,6dn1,False,False,0.18018018018018017,6dn1,0.5185185185185186,0.18018018018018017,"[0.8,1.0]","[0.0,0.4)","[0.0,0.4)"
R-SIM_all,97,5.602059991327961,49,NC(=O)c1ccc[n+](C2OC(COP(=O)([O-])O)C(O)C2O)c1,c1cc[n+](C2CCCO2)cc1,0.5918367346938775,2au4,0.35294117647058826,4xw7,False,False,0.35294117647058826,4xw7,0.4375,0.35294117647058826,"[0.4,0.6)","[0.0,0.4)","[0.0,0.4)"
R-SIM_all,1157,8.1249387366083,165,Cc1cc2nc3c(=O)[n-]c(=O)nc-3n(CCC(C)c3ccc(F)cc3)c2cc1C,O=c1nc2n(CCCc3ccccc3)c3ccccc3nc-2c(=O)[n-]1,0.5393939393939393,3f2q,0.34285714285714286,3f4g,False,False,0.32121212121212117,6dn2,0.32121212121212117,0.3291139240506329,"[0.4,0.6)","[0.0,0.4)","[0.0,0.4)"
R-SIM_all,992,5.95860731484177,118,COc1ccc(NCc2ccc([N+](=O)[O-])s2)cc1OC,c1ccc(NCc2cccs2)cc1,0.5084745762711864,3gx7,0.20754716981132076,2l8h,False,False,0.20754716981132076,2l8h,0.22881355932203384,0.20754716981132076,"[0.4,0.6)","[0.0,0.4)","[0.0,0.4)"
R-SIM_all,1216,5.85387196432176,76,N#Cc1c(N2CCCC2)nc(N)c2c(N)nc(N3CCCC3)cc12,c1nc(N2CCCC2)cc2cc(N3CCCC3)ncc12,0.5526315789473684,1evv,0.21666666666666667,2lwk,False,False,0.21666666666666667,2lwk,0.35526315789473684,0.21666666666666667,"[0.4,0.6)","[0.0,0.4)","[0.0,0.4)"
R-SIM_all,930,4.52287874528034,16,NCC1OC(OC2C(CO)OC(OC3C(O)C(N)CC(N)C3OC3OC(CN)C(O)C(O)C3N)C2O)C(N)C(O)C1O,C1CCC(OC2COC(OC3CCCCC3OC3CCCCO3)C2)OC1,0.5652173913043479,1nem,1.0,1ei2,False,True,0.48,1ei2,0.48,1.0,"[0.4,0.6)","[0.8,1.0]","[0.4,0.6)"
R-SIM_all,297,6.49485002168009,2922,CCC1NC(=O)C(NC(=O)c2ncccc2O)C(C)OC(=O)C(c2ccccc2)NC(=O)C2CC(=O)C(CSC3CN4CCC3CC4)CN2C(=O)C(Cc2ccc(N(C)C)cc2)N(C)C(=O)C2CCCN2C1=O,O=C(NC1COC(=O)C(c2ccccc2)NC(=O)C2CC(=O)C(CSC3CN4CCC3CC4)CN2C(=O)C(Cc2ccccc2)NC(=O)C2CCCN2C(=O)CNC1=O)c1ccccn1,0.13552361396303902,4faq,0.1506849315068493,5c45,False,False,0.0657084188911704,4gma,0.0657084188911704,0.07725321888412018,"[0.0,0.4)","[0.0,0.4)","[0.0,0.4)"
R-SIM_all,2417,6.95860731484177,34,NCC1OC(OC2C(N)CC(N)C(OC3OC(CO)C(O)C(N)C3O)C2O)C(N)C(O)C1O,C1CCC(OC2CCCC(OC3CCCCO3)C2)OC1,0.5227272727272727,1duh,0.8809523809523809,2esi,False,True,0.47058823529411764,3c44,0.47058823529411764,0.7446808510638298,"[0.4,0.6)","[0.8,1.0]","[0.4,0.6)"
R-SIM_all,2146,6.602059991327961,29,NCC1OC(OC2C(N)CC(N)C(OC3OC(CN)C(OC4OC(CO)C(O)C(N)C4O)C(O)C3N)C2O)C(N)CC1O,C1CCC(OC2CCC(OC3CCCC(OC4CCCCO4)C3)OC2)OC1,0.6111111111111112,6e82,0.8913043478260869,1lc4,False,False,0.5172413793103448,1ei2,0.5172413793103448,0.5818181818181818,"[0.6,0.8)","[0.8,1.0]","[0.4,0.6)"
R-SIM_all,2053,6.322393047279509,29,NCCCOc1ccc(-c2cc3ccccc3s2)cc1CNCCC1CCNCC1,c1cc(CNCCC2CCNCC2)cc(-c2cc3ccccc3s2)c1,1.0,1arj,0.45454545454545453,1uts,False,False,0.45454545454545453,1uts,1.0,0.45454545454545453,"[0.8,1.0]","[0.4,0.6)","[0.4,0.6)"
R-SIM_all,2446,7.045757490560679,34,CNC1C(O)C(OC2C(N)CC(N)C(OC3OC(CN)CCC3N)C2O)OCC1(C)O,C1CCC(OC2CCCC(OC3CCCCO3)C2)OC1,0.5,1q8n,1.0,2et3,False,True,0.4411764705882353,5z1h,0.4411764705882353,0.5757575757575758,"[0.4,0.6)","[0.8,1.0]","[0.4,0.6)"
R-SIM_all,753,6.045757490560679,29,CC(=O)c1ccc(NC(=O)OC[C@H]2OC(=O)N[C@@H]2CN2CCN(c3ccccc3)CC2)cc1,O=C(Nc1ccccc1)OCC1OC(=O)NC1CN1CCN(c2ccccc2)CC1,0.6388888888888888,1raw,0.19047619047619047,1lvj,False,False,0.19047619047619047,1lvj,0.4838709677419355,0.19047619047619047,"[0.6,0.8)","[0.0,0.4)","[0.0,0.4)"
R-SIM_all,1585,3.99567862621736,43,CNC1C(O)C(OC2C(N)CC(N)C(OC3OC(C(C)O)C(O)C(O)C3N)C2O)OCC1(C)O,C1CCC(OC2CCCC(OC3CCCCO3)C2)OC1,0.5116279069767442,1ei2,1.0,1mwl,False,True,0.4651162790697675,4k32,0.4651162790697675,1.0,"[0.4,0.6)","[0.8,1.0]","[0.4,0.6)"
R-SIM_all,1394,4.30016227413275,67,NCC1OC(OC2C(Cn3cc(CCC(=O)Nc4cccc(-c5csc(NC(=O)c6ccc(Cl)cc6)n5)c4)nn3)OC(OC3C(O)C(N)CC(N)C3OC3OC(CN)C(O)C(O)C3N)C2O)C(N)C(O)C1O,O=C(CCc1cn(CC2OC(OC3CCCCC3OC3CCCCO3)CC2OC2CCCCO2)nn1)Nc1cccc(-c2csc(NC(=O)c3ccccc3)n2)c1,0.5074626865671642,2kx8,0.3627450980392157,1ei2,False,False,0.3627450980392157,1i9v,0.4864864864864865,0.3627450980392157,"[0.4,0.6)","[0.0,0.4)","[0.0,0.4)"
R-SIM_all,1558,6.732828271596991,55,CCCN(CC(=O)N(CCC)CC(=O)N(CC(N)=O)Cc1cn(CCCNC(=N)c2ccc(-c3ccc(-c4ccc(C(=N)N)cc4)o3)cc2)nn1)C(=O)CNCc1cn(CCCNC(=N)c2ccc(-c3ccc(-c4ccc(C(=N)N)cc4)o3)cc2)nn1,N=C(NCCCn1cc(CNCC(=O)NCC(=O)NCC(=O)NCc2cn(CCCNC(=N)c3ccc(-c4ccc(-c5ccccc5)o4)cc3)nn2)nn1)c1ccc(-c2ccc(-c3ccccc3)o2)cc1,0.47887323943661975,4lx5,0.1782178217821782,1uud,False,False,0.1782178217821782,1uud,0.32727272727272727,0.1782178217821782,"[0.4,0.6)","[0.0,0.4)","[0.0,0.4)"
R-SIM_all,346,6.15490195998574,29,NC[C@@H]1C[C@H](O)[C@@H](N)[C@H](O[C@H]2CO[C@H](O[C@H]3[C@H](O)[C@H](N)C[C@@H](N)[C@@H]3O[C@@H]3O[C@@H](CO)[C@H](O)[C@@H](O)[C@H]3N)[C@@H]2OCCNCCCCc2ccccc2)O1,c1ccc(CCCCNCCOC2C(OC3CCCCO3)COC2OC2CCCCC2OC2CCCCO2)cc1,0.9310344827586207,1byj,0.6428571428571429,3s4p,False,False,0.6428571428571429,3s4p,0.7241379310344828,0.6428571428571429,"[0.8,1.0]","[0.6,0.8)","[0.6,0.8)"
R-SIM_all,1600,5.267606240177031,46,CC[NH+]1CCN(c2ccc3cc(-c4cn5cc(C)nc(C)c5n4)c(=O)oc3c2)C[C@@H]1C,O=c1oc2cc(N3CC[NH2+]CC3)ccc2cc1-c1cn2ccncc2n1,0.5217391304347826,2ktz,0.2696629213483146,6hmo,False,False,0.23913043478260865,6hmo,0.23913043478260865,0.2696629213483146,"[0.4,0.6)","[0.0,0.4)","[0.0,0.4)"
R-SIM_all,1051,4.39794000867204,18,CCc1nc2ccccc2cc1C(=O)N1CCC[C@H]1C(=O)N[C@@H](CSSC[C@H](NC(=O)[C@@H]1CCCN1C(=O)c1cc2ccccc2nc1CC)C(=O)N[C@H](CCCCN)C(=O)NCCCN)C(=O)N[C@H](CCCCN)C(=O)NCCCN,O=C(NCCSSCCNC(=O)C1CCCN1C(=O)c1cnc2ccccc2c1)C1CCCN1C(=O)c1cnc2ccccc2c1,0.6086956521739131,1xpf,0.18181818181818182,6dn1,False,False,0.18181818181818182,6dn1,0.2592592592592593,0.18181818181818182,"[0.6,0.8)","[0.0,0.4)","[0.0,0.4)"
R-SIM_all,2183,5.602059991327961,24,NCC1OC(OC2C(N)CC(N)C(OC3OC(CN)C(O)C(OC4OC(CO)C(O)C(O)C4N)C3N)C2O)C(N)CC1O,C1CCC(OC2CCCC(OC3CC(OC4CCCCO4)CCO3)C2)OC1,0.5555555555555556,1xst,0.7551020408163265,1lc4,False,False,0.45833333333333337,2fcx,0.45833333333333337,0.6458333333333334,"[0.4,0.6)","[0.6,0.8)","[0.4,0.6)"
R-SIM_all,949,6.455931955649719,22,CCc1cc(C(=O)N[C@H](CSSC[C@@H](NC(=O)c2cc3ccccc3nc2CC)C(=O)N2CCC[C@H]2C(=O)N[C@@H](Cc2ccccc2)C(=O)NCCCCCCN)C(=O)N2CCC[C@H]2C(=O)N[C@@H](Cc2ccccc2)C(=O)NCCCCCCN)c2ccccc2n1,O=C(NC(CSSCC(NC(=O)c1ccnc2ccccc12)C(=O)N1CCCC1C(=O)NCCc1ccccc1)C(=O)N1CCCC1C(=O)NCCc1ccccc1)c1cnc2ccccc2c1,1.0,2juk,0.1693548387096774,6dn2,False,False,0.1693548387096774,6dn2,0.3584905660377359,0.1693548387096774,"[0.8,1.0]","[0.0,0.4)","[0.0,0.4)"
R-SIM_all,1852,6.5686362358410095,47,NC(=[NH2+])c1ccc(-c2ccc(-c3ccc(C(N)=[NH2+])cc3)o2)cc1,c1ccc(-c2ccc(-c3ccccc3)o2)cc1,0.5319148936170213,1nbk,0.2,2l94,False,False,0.2,2l94,0.44680851063829785,0.2,"[0.4,0.6)","[0.0,0.4)","[0.0,0.4)"
R-SIM_all,940,1.88941028970075,58,CO[C@@H]1[C@H](O)[C@@H](CO)O[C@H]1n1cnc2c(N)ncnc21,c1ncc2ncn(C3CCCO3)c2n1,0.5405405405405406,3q3z,0.7321428571428571,1x9c,False,True,0.48275862068965514,5ktj,0.48275862068965514,0.515625,"[0.4,0.6)","[0.6,0.8)","[0.4,0.6)"
R-SIM_all,2042,6.49485002168009,39,CC1=C2N=C(C=C3N=C(C(C)=C4[N-]C(C(CC(N)=O)C4(C)CCC(=O)NCC(C)OP(=O)([O-])OC4C(CO)OC(n5cnc6cc(C)c(C)cc65)C4O)C4(C)N=C1C(CCC(N)=O)C4(C)CC(N)=O)C(CCC(N)=O)C3(C)C)C(CCC(N)=O)C2(C)CC(N)=O.[C-]#N.[Co+3],O=C(CCC1CC2[N-]C1=CC1=NC(=CC3=NC(=CC4=NC2CC4)CC3)CC1)NCCO[PH](=O)OC1COC(n2cnc3ccccc32)C1,0.6923076923076923,1ddy,0.546583850931677,1et4,False,False,0.546583850931677,1et4,0.6923076923076923,0.546583850931677,"[0.6,0.8)","[0.4,0.6)","[0.4,0.6)"
R-SIM_all,1565,5.397940008672039,88,N=C(N)c1ccc(-c2ccc(-c3ccc(C(=N)N)cc3)o2)cc1,c1ccc(-c2ccc(-c3ccccc3)o2)cc1,0.5306122448979591,4rzd,0.2,2l94,False,False,0.2,2l94,0.43181818181818177,0.2,"[0.4,0.6)","[0.0,0.4)","[0.0,0.4)"
R-SIM_all,2193,6.55284196865778,48,NCC1OC(OC2C(N)CC(N)C(OC3OC(CN)C(O)C(OC4OC(CO)C(N)C(O)C4O)C3O)C2O)C(N)CC1O,C1CCC(OC2CCCC(OC3CC(OC4CCCCO4)CCO3)C2)OC1,0.5625,6e8u,0.7551020408163265,1lc4,False,False,0.44594594594594594,1i9v,0.44594594594594594,0.5925925925925926,"[0.4,0.6)","[0.6,0.8)","[0.4,0.6)"
R-SIM_all,2437,7.15490195998574,34,CNC1C(O)C(OC2C(N)CC(N)C(OC3OC(CN)CCC3N)C2O)OCC1(C)O,C1CCC(OC2CCCC(OC3CCCCO3)C2)OC1,0.5,1duh,1.0,2et3,False,True,0.4117647058823529,5zei,0.4117647058823529,0.6031746031746031,"[0.4,0.6)","[0.8,1.0]","[0.4,0.6)"
R-SIM_all,2075,6.221848749616361,16,Cc1cc(C)c(Cn2cc(CCCO[C@H]3[C@H](O)[C@@H](O)[C@H](N)C[C@H]3N)nn2)c(C)c1Cn1cc(CCCO[C@@H]2[C@H](O)[C@H](O)[C@@H](N)C[C@H]2N)nn1,c1cc(Cn2cc(CCCOC3CCCCC3)nn2)cc(Cn2cc(CCCOC3CCCCC3)nn2)c1,0.625,5v1l,0.25,2et8,False,False,0.25,2et8,0.5714285714285714,0.25,"[0.6,0.8)","[0.0,0.4)","[0.0,0.4)"
R-SIM_all,1184,5.0,36,NC(=[NH2+])c1ccc(Nc2ccc(-c3cc4ccc(C(N)=[NH2+])cc4[nH]3)cc2)cc1,c1ccc(Nc2ccc(-c3cc4ccccc4[nH]3)cc2)cc1,0.5098039215686274,3npq,0.16363636363636364,6jjh,False,False,0.16363636363636364,6jjh,0.33333333333333337,0.16363636363636364,"[0.4,0.6)","[0.0,0.4)","[0.0,0.4)"
R-SIM_all,239,5.0,29,CN1CCN(C2=C=C=c3nc(C4=C=C=c5[nH]c(C6=C=C=C(O)C=C6)nc5=C4)[nH]c3=C2)CC1,C1=C=C(c2nc3c([nH]2)=C=C=C(c2nc4c([nH]2)=CC(N2CCNCC2)=C=C=4)C=3)C=CC=1,1.0,1arj,0.15555555555555556,6hmo,False,False,0.15555555555555556,6hmo,0.3793103448275862,0.15555555555555556,"[0.8,1.0]","[0.0,0.4)","[0.0,0.4)"
R-SIM_all,92,8.301025652740881,36,Nc1ncnc2c1ncn2C1OC(COP(=O)(O)O)C(O)C1O,c1ncc2ncn(C3CCCO3)c2n1,1.0,1raw,1.0,1am0,False,True,1.0,1raw,1.0,1.0,"[0.8,1.0]","[0.8,1.0]","[0.8,1.0]"
R-SIM_all,2113,6.64781748188864,36,CN(C)c1ccc2cc3ccc(=[N+](C)C)cc-3oc2c1.[Cl-],[N+]=c1ccc2cc3ccccc3oc-2c1,1.0,1raw,0.52,1f1t,False,False,0.423728813559322,6gzk,0.5833333333333333,0.423728813559322,"[0.8,1.0]","[0.4,0.6)","[0.4,0.6)"
R-SIM_all,1418,3.97469413473523,69,CC(=O)Nc1nc(-c2cccc(NC(=O)Cc3cn(COC4C(CN)OC(OC5C(N)CC(N)C(O)C5O)C(N)C4O)nn3)c2)cs1,O=C(Cc1cn(COC2CCC(OC3CCCCC3)OC2)nn1)Nc1cccc(-c2cscn2)c1,0.49275362318840576,2kx8,0.34782608695652173,6jbf,False,False,0.2828282828282828,2kxm,0.34782608695652173,0.2828282828282828,"[0.4,0.6)","[0.0,0.4)","[0.0,0.4)"
R-SIM_all,671,3.35753547975788,29,Cc1ccc2nc(C3CCNCC3)[nH]c2c1,c1ccc2[nH]c(C3CCNCC3)nc2c1,0.9310344827586207,1byj,0.20689655172413793,2lwk,False,False,0.20689655172413793,2lwk,0.5625,0.20689655172413793,"[0.8,1.0]","[0.0,0.4)","[0.0,0.4)"
R-SIM_all,2361,5.69897000433602,29,CNC1C(OC2OC(Cn3cc(CCC(=O)Nc4cccc(-c5csc(NC(C)=O)n5)c4)nn3)C(N)C(O)C2O)OC2CC(N)C(OC3C(N)CC(N)C(O)C3O)OC2C1O,O=C(CCc1cn(CC2CCCC(OC3CCC4OC(OC5CCCCC5)CCC4O3)O2)nn1)Nc1cccc(-c2cscn2)c1,0.9310344827586207,1byj,0.4666666666666667,1yrj,False,False,0.4666666666666667,1yrj,0.7241379310344828,0.4666666666666667,"[0.8,1.0]","[0.4,0.6)","[0.4,0.6)"
R-SIM_all,1266,4.83863199776503,18,CCN(CC)CCOc1ccc(Nc2nc(-c3ccccc3NC(=O)CCN3CCN(C)CC3)nc3ccccc23)cc1,O=C(CCN1CCNCC1)Nc1ccccc1-c1nc(Nc2ccccc2)c2ccccc2n1,0.5454545454545454,5vcf,0.2653061224489796,3mij,False,False,0.2653061224489796,3mij,0.33333333333333337,0.2653061224489796,"[0.4,0.6)","[0.0,0.4)","[0.0,0.4)"
R-SIM_all,596,6.88605664769316,29,NCC1OC(OC2C(CO)OC(OC3C(O)C(N)CC(N)C3OC3OC(CO)C(O)C(O)C3N)C2O)C(N)C(O)C1O,C1CCC(OC2COC(OC3CCCCC3OC3CCCCO3)C2)OC1,0.9310344827586207,1byj,1.0,1fyp,False,True,0.896551724137931,1fyp,0.896551724137931,1.0,"[0.8,1.0]","[0.8,1.0]","[0.8,1.0]"
R-SIM_all,911,4.46852108295774,14,N[C@@H]1C[C@H](N)[C@H](OCCCCCCCCCCCCO[C@@H]2[C@H](O)[C@H](O)[C@@H](N)C[C@H]2N)[C@H](O)[C@H]1O,C(CCCCCCOC1CCCCC1)CCCCCOC1CCCCC1,0.5714285714285714,5v1l,0.40476190476190477,2et8,False,False,0.40476190476190477,2et8,0.47619047619047616,0.40476190476190477,"[0.4,0.6)","[0.4,0.6)","[0.4,0.6)"
R-SIM_all,2176,5.309803919971491,24,NCC1OC(OC2C(N)CC(N)C(OC3OC(CN)C(O)C(N)C3O)C2O)C(N)CC1O,C1CCC(OC2CCCC(OC3CCCCO3)C2)OC1,0.5555555555555556,1xst,0.8809523809523809,1lc4,False,True,0.45833333333333337,2fcx,0.45833333333333337,0.6,"[0.4,0.6)","[0.8,1.0]","[0.4,0.6)"
R-SIM_all,1005,4.04575749056068,118,CN1CCN(CCCN2c3ccccc3Sc3ccc(C(F)(F)F)cc32)CC1,c1ccc2c(c1)Sc1ccccc1N2CCCN1CCNCC1,0.5084745762711864,3gx7,0.4098360655737705,1lvj,False,False,0.2457627118644068,1lvj,0.2457627118644068,0.4098360655737705,"[0.4,0.6)","[0.4,0.6)","[0.0,0.4)"
R-SIM_all,629,5.69897000433602,29,CO[C@H]1O[C@@H](CN)[C@H](O[C@@H]2O[C@H](CN)[C@H](O)[C@@H](O)[C@@H]2N)[C@@H](O[C@H]2O[C@H](C)[C@H](N)[C@H](O)[C@@H]2O)[C@@H]1N,C1CCC(OC2CCOCC2OC2CCCCO2)OC1,0.9310344827586207,1byj,0.5,2et5,False,False,0.5,2et5,0.7241379310344828,0.5,"[0.8,1.0]","[0.4,0.6)","[0.4,0.6)"
R-SIM_all,1739,5.0,48,N=C(N)c1ccc(Nc2ccc(-c3cc4ccc(C(=N)N)cc4[nH]3)cc2)cc1,c1ccc(Nc2ccc(-c3cc4ccccc4[nH]3)cc2)cc1,0.515625,4xw7,0.16363636363636364,6jjh,False,False,0.16363636363636364,6jjh,0.25,0.16363636363636364,"[0.4,0.6)","[0.0,0.4)","[0.0,0.4)"
R-SIM_all,2426,7.0,34,NCC1OC(OC2C(N)CC(N)C(OC3OC(CO)C(O)C(N)C3O)C2O)C(N)C(O)C1O,C1CCC(OC2CCCC(OC3CCCCO3)C2)OC1,0.5,1duh,0.8809523809523809,2esi,False,True,0.47058823529411764,3c44,0.47058823529411764,0.7446808510638298,"[0.4,0.6)","[0.8,1.0]","[0.4,0.6)"
R-SIM_all,1263,4.67366413907125,28,CCN(CC)CCOc1ccc(Nc2nc(-c3ccccc3NC(=O)CCN3CCN(C)CC3)nc3ccccc23)cc1,O=C(CCN1CCNCC1)Nc1ccccc1-c1nc(Nc2ccccc2)c2ccccc2n1,0.6071428571428572,1nta,0.2653061224489796,3mij,False,False,0.2653061224489796,3mij,0.2857142857142857,0.2653061224489796,"[0.6,0.8)","[0.0,0.4)","[0.0,0.4)"
R-SIM_all,1733,6.47366072261016,25,CN1CCN(c2ccc(-c3ccc4nc(-c5ccc(OCCCC(=O)N6CCN(c7nncc8sccc78)CC6)cc5)[nH]c4c3)cc2)CC1,O=C(CCCOc1ccc(-c2nc3ccc(-c4ccc(N5CCNCC5)cc4)cc3[nH]2)cc1)N1CCN(c2nncc3sccc23)CC1,0.56,1xpf,0.2,6hmo,False,False,0.2,6hmo,0.4,0.2,"[0.4,0.6)","[0.0,0.4)","[0.0,0.4)"
R-SIM_all,2389,6.481486060122111,52,CCc1nc2ccccc2cc1C(=O)NC(C/C=C/C[C@H](NC(=O)c1cc2ccccc2nc1CC)C(=O)N1CCCC1C(=O)NC(Cc1ccccc1)C(=O)NCCCN)C(=O)N1CCCC1C(=O)NC(Cc1ccccc1)C(=O)NCCCN,O=C(NC(CC=CCC(NC(=O)c1cnc2ccccc2c1)C(=O)N1CCCC1C(=O)NCCc1ccccc1)C(=O)N1CCCC1C(=O)NCCc1ccccc1)c1cnc2ccccc2c1,0.8076923076923077,2l94,0.18584070796460178,6dn2,False,False,0.18584070796460178,6dn2,0.49056603773584906,0.18584070796460178,"[0.8,1.0]","[0.0,0.4)","[0.0,0.4)"
R-SIM_all,157,3.8632794328435898,29,O=C1NC(=O)N(C2=C=C=C(Br)C=C2)C(=O)/C1=C/NCCN1CCNCC1,O=C1NC(=O)N(C2=C=C=CC=C2)C(=O)C1=CNCCN1CCNCC1,0.9310344827586207,1byj,0.23529411764705882,1uts,False,False,0.23529411764705882,1uts,0.5172413793103448,0.23529411764705882,"[0.8,1.0]","[0.0,0.4)","[0.0,0.4)"
R-SIM_all,1021,5.387216143280259,12,O=C1Oc2ccccc2C(=O)/C1=C\N1C(=O)N/C(=C\c2ccccc2O)C1=O,O=C1Oc2ccccc2C(=O)C1=CN1C(=O)NC(=Cc2ccccc2)C1=O,0.5833333333333333,5ux3,0.1506849315068493,5bjp,False,False,0.1506849315068493,5bjp,0.2222222222222222,0.1506849315068493,"[0.4,0.6)","[0.0,0.4)","[0.0,0.4)"
R-SIM_all,961,5.82390874094432,118,C[N+](C)(C)CCN[N+]1(C)CCCc2ccccc21.[I-],c1ccc2c(c1)CCC[NH2+]2,0.5084745762711864,3gx7,0.12903225806451613,6e1v,False,False,0.12903225806451613,6e1v,0.2457627118644068,0.12903225806451613,"[0.4,0.6)","[0.0,0.4)","[0.0,0.4)"
R-SIM_all,831,4.82390874094432,41,NCCC(O)C(=O)NC1CC(N)C(OC2OC(CN)C(O)C(O)C2N)C(OC2OC(CO)C(O)C2O)C1O,C1CCC(OC2CCCCC2OC2CCCO2)OC1,0.5853658536585367,1eht,0.8307692307692308,4pdq,False,True,0.4878048780487805,1ei2,0.4878048780487805,0.5645161290322581,"[0.4,0.6)","[0.8,1.0]","[0.4,0.6)"
R-SIM_all,2409,4.2365720064370604,16,Cc1cc(N2CCN(C)CC2)n2nc(-c3ccc(Cl)cc3)nc2n1,c1ccc(-c2nc3nccc(N4CCNCC4)n3n2)cc1,0.6086956521739131,1nem,0.2602739726027397,6hmo,False,False,0.2602739726027397,6hmo,0.5625,0.2602739726027397,"[0.6,0.8)","[0.0,0.4)","[0.0,0.4)"
R-SIM_all,406,3.1186153432294303,2904,CC(=O)NC[C@@H]1CN(c2ccc(N3CCN(C(=O)CO)CC3)c(F)c2)C(=O)O1,O=C1OCCN1c1ccc(N2CCNCC2)cc1,0.13636363636363635,4faq,0.20689655172413793,6hmo,False,False,0.10144927536231885,4e8k,0.1336088154269972,0.10144927536231885,"[0.0,0.4)","[0.0,0.4)","[0.0,0.4)"
R-SIM_all,2135,5.25963731050576,38,CN(C)c1ccc2c(-c3ccccc3)c3ccc(=[N+](C)C)cc-3oc2c1,[N+]=c1ccc2c(-c3ccccc3)c3ccccc3oc-2c1,0.8421052631578947,1q8n,1.0,1f1t,True,True,0.8157894736842105,1f1t,0.8157894736842105,1.0,"[0.8,1.0]","[0.8,1.0]","[0.8,1.0]"
R-SIM_all,337,6.69897000433602,29,NC[C@H]1C[C@@H](O)[C@H](N)[C@@H](O[C@H]2CO[C@H](O[C@H]3[C@H](O)[C@H](N)C[C@H](N)[C@@H]3O[C@H]3O[C@H](CO)[C@@H](O)[C@H](O)[C@H]3N)[C@@H]2OCCNCCc2cccnc2)O1,c1cncc(CCNCCOC2C(OC3CCCCO3)COC2OC2CCCCC2OC2CCCCO2)c1,0.9310344827586207,1byj,0.6022727272727273,3s4p,False,False,0.6022727272727273,3s4p,0.7241379310344828,0.6022727272727273,"[0.8,1.0]","[0.6,0.8)","[0.6,0.8)"
R-SIM_all,2354,3.25649023527157,29,N[C@@H]1C[C@H](N)[C@@H](O)[C@H](O)[C@H]1OC[N+]1N=Nc2cccnc21,c1cnc2c(c1)N=N[N+]2COC1CCCCC1,0.9310344827586207,1byj,0.3050847457627119,2et8,False,False,0.3050847457627119,2et8,0.7241379310344828,0.3050847457627119,"[0.8,1.0]","[0.0,0.4)","[0.0,0.4)"
R-SIM_all,2151,5.481486060122111,29,NCC1OC(OC2C(N)CC(N)C(OC3OC(COC4OC(CN)C(O)C(O)C4O)C(N)C(O)C3N)C2O)C(N)CC1O,C1CCC(OCC2CCCC(OC3CCCC(OC4CCCCO4)C3)O2)OC1,0.6111111111111112,6e82,0.6,1lc4,False,False,0.4915254237288136,1ei2,0.5172413793103448,0.4915254237288136,"[0.6,0.8)","[0.6,0.8)","[0.4,0.6)"
R-SIM_all,938,2.5376020021010404,58,Nc1ncnc2c1ncn2[C@@H]1O[C@H](COP(=O)(O)OP(=O)(O)OP(=O)(O)O)[C@@H](O)[C@H]1O,c1ncc2ncn(C3CCCO3)c2n1,0.5405405405405406,3q3z,1.0,5ktj,False,True,0.513157894736842,4jf2,0.513157894736842,0.6875,"[0.4,0.6)","[0.8,1.0]","[0.4,0.6)"
R-SIM_all,1255,4.29670862188134,32,COc1cc2nc(N3CC[NH2+]CC3)nc(N)c2cc1OC,c1ccc2nc(N3CC[NH2+]CC3)ncc2c1,1.0,2lwk,0.7209302325581395,2lwk,False,False,0.7209302325581395,2lwk,1.0,0.7209302325581395,"[0.8,1.0]","[0.6,0.8)","[0.6,0.8)"
R-SIM_all,2484,4.90308998699194,28,NCC1OC(OC2C(N)CC(N)C(OC3OC(CO)C(O)C(N)C3O)C2O)C(N)C(O)C1O,C1CCC(OC2CCCC(OC3CCCCO3)C2)OC1,0.6428571428571428,1fyp,0.8809523809523809,2esi,False,True,0.6428571428571428,1fyp,0.6428571428571428,0.7446808510638298,"[0.6,0.8)","[0.8,1.0]","[0.6,0.8)"
R-SIM_all,1959,7.46852108295774,70,COc1cc(C=CC(=O)CC(=O)C=Cc2ccc(O)c(OC)c2)ccc1O,O=C(C=Cc1ccccc1)CC(=O)C=Cc1ccccc1,0.4948453608247423,4oqu,0.23809523809523808,12ci,False,False,0.23809523809523808,12ci,0.4024390243902439,0.23809523809523808,"[0.4,0.6)","[0.0,0.4)","[0.0,0.4)"
R-SIM_all,39,4.0,132,Nc1c(S(=O)(=O)O)cc(Nc2ccc(Nc3nc(Cl)nc(Nc4ccccc4S(=O)(=O)O)n3)c(S(=O)(=O)O)c2)c2c1C(=O)c1ccccc1C2=O,O=C1c2ccccc2C(=O)c2c(Nc3ccc(Nc4ncnc(Nc5ccccc5)n4)cc3)cccc21,0.49242424242424243,4qk9,0.1643835616438356,2kgp,False,False,0.1643835616438356,2kgp,0.18939393939393945,0.1643835616438356,"[0.4,0.6)","[0.0,0.4)","[0.0,0.4)"
R-SIM_all,2440,7.30102999566398,34,NCC1OC(OC2C(CO)OC(OC3C(O)C(N)CC(N)C3OC3OC(CO)C(O)C(O)C3N)C2O)C(N)C(O)C1O,C1CCC(OC2COC(OC3CCCCC3OC3CCCCO3)C2)OC1,0.5,1duh,1.0,1fyp,False,True,0.5,3c44,0.5,1.0,"[0.4,0.6)","[0.8,1.0]","[0.4,0.6)"
R-SIM_all,846,4.60205999132796,40,NCCC(O)C(=O)NC1CC(N)C(OC2OC(CN)C(O)C(O)C2N)C(OC2OC(CO)C(O)C2O)C1O,C1CCC(OC2CCCCC2OC2CCCO2)OC1,0.55,1ddy,0.8307692307692308,4pdq,False,True,0.475,1ei2,0.475,0.5645161290322581,"[0.4,0.6)","[0.8,1.0]","[0.4,0.6)"
R-SIM_all,2099,5.769551078621731,29,CN(C)CCCn1c(N)nc2ccc3c(c21)CC(CN(C)C)O3,c1nc2ccc3c(c2[nH]1)CCO3,0.6111111111111112,6e82,1.0,2ktz,False,True,0.5263157894736843,2ktz,0.5263157894736843,1.0,"[0.6,0.8)","[0.8,1.0]","[0.4,0.6)"
R-SIM_all,1176,5.744727494896691,30,C[n+]1c(C=Cc2cc3ccccc3[nH]2)cc(N2CC[NH+](C)CC2)c2ccccc21,C(=Cc1cc(N2CC[NH2+]CC2)c2ccccc2[nH+]1)c1cc2ccccc2[nH]1,0.5806451612903225,5v3f,0.2191780821917808,6e84,False,False,0.2191780821917808,6e84,0.5555555555555556,0.2191780821917808,"[0.4,0.6)","[0.0,0.4)","[0.0,0.4)"
R-SIM_all,2283,5.590066876668709,71,CN(C)C1C(=O)C(C#N)=C(O)C2(O)C(=O)C3=C(O)c4c(O)cccc4C(C)(O)C3CC12,O=C1C=CC2C(=O)C3=Cc4ccccc4CC3CC2C1,0.5595238095238095,4frg,0.13953488372093023,1ykv,False,False,0.13953488372093023,1ykv,0.15492957746478875,0.13953488372093023,"[0.4,0.6)","[0.0,0.4)","[0.0,0.4)"
R-SIM_all,2380,6.11918640771921,22,CCc1nc2ccccc2cc1C(=O)N[C@@H](CSSC[C@@H](NC(=O)c1cc2ccccc2nc1CC)C(=O)N1CCC[C@H]1C(=O)N[C@@H](Cc1ccccc1)C(=O)NCCCN)C(=O)N1CCC[C@H]1C(=O)N[C@@H](Cc1ccccc1)C(=O)NCCCN,O=C(NC(CSSCC(NC(=O)c1cnc2ccccc2c1)C(=O)N1CCCC1C(=O)NCCc1ccccc1)C(=O)N1CCCC1C(=O)NCCc1ccccc1)c1cnc2ccccc2c1,0.9545454545454546,2juk,0.18584070796460178,6dn2,False,False,0.18584070796460178,6dn2,0.3584905660377359,0.18584070796460178,"[0.8,1.0]","[0.0,0.4)","[0.0,0.4)"
R-SIM_all,1795,6.008773924307509,60,CCCN(CC(=O)N(CC(N)=O)Cc1cn(CCCNC(=O)CCCOc2ccc(-c3nc4cc(-c5ccc(N6CCN(C)CC6)cc5)ccc4[nH]3)cc2)nn1)C(=O)CN(CCC)C(=O)CN(CCC)C(=O)NCc1cn(CCCNC(=O)CCCOc2ccc(-c3nc4cc(-c5ccc(N6CCN(C)CC6)cc5)ccc4[nH]3)cc2)nn1,O=C(CCCOc1ccc(-c2nc3cc(-c4ccc(N5CCNCC5)cc4)ccc3[nH]2)cc1)NCCCn1cc(CNC(=O)CNC(=O)CNC(=O)CNC(=O)NCc2cn(CCCNC(=O)CCCOc3ccc(-c4nc5cc(-c6ccc(N7CCNCC7)cc6)ccc5[nH]4)cc3)nn2)nn1,0.5333333333333333,5lys,0.2032520325203252,6hmo,False,False,0.1968503937007874,1uts,0.3833333333333333,0.1968503937007874,"[0.4,0.6)","[0.0,0.4)","[0.0,0.4)"
R-SIM_all,1256,3.94233389609017,32,CCC(=O)N1CCN(c2nc(N)c3cc(OC)c(OC)cc3[nH+]2)CC1,c1ccc2[nH+]c(N3CCNCC3)ncc2c1,1.0,2lwk,0.36065573770491804,2lwk,False,False,0.36065573770491804,2lwk,1.0,0.36065573770491804,"[0.8,1.0]","[0.0,0.4)","[0.0,0.4)"
R-SIM_all,921,4.958607314841769,17,N[C@@H]1C[C@H](N)[C@H](OCCCCCCCCCCCCO[C@@H]2[C@H](O)[C@H](O)[C@@H](N)C[C@H]2N)[C@H](O)[C@H]1O,C(CCCCCCOC1CCCCC1)CCCCCOC1CCCCC1,0.6470588235294117,5v1l,0.40476190476190477,2et8,False,False,0.40476190476190477,2et8,0.5238095238095238,0.40476190476190477,"[0.6,0.8)","[0.4,0.6)","[0.4,0.6)"
R-SIM_all,2461,6.05700040663396,33,CN(C)c1ccc2c(-c3ccc(C(=O)NCC4OC(OC5C(N)CC(N)C(OC6OC(CO)C(O)C(N)C6O)C5O)C(N)CC4O)cc3C(=O)O)c3ccc(=[N+](C)C)cc-3oc2c1,[N+]=c1ccc2c(-c3ccc(C(=O)NCC4CCCC(OC5CCCC(OC6CCCCO6)C5)O4)cc3)c3ccccc3oc-2c1,0.5151515151515151,3gs5,0.5164835164835165,6gzk,False,False,0.4375,6gzk,0.4375,0.5164835164835165,"[0.4,0.6)","[0.4,0.6)","[0.4,0.6)"
R-SIM_all,1180,5.0,25,Nc1ccc(-c2cc3ccc(C4=[NH+]CCN4)cc3[nH]2)cc1,c1ccc(-c2cc3ccc(C4=[NH+]CCN4)cc3[nH]2)cc1,0.96,1ei2,0.22727272727272727,2kd4,False,False,0.22727272727272727,2kd4,0.24,0.22727272727272727,"[0.8,1.0]","[0.0,0.4)","[0.0,0.4)"
R-SIM_all,1187,4.82390874094432,48,NC(=[NH2+])c1ccc(Nc2ccc(-c3cc4ccc(C(N)=[NH2+])cc4[nH]3)cc2)cc1,c1ccc(Nc2ccc(-c3cc4ccccc4[nH]3)cc2)cc1,0.515625,4xw7,0.16363636363636364,6jjh,False,False,0.16363636363636364,6jjh,0.25,0.16363636363636364,"[0.4,0.6)","[0.0,0.4)","[0.0,0.4)"
R-SIM_all,2182,6.17392519729917,24,NCC1OC(OC2C(N)CC(N)C(OC3OC(CN)C(O)C(OC4OC(CO)C(O)C(O)C4N)C3N)C2O)C(N)CC1O,C1CCC(OC2CCCC(OC3CC(OC4CCCCO4)CCO3)C2)OC1,0.5555555555555556,1xst,0.7551020408163265,1lc4,False,False,0.45833333333333337,2fcx,0.45833333333333337,0.6458333333333334,"[0.4,0.6)","[0.6,0.8)","[0.4,0.6)"
R-SIM_all,1296,8.769551078621731,45,O=c1c(O)c(-c2cc(O)c(O)c(O)c2)oc2cc(O)cc(O)c12,O=c1cc(-c2ccccc2)oc2ccccc12,0.5357142857142857,3f4g,1.0,5xi1,True,True,0.19999999999999996,5xi1,0.19999999999999996,1.0,"[0.4,0.6)","[0.8,1.0]","[0.0,0.4)"
R-SIM_all,2222,5.29242982390206,41,NCC1OC(OC2C(N)CC(N)C(OC3OC(COC4OC(CO)C(O)C(O)C4N)C(O)C(O)C3N)C2O)C(N)CC1O,C1CCC(OCC2CCCC(OC3CCCC(OC4CCCCO4)C3)O2)OC1,0.5853658536585367,1eht,0.7254901960784313,1lc4,False,False,0.4878048780487805,1ei2,0.4878048780487805,0.5714285714285714,"[0.4,0.6)","[0.6,0.8)","[0.4,0.6)"
R-SIM_all,2170,4.92081875395238,24,CNC1C(O)C(OC2C(N)CC(N)C(OC3OC(CN)=CCC3N)C2O)OCC1(C)O,C1=COC(OC2CCCC(OC3CCCCO3)C2)CC1,0.5555555555555556,1xst,1.0,4f8u,False,True,0.45833333333333337,3td1,0.45833333333333337,0.5522388059701493,"[0.4,0.6)","[0.8,1.0]","[0.4,0.6)"
R-SIM_all,1299,7.1249387366083,15,[NH3+]CCNc1c2c(c(NCC[NH3+])c3occc13)C(=O)c1ccccc1C2=O,O=C1c2ccccc2C(=O)c2cc3occc3cc21,0.6666666666666667,6jjh,0.19298245614035087,2kgp,False,False,0.19298245614035087,2kgp,0.36,0.19298245614035087,"[0.6,0.8)","[0.0,0.4)","[0.0,0.4)"
R-SIM_all,2064,5.2958494831602,14,N[C@@H]1C[C@@H](N)[C@@H](OCCCc2cn(Cc3cccc(Cn4cc(CCCO[C@@H]5[C@H](O)[C@H](O)[C@@H](N)C[C@H]5N)nn4)n3)nn2)[C@H](O)[C@H]1O,c1cc(Cn2cc(CCCOC3CCCCC3)nn2)nc(Cn2cc(CCCOC3CCCCC3)nn2)c1,0.7142857142857143,2bcy,0.26153846153846155,2et8,False,False,0.26153846153846155,2et8,0.47619047619047616,0.26153846153846155,"[0.6,0.8)","[0.0,0.4)","[0.0,0.4)"
R-SIM_all,1884,6.95860731484177,281,CC(C)c1ccc2nc3ccc(C(=O)NCCN(C)C)cn3c(=O)c2c1,O=c1c2ccccc2nc2ccccn12,0.44358974358974357,6t3k,0.22077922077922077,1lvj,False,False,0.18,3sd3,0.20284697508896798,0.18,"[0.4,0.6)","[0.0,0.4)","[0.0,0.4)"
R-SIM_all,1009,3.72353819582676,24,CC1CCN(c2ccc(N)cc2)CC1,c1ccc(N2CCCCC2)cc1,0.5,2juk,0.2,2kd4,False,False,0.2,2kd4,0.20833333333333337,0.2,"[0.4,0.6)","[0.0,0.4)","[0.0,0.4)"
R-SIM_all,1906,6.130768280269019,21,CCCSCCCNc1nc(-c2nnc(-c3ccccc3)o2)nc2ccccc12,c1ccc(-c2nnc(-c3ncc4ccccc4n3)o2)cc1,0.5238095238095238,1zz5,0.17045454545454544,3mij,False,False,0.17045454545454544,3mij,0.38095238095238093,0.17045454545454544,"[0.4,0.6)","[0.0,0.4)","[0.0,0.4)"
R-SIM_all,735,4.008773924307509,118,COC1=C(C)C(=O)c2c(c(COC(N)=O)c3n2C[C@H]2[C@@H]3N2C)C1=O,O=C1C=CC(=O)c2c1cc1n2CC2NC12,0.5084745762711864,3gx7,0.17142857142857143,1evv,False,False,0.17142857142857143,1evv,0.4067796610169492,0.17142857142857143,"[0.4,0.6)","[0.0,0.4)","[0.0,0.4)"
R-SIM_all,2323,9.0,35,O=c1cc(-c2cccs2)nc([C@H]2CCCN(Cc3cn(-c4ncccn4)cn3)C2)[nH]1,O=c1cc(-c2cccs2)nc(C2CCCN(Cc3cn(-c4ncccn4)cn3)C2)[nH]1,1.0,1fmn,0.40963855421686746,5c45,False,False,0.40963855421686746,5c45,0.4444444444444444,0.40963855421686746,"[0.8,1.0]","[0.4,0.6)","[0.4,0.6)"
R-SIM_all,1961,7.886056647693159,190,COc1cc(C=CC(=O)CC(=O)C=Cc2ccc(O)c(OC)c2)ccc1O,O=C(C=Cc1ccccc1)CC(=O)C=Cc1ccccc1,0.5263157894736843,4gxy,0.23809523809523808,12ci,False,False,0.22631578947368425,12ci,0.22631578947368425,0.23809523809523808,"[0.4,0.6)","[0.0,0.4)","[0.0,0.4)"
R-SIM_all,1522,5.318758762624411,25,Cc1c2cc[n+](CCN3CCCCC3)cc2c(C)c2c1[nH]c1ccc(O)cc12,c1ccc2c(c1)[nH]c1cc3cc[n+](CCN4CCCCC4)cc3cc12,0.96,1ei2,0.22857142857142856,5kpy,False,False,0.22857142857142856,5kpy,0.3380281690140845,0.22857142857142856,"[0.8,1.0]","[0.0,0.4)","[0.0,0.4)"
R-SIM_all,1845,5.55284196865778,47,C(=NNC1=NCCN1)c1c2ccccc2c(C=NNC2=NCCN2)c2ccccc12,C(=NNC1=NCCN1)c1c2ccccc2c(C=NNC2=NCCN2)c2ccccc12,0.5357142857142857,3f4g,0.15789473684210525,6e1v,False,False,0.15789473684210525,6e1v,0.4042553191489362,0.15789473684210525,"[0.4,0.6)","[0.0,0.4)","[0.0,0.4)"
R-SIM_all,2411,4.33724216831843,19,Cc1cc(N2CCN(C)CC2)n2nc(-c3ccc(Cl)cc3)nc2n1,c1ccc(-c2nc3nccc(N4CCNCC4)n3n2)cc1,0.631578947368421,1nyi,0.2602739726027397,6hmo,False,False,0.2602739726027397,6hmo,0.4736842105263158,0.2602739726027397,"[0.6,0.8)","[0.0,0.4)","[0.0,0.4)"
R-SIM_all,2423,6.69897000433602,34,NCCC(O)C(=O)NC1CC(N)C(OC2OC(CN)C(O)C(O)C2N)C(OC2OC(CO)C(O)C2O)C1O,C1CCC(OC2CCCCC2OC2CCCO2)OC1,0.5,1duh,0.8307692307692308,4pdq,False,True,0.47058823529411764,3c44,0.47058823529411764,0.5806451612903226,"[0.4,0.6)","[0.8,1.0]","[0.4,0.6)"
R-SIM_all,2123,5.3968556273798205,38,CN(C)c1ccc2c(-c3ccccc3)c3ccc(=[N+](C)C)cc-3oc2c1,[N+]=c1ccc2c(-c3ccccc3)c3ccccc3oc-2c1,0.868421052631579,1q8n,1.0,1f1t,True,True,0.8421052631578947,1f1t,0.8421052631578947,1.0,"[0.8,1.0]","[0.8,1.0]","[0.8,1.0]"
R-SIM_all,147,3.60906489289662,29,Cn1c(=O)[nH]c(=O)c2c1nc(N1CCNCC1)n2Cc1ccccc1,O=c1[nH]c(=O)c2c(nc(N3CCNCC3)n2Cc2ccccc2)[nH]1,0.9310344827586207,1byj,0.2465753424657534,6dn3,False,False,0.2465753424657534,6dn3,0.4107142857142857,0.2465753424657534,"[0.8,1.0]","[0.0,0.4)","[0.0,0.4)"
R-SIM_all,1951,6.06550154875643,47,COc1cc(C=CC(=O)CC(=O)C=Cc2ccc(O)c(OC)c2)ccc1O,O=C(C=Cc1ccccc1)CC(=O)C=Cc1ccccc1,0.5531914893617021,1nbk,0.23809523809523808,12ci,False,False,0.23809523809523808,12ci,0.4512195121951219,0.23809523809523808,"[0.4,0.6)","[0.0,0.4)","[0.0,0.4)"
R-SIM_all,1038,5.602059991327961,21,NCCCC[C@H](NC(=O)[C@H](CSSC[C@H](NC(=O)[C@@H]1CCCN1C(=O)c1ccc2c(c1)OCO2)C(=O)N[C@H](CCCCN)C(=O)NCCCN)NC(=O)[C@@H]1CCCN1C(=O)c1ccc2c(c1)OCO2)C(=O)NCCCN,O=C(NCCSSCCNC(=O)C1CCCN1C(=O)c1ccc2c(c1)OCO2)C1CCCN1C(=O)c1ccc2c(c1)OCO2,0.6190476190476191,3tzr,0.19090909090909092,2f4u,False,False,0.19090909090909092,2f4u,0.38095238095238093,0.19090909090909092,"[0.6,0.8)","[0.0,0.4)","[0.0,0.4)"
R-SIM_all,1838,5.337242168318429,47,C(=NNC1=NCCN1)c1c2ccccc2c(C=NNC2=NCCN2)c2ccccc12,C(=NNC1=NCCN1)c1c2ccccc2c(C=NNC2=NCCN2)c2ccccc12,0.5384615384615384,2qwy,0.15789473684210525,6e1v,False,False,0.15789473684210525,6e1v,0.4042553191489362,0.15789473684210525,"[0.4,0.6)","[0.0,0.4)","[0.0,0.4)"
R-SIM_all,1573,6.4089353929735005,54,COc1ccc2nc3cc(Cl)ccc3c(NCCCCNc3nc(N)nc(N)n3)c2c1,c1ccc2c(NCCCCNc3ncncn3)c3ccccc3nc2c1,0.5925925925925926,2kx8,0.2465753424657534,1uud,False,False,0.2465753424657534,1uud,0.4629629629629629,0.2465753424657534,"[0.4,0.6)","[0.0,0.4)","[0.0,0.4)"
R-SIM_all,960,4.49485002168009,118,CN(C)c1ncnc2c1ncn2CCn1cnc2c(N(C)C)ncnc21,c1ncc2ncn(CCn3cnc4cncnc43)c2n1,0.5084745762711864,3gx7,0.23214285714285715,3b4b,False,False,0.20967741935483872,1raw,0.288135593220339,0.20967741935483872,"[0.4,0.6)","[0.0,0.4)","[0.0,0.4)"
R-SIM_all,1279,5.18708664335714,68,O=c1[nH]c(NC2CCCCC2)nc2nc[nH]c12,O=c1[nH]c(NC2CCCCC2)nc2nc[nH]c12,0.9705882352941176,1y27,0.42105263157894735,2ees,False,False,0.42105263157894735,2ees,0.9264705882352942,0.42105263157894735,"[0.8,1.0]","[0.4,0.6)","[0.4,0.6)"
R-SIM_all,2477,6.221848749616361,30,NCC1OC(OC2C(CO)OC(OC3C(O)C(N)CC(N)C3OC3OC(CN)C(O)C(O)C3N)C2O)C(N)C(O)C1O,C1CCC(OC2COC(OC3CCCCC3OC3CCCCO3)C2)OC1,0.6666666666666667,1byj,1.0,1ei2,False,True,0.6666666666666667,1fyp,0.6666666666666667,0.9761904761904762,"[0.6,0.8)","[0.8,1.0]","[0.6,0.8)"
R-SIM_all,2351,3.16621562534352,29,N[C@@H]1C[C@H](N)[C@@H](O)[C@H](O)[C@H]1OCn1ccc(I)n1,c1cnn(COC2CCCCC2)c1,0.9310344827586207,1byj,0.3114754098360656,2o3v,False,False,0.3114754098360656,2o3v,0.5862068965517242,0.3114754098360656,"[0.8,1.0]","[0.0,0.4)","[0.0,0.4)"
R-SIM_all,320,7.0,67,Nc1nc(N)c(N)c(=O)[nH]1,O=c1ccnc[nH]1,1.0,3fo6,0.4375,4lvw,False,False,0.4375,4lvw,0.5168539325842696,0.4375,"[0.8,1.0]","[0.4,0.6)","[0.4,0.6)"
R-SIM_all,2143,5.53760200210104,29,NCC1OC(OC2C(CO)OC(OC3C(O)C(N)CC(N)C3OC3OC(CN)C(O)C(O)C3N)C2O)C(N)C(O)C1O,C1CCC(OC2COC(OC3CCCCC3OC3CCCCO3)C2)OC1,0.6111111111111112,6e82,1.0,1ei2,False,True,0.5172413793103448,1ei2,0.5172413793103448,1.0,"[0.6,0.8)","[0.8,1.0]","[0.4,0.6)"
R-SIM_all,257,2.52287874528034,29,COc1ccc2c(c1)N(CCCN(C)C)c1ccccc1S2,c1ccc2c(c1)Nc1ccccc1S2,1.0,1arj,0.64,1lvj,False,True,0.64,1lvj,0.935483870967742,0.64,"[0.8,1.0]","[0.6,0.8)","[0.6,0.8)"
R-SIM_all,1407,4.36653154442041,69,Cc1ccc(C(=O)Nc2nc(-c3cccc(NC(=O)CCc4cn(CC5OC(OC6C(O)C(N)CC(N)C6OC6OC(CN)C(O)C(O)C6N)C(O)C5OC5OC(CN)C(O)C(O)C5N)nn4)c3)cs2)cc1,O=C(CCc1cn(CC2OC(OC3CCCCC3OC3CCCCO3)CC2OC2CCCCO2)nn1)Nc1cccc(-c2csc(NC(=O)c3ccccc3)n2)c1,0.49275362318840576,2kx8,0.36633663366336633,1ei2,False,False,0.36633663366336633,1i9v,0.472972972972973,0.36633663366336633,"[0.4,0.6)","[0.0,0.4)","[0.0,0.4)"
R-SIM_all,1015,2.95506845385084,24,CN1CCN(CCCN2c3ccccc3Sc3ccc(C(F)(F)F)cc32)CC1,c1ccc2c(c1)Sc1ccccc1N2CCCN1CCNCC1,0.5,2juk,0.4098360655737705,1lvj,False,False,0.3548387096774194,1lvj,0.3548387096774194,0.4098360655737705,"[0.4,0.6)","[0.4,0.6)","[0.0,0.4)"
R-SIM_all,1896,6.221848749616361,75,NC(=O)c1ncn(-c2cccnc2)c1N,c1cncc(-n2ccnc2)c1,0.8266666666666667,5btp,0.3,4xw7,False,False,0.3,4xw7,0.56,0.3,"[0.8,1.0]","[0.0,0.4)","[0.0,0.4)"
R-SIM_all,258,3.25963731050576,29,CN(C)CCCN1c2ccccc2Sc2ccc(Cl)cc21,c1ccc2c(c1)Nc1ccccc1S2,1.0,1arj,0.6666666666666666,1lvj,False,True,0.6666666666666666,1lvj,0.935483870967742,0.6666666666666666,"[0.8,1.0]","[0.6,0.8)","[0.6,0.8)"
R-SIM_all,1280,5.602059991327961,239,[NH3+]CCS(=O)(=O)C[C@H]([NH3+])C(=O)[O-],ACYCLIC_EXACT::[NH3+]CCS(=O)(=O)C[C@H]([NH3+])C(=O)[O-],0.4819277108433735,4y1n,0.21621621621621623,3d0u,False,False,0.21621621621621623,3d0u,0.4602510460251046,0.21621621621621623,"[0.4,0.6)","[0.0,0.4)","[0.0,0.4)"
R-SIM_all,635,3.4497716469449102,29,N[C@@H]1C[C@H](N)[C@@H](O)[C@H](O)[C@H]1OCn1ccnn1,c1cn(COC2CCCCC2)nn1,0.9310344827586207,1byj,0.3269230769230769,2et8,False,False,0.3269230769230769,2et8,0.7241379310344828,0.3269230769230769,"[0.8,1.0]","[0.0,0.4)","[0.0,0.4)"
R-SIM_all,1322,5.86012091359876,18,c1ccc2c(NCc3cn(CCC[NH+]4CCCCC4)nn3)c3oc4ccccc4c3[nH+]c2c1,c1ccc2c(NCc3cn(CCC[NH+]4CCCCC4)nn3)c3oc4ccccc4c3[nH+]c2c1,0.5806451612903225,5v3f,0.16666666666666666,6e1s,False,False,0.16666666666666666,6e1s,0.29032258064516125,0.16666666666666666,"[0.4,0.6)","[0.0,0.4)","[0.0,0.4)"
R-SIM_all,2047,3.48148606012211,38,CC(=O)c1ccc2c(c1)N(CCCN(C)C)c1ccccc1S2,c1ccc2c(c1)Nc1ccccc1S2,0.6052631578947368,1lvj,1.0,1lvj,True,True,0.6052631578947368,1lvj,0.6052631578947368,1.0,"[0.6,0.8)","[0.8,1.0]","[0.6,0.8)"
R-SIM_all,2055,5.47366072261016,29,CNC(=O)c1cc2ccc(-c3ccc(OCCCN)c(CNCCC4CCNCC4)c3)cc2o1,c1cc(CNCCC2CCNCC2)cc(-c2ccc3ccoc3c2)c1,1.0,1arj,0.43902439024390244,1uts,False,False,0.43902439024390244,1uts,1.0,0.43902439024390244,"[0.8,1.0]","[0.4,0.6)","[0.4,0.6)"
R-SIM_all,2350,3.35753547975788,29,N[C@@H]1C[C@H](N)[C@@H](O)[C@H](O)[C@H]1OCn1c(C(F)(F)F)nc2ccccc21,c1ccc2c(c1)ncn2COC1CCCCC1,0.9310344827586207,1byj,0.27692307692307694,6jbf,False,False,0.27692307692307694,6jbf,0.6551724137931034,0.27692307692307694,"[0.8,1.0]","[0.0,0.4)","[0.0,0.4)"
R-SIM_all,126,3.97881070093006,29,Cc1cccc(NCCN)n1,c1ccncc1,0.9310344827586207,1byj,0.25,6izp,False,False,0.25,6izp,0.48275862068965514,0.25,"[0.8,1.0]","[0.0,0.4)","[0.0,0.4)"
R-SIM_all,2139,8.0,160,C[S+](CCC(N)C(=O)[O-])CC1OC(n2cnc3c(N)ncnc32)C(O)C1O,c1ncc2ncn(C3CCCO3)c2n1,0.56875,4kqy,1.0,2gis,False,True,0.56875,4kqy,0.56875,1.0,"[0.4,0.6)","[0.8,1.0]","[0.4,0.6)"
R-SIM_all,1282,4.619788758288389,238,[NH3+]CCS(=O)(=O)C[C@H]([NH3+])C(=O)[O-],ACYCLIC_EXACT::[NH3+]CCS(=O)(=O)C[C@H]([NH3+])C(=O)[O-],0.4819277108433735,4y1n,0.21621621621621623,3d0u,False,False,0.21621621621621623,3d0u,0.45378151260504207,0.21621621621621623,"[0.4,0.6)","[0.0,0.4)","[0.0,0.4)"
R-SIM_all,2154,6.0,29,NCC1OC(OC2C(N)CC(N)C(OC3OC(CN)C(OC4OC(CO)C(O)C(O)C4N)C(N)C3O)C2O)C(N)CC1O,C1CCC(OC2CCC(OC3CCCC(OC4CCCCO4)C3)OC2)OC1,0.6111111111111112,6e82,0.8297872340425532,1lc4,False,False,0.5172413793103448,1ei2,0.5172413793103448,0.6226415094339622,"[0.6,0.8)","[0.8,1.0]","[0.4,0.6)"
R-SIM_all,413,6.54821356447571,74,NCc1c[nH]c2nc(N)[nH]c(=O)c12,O=c1[nH]cnc2[nH]ccc12,0.5,6cc3,1.0,2l1v,True,True,0.41891891891891897,2miy,0.41891891891891897,1.0,"[0.4,0.6)","[0.8,1.0]","[0.4,0.6)"
R-SIM_all,296,6.85387196432176,2922,CC1=CC(O)CC(=O)Cc2nc(co2)C(=O)N2CCC=C2C(=O)OC(C(C)C)C(C)C=CC(=O)NCC=C1,O=C1CCC=CC=CCNC(=O)C=CCCOC(=O)C2=CCCN2C(=O)c2coc(n2)C1,0.13552361396303902,4faq,0.17475728155339806,4u6l,False,False,0.06666666666666667,4e8k,0.13278576317590696,0.06666666666666667,"[0.0,0.4)","[0.0,0.4)","[0.0,0.4)"
R-SIM_all,613,4.49485002168009,29,CN(CCCCCCN(C)C[C@@H](O)CO[C@@H]1[C@@H](O)[C@H](O)[C@@H](N)C[C@H]1N)C[C@@H](O)CO[C@@H]1O[C@@H](CN)[C@H](O)[C@H](O)[C@H]1N,C(CCCNCCCOC1CCCCO1)CCNCCCOC1CCCCC1,0.9310344827586207,1byj,0.5263157894736842,2et8,False,False,0.5263157894736842,2et8,0.7241379310344828,0.5263157894736842,"[0.8,1.0]","[0.4,0.6)","[0.4,0.6)"
R-SIM_all,356,6.221848749616361,29,NC[C@H]1OC[C@@H](O[C@H]2[C@H](O)[C@@H](O[C@@H]3[C@@H](O)[C@@H](N)C[C@@H](N)[C@H]3O[C@H]3O[C@@H](CNN)[C@@H](O)[C@H](O)[C@H]3N)O[C@@H]2CO)[C@H](O)[C@H]1O,C1CCC(OC2CCCCC2OC2CC(OC3CCCOC3)CO2)OC1,0.9310344827586207,1byj,0.7017543859649122,1ei2,False,False,0.7017543859649122,2et4,0.7241379310344828,0.7017543859649122,"[0.8,1.0]","[0.6,0.8)","[0.6,0.8)"
R-SIM_all,1415,4.42481215507234,69,CC(=O)Nc1nc(-c2cccc(NC(=O)c3ccc(Oc4cn(CC5OC(OC6C(O)C(N)CC(N)C6OC6OC(CN)C(O)C(O)C6N)C(O)C5OC5OC(CN)C(O)C(O)C5N)nn4)cc3)c2)cs1,O=C(Nc1cccc(-c2cscn2)c1)c1ccc(Oc2cn(CC3OC(OC4CCCCC4OC4CCCCO4)CC3OC3CCCCO3)nn2)cc1,0.49275362318840576,2kx8,0.37,1ei2,False,False,0.37,1i9v,0.472972972972973,0.37,"[0.4,0.6)","[0.0,0.4)","[0.0,0.4)"
R-SIM_all,1062,6.045757490560679,40,CCCN(CC(=O)N(CCC)CC(=O)N(CC(N)=O)Cc1cn(CCCNC(=O)CCCOc2c(C(C)(C)C)cc(-c3nc4cc(N5CC[NH+](C)CC5)ccc4[nH]3)cc2C(C)(C)C)nn1)C(=O)CCCOc1cccc(-c2nc3cc(-c4nc5cc(N6CC[NH+](C)CC6)ccc5[nH]4)ccc3[nH]2)c1,O=C(CCCOc1ccc(-c2nc3cc(N4CC[NH2+]CC4)ccc3[nH]2)cc1)NCCCn1cc(CNC(=O)CNC(=O)CNC(=O)CCCOc2cccc(-c3nc4cc(-c5nc6cc(N7CC[NH2+]CC7)ccc6[nH]5)ccc4[nH]3)c2)nn1,0.55,1nbk,0.21481481481481482,3mij,False,False,0.21481481481481482,3mij,0.275,0.21481481481481482,"[0.4,0.6)","[0.0,0.4)","[0.0,0.4)"
R-SIM_all,956,6.481486060122111,118,CCc1cc(C(=O)N[C@@H](C/C=C/C[C@H](NC(=O)c2cc3ccccc3nc2CC)C(=O)N2CCC[C@H]2C(=O)N[C@@H](Cc2ccccc2)C(=O)NCCCN)C(=O)N2CCC[C@@H]2C(=O)N[C@@H](Cc2ccccc2)C(=O)NCCCN)c2ccccc2n1,O=C(NC(CC=CCC(NC(=O)c1ccnc2ccccc12)C(=O)N1CCCC1C(=O)NCCc1ccccc1)C(=O)N1CCCC1C(=O)NCCc1ccccc1)c1cnc2ccccc2c1,0.5084745762711864,3gx7,0.1721311475409836,6dn2,False,False,0.1721311475409836,6dn2,0.3813559322033898,0.1721311475409836,"[0.4,0.6)","[0.0,0.4)","[0.0,0.4)"
R-SIM_all,2405,5.10790539730952,12,C[N+](C)(C)CCN[N+]1(C)CCCc2ccccc21,c1ccc2c(c1)CCC[NH2+]2,0.5833333333333333,5ux3,0.13114754098360656,6e1v,False,False,0.13114754098360656,6e1v,0.30000000000000004,0.13114754098360656,"[0.4,0.6)","[0.0,0.4)","[0.0,0.4)"
R-SIM_all,1412,4.37468754903833,69,CC(=O)Nc1nc(-c2cccc(NC(=O)CCCCCc3cn(CC4OC(OC5C(O)C(N)CC(N)C5OC5OC(CN)C(O)C(O)C5N)C(O)C4OC4OC(CN)C(O)C(O)C4N)nn3)c2)cs1,O=C(CCCCCc1cn(CC2OC(OC3CCCCC3OC3CCCCO3)CC2OC2CCCCO2)nn1)Nc1cccc(-c2cscn2)c1,0.49275362318840576,2kx8,0.37,1ei2,False,False,0.37,1i9v,0.472972972972973,0.37,"[0.4,0.6)","[0.0,0.4)","[0.0,0.4)"
R-SIM_all,1079,6.67366413907125,36,CCCN(CC(=O)N(CCC)CC(=O)N(CCC)CC(=O)N(CCC)CC(=O)N(CC(N)=O)Cc1cn(CCCNC(=O)CCCOc2cccc(-c3nc4cc(-c5nc6cc(N7CC[NH+](C)CC7)ccc6[nH]5)ccc4[nH]3)c2)nn1)C(=O)CNCc1cn(CCCNC(=O)CCCOc2cccc(-c3nc4cc(-c5nc6cc(N7CC[NH+](C)CC7)ccc6[nH]5)ccc4[nH]3)c2)nn1,O=C(CCCOc1cccc(-c2nc3cc(-c4nc5cc(N6CC[NH2+]CC6)ccc5[nH]4)ccc3[nH]2)c1)NCCCn1cc(CNCC(=O)NCC(=O)NCC(=O)NCC(=O)NCC(=O)NCc2cn(CCCNC(=O)CCCOc3cccc(-c4nc5cc(-c6nc7cc(N8CC[NH2+]CC8)ccc7[nH]6)ccc5[nH]4)c3)nn2)nn1,0.5555555555555556,5bjo,0.2248062015503876,3mij,False,False,0.18796992481203006,1uts,0.4722222222222222,0.18796992481203006,"[0.4,0.6)","[0.0,0.4)","[0.0,0.4)"
R-SIM_all,1378,5.44369749923271,29,OC(CNc1ccc(N2CCOCC2)cc1)CN(c1ccc(Br)cc1)c1ccc(Br)cc1,c1ccc(N(CCCNc2ccc(N3CCOCC3)cc2)c2ccccc2)cc1,0.5588235294117647,1nbk,0.13953488372093023,3mij,False,False,0.13953488372093023,3mij,0.31034482758620685,0.13953488372093023,"[0.4,0.6)","[0.0,0.4)","[0.0,0.4)"
R-SIM_all,2131,6.29073003902417,38,CN(C)c1ccc2c(-c3ccccc3)c3ccc(=[N+](C)C)cc-3oc2c1,[N+]=c1ccc2c(-c3ccccc3)c3ccccc3oc-2c1,0.868421052631579,1q8n,1.0,1f1t,True,True,0.8421052631578947,1f1t,0.8421052631578947,1.0,"[0.8,1.0]","[0.8,1.0]","[0.8,1.0]"
R-SIM_all,292,7.0,1542,CN(C)c1ccc(O)c2c1CC1CC3C(N(C)C)C(=O)C(C(N)=O)=C(O)C3(O)C(=O)C1=C2O,O=C1C=CC2C(=O)C3=Cc4ccccc4CC3CC2C1,0.25616083009079116,4faq,0.15841584158415842,6bfb,False,False,0.08080808080808081,3dig,0.11219195849546049,0.08080808080808081,"[0.0,0.4)","[0.0,0.4)","[0.0,0.4)"
R-SIM_all,152,3.3777859770337004,29,CCN1CCN(CCC(=O)Nc2ccc(Br)c(C)c2)CC1,O=C(CCN1CCNCC1)Nc1ccccc1,0.9310344827586207,1byj,0.25,3mij,False,False,0.25,3mij,0.3448275862068966,0.25,"[0.8,1.0]","[0.0,0.4)","[0.0,0.4)"
R-SIM_all,1819,6.251811972993799,41,CN(C)c1nc(N)c(C(=O)NC(N)=[NH2+])nc1-c1ccc(-c2ccccc2)cc1,c1ccc(-c2ccc(-c3cnccn3)cc2)cc1,0.5869565217391304,6c27,0.29310344827586204,23jz,False,False,0.29310344827586204,23jz,0.46341463414634143,0.29310344827586204,"[0.4,0.6)","[0.0,0.4)","[0.0,0.4)"
R-SIM_all,2049,6.06550154875643,29,N=C(N)NCCCCNCc1cc(-c2ccsc2)ccc1OCCCN,c1ccc(-c2ccsc2)cc1,1.0,1arj,0.4307692307692308,1uud,False,False,0.4307692307692308,1uud,1.0,0.4307692307692308,"[0.8,1.0]","[0.4,0.6)","[0.4,0.6)"
R-SIM_all,96,-0.477121254719662,29,Cc1cc2nc3c(=O)[nH]c(=O)nc-3n(CC(O)C(O)C(O)CO)c2cc1C,O=c1nc2[nH]c3ccccc3nc-2c(=O)[nH]1,0.6388888888888888,6c63,1.0,3f4g,False,True,0.5142857142857142,1fmn,0.5142857142857142,0.7368421052631579,"[0.6,0.8)","[0.8,1.0]","[0.4,0.6)"
R-SIM_all,416,5.744727494896691,239,NCCCC[C@H](N)C(=O)O,ACYCLIC_EXACT::NCCCC[C@H](N)C(=O)O,0.47791164658634533,4y1n,0.64,3d0u,False,False,0.4602510460251046,3d0u,0.4602510460251046,0.64,"[0.4,0.6)","[0.6,0.8)","[0.4,0.6)"
R-SIM_all,2119,6.85387196432176,38,CN(C)c1ccc2c(-c3ccccc3)c3ccc(=[N+](C)C)cc-3oc2c1,[N+]=c1ccc2c(-c3ccccc3)c3ccccc3oc-2c1,0.868421052631579,1q8n,1.0,1f1t,True,True,0.8421052631578947,1f1t,0.8421052631578947,1.0,"[0.8,1.0]","[0.8,1.0]","[0.8,1.0]"
R-SIM_all,1248,4.22257317761069,58,NC(=[NH2+])c1ccc(-c2ccc(-c3ccc(C(N)=[NH2+])cc3)o2)cc1,c1ccc(-c2ccc(-c3ccccc3)o2)cc1,0.5689655172413793,3npq,0.2,2l94,False,False,0.2,2l94,0.48275862068965514,0.2,"[0.4,0.6)","[0.0,0.4)","[0.0,0.4)"
R-SIM_all,1336,5.67778070526608,29,OC(CNc1ccc(N2CCOCC2)cc1)Cn1c2ccc(Br)cc2c2cc(Br)ccc21,c1ccc2c(c1)c1ccccc1n2CCCNc1ccc(N2CCOCC2)cc1,0.5588235294117647,1nbk,0.16455696202531644,3f4g,False,False,0.16455696202531644,3f4g,0.3928571428571429,0.16455696202531644,"[0.4,0.6)","[0.0,0.4)","[0.0,0.4)"
R-SIM_all,1810,5.88272870434424,76,NCCCC(=O)NCCCN1Cc2ccc3ccc(nc3n2)NC(=O)OCC/C=C/CCOC(=O)Nc2ccc3ccc(nc3n2)C1,O=C1Nc2ccc3ccc(nc3n2)CNCc2ccc3ccc(nc3n2)NC(=O)OCCC=CCCO1,0.5263157894736843,3f4e,0.5,6qiq,False,False,0.1927710843373494,6izp,0.32894736842105265,0.1927710843373494,"[0.4,0.6)","[0.4,0.6)","[0.0,0.4)"
R-SIM_all,1114,7.64781748188864,12,CCc1nc2cc3ccccc3cc2cc1C(=O)N1CCC[C@H]1C(=O)N[C@@H](C/C=C\C[C@H](NC(=O)[C@@H]1CCCN1C(=O)c1cc2cc3ccccc3cc2nc1CC)C(=O)N[C@@H](CCCC[NH3+])C(=O)NCCC[NH3+])C(=O)N[C@@H](CCCC[NH3+])C(=O)NCCC[NH3+],O=C(NCCC=CCCNC(=O)C1CCCN1C(=O)c1cnc2cc3ccccc3cc2c1)C1CCCN1C(=O)c1cnc2cc3ccccc3cc2c1,0.5833333333333333,1ejz,0.17857142857142858,5c45,False,False,0.17857142857142858,5c45,0.20370370370370372,0.17857142857142858,"[0.4,0.6)","[0.0,0.4)","[0.0,0.4)"
independent_test,independent_000_Neomycin_B,7.066006836168758,29,NC[C@@H]1O[C@H](O[C@H]2[C@@H](O)[C@H](O[C@@H]3[C@@H](O)[C@H](N)C[C@H](N)[C@H]3O[C@H]3O[C@H](CN)[C@@H](O)[C@H](O)[C@H]3N)O[C@@H]2CO)[C@H](N)[C@@H](O)[C@@H]1O,C1CCC(OC2COC(OC3CCCCC3OC3CCCCO3)C2)OC1,1.0,1arj,1.0,1ei2,True,True,0.5862068965517242,1fyp,0.5862068965517242,0.9761904761904762,"[0.8,1.0]","[0.8,1.0]","[0.4,0.6)"
independent_test,independent_001_Paromomycin,5.436518914605589,29,NC[C@@H]1O[C@H](O[C@H]2[C@@H](O)[C@H](O[C@@H]3[C@@H](O)[C@H](N)C[C@H](N)[C@H]3O[C@H]3O[C@H](CO)[C@@H](O)[C@H](O)[C@H]3N)O[C@@H]2CO)[C@H](N)[C@@H](O)[C@@H]1O,C1CCC(OC2COC(OC3CCCCC3OC3CCCCO3)C2)OC1,1.0,1arj,1.0,1fyp,True,True,0.5862068965517242,1fyp,0.5862068965517242,1.0,"[0.8,1.0]","[0.8,1.0]","[0.4,0.6)"
independent_test,independent_002_Sisomycin,5.40749015209932,29,CN[C@@H]1[C@@H](O)[C@@H](O[C@@H]2[C@@H](O)[C@H](O[C@H]3OC(CN)=CC[C@H]3N)[C@@H](N)C[C@H]2N)OC[C@]1(C)O,C1=COC(OC2CCCC(OC3CCCCO3)C2)CC1,1.0,1arj,1.0,4f8u,True,True,0.5517241379310345,4gpw,0.5517241379310345,0.8596491228070176,"[0.8,1.0]","[0.8,1.0]","[0.4,0.6)"
independent_test,independent_003_Streptomycin,4.958607314841775,29,CN[C@@H]1[C@H](O[C@H]2[C@H](O[C@H]3[C@H](O)[C@@H](O)[C@H](NC(=N)N)[C@@H](O)[C@@H]3NC(=N)N)O[C@@H](C)[C@]2(O)C=O)O[C@@H](CO)[C@H](O)[C@H]1O,C1CCC(OC2OCCC2OC2CCCCO2)CC1,1.0,1arj,0.8870967741935484,1nta,False,True,0.6206896551724138,1nta,0.6206896551724138,0.8870967741935484,"[0.8,1.0]","[0.8,1.0]","[0.6,0.8)"
independent_test,independent_004_Tobramycin,5.449771646944906,29,NC[C@H]1O[C@H](O[C@H]2[C@H](O)[C@@H](O[C@H]3O[C@H](CO)[C@@H](O)[C@H](N)[C@H]3O)[C@H](N)C[C@@H]2N)[C@H](N)C[C@@H]1O,C1CCC(OC2CCCC(OC3CCCCO3)C2)OC1,1.0,1arj,1.0,1lc4,True,True,0.5660377358490566,1fyp,0.5862068965517242,0.5660377358490566,"[0.8,1.0]","[0.8,1.0]","[0.4,0.6)"
independent_test,independent_005_Gentamycin,5.42021640338319,29,CNC(C)C1CCC(N)C(OC2C(N)CC(N)C(OC3OCC(C)(O)C(NC)C3O)C2O)O1,C1CCC(OC2CCCC(OC3CCCCO3)C2)OC1,1.0,1arj,0.7,2et3,False,True,0.5517241379310345,5z71,0.5517241379310345,0.6349206349206349,"[0.8,1.0]","[0.6,0.8)","[0.4,0.6)"
independent_test,independent_006_Neamine,5.587371479455625,29,NC[C@H]1O[C@H](O[C@H]2[C@H](O)[C@@H](O)[C@H](N)C[C@@H]2N)[C@H](N)[C@@H](O)[C@@H]1O,C1CCC(OC2CCCCO2)CC1,1.0,1arj,1.0,2et8,True,True,0.5862068965517242,1fyp,0.5862068965517242,0.6888888888888889,"[0.8,1.0]","[0.8,1.0]","[0.4,0.6)"
independent_test,independent_007_Kanamycin,4.919048995620517,29,NC[C@H]1O[C@H](O[C@H]2[C@H](O)[C@@H](O[C@H]3O[C@H](CO)[C@@H](O)[C@H](N)[C@H]3O)[C@H](N)C[C@@H]2N)[C@H](O)[C@@H](O)[C@@H]1O,C1CCC(OC2CCCC(OC3CCCCO3)C2)OC1,1.0,1arj,1.0,2esi,True,True,0.5862068965517242,1fyp,0.5862068965517242,0.6530612244897959,"[0.8,1.0]","[0.8,1.0]","[0.4,0.6)"
independent_test,independent_008_Amikacin,4.804100347590766,29,NCC[C@H](O)C(=O)N[C@@H]1C[C@H](N)[C@@H](O[C@H]2O[C@H](CN)[C@@H](O)[C@H](O)[C@H]2O)[C@H](O)[C@H]1O[C@H]1O[C@H](CO)[C@@H](O)[C@H](N)[C@H]1O,C1CCC(OC2CCCC(OC3CCCCO3)C2)OC1,1.0,1arj,1.0,4p20,True,True,0.5172413793103448,1lc4,0.5172413793103448,0.53125,"[0.8,1.0]","[0.8,1.0]","[0.4,0.6)"
independent_test,independent_009_DMA-1,3.4846998567278185,29,CN(C)c1nc(N)c(C(=O)NC(N)=[NH2+])nc1Cl,c1cnccn1,1.0,1arj,0.45652173913043476,23jz,False,True,0.45652173913043476,23jz,0.48571428571428577,0.45652173913043476,"[0.8,1.0]","[0.4,0.6)","[0.4,0.6)"
independent_test,independent_010_DMA-148,5.245116771747832,29,NCCNc1nc(N)c(C(=O)NC(N)=[NH2+])nc1Cl,c1cnccn1,1.0,1arj,0.4375,23jz,False,True,0.4375,23jz,0.48571428571428577,0.4375,"[0.8,1.0]","[0.4,0.6)","[0.4,0.6)"
independent_test,independent_011_DMA-156,3.0466753036108147,29,CN(C)c1nc(N)c(C(=O)NC(N)=[NH2+])nc1-c1ccc(C#N)cc1,c1ccc(-c2cnccn2)cc1,1.0,1arj,0.2786885245901639,23jz,False,False,0.2786885245901639,23jz,0.48571428571428577,0.2786885245901639,"[0.8,1.0]","[0.0,0.4)","[0.0,0.4)"
independent_test,independent_012_DMA-164,4.4320330931768455,29,CN1CCN(CCNc2nc(N)c(C(=O)NC(N)=[NH2+])nc2Cl)CC1,c1cnc(NCCN2CCNCC2)cn1,1.0,1arj,0.3620689655172414,23jz,False,False,0.3620689655172414,23jz,0.48571428571428577,0.3620689655172414,"[0.8,1.0]","[0.0,0.4)","[0.0,0.4)"
independent_test,independent_013_DMA-180,3.6259852597080884,29,NC(=[NH2+])NC(=O)c1nc(-c2ccccc2)c(NCCc2nc3ccccc3[nH]2)nc1N,c1ccc(-c2nccnc2NCCc2nc3ccccc3[nH]2)cc1,1.0,1arj,0.24285714285714285,23jz,False,False,0.24285714285714285,23jz,0.48571428571428577,0.24285714285714285,"[0.8,1.0]","[0.0,0.4)","[0.0,0.4)"
independent_test,independent_014_DMA-186,2.7052400079645516,29,NC(=[NH2+])NC(=O)c1nc(-c2cncnc2)c(N2CCCC2)nc1N,c1ncc(-c2nccnc2N2CCCC2)cn1,1.0,1arj,0.2833333333333333,23jz,False,False,0.2833333333333333,23jz,0.48571428571428577,0.2833333333333333,"[0.8,1.0]","[0.0,0.4)","[0.0,0.4)"
independent_test,independent_015_DMA-187,4.634699251362012,29,CN1CCN(CCNc2nc(N)c(C(=O)NC(N)=[NH2+])nc2-c2ccccc2)CC1,c1ccc(-c2nccnc2NCCN2CCNCC2)cc1,1.0,1arj,0.25,23jz,False,False,0.25,23jz,0.48571428571428577,0.25,"[0.8,1.0]","[0.0,0.4)","[0.0,0.4)"
independent_test,independent_016_DMA-190,4.48818345869691,29,NC(=[NH2+])NC(=O)c1nc(-c2ccncc2)c(NCCc2c[nH]c3ccccc23)nc1N,c1ccc2c(CCNc3nccnc3-c3ccncc3)c[nH]c2c1,1.0,1arj,0.22972972972972974,23jz,False,False,0.22972972972972974,23jz,0.48571428571428577,0.22972972972972974,"[0.8,1.0]","[0.0,0.4)","[0.0,0.4)"
independent_test,independent_017_DMA-191,4.488584592791225,29,NC(=[NH2+])NC(=O)c1nc(-c2cncnc2)c(NCCc2c[nH]c3ccccc23)nc1N,c1ccc2c(CCNc3nccnc3-c3cncnc3)c[nH]c2c1,1.0,1arj,0.22666666666666666,23jz,False,False,0.22666666666666666,23jz,0.48571428571428577,0.22666666666666666,"[0.8,1.0]","[0.0,0.4)","[0.0,0.4)"
independent_test,independent_018_DMA-193,4.5743842754230695,29,NC(=[NH2+])NC(=O)c1nc(-c2cnc(NCCCn3ccnc3)nc2)c(NCCc2c[nH]c3ccccc23)nc1N,c1ccc2c(CCNc3nccnc3-c3cnc(NCCCn4ccnc4)nc3)c[nH]c2c1,1.0,1arj,0.18478260869565216,23jz,False,False,0.18478260869565216,23jz,0.48571428571428577,0.18478260869565216,"[0.8,1.0]","[0.0,0.4)","[0.0,0.4)"
independent_test,independent_019_DMA-194,4.901875661705764,29,NC(=[NH2+])NC(=O)c1nc(-c2cnc(N3CCCC3)nc2)c(NCCc2c[nH]c3ccccc23)nc1N,c1ccc2c(CCNc3nccnc3-c3cnc(N4CCCC4)nc3)c[nH]c2c1,1.0,1arj,0.21176470588235294,5kpy,False,False,0.21176470588235294,5kpy,0.3943661971830986,0.21176470588235294,"[0.8,1.0]","[0.0,0.4)","[0.0,0.4)"
independent_test,independent_020_TO-PRO-1,6.178486471595227,29,C[n+]1c(/C=C2\C=CN(CCC[N+](C)(C)C)c3ccccc32)sc2ccccc21.[I-].[I-],C1=CC(=Cc2[nH+]c3ccccc3s2)c2ccccc2N1,1.0,1arj,0.2571428571428571,6c64,False,False,0.2571428571428571,6c64,0.4444444444444444,0.2571428571428571,"[0.8,1.0]","[0.0,0.4)","[0.0,0.4)"
independent_test,independent_021_Mitoxantrone,6.521433504406157,29,O=C1c2c(O)ccc(O)c2C(=O)c2c(NCCNCCO)ccc(NCCNCCO)c21,O=C1c2ccccc2C(=O)c2ccccc21,1.0,1arj,1.0,2kgp,True,True,0.5517241379310345,2kgp,0.5517241379310345,1.0,"[0.8,1.0]","[0.8,1.0]","[0.4,0.6)"
independent_test,independent_022_DPF_m1,6.94692155651658,29,CN(C)CCCNC(=N)c1cccc(-c2ccc(-c3cccc(C(=N)NCCCN(C)C)c3)o2)c1,c1ccc(-c2ccc(-c3ccccc3)o2)cc1,1.0,1arj,0.24615384615384617,1lvj,False,False,0.24615384615384617,1lvj,0.935483870967742,0.24615384615384617,"[0.8,1.0]","[0.0,0.4)","[0.0,0.4)"
independent_test,independent_023_DPF_p1,7.101274818410507,29,CN(C)CCCNC(=N)c1ccc(-c2ccc(-c3ccc(C(=N)NCCCN(C)C)cc3)o2)cc1,c1ccc(-c2ccc(-c3ccccc3)o2)cc1,1.0,1arj,0.24193548387096775,1lvj,False,False,0.24193548387096775,1lvj,0.935483870967742,0.24193548387096775,"[0.8,1.0]","[0.0,0.4)","[0.0,0.4)"
independent_test,independent_024_Furamidine,5.599116784451637,29,N=C(N)c1ccc(-c2ccc(-c3ccc(C(=N)N)cc3)o2)cc1,c1ccc(-c2ccc(-c3ccccc3)o2)cc1,1.0,1arj,0.2,2l94,False,False,0.2,2l94,0.5111111111111111,0.2,"[0.8,1.0]","[0.0,0.4)","[0.0,0.4)"
independent_test,independent_025_Ethidium_Bromide,5.958607314841775,29,CC[N+]1=C(c2ccccc2)C2C=C(N)C=CC2c2ccc(N)cc21.[Br-],C1=CC2C(c3ccccc3)=[NH+]c3ccccc3C2C=C1,1.0,1arj,0.19607843137254902,2kd4,False,False,0.19607843137254902,2kd4,0.27586206896551724,0.19607843137254902,"[0.8,1.0]","[0.0,0.4)","[0.0,0.4)"
independent_test,independent_026_H-33258,5.141102042767996,29,C[NH+]1CCN(c2ccc3[nH]c(-c4ccc5[nH]c(-c6ccc(O)cc6)[nH+]c5c4)[nH+]c3c2)CC1,c1ccc(-c2[nH]c3ccc(-c4[nH]c5ccc(N6CC[NH2+]CC6)cc5[nH+]4)cc3[nH+]2)cc1,1.0,1arj,0.175,6hmo,False,False,0.175,6hmo,0.3793103448275862,0.175,"[0.8,1.0]","[0.0,0.4)","[0.0,0.4)"
independent_test,independent_027_DCC-3k,4.3434514390678745,29,CN(C)c1nc(N)c(C(=O)NC(N)=[NH2+])nc1-c1ccc(CNc2ccc3nccnc3c2)cc1,c1cnc(-c2ccc(CNc3ccc4nccnc4c3)cc2)cn1,1.0,1arj,0.22972972972972974,23jz,False,False,0.22972972972972974,23jz,0.48571428571428577,0.22972972972972974,"[0.8,1.0]","[0.0,0.4)","[0.0,0.4)"
independent_test,independent_028_DCC-3l,4.058279917629369,29,CN(C)c1nc(N)c(C(=O)NC(N)=[NH2+])nc1-c1ccc(CNc2ccc(-n3ccnc3)cc2)cc1,c1cnc(-c2ccc(CNc3ccc(-n4ccnc4)cc3)cc2)cn1,1.0,1arj,0.22077922077922077,23jz,False,False,0.22077922077922077,23jz,0.48571428571428577,0.22077922077922077,"[0.8,1.0]","[0.0,0.4)","[0.0,0.4)"
independent_test,independent_029_DCC-3u,3.774083647505982,29,CN(C)c1nc(N)c(C(=O)NC(N)=[NH2+])nc1-c1ccc(CNc2ccc3[nH]cnc3c2)cc1,c1cnc(-c2ccc(CNc3ccc4[nH]cnc4c3)cc2)cn1,1.0,1arj,0.21794871794871795,23jz,False,False,0.21794871794871795,23jz,0.48571428571428577,0.21794871794871795,"[0.8,1.0]","[0.0,0.4)","[0.0,0.4)"
independent_test,independent_030_DCC-3v,4.487315603782837,29,CN(C)c1nc(N)c(C(=O)NC(N)=[NH2+])nc1-c1ccc(CNc2ccc(N3CCOCC3)cc2)cc1,c1cnc(-c2ccc(CNc3ccc(N4CCOCC4)cc3)cc2)cn1,1.0,1arj,0.22077922077922077,23jz,False,False,0.22077922077922077,23jz,0.48571428571428577,0.22077922077922077,"[0.8,1.0]","[0.0,0.4)","[0.0,0.4)"
independent_test,independent_031_DCC-3q,3.1253094927779976,29,CN(C)c1nc(N)c(C(=O)NC(N)=[NH2+])nc1-c1ccc(CNc2ccn[nH]2)cc1,c1cnc(-c2ccc(CNc3ccn[nH]3)cc2)cn1,1.0,1arj,0.2571428571428571,23jz,False,False,0.2571428571428571,23jz,0.48571428571428577,0.2571428571428571,"[0.8,1.0]","[0.0,0.4)","[0.0,0.4)"
independent_test,independent_032_DCC-3r,3.2134792693533045,29,CN(C)c1nc(N)c(C(=O)NC(N)=[NH2+])nc1-c1ccc(CNc2ccccc2)cc1,c1ccc(NCc2ccc(-c3cnccn3)cc2)cc1,1.0,1arj,0.2537313432835821,23jz,False,False,0.2537313432835821,23jz,0.48571428571428577,0.2537313432835821,"[0.8,1.0]","[0.0,0.4)","[0.0,0.4)"
independent_test,independent_033_Thiazole_Orange_(tosylate),5.063486257521107,29,CN1/C(=C/c2cc[n+](C)c3ccccc23)Sc2ccccc21.Cc1ccc(S(=O)(=O)[O-])cc1,C(=C1Nc2ccccc2S1)c1cc[nH+]c2ccccc12.c1ccccc1,1.0,1arj,0.75,6e84,False,False,0.6111111111111112,6e84,0.6111111111111112,0.75,"[0.8,1.0]","[0.6,0.8)","[0.6,0.8)"
independent_test,independent_034_DPF_m3,5.419873674588418,29,N=C(NCCc1cccnc1)c1cccc(-c2ccc(-c3cccc(C(=N)NCCc4cccnc4)c3)o2)c1,N=C(NCCc1cccnc1)c1cccc(-c2ccc(-c3cccc(C(=N)NCCc4cccnc4)c3)o2)c1,1.0,1arj,0.16363636363636364,12ci,False,False,0.16363636363636364,12ci,0.3292682926829268,0.16363636363636364,"[0.8,1.0]","[0.0,0.4)","[0.0,0.4)"
independent_test,independent_035_DPF_m9,5.939302159646388,29,N=C(NCCN1CCNCC1)c1cccc(-c2ccc(-c3cccc(C(=N)NCCN4CCNCC4)c3)o2)c1,N=C(NCCN1CCNCC1)c1cccc(-c2ccc(-c3cccc(C(=N)NCCN4CCNCC4)c3)o2)c1,1.0,1arj,0.2894736842105263,1uts,False,False,0.2894736842105263,1uts,1.0,0.2894736842105263,"[0.8,1.0]","[0.0,0.4)","[0.0,0.4)"
independent_test,independent_036_DPF_m10_,6.244887733604929,29,CN1CCN(CCNC(=N)c2cccc(-c3ccc(-c4cccc(C(=N)NCCN5CCN(C)CC5)c4)o3)c2)CC1,N=C(NCCN1CCNCC1)c1cccc(-c2ccc(-c3cccc(C(=N)NCCN4CCNCC4)c3)o2)c1,1.0,1arj,0.19753086419753085,1uts,False,False,0.19753086419753085,1uts,1.0,0.19753086419753085,"[0.8,1.0]","[0.0,0.4)","[0.0,0.4)"
independent_test,independent_037_DPF_p6,4.24123945609002,29,N=C(NCc1ccccc1Cl)c1ccc(-c2ccc(-c3ccc(C(=N)NCc4ccccc4Cl)cc3)o2)cc1,N=C(NCc1ccccc1)c1ccc(-c2ccc(-c3ccc(C(=N)NCc4ccccc4)cc3)o2)cc1,1.0,1arj,0.16176470588235295,1uud,False,False,0.16176470588235295,1uud,1.0,0.16176470588235295,"[0.8,1.0]","[0.0,0.4)","[0.0,0.4)"
independent_test,independent_038_DPF_p15,5.954677021213342,29,[NH2+]=C(N[C@H]1CCC[NH+](Cc2ccccc2)C1)c1ccc(-c2ccc(-c3ccc(C(=[NH2+])N[C@H]4CCC[NH+](Cc5ccccc5)C4)cc3)o2)cc1,[NH2+]=C(NC1CCC[NH+](Cc2ccccc2)C1)c1ccc(-c2ccc(-c3ccc(C(=[NH2+])NC4CCC[NH+](Cc5ccccc5)C4)cc3)o2)cc1,1.0,1arj,0.14736842105263157,3s4p,False,False,0.14736842105263157,3s4p,0.5172413793103448,0.14736842105263157,"[0.8,1.0]","[0.0,0.4)","[0.0,0.4)"
independent_test,independent_039_Acridine_Orange,5.246416941107094,29,CN(C)c1ccc2cc3ccc(N(C)C)cc3nc2c1,c1ccc2nc3ccccc3cc2c1,1.0,1arj,0.46153846153846156,2kd4,False,True,0.27586206896551724,2kd4,0.27586206896551724,0.46153846153846156,"[0.8,1.0]","[0.4,0.6)","[0.0,0.4)"
independent_test,independent_040_DPF_m2,5.42021640338319,29,N=C(NCCc1ccccc1)c1cccc(-c2ccc(-c3cccc(C(=N)NCCc4ccccc4)c3)o2)c1,N=C(NCCc1ccccc1)c1cccc(-c2ccc(-c3cccc(C(=N)NCCc4ccccc4)c3)o2)c1,1.0,1arj,0.1927710843373494,3s4p,False,False,0.1927710843373494,3s4p,0.5172413793103448,0.1927710843373494,"[0.8,1.0]","[0.0,0.4)","[0.0,0.4)"
independent_test,independent_041_DPF_p2,5.416801226031377,29,N=C(NCCc1ccccc1)c1ccc(-c2ccc(-c3ccc(C(=N)NCCc4ccccc4)cc3)o2)cc1,N=C(NCCc1ccccc1)c1ccc(-c2ccc(-c3ccc(C(=N)NCCc4ccccc4)cc3)o2)cc1,1.0,1arj,0.2,3s4p,False,False,0.2,3s4p,0.5172413793103448,0.2,"[0.8,1.0]","[0.0,0.4)","[0.0,0.4)"
independent_test,independent_042_DPF_p5,5.364516253185088,29,N=C(NCc1ccc(Cl)cc1)c1ccc(-c2ccc(-c3ccc(C(=N)NCc4ccc(Cl)cc4)cc3)o2)cc1,N=C(NCc1ccccc1)c1ccc(-c2ccc(-c3ccc(C(=N)NCc4ccccc4)cc3)o2)cc1,1.0,1arj,0.1702127659574468,12ci,False,False,0.1702127659574468,12ci,0.3292682926829268,0.1702127659574468,"[0.8,1.0]","[0.0,0.4)","[0.0,0.4)"
independent_test,independent_043_DPF_p8,6.208309350979882,29,N=C(NC1CCN(Cc2ccccc2)CC1)c1ccc(-c2ccc(-c3ccc(C(=N)NC4CCN(Cc5ccccc5)CC4)cc3)o2)cc1,N=C(NC1CCN(Cc2ccccc2)CC1)c1ccc(-c2ccc(-c3ccc(C(=N)NC4CCN(Cc5ccccc5)CC4)cc3)o2)cc1,1.0,1arj,0.1927710843373494,5c45,False,False,0.1927710843373494,5c45,0.37037037037037035,0.1927710843373494,"[0.8,1.0]","[0.0,0.4)","[0.0,0.4)"
independent_test,independent_044_DPF_p13,6.168130225719499,29,[NH2+]=C(NCCC1CC[NH+](Cc2ccccc2)CC1)c1ccc(-c2ccc(-c3ccc(C(=[NH2+])NCCC4CC[NH+](Cc5ccccc5)CC4)cc3)o2)cc1,[NH2+]=C(NCCC1CC[NH+](Cc2ccccc2)CC1)c1ccc(-c2ccc(-c3ccc(C(=[NH2+])NCCC4CC[NH+](Cc5ccccc5)CC4)cc3)o2)cc1,1.0,1arj,0.1595744680851064,3s4p,False,False,0.1595744680851064,3s4p,0.5172413793103448,0.1595744680851064,"[0.8,1.0]","[0.0,0.4)","[0.0,0.4)"
independent_test,independent_045_Bernil_m3,5.657577319177793,29,N=C(NCCc1cccnc1)c1cccc(N=NNc2cccc(C(=N)NCCc3cccnc3)c2)c1,N=C(NCCc1cccnc1)c1cccc(N=NNc2cccc(C(=N)NCCc3cccnc3)c2)c1,1.0,1arj,0.1375,1uud,False,False,0.1375,1uud,1.0,0.1375,"[0.8,1.0]","[0.0,0.4)","[0.0,0.4)"
independent_test,independent_046_Bernil_p8,6.0835460514500745,29,N=C(NC1CCN(Cc2ccccc2)CC1)c1ccc(/N=N/Nc2ccc(C(=N)NC3CCN(Cc4ccccc4)CC3)cc2)cc1,N=C(NC1CCN(Cc2ccccc2)CC1)c1ccc(N=NNc2ccc(C(=N)NC3CCN(Cc4ccccc4)CC3)cc2)cc1,1.0,1arj,0.1839080459770115,5c45,False,False,0.1839080459770115,5c45,0.37037037037037035,0.1839080459770115,"[0.8,1.0]","[0.0,0.4)","[0.0,0.4)"
independent_test,independent_047_Bernil_p13,6.095284454721319,29,N=C(NCCC1CCN(Cc2ccccc2)CC1)c1ccc(/N=N/Nc2ccc(C(=N)NCCC3CCN(Cc4ccccc4)CC3)cc2)cc1,N=C(NCCC1CCN(Cc2ccccc2)CC1)c1ccc(N=NNc2ccc(C(=N)NCCC3CCN(Cc4ccccc4)CC3)cc2)cc1,1.0,1arj,0.17582417582417584,5c45,False,False,0.17582417582417584,5c45,0.37037037037037035,0.17582417582417584,"[0.8,1.0]","[0.0,0.4)","[0.0,0.4)"
