{
  "checkpoint": {
    "missing_keys": 0,
    "unexpected_keys": 0,
    "epoch": 21,
    "selection_metric": "topk_precision",
    "selection_value": 0.06262701440436952
  },
  "metrics": {
    "pairs": 69461,
    "positives": 1465,
    "density": 0.02109097191229611,
    "topk_precision_mean": 0.026088936373727712,
    "topk_precision_std": 0.06200371698911279,
    "threshold_precision": 0.0,
    "threshold_recall": 0.0,
    "auprc": 0.057119171557657195,
    "auroc": 0.7326623409086299,
    "positive_probability_mean": 0.2877538204193115,
    "negative_probability_mean": 0.23454415798187256
  },
  "example": {
    "pdb_id": "4qk9",
    "ligand_resname": "2BA",
    "rna_len": 116,
    "atom_count": 44,
    "positive_contacts": 94,
    "contact_rows": 15,
    "contact_cols": 39,
    "topk_hits": 15,
    "example_topk_precision": 0.1595744680851064,
    "dataset_index": 317
  }
}